ISO-10303-21;
HEADER;
/* Generated by software containing ST-Developer
 * from STEP Tools, Inc. (www.steptools.com) 
 */

FILE_DESCRIPTION(
/* description */ (''),
/* implementation_level */ '2;1');

FILE_NAME(
/* name */ 'hydropad_top.step',
/* time_stamp */ '2026-06-05T00:08:34+09:00',
/* author */ (''),
/* organization */ (''),
/* preprocessor_version */ 'ST-DEVELOPER v20.1',
/* originating_system */ 'Autodesk Translation Framework v15.8.0.0',
/* authorisation */ '');

FILE_SCHEMA (('AUTOMOTIVE_DESIGN { 1 0 10303 214 3 1 1 }'));
ENDSEC;

DATA;
#10=MECHANICAL_DESIGN_GEOMETRIC_PRESENTATION_REPRESENTATION('',(#13),#2891);
#11=SHAPE_REPRESENTATION_RELATIONSHIP('SRR','None',#2898,#12);
#12=ADVANCED_BREP_SHAPE_REPRESENTATION('',(#14),#2890);
#13=STYLED_ITEM('',(#2907),#14);
#14=MANIFOLD_SOLID_BREP('Body7',#1695);
#15=FACE_BOUND('',#184,.T.);
#16=FACE_BOUND('',#185,.T.);
#17=FACE_BOUND('',#186,.T.);
#18=FACE_BOUND('',#187,.T.);
#19=FACE_BOUND('',#188,.T.);
#20=FACE_BOUND('',#189,.T.);
#21=FACE_BOUND('',#190,.T.);
#22=FACE_BOUND('',#191,.T.);
#23=FACE_BOUND('',#192,.T.);
#24=FACE_BOUND('',#193,.T.);
#25=FACE_BOUND('',#194,.T.);
#26=FACE_BOUND('',#195,.T.);
#27=FACE_BOUND('',#265,.T.);
#28=FACE_BOUND('',#266,.T.);
#29=FACE_BOUND('',#267,.T.);
#30=FACE_BOUND('',#268,.T.);
#31=FACE_BOUND('',#269,.T.);
#32=FACE_BOUND('',#270,.T.);
#33=FACE_BOUND('',#271,.T.);
#34=FACE_BOUND('',#272,.T.);
#35=FACE_BOUND('',#273,.T.);
#36=FACE_BOUND('',#274,.T.);
#37=FACE_BOUND('',#275,.T.);
#38=FACE_BOUND('',#276,.T.);
#39=PLANE('',#1745);
#40=PLANE('',#1748);
#41=PLANE('',#1751);
#42=PLANE('',#1786);
#43=PLANE('',#1789);
#44=PLANE('',#1792);
#45=PLANE('',#1795);
#46=PLANE('',#1798);
#47=PLANE('',#1801);
#48=PLANE('',#1804);
#49=PLANE('',#1807);
#50=PLANE('',#1810);
#51=PLANE('',#1813);
#52=PLANE('',#1816);
#53=PLANE('',#1819);
#54=PLANE('',#1820);
#55=PLANE('',#1823);
#56=PLANE('',#1826);
#57=PLANE('',#1829);
#58=PLANE('',#1832);
#59=PLANE('',#1835);
#60=PLANE('',#1838);
#61=PLANE('',#1841);
#62=PLANE('',#1844);
#63=PLANE('',#1847);
#64=PLANE('',#1850);
#65=PLANE('',#1853);
#66=PLANE('',#1858);
#67=PLANE('',#1861);
#68=PLANE('',#1864);
#69=PLANE('',#1867);
#70=PLANE('',#1868);
#71=PLANE('',#1871);
#72=PLANE('',#1874);
#73=PLANE('',#1877);
#74=PLANE('',#1880);
#75=PLANE('',#1883);
#76=PLANE('',#1886);
#77=TOROIDAL_SURFACE('',#1721,4.,1.);
#78=TOROIDAL_SURFACE('',#1728,4.,1.);
#79=TOROIDAL_SURFACE('',#1734,3.99999999999999,1.);
#80=TOROIDAL_SURFACE('',#1740,4.00000000000002,1.);
#81=FACE_OUTER_BOUND('',#167,.T.);
#82=FACE_OUTER_BOUND('',#168,.T.);
#83=FACE_OUTER_BOUND('',#169,.T.);
#84=FACE_OUTER_BOUND('',#170,.T.);
#85=FACE_OUTER_BOUND('',#171,.T.);
#86=FACE_OUTER_BOUND('',#172,.T.);
#87=FACE_OUTER_BOUND('',#173,.T.);
#88=FACE_OUTER_BOUND('',#174,.T.);
#89=FACE_OUTER_BOUND('',#175,.T.);
#90=FACE_OUTER_BOUND('',#176,.T.);
#91=FACE_OUTER_BOUND('',#177,.T.);
#92=FACE_OUTER_BOUND('',#178,.T.);
#93=FACE_OUTER_BOUND('',#179,.T.);
#94=FACE_OUTER_BOUND('',#180,.T.);
#95=FACE_OUTER_BOUND('',#181,.T.);
#96=FACE_OUTER_BOUND('',#182,.T.);
#97=FACE_OUTER_BOUND('',#183,.T.);
#98=FACE_OUTER_BOUND('',#196,.T.);
#99=FACE_OUTER_BOUND('',#197,.T.);
#100=FACE_OUTER_BOUND('',#198,.T.);
#101=FACE_OUTER_BOUND('',#199,.T.);
#102=FACE_OUTER_BOUND('',#200,.T.);
#103=FACE_OUTER_BOUND('',#201,.T.);
#104=FACE_OUTER_BOUND('',#202,.T.);
#105=FACE_OUTER_BOUND('',#203,.T.);
#106=FACE_OUTER_BOUND('',#204,.T.);
#107=FACE_OUTER_BOUND('',#205,.T.);
#108=FACE_OUTER_BOUND('',#206,.T.);
#109=FACE_OUTER_BOUND('',#207,.T.);
#110=FACE_OUTER_BOUND('',#208,.T.);
#111=FACE_OUTER_BOUND('',#209,.T.);
#112=FACE_OUTER_BOUND('',#210,.T.);
#113=FACE_OUTER_BOUND('',#211,.T.);
#114=FACE_OUTER_BOUND('',#212,.T.);
#115=FACE_OUTER_BOUND('',#213,.T.);
#116=FACE_OUTER_BOUND('',#214,.T.);
#117=FACE_OUTER_BOUND('',#215,.T.);
#118=FACE_OUTER_BOUND('',#216,.T.);
#119=FACE_OUTER_BOUND('',#217,.T.);
#120=FACE_OUTER_BOUND('',#218,.T.);
#121=FACE_OUTER_BOUND('',#219,.T.);
#122=FACE_OUTER_BOUND('',#220,.T.);
#123=FACE_OUTER_BOUND('',#221,.T.);
#124=FACE_OUTER_BOUND('',#222,.T.);
#125=FACE_OUTER_BOUND('',#223,.T.);
#126=FACE_OUTER_BOUND('',#224,.T.);
#127=FACE_OUTER_BOUND('',#225,.T.);
#128=FACE_OUTER_BOUND('',#226,.T.);
#129=FACE_OUTER_BOUND('',#227,.T.);
#130=FACE_OUTER_BOUND('',#228,.T.);
#131=FACE_OUTER_BOUND('',#229,.T.);
#132=FACE_OUTER_BOUND('',#230,.T.);
#133=FACE_OUTER_BOUND('',#231,.T.);
#134=FACE_OUTER_BOUND('',#232,.T.);
#135=FACE_OUTER_BOUND('',#233,.T.);
#136=FACE_OUTER_BOUND('',#234,.T.);
#137=FACE_OUTER_BOUND('',#235,.T.);
#138=FACE_OUTER_BOUND('',#236,.T.);
#139=FACE_OUTER_BOUND('',#237,.T.);
#140=FACE_OUTER_BOUND('',#238,.T.);
#141=FACE_OUTER_BOUND('',#239,.T.);
#142=FACE_OUTER_BOUND('',#240,.T.);
#143=FACE_OUTER_BOUND('',#241,.T.);
#144=FACE_OUTER_BOUND('',#242,.T.);
#145=FACE_OUTER_BOUND('',#243,.T.);
#146=FACE_OUTER_BOUND('',#244,.T.);
#147=FACE_OUTER_BOUND('',#245,.T.);
#148=FACE_OUTER_BOUND('',#246,.T.);
#149=FACE_OUTER_BOUND('',#247,.T.);
#150=FACE_OUTER_BOUND('',#248,.T.);
#151=FACE_OUTER_BOUND('',#249,.T.);
#152=FACE_OUTER_BOUND('',#250,.T.);
#153=FACE_OUTER_BOUND('',#251,.T.);
#154=FACE_OUTER_BOUND('',#252,.T.);
#155=FACE_OUTER_BOUND('',#253,.T.);
#156=FACE_OUTER_BOUND('',#254,.T.);
#157=FACE_OUTER_BOUND('',#255,.T.);
#158=FACE_OUTER_BOUND('',#256,.T.);
#159=FACE_OUTER_BOUND('',#257,.T.);
#160=FACE_OUTER_BOUND('',#258,.T.);
#161=FACE_OUTER_BOUND('',#259,.T.);
#162=FACE_OUTER_BOUND('',#260,.T.);
#163=FACE_OUTER_BOUND('',#261,.T.);
#164=FACE_OUTER_BOUND('',#262,.T.);
#165=FACE_OUTER_BOUND('',#263,.T.);
#166=FACE_OUTER_BOUND('',#264,.T.);
#167=EDGE_LOOP('',(#1077,#1078,#1079,#1080));
#168=EDGE_LOOP('',(#1081,#1082,#1083,#1084));
#169=EDGE_LOOP('',(#1085,#1086,#1087,#1088));
#170=EDGE_LOOP('',(#1089,#1090,#1091,#1092));
#171=EDGE_LOOP('',(#1093,#1094,#1095,#1096));
#172=EDGE_LOOP('',(#1097,#1098,#1099,#1100));
#173=EDGE_LOOP('',(#1101,#1102,#1103,#1104));
#174=EDGE_LOOP('',(#1105,#1106,#1107,#1108));
#175=EDGE_LOOP('',(#1109,#1110,#1111,#1112));
#176=EDGE_LOOP('',(#1113,#1114,#1115,#1116));
#177=EDGE_LOOP('',(#1117,#1118,#1119,#1120));
#178=EDGE_LOOP('',(#1121,#1122,#1123,#1124));
#179=EDGE_LOOP('',(#1125,#1126,#1127,#1128));
#180=EDGE_LOOP('',(#1129,#1130,#1131,#1132));
#181=EDGE_LOOP('',(#1133,#1134,#1135,#1136));
#182=EDGE_LOOP('',(#1137,#1138,#1139,#1140));
#183=EDGE_LOOP('',(#1141,#1142,#1143,#1144,#1145,#1146,#1147,#1148));
#184=EDGE_LOOP('',(#1149));
#185=EDGE_LOOP('',(#1150));
#186=EDGE_LOOP('',(#1151,#1152,#1153,#1154,#1155,#1156,#1157,#1158));
#187=EDGE_LOOP('',(#1159,#1160,#1161,#1162,#1163,#1164,#1165,#1166));
#188=EDGE_LOOP('',(#1167,#1168,#1169,#1170,#1171,#1172,#1173,#1174));
#189=EDGE_LOOP('',(#1175,#1176,#1177,#1178,#1179,#1180,#1181,#1182));
#190=EDGE_LOOP('',(#1183,#1184,#1185,#1186,#1187,#1188,#1189,#1190));
#191=EDGE_LOOP('',(#1191,#1192,#1193,#1194,#1195,#1196,#1197,#1198));
#192=EDGE_LOOP('',(#1199,#1200,#1201,#1202,#1203,#1204,#1205,#1206));
#193=EDGE_LOOP('',(#1207,#1208,#1209,#1210,#1211,#1212,#1213,#1214));
#194=EDGE_LOOP('',(#1215));
#195=EDGE_LOOP('',(#1216));
#196=EDGE_LOOP('',(#1217,#1218,#1219,#1220));
#197=EDGE_LOOP('',(#1221,#1222,#1223,#1224));
#198=EDGE_LOOP('',(#1225,#1226,#1227,#1228));
#199=EDGE_LOOP('',(#1229,#1230,#1231,#1232));
#200=EDGE_LOOP('',(#1233,#1234,#1235,#1236));
#201=EDGE_LOOP('',(#1237,#1238,#1239,#1240));
#202=EDGE_LOOP('',(#1241,#1242,#1243,#1244));
#203=EDGE_LOOP('',(#1245,#1246,#1247,#1248));
#204=EDGE_LOOP('',(#1249,#1250,#1251,#1252));
#205=EDGE_LOOP('',(#1253,#1254,#1255,#1256));
#206=EDGE_LOOP('',(#1257,#1258,#1259,#1260));
#207=EDGE_LOOP('',(#1261,#1262,#1263,#1264));
#208=EDGE_LOOP('',(#1265,#1266,#1267,#1268));
#209=EDGE_LOOP('',(#1269,#1270,#1271,#1272));
#210=EDGE_LOOP('',(#1273,#1274,#1275,#1276));
#211=EDGE_LOOP('',(#1277,#1278,#1279,#1280));
#212=EDGE_LOOP('',(#1281,#1282,#1283,#1284));
#213=EDGE_LOOP('',(#1285,#1286,#1287,#1288));
#214=EDGE_LOOP('',(#1289,#1290,#1291,#1292));
#215=EDGE_LOOP('',(#1293,#1294,#1295,#1296));
#216=EDGE_LOOP('',(#1297,#1298,#1299,#1300));
#217=EDGE_LOOP('',(#1301,#1302,#1303,#1304));
#218=EDGE_LOOP('',(#1305,#1306,#1307,#1308));
#219=EDGE_LOOP('',(#1309,#1310,#1311,#1312));
#220=EDGE_LOOP('',(#1313,#1314,#1315,#1316));
#221=EDGE_LOOP('',(#1317,#1318,#1319,#1320));
#222=EDGE_LOOP('',(#1321,#1322,#1323,#1324));
#223=EDGE_LOOP('',(#1325,#1326,#1327,#1328));
#224=EDGE_LOOP('',(#1329,#1330,#1331,#1332));
#225=EDGE_LOOP('',(#1333,#1334,#1335,#1336));
#226=EDGE_LOOP('',(#1337,#1338,#1339,#1340));
#227=EDGE_LOOP('',(#1341,#1342,#1343,#1344));
#228=EDGE_LOOP('',(#1345,#1346,#1347,#1348));
#229=EDGE_LOOP('',(#1349,#1350,#1351,#1352));
#230=EDGE_LOOP('',(#1353,#1354,#1355,#1356));
#231=EDGE_LOOP('',(#1357,#1358,#1359,#1360));
#232=EDGE_LOOP('',(#1361,#1362,#1363,#1364));
#233=EDGE_LOOP('',(#1365,#1366,#1367,#1368));
#234=EDGE_LOOP('',(#1369,#1370,#1371,#1372));
#235=EDGE_LOOP('',(#1373,#1374,#1375,#1376));
#236=EDGE_LOOP('',(#1377,#1378,#1379,#1380));
#237=EDGE_LOOP('',(#1381,#1382,#1383,#1384));
#238=EDGE_LOOP('',(#1385,#1386,#1387,#1388));
#239=EDGE_LOOP('',(#1389,#1390,#1391,#1392));
#240=EDGE_LOOP('',(#1393,#1394,#1395,#1396));
#241=EDGE_LOOP('',(#1397,#1398,#1399,#1400));
#242=EDGE_LOOP('',(#1401,#1402,#1403,#1404));
#243=EDGE_LOOP('',(#1405,#1406,#1407,#1408));
#244=EDGE_LOOP('',(#1409,#1410,#1411,#1412));
#245=EDGE_LOOP('',(#1413,#1414,#1415,#1416));
#246=EDGE_LOOP('',(#1417,#1418,#1419,#1420));
#247=EDGE_LOOP('',(#1421,#1422,#1423,#1424));
#248=EDGE_LOOP('',(#1425,#1426,#1427,#1428));
#249=EDGE_LOOP('',(#1429,#1430,#1431,#1432));
#250=EDGE_LOOP('',(#1433,#1434,#1435,#1436));
#251=EDGE_LOOP('',(#1437,#1438,#1439,#1440));
#252=EDGE_LOOP('',(#1441,#1442,#1443,#1444));
#253=EDGE_LOOP('',(#1445,#1446,#1447,#1448));
#254=EDGE_LOOP('',(#1449,#1450,#1451,#1452));
#255=EDGE_LOOP('',(#1453,#1454,#1455,#1456));
#256=EDGE_LOOP('',(#1457,#1458,#1459,#1460));
#257=EDGE_LOOP('',(#1461,#1462,#1463,#1464));
#258=EDGE_LOOP('',(#1465,#1466,#1467,#1468));
#259=EDGE_LOOP('',(#1469,#1470,#1471,#1472));
#260=EDGE_LOOP('',(#1473,#1474,#1475,#1476));
#261=EDGE_LOOP('',(#1477,#1478,#1479,#1480));
#262=EDGE_LOOP('',(#1481,#1482,#1483,#1484));
#263=EDGE_LOOP('',(#1485,#1486,#1487,#1488));
#264=EDGE_LOOP('',(#1489,#1490,#1491,#1492,#1493,#1494,#1495,#1496));
#265=EDGE_LOOP('',(#1497));
#266=EDGE_LOOP('',(#1498));
#267=EDGE_LOOP('',(#1499,#1500,#1501,#1502,#1503,#1504,#1505,#1506));
#268=EDGE_LOOP('',(#1507,#1508,#1509,#1510,#1511,#1512,#1513,#1514));
#269=EDGE_LOOP('',(#1515,#1516,#1517,#1518,#1519,#1520,#1521,#1522));
#270=EDGE_LOOP('',(#1523,#1524,#1525,#1526,#1527,#1528,#1529,#1530));
#271=EDGE_LOOP('',(#1531,#1532,#1533,#1534,#1535,#1536,#1537,#1538));
#272=EDGE_LOOP('',(#1539,#1540,#1541,#1542,#1543,#1544,#1545,#1546));
#273=EDGE_LOOP('',(#1547,#1548,#1549,#1550,#1551,#1552,#1553,#1554));
#274=EDGE_LOOP('',(#1555,#1556,#1557,#1558,#1559,#1560,#1561,#1562));
#275=EDGE_LOOP('',(#1563));
#276=EDGE_LOOP('',(#1564));
#277=LINE('',#2402,#429);
#278=LINE('',#2408,#430);
#279=LINE('',#2414,#431);
#280=LINE('',#2420,#432);
#281=LINE('',#2435,#433);
#282=LINE('',#2436,#434);
#283=LINE('',#2447,#435);
#284=LINE('',#2448,#436);
#285=LINE('',#2459,#437);
#286=LINE('',#2460,#438);
#287=LINE('',#2468,#439);
#288=LINE('',#2469,#440);
#289=LINE('',#2472,#441);
#290=LINE('',#2474,#442);
#291=LINE('',#2475,#443);
#292=LINE('',#2478,#444);
#293=LINE('',#2482,#445);
#294=LINE('',#2483,#446);
#295=LINE('',#2486,#447);
#296=LINE('',#2491,#448);
#297=LINE('',#2495,#449);
#298=LINE('',#2499,#450);
#299=LINE('',#2503,#451);
#300=LINE('',#2507,#452);
#301=LINE('',#2511,#453);
#302=LINE('',#2515,#454);
#303=LINE('',#2519,#455);
#304=LINE('',#2525,#456);
#305=LINE('',#2529,#457);
#306=LINE('',#2533,#458);
#307=LINE('',#2536,#459);
#308=LINE('',#2541,#460);
#309=LINE('',#2545,#461);
#310=LINE('',#2549,#462);
#311=LINE('',#2552,#463);
#312=LINE('',#2557,#464);
#313=LINE('',#2561,#465);
#314=LINE('',#2565,#466);
#315=LINE('',#2568,#467);
#316=LINE('',#2571,#468);
#317=LINE('',#2575,#469);
#318=LINE('',#2579,#470);
#319=LINE('',#2583,#471);
#320=LINE('',#2589,#472);
#321=LINE('',#2593,#473);
#322=LINE('',#2597,#474);
#323=LINE('',#2600,#475);
#324=LINE('',#2603,#476);
#325=LINE('',#2607,#477);
#326=LINE('',#2611,#478);
#327=LINE('',#2615,#479);
#328=LINE('',#2621,#480);
#329=LINE('',#2622,#481);
#330=LINE('',#2625,#482);
#331=LINE('',#2626,#483);
#332=LINE('',#2631,#484);
#333=LINE('',#2632,#485);
#334=LINE('',#2634,#486);
#335=LINE('',#2639,#487);
#336=LINE('',#2640,#488);
#337=LINE('',#2642,#489);
#338=LINE('',#2646,#490);
#339=LINE('',#2648,#491);
#340=LINE('',#2653,#492);
#341=LINE('',#2654,#493);
#342=LINE('',#2657,#494);
#343=LINE('',#2658,#495);
#344=LINE('',#2663,#496);
#345=LINE('',#2664,#497);
#346=LINE('',#2666,#498);
#347=LINE('',#2671,#499);
#348=LINE('',#2672,#500);
#349=LINE('',#2674,#501);
#350=LINE('',#2678,#502);
#351=LINE('',#2680,#503);
#352=LINE('',#2685,#504);
#353=LINE('',#2686,#505);
#354=LINE('',#2689,#506);
#355=LINE('',#2690,#507);
#356=LINE('',#2694,#508);
#357=LINE('',#2697,#509);
#358=LINE('',#2698,#510);
#359=LINE('',#2702,#511);
#360=LINE('',#2705,#512);
#361=LINE('',#2706,#513);
#362=LINE('',#2710,#514);
#363=LINE('',#2712,#515);
#364=LINE('',#2716,#516);
#365=LINE('',#2717,#517);
#366=LINE('',#2718,#518);
#367=LINE('',#2722,#519);
#368=LINE('',#2725,#520);
#369=LINE('',#2726,#521);
#370=LINE('',#2730,#522);
#371=LINE('',#2733,#523);
#372=LINE('',#2734,#524);
#373=LINE('',#2738,#525);
#374=LINE('',#2741,#526);
#375=LINE('',#2742,#527);
#376=LINE('',#2748,#528);
#377=LINE('',#2749,#529);
#378=LINE('',#2750,#530);
#379=LINE('',#2754,#531);
#380=LINE('',#2757,#532);
#381=LINE('',#2758,#533);
#382=LINE('',#2762,#534);
#383=LINE('',#2765,#535);
#384=LINE('',#2766,#536);
#385=LINE('',#2770,#537);
#386=LINE('',#2773,#538);
#387=LINE('',#2774,#539);
#388=LINE('',#2780,#540);
#389=LINE('',#2781,#541);
#390=LINE('',#2782,#542);
#391=LINE('',#2786,#543);
#392=LINE('',#2789,#544);
#393=LINE('',#2790,#545);
#394=LINE('',#2794,#546);
#395=LINE('',#2797,#547);
#396=LINE('',#2798,#548);
#397=LINE('',#2802,#549);
#398=LINE('',#2805,#550);
#399=LINE('',#2806,#551);
#400=LINE('',#2813,#552);
#401=LINE('',#2814,#553);
#402=LINE('',#2817,#554);
#403=LINE('',#2818,#555);
#404=LINE('',#2822,#556);
#405=LINE('',#2825,#557);
#406=LINE('',#2826,#558);
#407=LINE('',#2830,#559);
#408=LINE('',#2833,#560);
#409=LINE('',#2834,#561);
#410=LINE('',#2838,#562);
#411=LINE('',#2840,#563);
#412=LINE('',#2844,#564);
#413=LINE('',#2845,#565);
#414=LINE('',#2846,#566);
#415=LINE('',#2850,#567);
#416=LINE('',#2853,#568);
#417=LINE('',#2854,#569);
#418=LINE('',#2858,#570);
#419=LINE('',#2861,#571);
#420=LINE('',#2862,#572);
#421=LINE('',#2866,#573);
#422=LINE('',#2869,#574);
#423=LINE('',#2870,#575);
#424=LINE('',#2875,#576);
#425=LINE('',#2876,#577);
#426=LINE('',#2879,#578);
#427=LINE('',#2883,#579);
#428=LINE('',#2884,#580);
#429=VECTOR('',#1893,1.7);
#430=VECTOR('',#1900,1.7);
#431=VECTOR('',#1907,1.7);
#432=VECTOR('',#1914,1.7);
#433=VECTOR('',#1931,10.);
#434=VECTOR('',#1932,10.);
#435=VECTOR('',#1945,10.);
#436=VECTOR('',#1946,10.);
#437=VECTOR('',#1959,10.);
#438=VECTOR('',#1960,10.);
#439=VECTOR('',#1971,10.);
#440=VECTOR('',#1972,10.);
#441=VECTOR('',#1975,10.);
#442=VECTOR('',#1976,10.);
#443=VECTOR('',#1977,10.);
#444=VECTOR('',#1980,10.);
#445=VECTOR('',#1985,10.);
#446=VECTOR('',#1986,10.);
#447=VECTOR('',#1989,10.);
#448=VECTOR('',#1994,10.);
#449=VECTOR('',#1997,10.);
#450=VECTOR('',#2000,10.);
#451=VECTOR('',#2003,10.);
#452=VECTOR('',#2006,10.);
#453=VECTOR('',#2009,10.);
#454=VECTOR('',#2012,10.);
#455=VECTOR('',#2015,10.);
#456=VECTOR('',#2020,10.);
#457=VECTOR('',#2023,10.);
#458=VECTOR('',#2026,10.);
#459=VECTOR('',#2029,10.);
#460=VECTOR('',#2032,10.);
#461=VECTOR('',#2035,10.);
#462=VECTOR('',#2038,10.);
#463=VECTOR('',#2041,10.);
#464=VECTOR('',#2044,10.);
#465=VECTOR('',#2047,10.);
#466=VECTOR('',#2050,10.);
#467=VECTOR('',#2053,10.);
#468=VECTOR('',#2054,10.);
#469=VECTOR('',#2057,10.);
#470=VECTOR('',#2060,10.);
#471=VECTOR('',#2063,10.);
#472=VECTOR('',#2068,10.);
#473=VECTOR('',#2071,10.);
#474=VECTOR('',#2074,10.);
#475=VECTOR('',#2077,10.);
#476=VECTOR('',#2078,10.);
#477=VECTOR('',#2081,10.);
#478=VECTOR('',#2084,10.);
#479=VECTOR('',#2087,10.);
#480=VECTOR('',#2094,10.);
#481=VECTOR('',#2095,10.);
#482=VECTOR('',#2098,10.);
#483=VECTOR('',#2099,10.);
#484=VECTOR('',#2104,10.);
#485=VECTOR('',#2105,10.);
#486=VECTOR('',#2108,10.);
#487=VECTOR('',#2113,10.);
#488=VECTOR('',#2114,10.);
#489=VECTOR('',#2117,10.);
#490=VECTOR('',#2122,10.);
#491=VECTOR('',#2125,10.);
#492=VECTOR('',#2130,10.);
#493=VECTOR('',#2131,10.);
#494=VECTOR('',#2134,10.);
#495=VECTOR('',#2135,10.);
#496=VECTOR('',#2140,10.);
#497=VECTOR('',#2141,10.);
#498=VECTOR('',#2144,10.);
#499=VECTOR('',#2149,10.);
#500=VECTOR('',#2150,10.);
#501=VECTOR('',#2153,10.);
#502=VECTOR('',#2158,10.);
#503=VECTOR('',#2161,10.);
#504=VECTOR('',#2166,10.);
#505=VECTOR('',#2167,10.);
#506=VECTOR('',#2170,10.);
#507=VECTOR('',#2171,10.);
#508=VECTOR('',#2176,10.);
#509=VECTOR('',#2179,10.);
#510=VECTOR('',#2180,10.);
#511=VECTOR('',#2185,10.);
#512=VECTOR('',#2188,10.);
#513=VECTOR('',#2189,10.);
#514=VECTOR('',#2194,10.);
#515=VECTOR('',#2197,10.);
#516=VECTOR('',#2200,10.);
#517=VECTOR('',#2201,10.);
#518=VECTOR('',#2202,10.);
#519=VECTOR('',#2207,10.);
#520=VECTOR('',#2210,10.);
#521=VECTOR('',#2211,10.);
#522=VECTOR('',#2216,10.);
#523=VECTOR('',#2219,10.);
#524=VECTOR('',#2220,10.);
#525=VECTOR('',#2225,10.);
#526=VECTOR('',#2228,10.);
#527=VECTOR('',#2229,10.);
#528=VECTOR('',#2236,10.);
#529=VECTOR('',#2237,10.);
#530=VECTOR('',#2238,10.);
#531=VECTOR('',#2243,10.);
#532=VECTOR('',#2246,10.);
#533=VECTOR('',#2247,10.);
#534=VECTOR('',#2252,10.);
#535=VECTOR('',#2255,10.);
#536=VECTOR('',#2256,10.);
#537=VECTOR('',#2261,10.);
#538=VECTOR('',#2264,10.);
#539=VECTOR('',#2265,10.);
#540=VECTOR('',#2272,10.);
#541=VECTOR('',#2273,10.);
#542=VECTOR('',#2274,10.);
#543=VECTOR('',#2279,10.);
#544=VECTOR('',#2282,10.);
#545=VECTOR('',#2283,10.);
#546=VECTOR('',#2288,10.);
#547=VECTOR('',#2291,10.);
#548=VECTOR('',#2292,10.);
#549=VECTOR('',#2297,10.);
#550=VECTOR('',#2300,10.);
#551=VECTOR('',#2301,10.);
#552=VECTOR('',#2310,10.);
#553=VECTOR('',#2311,10.);
#554=VECTOR('',#2314,10.);
#555=VECTOR('',#2315,10.);
#556=VECTOR('',#2320,10.);
#557=VECTOR('',#2323,10.);
#558=VECTOR('',#2324,10.);
#559=VECTOR('',#2329,10.);
#560=VECTOR('',#2332,10.);
#561=VECTOR('',#2333,10.);
#562=VECTOR('',#2338,10.);
#563=VECTOR('',#2341,10.);
#564=VECTOR('',#2344,10.);
#565=VECTOR('',#2345,10.);
#566=VECTOR('',#2346,10.);
#567=VECTOR('',#2351,10.);
#568=VECTOR('',#2354,10.);
#569=VECTOR('',#2355,10.);
#570=VECTOR('',#2360,10.);
#571=VECTOR('',#2363,10.);
#572=VECTOR('',#2364,10.);
#573=VECTOR('',#2369,10.);
#574=VECTOR('',#2372,10.);
#575=VECTOR('',#2373,10.);
#576=VECTOR('',#2380,10.);
#577=VECTOR('',#2381,10.);
#578=VECTOR('',#2384,10.);
#579=VECTOR('',#2389,10.);
#580=VECTOR('',#2390,10.);
#581=CIRCLE('',#1710,1.7);
#582=CIRCLE('',#1711,1.7);
#583=CIRCLE('',#1713,1.7);
#584=CIRCLE('',#1714,1.7);
#585=CIRCLE('',#1716,1.7);
#586=CIRCLE('',#1717,1.7);
#587=CIRCLE('',#1719,1.7);
#588=CIRCLE('',#1720,1.7);
#589=CIRCLE('',#1722,1.);
#590=CIRCLE('',#1723,5.);
#591=CIRCLE('',#1724,1.00000000000001);
#592=CIRCLE('',#1725,4.);
#593=CIRCLE('',#1727,0.999999999999996);
#594=CIRCLE('',#1729,1.);
#595=CIRCLE('',#1730,4.);
#596=CIRCLE('',#1731,5.);
#597=CIRCLE('',#1733,0.999999999999998);
#598=CIRCLE('',#1735,1.);
#599=CIRCLE('',#1736,3.99999999999999);
#600=CIRCLE('',#1737,4.99999999999999);
#601=CIRCLE('',#1739,1.);
#602=CIRCLE('',#1741,0.999999999999996);
#603=CIRCLE('',#1742,4.00000000000002);
#604=CIRCLE('',#1743,5.00000000000001);
#605=CIRCLE('',#1747,5.);
#606=CIRCLE('',#1750,5.);
#607=CIRCLE('',#1752,1.);
#608=CIRCLE('',#1753,1.);
#609=CIRCLE('',#1754,1.);
#610=CIRCLE('',#1755,1.);
#611=CIRCLE('',#1756,0.499999999999989);
#612=CIRCLE('',#1757,0.499999999999998);
#613=CIRCLE('',#1758,0.499999999999998);
#614=CIRCLE('',#1759,0.499999999999998);
#615=CIRCLE('',#1760,0.499999999999998);
#616=CIRCLE('',#1761,0.499999999999998);
#617=CIRCLE('',#1762,0.5);
#618=CIRCLE('',#1763,0.499999999999998);
#619=CIRCLE('',#1764,0.499999999999989);
#620=CIRCLE('',#1765,0.499999999999998);
#621=CIRCLE('',#1766,0.499999999999998);
#622=CIRCLE('',#1767,0.500000000000007);
#623=CIRCLE('',#1768,0.499999999999998);
#624=CIRCLE('',#1769,0.500000000000007);
#625=CIRCLE('',#1770,0.5);
#626=CIRCLE('',#1771,0.499999999999989);
#627=CIRCLE('',#1772,0.499999999999998);
#628=CIRCLE('',#1773,0.499999999999989);
#629=CIRCLE('',#1774,0.5);
#630=CIRCLE('',#1775,0.500000000000007);
#631=CIRCLE('',#1776,0.499999999999989);
#632=CIRCLE('',#1777,0.500000000000007);
#633=CIRCLE('',#1778,0.499999999999998);
#634=CIRCLE('',#1779,0.499999999999989);
#635=CIRCLE('',#1780,1.);
#636=CIRCLE('',#1781,1.);
#637=CIRCLE('',#1782,1.);
#638=CIRCLE('',#1783,1.);
#639=CIRCLE('',#1785,1.);
#640=CIRCLE('',#1788,1.);
#641=CIRCLE('',#1791,1.);
#642=CIRCLE('',#1794,1.);
#643=CIRCLE('',#1797,1.);
#644=CIRCLE('',#1800,1.);
#645=CIRCLE('',#1803,1.);
#646=CIRCLE('',#1806,1.);
#647=CIRCLE('',#1809,0.499999999999998);
#648=CIRCLE('',#1812,0.499999999999998);
#649=CIRCLE('',#1815,0.499999999999998);
#650=CIRCLE('',#1818,0.499999999999989);
#651=CIRCLE('',#1822,0.499999999999998);
#652=CIRCLE('',#1825,0.5);
#653=CIRCLE('',#1828,0.499999999999998);
#654=CIRCLE('',#1831,0.499999999999998);
#655=CIRCLE('',#1834,0.500000000000007);
#656=CIRCLE('',#1837,0.499999999999998);
#657=CIRCLE('',#1840,0.499999999999998);
#658=CIRCLE('',#1843,0.499999999999989);
#659=CIRCLE('',#1846,0.499999999999989);
#660=CIRCLE('',#1849,0.5);
#661=CIRCLE('',#1852,0.500000000000007);
#662=CIRCLE('',#1855,0.499999999999998);
#663=CIRCLE('',#1857,0.500000000000007);
#664=CIRCLE('',#1860,0.5);
#665=CIRCLE('',#1863,0.499999999999989);
#666=CIRCLE('',#1866,0.499999999999998);
#667=CIRCLE('',#1870,0.499999999999989);
#668=CIRCLE('',#1873,0.499999999999998);
#669=CIRCLE('',#1876,0.500000000000007);
#670=CIRCLE('',#1879,0.499999999999989);
#671=CIRCLE('',#1882,5.00000000000001);
#672=CIRCLE('',#1885,4.99999999999999);
#673=VERTEX_POINT('',#2399);
#674=VERTEX_POINT('',#2401);
#675=VERTEX_POINT('',#2405);
#676=VERTEX_POINT('',#2407);
#677=VERTEX_POINT('',#2411);
#678=VERTEX_POINT('',#2413);
#679=VERTEX_POINT('',#2417);
#680=VERTEX_POINT('',#2419);
#681=VERTEX_POINT('',#2423);
#682=VERTEX_POINT('',#2424);
#683=VERTEX_POINT('',#2426);
#684=VERTEX_POINT('',#2428);
#685=VERTEX_POINT('',#2432);
#686=VERTEX_POINT('',#2433);
#687=VERTEX_POINT('',#2438);
#688=VERTEX_POINT('',#2439);
#689=VERTEX_POINT('',#2444);
#690=VERTEX_POINT('',#2445);
#691=VERTEX_POINT('',#2450);
#692=VERTEX_POINT('',#2451);
#693=VERTEX_POINT('',#2456);
#694=VERTEX_POINT('',#2457);
#695=VERTEX_POINT('',#2462);
#696=VERTEX_POINT('',#2463);
#697=VERTEX_POINT('',#2471);
#698=VERTEX_POINT('',#2473);
#699=VERTEX_POINT('',#2477);
#700=VERTEX_POINT('',#2481);
#701=VERTEX_POINT('',#2485);
#702=VERTEX_POINT('',#2489);
#703=VERTEX_POINT('',#2490);
#704=VERTEX_POINT('',#2492);
#705=VERTEX_POINT('',#2494);
#706=VERTEX_POINT('',#2496);
#707=VERTEX_POINT('',#2498);
#708=VERTEX_POINT('',#2500);
#709=VERTEX_POINT('',#2502);
#710=VERTEX_POINT('',#2505);
#711=VERTEX_POINT('',#2506);
#712=VERTEX_POINT('',#2508);
#713=VERTEX_POINT('',#2510);
#714=VERTEX_POINT('',#2512);
#715=VERTEX_POINT('',#2514);
#716=VERTEX_POINT('',#2516);
#717=VERTEX_POINT('',#2518);
#718=VERTEX_POINT('',#2521);
#719=VERTEX_POINT('',#2522);
#720=VERTEX_POINT('',#2524);
#721=VERTEX_POINT('',#2526);
#722=VERTEX_POINT('',#2528);
#723=VERTEX_POINT('',#2530);
#724=VERTEX_POINT('',#2532);
#725=VERTEX_POINT('',#2534);
#726=VERTEX_POINT('',#2537);
#727=VERTEX_POINT('',#2538);
#728=VERTEX_POINT('',#2540);
#729=VERTEX_POINT('',#2542);
#730=VERTEX_POINT('',#2544);
#731=VERTEX_POINT('',#2546);
#732=VERTEX_POINT('',#2548);
#733=VERTEX_POINT('',#2550);
#734=VERTEX_POINT('',#2553);
#735=VERTEX_POINT('',#2554);
#736=VERTEX_POINT('',#2556);
#737=VERTEX_POINT('',#2558);
#738=VERTEX_POINT('',#2560);
#739=VERTEX_POINT('',#2562);
#740=VERTEX_POINT('',#2564);
#741=VERTEX_POINT('',#2566);
#742=VERTEX_POINT('',#2569);
#743=VERTEX_POINT('',#2570);
#744=VERTEX_POINT('',#2572);
#745=VERTEX_POINT('',#2574);
#746=VERTEX_POINT('',#2576);
#747=VERTEX_POINT('',#2578);
#748=VERTEX_POINT('',#2580);
#749=VERTEX_POINT('',#2582);
#750=VERTEX_POINT('',#2585);
#751=VERTEX_POINT('',#2586);
#752=VERTEX_POINT('',#2588);
#753=VERTEX_POINT('',#2590);
#754=VERTEX_POINT('',#2592);
#755=VERTEX_POINT('',#2594);
#756=VERTEX_POINT('',#2596);
#757=VERTEX_POINT('',#2598);
#758=VERTEX_POINT('',#2601);
#759=VERTEX_POINT('',#2602);
#760=VERTEX_POINT('',#2604);
#761=VERTEX_POINT('',#2606);
#762=VERTEX_POINT('',#2608);
#763=VERTEX_POINT('',#2610);
#764=VERTEX_POINT('',#2612);
#765=VERTEX_POINT('',#2614);
#766=VERTEX_POINT('',#2618);
#767=VERTEX_POINT('',#2619);
#768=VERTEX_POINT('',#2624);
#769=VERTEX_POINT('',#2628);
#770=VERTEX_POINT('',#2629);
#771=VERTEX_POINT('',#2636);
#772=VERTEX_POINT('',#2637);
#773=VERTEX_POINT('',#2644);
#774=VERTEX_POINT('',#2650);
#775=VERTEX_POINT('',#2651);
#776=VERTEX_POINT('',#2656);
#777=VERTEX_POINT('',#2660);
#778=VERTEX_POINT('',#2661);
#779=VERTEX_POINT('',#2668);
#780=VERTEX_POINT('',#2669);
#781=VERTEX_POINT('',#2676);
#782=VERTEX_POINT('',#2682);
#783=VERTEX_POINT('',#2683);
#784=VERTEX_POINT('',#2688);
#785=VERTEX_POINT('',#2692);
#786=VERTEX_POINT('',#2696);
#787=VERTEX_POINT('',#2700);
#788=VERTEX_POINT('',#2704);
#789=VERTEX_POINT('',#2708);
#790=VERTEX_POINT('',#2714);
#791=VERTEX_POINT('',#2715);
#792=VERTEX_POINT('',#2720);
#793=VERTEX_POINT('',#2724);
#794=VERTEX_POINT('',#2728);
#795=VERTEX_POINT('',#2732);
#796=VERTEX_POINT('',#2736);
#797=VERTEX_POINT('',#2740);
#798=VERTEX_POINT('',#2746);
#799=VERTEX_POINT('',#2747);
#800=VERTEX_POINT('',#2752);
#801=VERTEX_POINT('',#2756);
#802=VERTEX_POINT('',#2760);
#803=VERTEX_POINT('',#2764);
#804=VERTEX_POINT('',#2768);
#805=VERTEX_POINT('',#2772);
#806=VERTEX_POINT('',#2778);
#807=VERTEX_POINT('',#2779);
#808=VERTEX_POINT('',#2784);
#809=VERTEX_POINT('',#2788);
#810=VERTEX_POINT('',#2792);
#811=VERTEX_POINT('',#2796);
#812=VERTEX_POINT('',#2800);
#813=VERTEX_POINT('',#2804);
#814=VERTEX_POINT('',#2810);
#815=VERTEX_POINT('',#2811);
#816=VERTEX_POINT('',#2816);
#817=VERTEX_POINT('',#2820);
#818=VERTEX_POINT('',#2824);
#819=VERTEX_POINT('',#2828);
#820=VERTEX_POINT('',#2832);
#821=VERTEX_POINT('',#2836);
#822=VERTEX_POINT('',#2842);
#823=VERTEX_POINT('',#2843);
#824=VERTEX_POINT('',#2848);
#825=VERTEX_POINT('',#2852);
#826=VERTEX_POINT('',#2856);
#827=VERTEX_POINT('',#2860);
#828=VERTEX_POINT('',#2864);
#829=VERTEX_POINT('',#2868);
#830=VERTEX_POINT('',#2874);
#831=VERTEX_POINT('',#2878);
#832=VERTEX_POINT('',#2882);
#833=EDGE_CURVE('',#673,#673,#581,.T.);
#834=EDGE_CURVE('',#673,#674,#277,.T.);
#835=EDGE_CURVE('',#674,#674,#582,.T.);
#836=EDGE_CURVE('',#675,#675,#583,.T.);
#837=EDGE_CURVE('',#675,#676,#278,.T.);
#838=EDGE_CURVE('',#676,#676,#584,.T.);
#839=EDGE_CURVE('',#677,#677,#585,.T.);
#840=EDGE_CURVE('',#677,#678,#279,.T.);
#841=EDGE_CURVE('',#678,#678,#586,.T.);
#842=EDGE_CURVE('',#679,#679,#587,.T.);
#843=EDGE_CURVE('',#679,#680,#280,.T.);
#844=EDGE_CURVE('',#680,#680,#588,.T.);
#845=EDGE_CURVE('',#681,#682,#589,.T.);
#846=EDGE_CURVE('',#682,#683,#590,.T.);
#847=EDGE_CURVE('',#683,#684,#591,.T.);
#848=EDGE_CURVE('',#684,#681,#592,.T.);
#849=EDGE_CURVE('',#685,#686,#593,.T.);
#850=EDGE_CURVE('',#686,#684,#281,.T.);
#851=EDGE_CURVE('',#683,#685,#282,.T.);
#852=EDGE_CURVE('',#687,#688,#594,.T.);
#853=EDGE_CURVE('',#688,#686,#595,.T.);
#854=EDGE_CURVE('',#685,#687,#596,.T.);
#855=EDGE_CURVE('',#689,#690,#597,.T.);
#856=EDGE_CURVE('',#690,#688,#283,.T.);
#857=EDGE_CURVE('',#687,#689,#284,.T.);
#858=EDGE_CURVE('',#691,#692,#598,.T.);
#859=EDGE_CURVE('',#692,#690,#599,.T.);
#860=EDGE_CURVE('',#689,#691,#600,.T.);
#861=EDGE_CURVE('',#693,#694,#601,.T.);
#862=EDGE_CURVE('',#694,#692,#285,.T.);
#863=EDGE_CURVE('',#691,#693,#286,.T.);
#864=EDGE_CURVE('',#695,#696,#602,.T.);
#865=EDGE_CURVE('',#696,#694,#603,.T.);
#866=EDGE_CURVE('',#693,#695,#604,.T.);
#867=EDGE_CURVE('',#681,#696,#287,.T.);
#868=EDGE_CURVE('',#695,#682,#288,.T.);
#869=EDGE_CURVE('',#697,#687,#289,.T.);
#870=EDGE_CURVE('',#698,#697,#290,.T.);
#871=EDGE_CURVE('',#698,#689,#291,.T.);
#872=EDGE_CURVE('',#699,#685,#292,.T.);
#873=EDGE_CURVE('',#699,#697,#605,.T.);
#874=EDGE_CURVE('',#700,#683,#293,.T.);
#875=EDGE_CURVE('',#699,#700,#294,.T.);
#876=EDGE_CURVE('',#701,#682,#295,.T.);
#877=EDGE_CURVE('',#701,#700,#606,.T.);
#878=EDGE_CURVE('',#702,#703,#296,.T.);
#879=EDGE_CURVE('',#704,#703,#607,.T.);
#880=EDGE_CURVE('',#704,#705,#297,.T.);
#881=EDGE_CURVE('',#706,#705,#608,.T.);
#882=EDGE_CURVE('',#706,#707,#298,.T.);
#883=EDGE_CURVE('',#708,#707,#609,.T.);
#884=EDGE_CURVE('',#708,#709,#299,.T.);
#885=EDGE_CURVE('',#702,#709,#610,.T.);
#886=EDGE_CURVE('',#710,#711,#300,.T.);
#887=EDGE_CURVE('',#711,#712,#611,.T.);
#888=EDGE_CURVE('',#712,#713,#301,.T.);
#889=EDGE_CURVE('',#713,#714,#612,.T.);
#890=EDGE_CURVE('',#714,#715,#302,.T.);
#891=EDGE_CURVE('',#715,#716,#613,.T.);
#892=EDGE_CURVE('',#716,#717,#303,.T.);
#893=EDGE_CURVE('',#717,#710,#614,.T.);
#894=EDGE_CURVE('',#718,#719,#615,.T.);
#895=EDGE_CURVE('',#719,#720,#304,.T.);
#896=EDGE_CURVE('',#720,#721,#616,.T.);
#897=EDGE_CURVE('',#721,#722,#305,.T.);
#898=EDGE_CURVE('',#722,#723,#617,.T.);
#899=EDGE_CURVE('',#723,#724,#306,.T.);
#900=EDGE_CURVE('',#724,#725,#618,.T.);
#901=EDGE_CURVE('',#725,#718,#307,.T.);
#902=EDGE_CURVE('',#726,#727,#619,.T.);
#903=EDGE_CURVE('',#727,#728,#308,.T.);
#904=EDGE_CURVE('',#728,#729,#620,.T.);
#905=EDGE_CURVE('',#729,#730,#309,.T.);
#906=EDGE_CURVE('',#730,#731,#621,.T.);
#907=EDGE_CURVE('',#731,#732,#310,.T.);
#908=EDGE_CURVE('',#732,#733,#622,.T.);
#909=EDGE_CURVE('',#733,#726,#311,.T.);
#910=EDGE_CURVE('',#734,#735,#623,.T.);
#911=EDGE_CURVE('',#735,#736,#312,.T.);
#912=EDGE_CURVE('',#736,#737,#624,.T.);
#913=EDGE_CURVE('',#737,#738,#313,.T.);
#914=EDGE_CURVE('',#738,#739,#625,.T.);
#915=EDGE_CURVE('',#739,#740,#314,.T.);
#916=EDGE_CURVE('',#740,#741,#626,.T.);
#917=EDGE_CURVE('',#741,#734,#315,.T.);
#918=EDGE_CURVE('',#742,#743,#316,.T.);
#919=EDGE_CURVE('',#743,#744,#627,.T.);
#920=EDGE_CURVE('',#744,#745,#317,.T.);
#921=EDGE_CURVE('',#745,#746,#628,.T.);
#922=EDGE_CURVE('',#746,#747,#318,.T.);
#923=EDGE_CURVE('',#747,#748,#629,.T.);
#924=EDGE_CURVE('',#748,#749,#319,.T.);
#925=EDGE_CURVE('',#749,#742,#630,.T.);
#926=EDGE_CURVE('',#750,#751,#631,.T.);
#927=EDGE_CURVE('',#751,#752,#320,.T.);
#928=EDGE_CURVE('',#752,#753,#632,.T.);
#929=EDGE_CURVE('',#753,#754,#321,.T.);
#930=EDGE_CURVE('',#754,#755,#633,.T.);
#931=EDGE_CURVE('',#755,#756,#322,.T.);
#932=EDGE_CURVE('',#756,#757,#634,.T.);
#933=EDGE_CURVE('',#757,#750,#323,.T.);
#934=EDGE_CURVE('',#758,#759,#324,.T.);
#935=EDGE_CURVE('',#760,#759,#635,.T.);
#936=EDGE_CURVE('',#760,#761,#325,.T.);
#937=EDGE_CURVE('',#762,#761,#636,.T.);
#938=EDGE_CURVE('',#762,#763,#326,.T.);
#939=EDGE_CURVE('',#764,#763,#637,.T.);
#940=EDGE_CURVE('',#764,#765,#327,.T.);
#941=EDGE_CURVE('',#758,#765,#638,.T.);
#942=EDGE_CURVE('',#766,#767,#639,.T.);
#943=EDGE_CURVE('',#767,#708,#328,.T.);
#944=EDGE_CURVE('',#707,#766,#329,.T.);
#945=EDGE_CURVE('',#767,#768,#330,.T.);
#946=EDGE_CURVE('',#709,#768,#331,.T.);
#947=EDGE_CURVE('',#769,#770,#640,.T.);
#948=EDGE_CURVE('',#770,#706,#332,.T.);
#949=EDGE_CURVE('',#705,#769,#333,.T.);
#950=EDGE_CURVE('',#770,#766,#334,.T.);
#951=EDGE_CURVE('',#771,#772,#641,.T.);
#952=EDGE_CURVE('',#772,#704,#335,.T.);
#953=EDGE_CURVE('',#703,#771,#336,.T.);
#954=EDGE_CURVE('',#772,#769,#337,.T.);
#955=EDGE_CURVE('',#768,#773,#642,.T.);
#956=EDGE_CURVE('',#773,#702,#338,.T.);
#957=EDGE_CURVE('',#773,#771,#339,.T.);
#958=EDGE_CURVE('',#774,#775,#643,.T.);
#959=EDGE_CURVE('',#775,#758,#340,.T.);
#960=EDGE_CURVE('',#765,#774,#341,.T.);
#961=EDGE_CURVE('',#775,#776,#342,.T.);
#962=EDGE_CURVE('',#759,#776,#343,.T.);
#963=EDGE_CURVE('',#777,#778,#644,.T.);
#964=EDGE_CURVE('',#778,#764,#344,.T.);
#965=EDGE_CURVE('',#763,#777,#345,.T.);
#966=EDGE_CURVE('',#778,#774,#346,.T.);
#967=EDGE_CURVE('',#779,#780,#645,.T.);
#968=EDGE_CURVE('',#780,#762,#347,.T.);
#969=EDGE_CURVE('',#761,#779,#348,.T.);
#970=EDGE_CURVE('',#780,#777,#349,.T.);
#971=EDGE_CURVE('',#776,#781,#646,.T.);
#972=EDGE_CURVE('',#781,#760,#350,.T.);
#973=EDGE_CURVE('',#781,#779,#351,.T.);
#974=EDGE_CURVE('',#782,#783,#647,.T.);
#975=EDGE_CURVE('',#783,#710,#352,.T.);
#976=EDGE_CURVE('',#782,#717,#353,.T.);
#977=EDGE_CURVE('',#784,#782,#354,.T.);
#978=EDGE_CURVE('',#784,#716,#355,.T.);
#979=EDGE_CURVE('',#785,#784,#648,.T.);
#980=EDGE_CURVE('',#785,#715,#356,.T.);
#981=EDGE_CURVE('',#786,#785,#357,.T.);
#982=EDGE_CURVE('',#786,#714,#358,.T.);
#983=EDGE_CURVE('',#787,#786,#649,.T.);
#984=EDGE_CURVE('',#787,#713,#359,.T.);
#985=EDGE_CURVE('',#788,#787,#360,.T.);
#986=EDGE_CURVE('',#788,#712,#361,.T.);
#987=EDGE_CURVE('',#789,#788,#650,.T.);
#988=EDGE_CURVE('',#789,#711,#362,.T.);
#989=EDGE_CURVE('',#783,#789,#363,.T.);
#990=EDGE_CURVE('',#790,#791,#364,.T.);
#991=EDGE_CURVE('',#791,#718,#365,.T.);
#992=EDGE_CURVE('',#790,#725,#366,.T.);
#993=EDGE_CURVE('',#792,#790,#651,.T.);
#994=EDGE_CURVE('',#792,#724,#367,.T.);
#995=EDGE_CURVE('',#793,#792,#368,.T.);
#996=EDGE_CURVE('',#793,#723,#369,.T.);
#997=EDGE_CURVE('',#794,#793,#652,.T.);
#998=EDGE_CURVE('',#794,#722,#370,.T.);
#999=EDGE_CURVE('',#795,#794,#371,.T.);
#1000=EDGE_CURVE('',#795,#721,#372,.T.);
#1001=EDGE_CURVE('',#796,#795,#653,.T.);
#1002=EDGE_CURVE('',#796,#720,#373,.T.);
#1003=EDGE_CURVE('',#797,#796,#374,.T.);
#1004=EDGE_CURVE('',#797,#719,#375,.T.);
#1005=EDGE_CURVE('',#791,#797,#654,.T.);
#1006=EDGE_CURVE('',#798,#799,#376,.T.);
#1007=EDGE_CURVE('',#799,#726,#377,.T.);
#1008=EDGE_CURVE('',#798,#733,#378,.T.);
#1009=EDGE_CURVE('',#800,#798,#655,.T.);
#1010=EDGE_CURVE('',#800,#732,#379,.T.);
#1011=EDGE_CURVE('',#801,#800,#380,.T.);
#1012=EDGE_CURVE('',#801,#731,#381,.T.);
#1013=EDGE_CURVE('',#802,#801,#656,.T.);
#1014=EDGE_CURVE('',#802,#730,#382,.T.);
#1015=EDGE_CURVE('',#803,#802,#383,.T.);
#1016=EDGE_CURVE('',#803,#729,#384,.T.);
#1017=EDGE_CURVE('',#804,#803,#657,.T.);
#1018=EDGE_CURVE('',#804,#728,#385,.T.);
#1019=EDGE_CURVE('',#805,#804,#386,.T.);
#1020=EDGE_CURVE('',#805,#727,#387,.T.);
#1021=EDGE_CURVE('',#799,#805,#658,.T.);
#1022=EDGE_CURVE('',#806,#807,#388,.T.);
#1023=EDGE_CURVE('',#807,#734,#389,.T.);
#1024=EDGE_CURVE('',#806,#741,#390,.T.);
#1025=EDGE_CURVE('',#808,#806,#659,.T.);
#1026=EDGE_CURVE('',#808,#740,#391,.T.);
#1027=EDGE_CURVE('',#809,#808,#392,.T.);
#1028=EDGE_CURVE('',#809,#739,#393,.T.);
#1029=EDGE_CURVE('',#810,#809,#660,.T.);
#1030=EDGE_CURVE('',#810,#738,#394,.T.);
#1031=EDGE_CURVE('',#811,#810,#395,.T.);
#1032=EDGE_CURVE('',#811,#737,#396,.T.);
#1033=EDGE_CURVE('',#812,#811,#661,.T.);
#1034=EDGE_CURVE('',#812,#736,#397,.T.);
#1035=EDGE_CURVE('',#813,#812,#398,.T.);
#1036=EDGE_CURVE('',#813,#735,#399,.T.);
#1037=EDGE_CURVE('',#807,#813,#662,.T.);
#1038=EDGE_CURVE('',#814,#815,#663,.T.);
#1039=EDGE_CURVE('',#815,#742,#400,.T.);
#1040=EDGE_CURVE('',#814,#749,#401,.T.);
#1041=EDGE_CURVE('',#816,#814,#402,.T.);
#1042=EDGE_CURVE('',#816,#748,#403,.T.);
#1043=EDGE_CURVE('',#817,#816,#664,.T.);
#1044=EDGE_CURVE('',#817,#747,#404,.T.);
#1045=EDGE_CURVE('',#818,#817,#405,.T.);
#1046=EDGE_CURVE('',#818,#746,#406,.T.);
#1047=EDGE_CURVE('',#819,#818,#665,.T.);
#1048=EDGE_CURVE('',#819,#745,#407,.T.);
#1049=EDGE_CURVE('',#820,#819,#408,.T.);
#1050=EDGE_CURVE('',#820,#744,#409,.T.);
#1051=EDGE_CURVE('',#821,#820,#666,.T.);
#1052=EDGE_CURVE('',#821,#743,#410,.T.);
#1053=EDGE_CURVE('',#815,#821,#411,.T.);
#1054=EDGE_CURVE('',#822,#823,#412,.T.);
#1055=EDGE_CURVE('',#823,#750,#413,.T.);
#1056=EDGE_CURVE('',#822,#757,#414,.T.);
#1057=EDGE_CURVE('',#824,#822,#667,.T.);
#1058=EDGE_CURVE('',#824,#756,#415,.T.);
#1059=EDGE_CURVE('',#825,#824,#416,.T.);
#1060=EDGE_CURVE('',#825,#755,#417,.T.);
#1061=EDGE_CURVE('',#826,#825,#668,.T.);
#1062=EDGE_CURVE('',#826,#754,#418,.T.);
#1063=EDGE_CURVE('',#827,#826,#419,.T.);
#1064=EDGE_CURVE('',#827,#753,#420,.T.);
#1065=EDGE_CURVE('',#828,#827,#669,.T.);
#1066=EDGE_CURVE('',#828,#752,#421,.T.);
#1067=EDGE_CURVE('',#829,#828,#422,.T.);
#1068=EDGE_CURVE('',#829,#751,#423,.T.);
#1069=EDGE_CURVE('',#823,#829,#670,.T.);
#1070=EDGE_CURVE('',#830,#695,#424,.T.);
#1071=EDGE_CURVE('',#701,#830,#425,.T.);
#1072=EDGE_CURVE('',#831,#693,#426,.T.);
#1073=EDGE_CURVE('',#831,#830,#671,.T.);
#1074=EDGE_CURVE('',#832,#691,#427,.T.);
#1075=EDGE_CURVE('',#831,#832,#428,.T.);
#1076=EDGE_CURVE('',#698,#832,#672,.T.);
#1077=ORIENTED_EDGE('',*,*,#833,.F.);
#1078=ORIENTED_EDGE('',*,*,#834,.T.);
#1079=ORIENTED_EDGE('',*,*,#835,.F.);
#1080=ORIENTED_EDGE('',*,*,#834,.F.);
#1081=ORIENTED_EDGE('',*,*,#836,.F.);
#1082=ORIENTED_EDGE('',*,*,#837,.T.);
#1083=ORIENTED_EDGE('',*,*,#838,.F.);
#1084=ORIENTED_EDGE('',*,*,#837,.F.);
#1085=ORIENTED_EDGE('',*,*,#839,.F.);
#1086=ORIENTED_EDGE('',*,*,#840,.T.);
#1087=ORIENTED_EDGE('',*,*,#841,.F.);
#1088=ORIENTED_EDGE('',*,*,#840,.F.);
#1089=ORIENTED_EDGE('',*,*,#842,.F.);
#1090=ORIENTED_EDGE('',*,*,#843,.T.);
#1091=ORIENTED_EDGE('',*,*,#844,.F.);
#1092=ORIENTED_EDGE('',*,*,#843,.F.);
#1093=ORIENTED_EDGE('',*,*,#845,.T.);
#1094=ORIENTED_EDGE('',*,*,#846,.T.);
#1095=ORIENTED_EDGE('',*,*,#847,.T.);
#1096=ORIENTED_EDGE('',*,*,#848,.T.);
#1097=ORIENTED_EDGE('',*,*,#849,.T.);
#1098=ORIENTED_EDGE('',*,*,#850,.T.);
#1099=ORIENTED_EDGE('',*,*,#847,.F.);
#1100=ORIENTED_EDGE('',*,*,#851,.T.);
#1101=ORIENTED_EDGE('',*,*,#852,.T.);
#1102=ORIENTED_EDGE('',*,*,#853,.T.);
#1103=ORIENTED_EDGE('',*,*,#849,.F.);
#1104=ORIENTED_EDGE('',*,*,#854,.T.);
#1105=ORIENTED_EDGE('',*,*,#855,.T.);
#1106=ORIENTED_EDGE('',*,*,#856,.T.);
#1107=ORIENTED_EDGE('',*,*,#852,.F.);
#1108=ORIENTED_EDGE('',*,*,#857,.T.);
#1109=ORIENTED_EDGE('',*,*,#858,.T.);
#1110=ORIENTED_EDGE('',*,*,#859,.T.);
#1111=ORIENTED_EDGE('',*,*,#855,.F.);
#1112=ORIENTED_EDGE('',*,*,#860,.T.);
#1113=ORIENTED_EDGE('',*,*,#861,.T.);
#1114=ORIENTED_EDGE('',*,*,#862,.T.);
#1115=ORIENTED_EDGE('',*,*,#858,.F.);
#1116=ORIENTED_EDGE('',*,*,#863,.T.);
#1117=ORIENTED_EDGE('',*,*,#864,.T.);
#1118=ORIENTED_EDGE('',*,*,#865,.T.);
#1119=ORIENTED_EDGE('',*,*,#861,.F.);
#1120=ORIENTED_EDGE('',*,*,#866,.T.);
#1121=ORIENTED_EDGE('',*,*,#845,.F.);
#1122=ORIENTED_EDGE('',*,*,#867,.T.);
#1123=ORIENTED_EDGE('',*,*,#864,.F.);
#1124=ORIENTED_EDGE('',*,*,#868,.T.);
#1125=ORIENTED_EDGE('',*,*,#857,.F.);
#1126=ORIENTED_EDGE('',*,*,#869,.F.);
#1127=ORIENTED_EDGE('',*,*,#870,.F.);
#1128=ORIENTED_EDGE('',*,*,#871,.T.);
#1129=ORIENTED_EDGE('',*,*,#854,.F.);
#1130=ORIENTED_EDGE('',*,*,#872,.F.);
#1131=ORIENTED_EDGE('',*,*,#873,.T.);
#1132=ORIENTED_EDGE('',*,*,#869,.T.);
#1133=ORIENTED_EDGE('',*,*,#851,.F.);
#1134=ORIENTED_EDGE('',*,*,#874,.F.);
#1135=ORIENTED_EDGE('',*,*,#875,.F.);
#1136=ORIENTED_EDGE('',*,*,#872,.T.);
#1137=ORIENTED_EDGE('',*,*,#846,.F.);
#1138=ORIENTED_EDGE('',*,*,#876,.F.);
#1139=ORIENTED_EDGE('',*,*,#877,.T.);
#1140=ORIENTED_EDGE('',*,*,#874,.T.);
#1141=ORIENTED_EDGE('',*,*,#848,.F.);
#1142=ORIENTED_EDGE('',*,*,#850,.F.);
#1143=ORIENTED_EDGE('',*,*,#853,.F.);
#1144=ORIENTED_EDGE('',*,*,#856,.F.);
#1145=ORIENTED_EDGE('',*,*,#859,.F.);
#1146=ORIENTED_EDGE('',*,*,#862,.F.);
#1147=ORIENTED_EDGE('',*,*,#865,.F.);
#1148=ORIENTED_EDGE('',*,*,#867,.F.);
#1149=ORIENTED_EDGE('',*,*,#836,.T.);
#1150=ORIENTED_EDGE('',*,*,#842,.T.);
#1151=ORIENTED_EDGE('',*,*,#878,.T.);
#1152=ORIENTED_EDGE('',*,*,#879,.F.);
#1153=ORIENTED_EDGE('',*,*,#880,.T.);
#1154=ORIENTED_EDGE('',*,*,#881,.F.);
#1155=ORIENTED_EDGE('',*,*,#882,.T.);
#1156=ORIENTED_EDGE('',*,*,#883,.F.);
#1157=ORIENTED_EDGE('',*,*,#884,.T.);
#1158=ORIENTED_EDGE('',*,*,#885,.F.);
#1159=ORIENTED_EDGE('',*,*,#886,.T.);
#1160=ORIENTED_EDGE('',*,*,#887,.T.);
#1161=ORIENTED_EDGE('',*,*,#888,.T.);
#1162=ORIENTED_EDGE('',*,*,#889,.T.);
#1163=ORIENTED_EDGE('',*,*,#890,.T.);
#1164=ORIENTED_EDGE('',*,*,#891,.T.);
#1165=ORIENTED_EDGE('',*,*,#892,.T.);
#1166=ORIENTED_EDGE('',*,*,#893,.T.);
#1167=ORIENTED_EDGE('',*,*,#894,.T.);
#1168=ORIENTED_EDGE('',*,*,#895,.T.);
#1169=ORIENTED_EDGE('',*,*,#896,.T.);
#1170=ORIENTED_EDGE('',*,*,#897,.T.);
#1171=ORIENTED_EDGE('',*,*,#898,.T.);
#1172=ORIENTED_EDGE('',*,*,#899,.T.);
#1173=ORIENTED_EDGE('',*,*,#900,.T.);
#1174=ORIENTED_EDGE('',*,*,#901,.T.);
#1175=ORIENTED_EDGE('',*,*,#902,.T.);
#1176=ORIENTED_EDGE('',*,*,#903,.T.);
#1177=ORIENTED_EDGE('',*,*,#904,.T.);
#1178=ORIENTED_EDGE('',*,*,#905,.T.);
#1179=ORIENTED_EDGE('',*,*,#906,.T.);
#1180=ORIENTED_EDGE('',*,*,#907,.T.);
#1181=ORIENTED_EDGE('',*,*,#908,.T.);
#1182=ORIENTED_EDGE('',*,*,#909,.T.);
#1183=ORIENTED_EDGE('',*,*,#910,.T.);
#1184=ORIENTED_EDGE('',*,*,#911,.T.);
#1185=ORIENTED_EDGE('',*,*,#912,.T.);
#1186=ORIENTED_EDGE('',*,*,#913,.T.);
#1187=ORIENTED_EDGE('',*,*,#914,.T.);
#1188=ORIENTED_EDGE('',*,*,#915,.T.);
#1189=ORIENTED_EDGE('',*,*,#916,.T.);
#1190=ORIENTED_EDGE('',*,*,#917,.T.);
#1191=ORIENTED_EDGE('',*,*,#918,.T.);
#1192=ORIENTED_EDGE('',*,*,#919,.T.);
#1193=ORIENTED_EDGE('',*,*,#920,.T.);
#1194=ORIENTED_EDGE('',*,*,#921,.T.);
#1195=ORIENTED_EDGE('',*,*,#922,.T.);
#1196=ORIENTED_EDGE('',*,*,#923,.T.);
#1197=ORIENTED_EDGE('',*,*,#924,.T.);
#1198=ORIENTED_EDGE('',*,*,#925,.T.);
#1199=ORIENTED_EDGE('',*,*,#926,.T.);
#1200=ORIENTED_EDGE('',*,*,#927,.T.);
#1201=ORIENTED_EDGE('',*,*,#928,.T.);
#1202=ORIENTED_EDGE('',*,*,#929,.T.);
#1203=ORIENTED_EDGE('',*,*,#930,.T.);
#1204=ORIENTED_EDGE('',*,*,#931,.T.);
#1205=ORIENTED_EDGE('',*,*,#932,.T.);
#1206=ORIENTED_EDGE('',*,*,#933,.T.);
#1207=ORIENTED_EDGE('',*,*,#934,.T.);
#1208=ORIENTED_EDGE('',*,*,#935,.F.);
#1209=ORIENTED_EDGE('',*,*,#936,.T.);
#1210=ORIENTED_EDGE('',*,*,#937,.F.);
#1211=ORIENTED_EDGE('',*,*,#938,.T.);
#1212=ORIENTED_EDGE('',*,*,#939,.F.);
#1213=ORIENTED_EDGE('',*,*,#940,.T.);
#1214=ORIENTED_EDGE('',*,*,#941,.F.);
#1215=ORIENTED_EDGE('',*,*,#839,.T.);
#1216=ORIENTED_EDGE('',*,*,#833,.T.);
#1217=ORIENTED_EDGE('',*,*,#942,.T.);
#1218=ORIENTED_EDGE('',*,*,#943,.T.);
#1219=ORIENTED_EDGE('',*,*,#883,.T.);
#1220=ORIENTED_EDGE('',*,*,#944,.T.);
#1221=ORIENTED_EDGE('',*,*,#943,.F.);
#1222=ORIENTED_EDGE('',*,*,#945,.T.);
#1223=ORIENTED_EDGE('',*,*,#946,.F.);
#1224=ORIENTED_EDGE('',*,*,#884,.F.);
#1225=ORIENTED_EDGE('',*,*,#947,.T.);
#1226=ORIENTED_EDGE('',*,*,#948,.T.);
#1227=ORIENTED_EDGE('',*,*,#881,.T.);
#1228=ORIENTED_EDGE('',*,*,#949,.T.);
#1229=ORIENTED_EDGE('',*,*,#944,.F.);
#1230=ORIENTED_EDGE('',*,*,#882,.F.);
#1231=ORIENTED_EDGE('',*,*,#948,.F.);
#1232=ORIENTED_EDGE('',*,*,#950,.T.);
#1233=ORIENTED_EDGE('',*,*,#951,.T.);
#1234=ORIENTED_EDGE('',*,*,#952,.T.);
#1235=ORIENTED_EDGE('',*,*,#879,.T.);
#1236=ORIENTED_EDGE('',*,*,#953,.T.);
#1237=ORIENTED_EDGE('',*,*,#949,.F.);
#1238=ORIENTED_EDGE('',*,*,#880,.F.);
#1239=ORIENTED_EDGE('',*,*,#952,.F.);
#1240=ORIENTED_EDGE('',*,*,#954,.T.);
#1241=ORIENTED_EDGE('',*,*,#955,.T.);
#1242=ORIENTED_EDGE('',*,*,#956,.T.);
#1243=ORIENTED_EDGE('',*,*,#885,.T.);
#1244=ORIENTED_EDGE('',*,*,#946,.T.);
#1245=ORIENTED_EDGE('',*,*,#953,.F.);
#1246=ORIENTED_EDGE('',*,*,#878,.F.);
#1247=ORIENTED_EDGE('',*,*,#956,.F.);
#1248=ORIENTED_EDGE('',*,*,#957,.T.);
#1249=ORIENTED_EDGE('',*,*,#958,.T.);
#1250=ORIENTED_EDGE('',*,*,#959,.T.);
#1251=ORIENTED_EDGE('',*,*,#941,.T.);
#1252=ORIENTED_EDGE('',*,*,#960,.T.);
#1253=ORIENTED_EDGE('',*,*,#959,.F.);
#1254=ORIENTED_EDGE('',*,*,#961,.T.);
#1255=ORIENTED_EDGE('',*,*,#962,.F.);
#1256=ORIENTED_EDGE('',*,*,#934,.F.);
#1257=ORIENTED_EDGE('',*,*,#963,.T.);
#1258=ORIENTED_EDGE('',*,*,#964,.T.);
#1259=ORIENTED_EDGE('',*,*,#939,.T.);
#1260=ORIENTED_EDGE('',*,*,#965,.T.);
#1261=ORIENTED_EDGE('',*,*,#960,.F.);
#1262=ORIENTED_EDGE('',*,*,#940,.F.);
#1263=ORIENTED_EDGE('',*,*,#964,.F.);
#1264=ORIENTED_EDGE('',*,*,#966,.T.);
#1265=ORIENTED_EDGE('',*,*,#967,.T.);
#1266=ORIENTED_EDGE('',*,*,#968,.T.);
#1267=ORIENTED_EDGE('',*,*,#937,.T.);
#1268=ORIENTED_EDGE('',*,*,#969,.T.);
#1269=ORIENTED_EDGE('',*,*,#965,.F.);
#1270=ORIENTED_EDGE('',*,*,#938,.F.);
#1271=ORIENTED_EDGE('',*,*,#968,.F.);
#1272=ORIENTED_EDGE('',*,*,#970,.T.);
#1273=ORIENTED_EDGE('',*,*,#971,.T.);
#1274=ORIENTED_EDGE('',*,*,#972,.T.);
#1275=ORIENTED_EDGE('',*,*,#935,.T.);
#1276=ORIENTED_EDGE('',*,*,#962,.T.);
#1277=ORIENTED_EDGE('',*,*,#969,.F.);
#1278=ORIENTED_EDGE('',*,*,#936,.F.);
#1279=ORIENTED_EDGE('',*,*,#972,.F.);
#1280=ORIENTED_EDGE('',*,*,#973,.T.);
#1281=ORIENTED_EDGE('',*,*,#974,.T.);
#1282=ORIENTED_EDGE('',*,*,#975,.T.);
#1283=ORIENTED_EDGE('',*,*,#893,.F.);
#1284=ORIENTED_EDGE('',*,*,#976,.F.);
#1285=ORIENTED_EDGE('',*,*,#977,.T.);
#1286=ORIENTED_EDGE('',*,*,#976,.T.);
#1287=ORIENTED_EDGE('',*,*,#892,.F.);
#1288=ORIENTED_EDGE('',*,*,#978,.F.);
#1289=ORIENTED_EDGE('',*,*,#979,.T.);
#1290=ORIENTED_EDGE('',*,*,#978,.T.);
#1291=ORIENTED_EDGE('',*,*,#891,.F.);
#1292=ORIENTED_EDGE('',*,*,#980,.F.);
#1293=ORIENTED_EDGE('',*,*,#981,.T.);
#1294=ORIENTED_EDGE('',*,*,#980,.T.);
#1295=ORIENTED_EDGE('',*,*,#890,.F.);
#1296=ORIENTED_EDGE('',*,*,#982,.F.);
#1297=ORIENTED_EDGE('',*,*,#983,.T.);
#1298=ORIENTED_EDGE('',*,*,#982,.T.);
#1299=ORIENTED_EDGE('',*,*,#889,.F.);
#1300=ORIENTED_EDGE('',*,*,#984,.F.);
#1301=ORIENTED_EDGE('',*,*,#985,.T.);
#1302=ORIENTED_EDGE('',*,*,#984,.T.);
#1303=ORIENTED_EDGE('',*,*,#888,.F.);
#1304=ORIENTED_EDGE('',*,*,#986,.F.);
#1305=ORIENTED_EDGE('',*,*,#987,.T.);
#1306=ORIENTED_EDGE('',*,*,#986,.T.);
#1307=ORIENTED_EDGE('',*,*,#887,.F.);
#1308=ORIENTED_EDGE('',*,*,#988,.F.);
#1309=ORIENTED_EDGE('',*,*,#989,.T.);
#1310=ORIENTED_EDGE('',*,*,#988,.T.);
#1311=ORIENTED_EDGE('',*,*,#886,.F.);
#1312=ORIENTED_EDGE('',*,*,#975,.F.);
#1313=ORIENTED_EDGE('',*,*,#990,.T.);
#1314=ORIENTED_EDGE('',*,*,#991,.T.);
#1315=ORIENTED_EDGE('',*,*,#901,.F.);
#1316=ORIENTED_EDGE('',*,*,#992,.F.);
#1317=ORIENTED_EDGE('',*,*,#993,.T.);
#1318=ORIENTED_EDGE('',*,*,#992,.T.);
#1319=ORIENTED_EDGE('',*,*,#900,.F.);
#1320=ORIENTED_EDGE('',*,*,#994,.F.);
#1321=ORIENTED_EDGE('',*,*,#995,.T.);
#1322=ORIENTED_EDGE('',*,*,#994,.T.);
#1323=ORIENTED_EDGE('',*,*,#899,.F.);
#1324=ORIENTED_EDGE('',*,*,#996,.F.);
#1325=ORIENTED_EDGE('',*,*,#997,.T.);
#1326=ORIENTED_EDGE('',*,*,#996,.T.);
#1327=ORIENTED_EDGE('',*,*,#898,.F.);
#1328=ORIENTED_EDGE('',*,*,#998,.F.);
#1329=ORIENTED_EDGE('',*,*,#999,.T.);
#1330=ORIENTED_EDGE('',*,*,#998,.T.);
#1331=ORIENTED_EDGE('',*,*,#897,.F.);
#1332=ORIENTED_EDGE('',*,*,#1000,.F.);
#1333=ORIENTED_EDGE('',*,*,#1001,.T.);
#1334=ORIENTED_EDGE('',*,*,#1000,.T.);
#1335=ORIENTED_EDGE('',*,*,#896,.F.);
#1336=ORIENTED_EDGE('',*,*,#1002,.F.);
#1337=ORIENTED_EDGE('',*,*,#1003,.T.);
#1338=ORIENTED_EDGE('',*,*,#1002,.T.);
#1339=ORIENTED_EDGE('',*,*,#895,.F.);
#1340=ORIENTED_EDGE('',*,*,#1004,.F.);
#1341=ORIENTED_EDGE('',*,*,#1005,.T.);
#1342=ORIENTED_EDGE('',*,*,#1004,.T.);
#1343=ORIENTED_EDGE('',*,*,#894,.F.);
#1344=ORIENTED_EDGE('',*,*,#991,.F.);
#1345=ORIENTED_EDGE('',*,*,#1006,.T.);
#1346=ORIENTED_EDGE('',*,*,#1007,.T.);
#1347=ORIENTED_EDGE('',*,*,#909,.F.);
#1348=ORIENTED_EDGE('',*,*,#1008,.F.);
#1349=ORIENTED_EDGE('',*,*,#1009,.T.);
#1350=ORIENTED_EDGE('',*,*,#1008,.T.);
#1351=ORIENTED_EDGE('',*,*,#908,.F.);
#1352=ORIENTED_EDGE('',*,*,#1010,.F.);
#1353=ORIENTED_EDGE('',*,*,#1011,.T.);
#1354=ORIENTED_EDGE('',*,*,#1010,.T.);
#1355=ORIENTED_EDGE('',*,*,#907,.F.);
#1356=ORIENTED_EDGE('',*,*,#1012,.F.);
#1357=ORIENTED_EDGE('',*,*,#1013,.T.);
#1358=ORIENTED_EDGE('',*,*,#1012,.T.);
#1359=ORIENTED_EDGE('',*,*,#906,.F.);
#1360=ORIENTED_EDGE('',*,*,#1014,.F.);
#1361=ORIENTED_EDGE('',*,*,#1015,.T.);
#1362=ORIENTED_EDGE('',*,*,#1014,.T.);
#1363=ORIENTED_EDGE('',*,*,#905,.F.);
#1364=ORIENTED_EDGE('',*,*,#1016,.F.);
#1365=ORIENTED_EDGE('',*,*,#1017,.T.);
#1366=ORIENTED_EDGE('',*,*,#1016,.T.);
#1367=ORIENTED_EDGE('',*,*,#904,.F.);
#1368=ORIENTED_EDGE('',*,*,#1018,.F.);
#1369=ORIENTED_EDGE('',*,*,#1019,.T.);
#1370=ORIENTED_EDGE('',*,*,#1018,.T.);
#1371=ORIENTED_EDGE('',*,*,#903,.F.);
#1372=ORIENTED_EDGE('',*,*,#1020,.F.);
#1373=ORIENTED_EDGE('',*,*,#1021,.T.);
#1374=ORIENTED_EDGE('',*,*,#1020,.T.);
#1375=ORIENTED_EDGE('',*,*,#902,.F.);
#1376=ORIENTED_EDGE('',*,*,#1007,.F.);
#1377=ORIENTED_EDGE('',*,*,#1022,.T.);
#1378=ORIENTED_EDGE('',*,*,#1023,.T.);
#1379=ORIENTED_EDGE('',*,*,#917,.F.);
#1380=ORIENTED_EDGE('',*,*,#1024,.F.);
#1381=ORIENTED_EDGE('',*,*,#1025,.T.);
#1382=ORIENTED_EDGE('',*,*,#1024,.T.);
#1383=ORIENTED_EDGE('',*,*,#916,.F.);
#1384=ORIENTED_EDGE('',*,*,#1026,.F.);
#1385=ORIENTED_EDGE('',*,*,#1027,.T.);
#1386=ORIENTED_EDGE('',*,*,#1026,.T.);
#1387=ORIENTED_EDGE('',*,*,#915,.F.);
#1388=ORIENTED_EDGE('',*,*,#1028,.F.);
#1389=ORIENTED_EDGE('',*,*,#1029,.T.);
#1390=ORIENTED_EDGE('',*,*,#1028,.T.);
#1391=ORIENTED_EDGE('',*,*,#914,.F.);
#1392=ORIENTED_EDGE('',*,*,#1030,.F.);
#1393=ORIENTED_EDGE('',*,*,#1031,.T.);
#1394=ORIENTED_EDGE('',*,*,#1030,.T.);
#1395=ORIENTED_EDGE('',*,*,#913,.F.);
#1396=ORIENTED_EDGE('',*,*,#1032,.F.);
#1397=ORIENTED_EDGE('',*,*,#1033,.T.);
#1398=ORIENTED_EDGE('',*,*,#1032,.T.);
#1399=ORIENTED_EDGE('',*,*,#912,.F.);
#1400=ORIENTED_EDGE('',*,*,#1034,.F.);
#1401=ORIENTED_EDGE('',*,*,#1035,.T.);
#1402=ORIENTED_EDGE('',*,*,#1034,.T.);
#1403=ORIENTED_EDGE('',*,*,#911,.F.);
#1404=ORIENTED_EDGE('',*,*,#1036,.F.);
#1405=ORIENTED_EDGE('',*,*,#1037,.T.);
#1406=ORIENTED_EDGE('',*,*,#1036,.T.);
#1407=ORIENTED_EDGE('',*,*,#910,.F.);
#1408=ORIENTED_EDGE('',*,*,#1023,.F.);
#1409=ORIENTED_EDGE('',*,*,#1038,.T.);
#1410=ORIENTED_EDGE('',*,*,#1039,.T.);
#1411=ORIENTED_EDGE('',*,*,#925,.F.);
#1412=ORIENTED_EDGE('',*,*,#1040,.F.);
#1413=ORIENTED_EDGE('',*,*,#1041,.T.);
#1414=ORIENTED_EDGE('',*,*,#1040,.T.);
#1415=ORIENTED_EDGE('',*,*,#924,.F.);
#1416=ORIENTED_EDGE('',*,*,#1042,.F.);
#1417=ORIENTED_EDGE('',*,*,#1043,.T.);
#1418=ORIENTED_EDGE('',*,*,#1042,.T.);
#1419=ORIENTED_EDGE('',*,*,#923,.F.);
#1420=ORIENTED_EDGE('',*,*,#1044,.F.);
#1421=ORIENTED_EDGE('',*,*,#1045,.T.);
#1422=ORIENTED_EDGE('',*,*,#1044,.T.);
#1423=ORIENTED_EDGE('',*,*,#922,.F.);
#1424=ORIENTED_EDGE('',*,*,#1046,.F.);
#1425=ORIENTED_EDGE('',*,*,#1047,.T.);
#1426=ORIENTED_EDGE('',*,*,#1046,.T.);
#1427=ORIENTED_EDGE('',*,*,#921,.F.);
#1428=ORIENTED_EDGE('',*,*,#1048,.F.);
#1429=ORIENTED_EDGE('',*,*,#1049,.T.);
#1430=ORIENTED_EDGE('',*,*,#1048,.T.);
#1431=ORIENTED_EDGE('',*,*,#920,.F.);
#1432=ORIENTED_EDGE('',*,*,#1050,.F.);
#1433=ORIENTED_EDGE('',*,*,#1051,.T.);
#1434=ORIENTED_EDGE('',*,*,#1050,.T.);
#1435=ORIENTED_EDGE('',*,*,#919,.F.);
#1436=ORIENTED_EDGE('',*,*,#1052,.F.);
#1437=ORIENTED_EDGE('',*,*,#1053,.T.);
#1438=ORIENTED_EDGE('',*,*,#1052,.T.);
#1439=ORIENTED_EDGE('',*,*,#918,.F.);
#1440=ORIENTED_EDGE('',*,*,#1039,.F.);
#1441=ORIENTED_EDGE('',*,*,#1054,.T.);
#1442=ORIENTED_EDGE('',*,*,#1055,.T.);
#1443=ORIENTED_EDGE('',*,*,#933,.F.);
#1444=ORIENTED_EDGE('',*,*,#1056,.F.);
#1445=ORIENTED_EDGE('',*,*,#1057,.T.);
#1446=ORIENTED_EDGE('',*,*,#1056,.T.);
#1447=ORIENTED_EDGE('',*,*,#932,.F.);
#1448=ORIENTED_EDGE('',*,*,#1058,.F.);
#1449=ORIENTED_EDGE('',*,*,#1059,.T.);
#1450=ORIENTED_EDGE('',*,*,#1058,.T.);
#1451=ORIENTED_EDGE('',*,*,#931,.F.);
#1452=ORIENTED_EDGE('',*,*,#1060,.F.);
#1453=ORIENTED_EDGE('',*,*,#1061,.T.);
#1454=ORIENTED_EDGE('',*,*,#1060,.T.);
#1455=ORIENTED_EDGE('',*,*,#930,.F.);
#1456=ORIENTED_EDGE('',*,*,#1062,.F.);
#1457=ORIENTED_EDGE('',*,*,#1063,.T.);
#1458=ORIENTED_EDGE('',*,*,#1062,.T.);
#1459=ORIENTED_EDGE('',*,*,#929,.F.);
#1460=ORIENTED_EDGE('',*,*,#1064,.F.);
#1461=ORIENTED_EDGE('',*,*,#1065,.T.);
#1462=ORIENTED_EDGE('',*,*,#1064,.T.);
#1463=ORIENTED_EDGE('',*,*,#928,.F.);
#1464=ORIENTED_EDGE('',*,*,#1066,.F.);
#1465=ORIENTED_EDGE('',*,*,#1067,.T.);
#1466=ORIENTED_EDGE('',*,*,#1066,.T.);
#1467=ORIENTED_EDGE('',*,*,#927,.F.);
#1468=ORIENTED_EDGE('',*,*,#1068,.F.);
#1469=ORIENTED_EDGE('',*,*,#1069,.T.);
#1470=ORIENTED_EDGE('',*,*,#1068,.T.);
#1471=ORIENTED_EDGE('',*,*,#926,.F.);
#1472=ORIENTED_EDGE('',*,*,#1055,.F.);
#1473=ORIENTED_EDGE('',*,*,#868,.F.);
#1474=ORIENTED_EDGE('',*,*,#1070,.F.);
#1475=ORIENTED_EDGE('',*,*,#1071,.F.);
#1476=ORIENTED_EDGE('',*,*,#876,.T.);
#1477=ORIENTED_EDGE('',*,*,#866,.F.);
#1478=ORIENTED_EDGE('',*,*,#1072,.F.);
#1479=ORIENTED_EDGE('',*,*,#1073,.T.);
#1480=ORIENTED_EDGE('',*,*,#1070,.T.);
#1481=ORIENTED_EDGE('',*,*,#863,.F.);
#1482=ORIENTED_EDGE('',*,*,#1074,.F.);
#1483=ORIENTED_EDGE('',*,*,#1075,.F.);
#1484=ORIENTED_EDGE('',*,*,#1072,.T.);
#1485=ORIENTED_EDGE('',*,*,#860,.F.);
#1486=ORIENTED_EDGE('',*,*,#871,.F.);
#1487=ORIENTED_EDGE('',*,*,#1076,.T.);
#1488=ORIENTED_EDGE('',*,*,#1074,.T.);
#1489=ORIENTED_EDGE('',*,*,#877,.F.);
#1490=ORIENTED_EDGE('',*,*,#1071,.T.);
#1491=ORIENTED_EDGE('',*,*,#1073,.F.);
#1492=ORIENTED_EDGE('',*,*,#1075,.T.);
#1493=ORIENTED_EDGE('',*,*,#1076,.F.);
#1494=ORIENTED_EDGE('',*,*,#870,.T.);
#1495=ORIENTED_EDGE('',*,*,#873,.F.);
#1496=ORIENTED_EDGE('',*,*,#875,.T.);
#1497=ORIENTED_EDGE('',*,*,#838,.T.);
#1498=ORIENTED_EDGE('',*,*,#844,.T.);
#1499=ORIENTED_EDGE('',*,*,#958,.F.);
#1500=ORIENTED_EDGE('',*,*,#966,.F.);
#1501=ORIENTED_EDGE('',*,*,#963,.F.);
#1502=ORIENTED_EDGE('',*,*,#970,.F.);
#1503=ORIENTED_EDGE('',*,*,#967,.F.);
#1504=ORIENTED_EDGE('',*,*,#973,.F.);
#1505=ORIENTED_EDGE('',*,*,#971,.F.);
#1506=ORIENTED_EDGE('',*,*,#961,.F.);
#1507=ORIENTED_EDGE('',*,*,#1069,.F.);
#1508=ORIENTED_EDGE('',*,*,#1054,.F.);
#1509=ORIENTED_EDGE('',*,*,#1057,.F.);
#1510=ORIENTED_EDGE('',*,*,#1059,.F.);
#1511=ORIENTED_EDGE('',*,*,#1061,.F.);
#1512=ORIENTED_EDGE('',*,*,#1063,.F.);
#1513=ORIENTED_EDGE('',*,*,#1065,.F.);
#1514=ORIENTED_EDGE('',*,*,#1067,.F.);
#1515=ORIENTED_EDGE('',*,*,#1053,.F.);
#1516=ORIENTED_EDGE('',*,*,#1038,.F.);
#1517=ORIENTED_EDGE('',*,*,#1041,.F.);
#1518=ORIENTED_EDGE('',*,*,#1043,.F.);
#1519=ORIENTED_EDGE('',*,*,#1045,.F.);
#1520=ORIENTED_EDGE('',*,*,#1047,.F.);
#1521=ORIENTED_EDGE('',*,*,#1049,.F.);
#1522=ORIENTED_EDGE('',*,*,#1051,.F.);
#1523=ORIENTED_EDGE('',*,*,#1037,.F.);
#1524=ORIENTED_EDGE('',*,*,#1022,.F.);
#1525=ORIENTED_EDGE('',*,*,#1025,.F.);
#1526=ORIENTED_EDGE('',*,*,#1027,.F.);
#1527=ORIENTED_EDGE('',*,*,#1029,.F.);
#1528=ORIENTED_EDGE('',*,*,#1031,.F.);
#1529=ORIENTED_EDGE('',*,*,#1033,.F.);
#1530=ORIENTED_EDGE('',*,*,#1035,.F.);
#1531=ORIENTED_EDGE('',*,*,#1021,.F.);
#1532=ORIENTED_EDGE('',*,*,#1006,.F.);
#1533=ORIENTED_EDGE('',*,*,#1009,.F.);
#1534=ORIENTED_EDGE('',*,*,#1011,.F.);
#1535=ORIENTED_EDGE('',*,*,#1013,.F.);
#1536=ORIENTED_EDGE('',*,*,#1015,.F.);
#1537=ORIENTED_EDGE('',*,*,#1017,.F.);
#1538=ORIENTED_EDGE('',*,*,#1019,.F.);
#1539=ORIENTED_EDGE('',*,*,#1005,.F.);
#1540=ORIENTED_EDGE('',*,*,#990,.F.);
#1541=ORIENTED_EDGE('',*,*,#993,.F.);
#1542=ORIENTED_EDGE('',*,*,#995,.F.);
#1543=ORIENTED_EDGE('',*,*,#997,.F.);
#1544=ORIENTED_EDGE('',*,*,#999,.F.);
#1545=ORIENTED_EDGE('',*,*,#1001,.F.);
#1546=ORIENTED_EDGE('',*,*,#1003,.F.);
#1547=ORIENTED_EDGE('',*,*,#989,.F.);
#1548=ORIENTED_EDGE('',*,*,#974,.F.);
#1549=ORIENTED_EDGE('',*,*,#977,.F.);
#1550=ORIENTED_EDGE('',*,*,#979,.F.);
#1551=ORIENTED_EDGE('',*,*,#981,.F.);
#1552=ORIENTED_EDGE('',*,*,#983,.F.);
#1553=ORIENTED_EDGE('',*,*,#985,.F.);
#1554=ORIENTED_EDGE('',*,*,#987,.F.);
#1555=ORIENTED_EDGE('',*,*,#955,.F.);
#1556=ORIENTED_EDGE('',*,*,#945,.F.);
#1557=ORIENTED_EDGE('',*,*,#942,.F.);
#1558=ORIENTED_EDGE('',*,*,#950,.F.);
#1559=ORIENTED_EDGE('',*,*,#947,.F.);
#1560=ORIENTED_EDGE('',*,*,#954,.F.);
#1561=ORIENTED_EDGE('',*,*,#951,.F.);
#1562=ORIENTED_EDGE('',*,*,#957,.F.);
#1563=ORIENTED_EDGE('',*,*,#841,.T.);
#1564=ORIENTED_EDGE('',*,*,#835,.T.);
#1565=CYLINDRICAL_SURFACE('',#1709,1.7);
#1566=CYLINDRICAL_SURFACE('',#1712,1.7);
#1567=CYLINDRICAL_SURFACE('',#1715,1.7);
#1568=CYLINDRICAL_SURFACE('',#1718,1.7);
#1569=CYLINDRICAL_SURFACE('',#1726,1.);
#1570=CYLINDRICAL_SURFACE('',#1732,1.);
#1571=CYLINDRICAL_SURFACE('',#1738,1.);
#1572=CYLINDRICAL_SURFACE('',#1744,1.);
#1573=CYLINDRICAL_SURFACE('',#1746,5.);
#1574=CYLINDRICAL_SURFACE('',#1749,5.);
#1575=CYLINDRICAL_SURFACE('',#1784,1.);
#1576=CYLINDRICAL_SURFACE('',#1787,1.);
#1577=CYLINDRICAL_SURFACE('',#1790,1.);
#1578=CYLINDRICAL_SURFACE('',#1793,1.);
#1579=CYLINDRICAL_SURFACE('',#1796,1.);
#1580=CYLINDRICAL_SURFACE('',#1799,1.);
#1581=CYLINDRICAL_SURFACE('',#1802,1.);
#1582=CYLINDRICAL_SURFACE('',#1805,1.);
#1583=CYLINDRICAL_SURFACE('',#1808,0.499999999999998);
#1584=CYLINDRICAL_SURFACE('',#1811,0.499999999999998);
#1585=CYLINDRICAL_SURFACE('',#1814,0.499999999999998);
#1586=CYLINDRICAL_SURFACE('',#1817,0.499999999999989);
#1587=CYLINDRICAL_SURFACE('',#1821,0.499999999999998);
#1588=CYLINDRICAL_SURFACE('',#1824,0.5);
#1589=CYLINDRICAL_SURFACE('',#1827,0.499999999999998);
#1590=CYLINDRICAL_SURFACE('',#1830,0.499999999999998);
#1591=CYLINDRICAL_SURFACE('',#1833,0.500000000000007);
#1592=CYLINDRICAL_SURFACE('',#1836,0.499999999999998);
#1593=CYLINDRICAL_SURFACE('',#1839,0.499999999999998);
#1594=CYLINDRICAL_SURFACE('',#1842,0.499999999999989);
#1595=CYLINDRICAL_SURFACE('',#1845,0.499999999999989);
#1596=CYLINDRICAL_SURFACE('',#1848,0.5);
#1597=CYLINDRICAL_SURFACE('',#1851,0.500000000000007);
#1598=CYLINDRICAL_SURFACE('',#1854,0.499999999999998);
#1599=CYLINDRICAL_SURFACE('',#1856,0.500000000000007);
#1600=CYLINDRICAL_SURFACE('',#1859,0.5);
#1601=CYLINDRICAL_SURFACE('',#1862,0.499999999999989);
#1602=CYLINDRICAL_SURFACE('',#1865,0.499999999999998);
#1603=CYLINDRICAL_SURFACE('',#1869,0.499999999999989);
#1604=CYLINDRICAL_SURFACE('',#1872,0.499999999999998);
#1605=CYLINDRICAL_SURFACE('',#1875,0.500000000000007);
#1606=CYLINDRICAL_SURFACE('',#1878,0.499999999999989);
#1607=CYLINDRICAL_SURFACE('',#1881,5.00000000000001);
#1608=CYLINDRICAL_SURFACE('',#1884,4.99999999999999);
#1609=ADVANCED_FACE('',(#81),#1565,.F.);
#1610=ADVANCED_FACE('',(#82),#1566,.F.);
#1611=ADVANCED_FACE('',(#83),#1567,.F.);
#1612=ADVANCED_FACE('',(#84),#1568,.F.);
#1613=ADVANCED_FACE('',(#85),#77,.T.);
#1614=ADVANCED_FACE('',(#86),#1569,.T.);
#1615=ADVANCED_FACE('',(#87),#78,.T.);
#1616=ADVANCED_FACE('',(#88),#1570,.T.);
#1617=ADVANCED_FACE('',(#89),#79,.T.);
#1618=ADVANCED_FACE('',(#90),#1571,.T.);
#1619=ADVANCED_FACE('',(#91),#80,.T.);
#1620=ADVANCED_FACE('',(#92),#1572,.T.);
#1621=ADVANCED_FACE('',(#93),#39,.T.);
#1622=ADVANCED_FACE('',(#94),#1573,.T.);
#1623=ADVANCED_FACE('',(#95),#40,.T.);
#1624=ADVANCED_FACE('',(#96),#1574,.T.);
#1625=ADVANCED_FACE('',(#97,#15,#16,#17,#18,#19,#20,#21,#22,#23,#24,#25,
#26),#41,.T.);
#1626=ADVANCED_FACE('',(#98),#1575,.F.);
#1627=ADVANCED_FACE('',(#99),#42,.T.);
#1628=ADVANCED_FACE('',(#100),#1576,.F.);
#1629=ADVANCED_FACE('',(#101),#43,.T.);
#1630=ADVANCED_FACE('',(#102),#1577,.F.);
#1631=ADVANCED_FACE('',(#103),#44,.T.);
#1632=ADVANCED_FACE('',(#104),#1578,.F.);
#1633=ADVANCED_FACE('',(#105),#45,.T.);
#1634=ADVANCED_FACE('',(#106),#1579,.F.);
#1635=ADVANCED_FACE('',(#107),#46,.T.);
#1636=ADVANCED_FACE('',(#108),#1580,.F.);
#1637=ADVANCED_FACE('',(#109),#47,.T.);
#1638=ADVANCED_FACE('',(#110),#1581,.F.);
#1639=ADVANCED_FACE('',(#111),#48,.T.);
#1640=ADVANCED_FACE('',(#112),#1582,.F.);
#1641=ADVANCED_FACE('',(#113),#49,.T.);
#1642=ADVANCED_FACE('',(#114),#1583,.F.);
#1643=ADVANCED_FACE('',(#115),#50,.T.);
#1644=ADVANCED_FACE('',(#116),#1584,.F.);
#1645=ADVANCED_FACE('',(#117),#51,.T.);
#1646=ADVANCED_FACE('',(#118),#1585,.F.);
#1647=ADVANCED_FACE('',(#119),#52,.T.);
#1648=ADVANCED_FACE('',(#120),#1586,.F.);
#1649=ADVANCED_FACE('',(#121),#53,.T.);
#1650=ADVANCED_FACE('',(#122),#54,.T.);
#1651=ADVANCED_FACE('',(#123),#1587,.F.);
#1652=ADVANCED_FACE('',(#124),#55,.T.);
#1653=ADVANCED_FACE('',(#125),#1588,.F.);
#1654=ADVANCED_FACE('',(#126),#56,.T.);
#1655=ADVANCED_FACE('',(#127),#1589,.F.);
#1656=ADVANCED_FACE('',(#128),#57,.T.);
#1657=ADVANCED_FACE('',(#129),#1590,.F.);
#1658=ADVANCED_FACE('',(#130),#58,.T.);
#1659=ADVANCED_FACE('',(#131),#1591,.F.);
#1660=ADVANCED_FACE('',(#132),#59,.T.);
#1661=ADVANCED_FACE('',(#133),#1592,.F.);
#1662=ADVANCED_FACE('',(#134),#60,.T.);
#1663=ADVANCED_FACE('',(#135),#1593,.F.);
#1664=ADVANCED_FACE('',(#136),#61,.T.);
#1665=ADVANCED_FACE('',(#137),#1594,.F.);
#1666=ADVANCED_FACE('',(#138),#62,.T.);
#1667=ADVANCED_FACE('',(#139),#1595,.F.);
#1668=ADVANCED_FACE('',(#140),#63,.T.);
#1669=ADVANCED_FACE('',(#141),#1596,.F.);
#1670=ADVANCED_FACE('',(#142),#64,.T.);
#1671=ADVANCED_FACE('',(#143),#1597,.F.);
#1672=ADVANCED_FACE('',(#144),#65,.T.);
#1673=ADVANCED_FACE('',(#145),#1598,.F.);
#1674=ADVANCED_FACE('',(#146),#1599,.F.);
#1675=ADVANCED_FACE('',(#147),#66,.T.);
#1676=ADVANCED_FACE('',(#148),#1600,.F.);
#1677=ADVANCED_FACE('',(#149),#67,.T.);
#1678=ADVANCED_FACE('',(#150),#1601,.F.);
#1679=ADVANCED_FACE('',(#151),#68,.T.);
#1680=ADVANCED_FACE('',(#152),#1602,.F.);
#1681=ADVANCED_FACE('',(#153),#69,.T.);
#1682=ADVANCED_FACE('',(#154),#70,.T.);
#1683=ADVANCED_FACE('',(#155),#1603,.F.);
#1684=ADVANCED_FACE('',(#156),#71,.T.);
#1685=ADVANCED_FACE('',(#157),#1604,.F.);
#1686=ADVANCED_FACE('',(#158),#72,.T.);
#1687=ADVANCED_FACE('',(#159),#1605,.F.);
#1688=ADVANCED_FACE('',(#160),#73,.T.);
#1689=ADVANCED_FACE('',(#161),#1606,.F.);
#1690=ADVANCED_FACE('',(#162),#74,.T.);
#1691=ADVANCED_FACE('',(#163),#1607,.T.);
#1692=ADVANCED_FACE('',(#164),#75,.T.);
#1693=ADVANCED_FACE('',(#165),#1608,.T.);
#1694=ADVANCED_FACE('',(#166,#27,#28,#29,#30,#31,#32,#33,#34,#35,#36,#37,
#38),#76,.F.);
#1695=CLOSED_SHELL('',(#1609,#1610,#1611,#1612,#1613,#1614,#1615,#1616,
#1617,#1618,#1619,#1620,#1621,#1622,#1623,#1624,#1625,#1626,#1627,#1628,
#1629,#1630,#1631,#1632,#1633,#1634,#1635,#1636,#1637,#1638,#1639,#1640,
#1641,#1642,#1643,#1644,#1645,#1646,#1647,#1648,#1649,#1650,#1651,#1652,
#1653,#1654,#1655,#1656,#1657,#1658,#1659,#1660,#1661,#1662,#1663,#1664,
#1665,#1666,#1667,#1668,#1669,#1670,#1671,#1672,#1673,#1674,#1675,#1676,
#1677,#1678,#1679,#1680,#1681,#1682,#1683,#1684,#1685,#1686,#1687,#1688,
#1689,#1690,#1691,#1692,#1693,#1694));
#1696=DERIVED_UNIT_ELEMENT(#1698,1.);
#1697=DERIVED_UNIT_ELEMENT(#2893,-3.);
#1698=(
MASS_UNIT()
NAMED_UNIT(*)
SI_UNIT(.KILO.,.GRAM.)
);
#1699=DERIVED_UNIT((#1696,#1697));
#1700=MEASURE_REPRESENTATION_ITEM('density measure',
POSITIVE_RATIO_MEASURE(7850.),#1699);
#1701=PROPERTY_DEFINITION_REPRESENTATION(#1706,#1703);
#1702=PROPERTY_DEFINITION_REPRESENTATION(#1707,#1704);
#1703=REPRESENTATION('material name',(#1705),#2890);
#1704=REPRESENTATION('density',(#1700),#2890);
#1705=DESCRIPTIVE_REPRESENTATION_ITEM('Steel','Steel');
#1706=PROPERTY_DEFINITION('material property','material name',#2900);
#1707=PROPERTY_DEFINITION('material property','density of part',#2900);
#1708=AXIS2_PLACEMENT_3D('',#2397,#1887,#1888);
#1709=AXIS2_PLACEMENT_3D('',#2398,#1889,#1890);
#1710=AXIS2_PLACEMENT_3D('',#2400,#1891,#1892);
#1711=AXIS2_PLACEMENT_3D('',#2403,#1894,#1895);
#1712=AXIS2_PLACEMENT_3D('',#2404,#1896,#1897);
#1713=AXIS2_PLACEMENT_3D('',#2406,#1898,#1899);
#1714=AXIS2_PLACEMENT_3D('',#2409,#1901,#1902);
#1715=AXIS2_PLACEMENT_3D('',#2410,#1903,#1904);
#1716=AXIS2_PLACEMENT_3D('',#2412,#1905,#1906);
#1717=AXIS2_PLACEMENT_3D('',#2415,#1908,#1909);
#1718=AXIS2_PLACEMENT_3D('',#2416,#1910,#1911);
#1719=AXIS2_PLACEMENT_3D('',#2418,#1912,#1913);
#1720=AXIS2_PLACEMENT_3D('',#2421,#1915,#1916);
#1721=AXIS2_PLACEMENT_3D('',#2422,#1917,#1918);
#1722=AXIS2_PLACEMENT_3D('',#2425,#1919,#1920);
#1723=AXIS2_PLACEMENT_3D('',#2427,#1921,#1922);
#1724=AXIS2_PLACEMENT_3D('',#2429,#1923,#1924);
#1725=AXIS2_PLACEMENT_3D('',#2430,#1925,#1926);
#1726=AXIS2_PLACEMENT_3D('',#2431,#1927,#1928);
#1727=AXIS2_PLACEMENT_3D('',#2434,#1929,#1930);
#1728=AXIS2_PLACEMENT_3D('',#2437,#1933,#1934);
#1729=AXIS2_PLACEMENT_3D('',#2440,#1935,#1936);
#1730=AXIS2_PLACEMENT_3D('',#2441,#1937,#1938);
#1731=AXIS2_PLACEMENT_3D('',#2442,#1939,#1940);
#1732=AXIS2_PLACEMENT_3D('',#2443,#1941,#1942);
#1733=AXIS2_PLACEMENT_3D('',#2446,#1943,#1944);
#1734=AXIS2_PLACEMENT_3D('',#2449,#1947,#1948);
#1735=AXIS2_PLACEMENT_3D('',#2452,#1949,#1950);
#1736=AXIS2_PLACEMENT_3D('',#2453,#1951,#1952);
#1737=AXIS2_PLACEMENT_3D('',#2454,#1953,#1954);
#1738=AXIS2_PLACEMENT_3D('',#2455,#1955,#1956);
#1739=AXIS2_PLACEMENT_3D('',#2458,#1957,#1958);
#1740=AXIS2_PLACEMENT_3D('',#2461,#1961,#1962);
#1741=AXIS2_PLACEMENT_3D('',#2464,#1963,#1964);
#1742=AXIS2_PLACEMENT_3D('',#2465,#1965,#1966);
#1743=AXIS2_PLACEMENT_3D('',#2466,#1967,#1968);
#1744=AXIS2_PLACEMENT_3D('',#2467,#1969,#1970);
#1745=AXIS2_PLACEMENT_3D('',#2470,#1973,#1974);
#1746=AXIS2_PLACEMENT_3D('',#2476,#1978,#1979);
#1747=AXIS2_PLACEMENT_3D('',#2479,#1981,#1982);
#1748=AXIS2_PLACEMENT_3D('',#2480,#1983,#1984);
#1749=AXIS2_PLACEMENT_3D('',#2484,#1987,#1988);
#1750=AXIS2_PLACEMENT_3D('',#2487,#1990,#1991);
#1751=AXIS2_PLACEMENT_3D('',#2488,#1992,#1993);
#1752=AXIS2_PLACEMENT_3D('',#2493,#1995,#1996);
#1753=AXIS2_PLACEMENT_3D('',#2497,#1998,#1999);
#1754=AXIS2_PLACEMENT_3D('',#2501,#2001,#2002);
#1755=AXIS2_PLACEMENT_3D('',#2504,#2004,#2005);
#1756=AXIS2_PLACEMENT_3D('',#2509,#2007,#2008);
#1757=AXIS2_PLACEMENT_3D('',#2513,#2010,#2011);
#1758=AXIS2_PLACEMENT_3D('',#2517,#2013,#2014);
#1759=AXIS2_PLACEMENT_3D('',#2520,#2016,#2017);
#1760=AXIS2_PLACEMENT_3D('',#2523,#2018,#2019);
#1761=AXIS2_PLACEMENT_3D('',#2527,#2021,#2022);
#1762=AXIS2_PLACEMENT_3D('',#2531,#2024,#2025);
#1763=AXIS2_PLACEMENT_3D('',#2535,#2027,#2028);
#1764=AXIS2_PLACEMENT_3D('',#2539,#2030,#2031);
#1765=AXIS2_PLACEMENT_3D('',#2543,#2033,#2034);
#1766=AXIS2_PLACEMENT_3D('',#2547,#2036,#2037);
#1767=AXIS2_PLACEMENT_3D('',#2551,#2039,#2040);
#1768=AXIS2_PLACEMENT_3D('',#2555,#2042,#2043);
#1769=AXIS2_PLACEMENT_3D('',#2559,#2045,#2046);
#1770=AXIS2_PLACEMENT_3D('',#2563,#2048,#2049);
#1771=AXIS2_PLACEMENT_3D('',#2567,#2051,#2052);
#1772=AXIS2_PLACEMENT_3D('',#2573,#2055,#2056);
#1773=AXIS2_PLACEMENT_3D('',#2577,#2058,#2059);
#1774=AXIS2_PLACEMENT_3D('',#2581,#2061,#2062);
#1775=AXIS2_PLACEMENT_3D('',#2584,#2064,#2065);
#1776=AXIS2_PLACEMENT_3D('',#2587,#2066,#2067);
#1777=AXIS2_PLACEMENT_3D('',#2591,#2069,#2070);
#1778=AXIS2_PLACEMENT_3D('',#2595,#2072,#2073);
#1779=AXIS2_PLACEMENT_3D('',#2599,#2075,#2076);
#1780=AXIS2_PLACEMENT_3D('',#2605,#2079,#2080);
#1781=AXIS2_PLACEMENT_3D('',#2609,#2082,#2083);
#1782=AXIS2_PLACEMENT_3D('',#2613,#2085,#2086);
#1783=AXIS2_PLACEMENT_3D('',#2616,#2088,#2089);
#1784=AXIS2_PLACEMENT_3D('',#2617,#2090,#2091);
#1785=AXIS2_PLACEMENT_3D('',#2620,#2092,#2093);
#1786=AXIS2_PLACEMENT_3D('',#2623,#2096,#2097);
#1787=AXIS2_PLACEMENT_3D('',#2627,#2100,#2101);
#1788=AXIS2_PLACEMENT_3D('',#2630,#2102,#2103);
#1789=AXIS2_PLACEMENT_3D('',#2633,#2106,#2107);
#1790=AXIS2_PLACEMENT_3D('',#2635,#2109,#2110);
#1791=AXIS2_PLACEMENT_3D('',#2638,#2111,#2112);
#1792=AXIS2_PLACEMENT_3D('',#2641,#2115,#2116);
#1793=AXIS2_PLACEMENT_3D('',#2643,#2118,#2119);
#1794=AXIS2_PLACEMENT_3D('',#2645,#2120,#2121);
#1795=AXIS2_PLACEMENT_3D('',#2647,#2123,#2124);
#1796=AXIS2_PLACEMENT_3D('',#2649,#2126,#2127);
#1797=AXIS2_PLACEMENT_3D('',#2652,#2128,#2129);
#1798=AXIS2_PLACEMENT_3D('',#2655,#2132,#2133);
#1799=AXIS2_PLACEMENT_3D('',#2659,#2136,#2137);
#1800=AXIS2_PLACEMENT_3D('',#2662,#2138,#2139);
#1801=AXIS2_PLACEMENT_3D('',#2665,#2142,#2143);
#1802=AXIS2_PLACEMENT_3D('',#2667,#2145,#2146);
#1803=AXIS2_PLACEMENT_3D('',#2670,#2147,#2148);
#1804=AXIS2_PLACEMENT_3D('',#2673,#2151,#2152);
#1805=AXIS2_PLACEMENT_3D('',#2675,#2154,#2155);
#1806=AXIS2_PLACEMENT_3D('',#2677,#2156,#2157);
#1807=AXIS2_PLACEMENT_3D('',#2679,#2159,#2160);
#1808=AXIS2_PLACEMENT_3D('',#2681,#2162,#2163);
#1809=AXIS2_PLACEMENT_3D('',#2684,#2164,#2165);
#1810=AXIS2_PLACEMENT_3D('',#2687,#2168,#2169);
#1811=AXIS2_PLACEMENT_3D('',#2691,#2172,#2173);
#1812=AXIS2_PLACEMENT_3D('',#2693,#2174,#2175);
#1813=AXIS2_PLACEMENT_3D('',#2695,#2177,#2178);
#1814=AXIS2_PLACEMENT_3D('',#2699,#2181,#2182);
#1815=AXIS2_PLACEMENT_3D('',#2701,#2183,#2184);
#1816=AXIS2_PLACEMENT_3D('',#2703,#2186,#2187);
#1817=AXIS2_PLACEMENT_3D('',#2707,#2190,#2191);
#1818=AXIS2_PLACEMENT_3D('',#2709,#2192,#2193);
#1819=AXIS2_PLACEMENT_3D('',#2711,#2195,#2196);
#1820=AXIS2_PLACEMENT_3D('',#2713,#2198,#2199);
#1821=AXIS2_PLACEMENT_3D('',#2719,#2203,#2204);
#1822=AXIS2_PLACEMENT_3D('',#2721,#2205,#2206);
#1823=AXIS2_PLACEMENT_3D('',#2723,#2208,#2209);
#1824=AXIS2_PLACEMENT_3D('',#2727,#2212,#2213);
#1825=AXIS2_PLACEMENT_3D('',#2729,#2214,#2215);
#1826=AXIS2_PLACEMENT_3D('',#2731,#2217,#2218);
#1827=AXIS2_PLACEMENT_3D('',#2735,#2221,#2222);
#1828=AXIS2_PLACEMENT_3D('',#2737,#2223,#2224);
#1829=AXIS2_PLACEMENT_3D('',#2739,#2226,#2227);
#1830=AXIS2_PLACEMENT_3D('',#2743,#2230,#2231);
#1831=AXIS2_PLACEMENT_3D('',#2744,#2232,#2233);
#1832=AXIS2_PLACEMENT_3D('',#2745,#2234,#2235);
#1833=AXIS2_PLACEMENT_3D('',#2751,#2239,#2240);
#1834=AXIS2_PLACEMENT_3D('',#2753,#2241,#2242);
#1835=AXIS2_PLACEMENT_3D('',#2755,#2244,#2245);
#1836=AXIS2_PLACEMENT_3D('',#2759,#2248,#2249);
#1837=AXIS2_PLACEMENT_3D('',#2761,#2250,#2251);
#1838=AXIS2_PLACEMENT_3D('',#2763,#2253,#2254);
#1839=AXIS2_PLACEMENT_3D('',#2767,#2257,#2258);
#1840=AXIS2_PLACEMENT_3D('',#2769,#2259,#2260);
#1841=AXIS2_PLACEMENT_3D('',#2771,#2262,#2263);
#1842=AXIS2_PLACEMENT_3D('',#2775,#2266,#2267);
#1843=AXIS2_PLACEMENT_3D('',#2776,#2268,#2269);
#1844=AXIS2_PLACEMENT_3D('',#2777,#2270,#2271);
#1845=AXIS2_PLACEMENT_3D('',#2783,#2275,#2276);
#1846=AXIS2_PLACEMENT_3D('',#2785,#2277,#2278);
#1847=AXIS2_PLACEMENT_3D('',#2787,#2280,#2281);
#1848=AXIS2_PLACEMENT_3D('',#2791,#2284,#2285);
#1849=AXIS2_PLACEMENT_3D('',#2793,#2286,#2287);
#1850=AXIS2_PLACEMENT_3D('',#2795,#2289,#2290);
#1851=AXIS2_PLACEMENT_3D('',#2799,#2293,#2294);
#1852=AXIS2_PLACEMENT_3D('',#2801,#2295,#2296);
#1853=AXIS2_PLACEMENT_3D('',#2803,#2298,#2299);
#1854=AXIS2_PLACEMENT_3D('',#2807,#2302,#2303);
#1855=AXIS2_PLACEMENT_3D('',#2808,#2304,#2305);
#1856=AXIS2_PLACEMENT_3D('',#2809,#2306,#2307);
#1857=AXIS2_PLACEMENT_3D('',#2812,#2308,#2309);
#1858=AXIS2_PLACEMENT_3D('',#2815,#2312,#2313);
#1859=AXIS2_PLACEMENT_3D('',#2819,#2316,#2317);
#1860=AXIS2_PLACEMENT_3D('',#2821,#2318,#2319);
#1861=AXIS2_PLACEMENT_3D('',#2823,#2321,#2322);
#1862=AXIS2_PLACEMENT_3D('',#2827,#2325,#2326);
#1863=AXIS2_PLACEMENT_3D('',#2829,#2327,#2328);
#1864=AXIS2_PLACEMENT_3D('',#2831,#2330,#2331);
#1865=AXIS2_PLACEMENT_3D('',#2835,#2334,#2335);
#1866=AXIS2_PLACEMENT_3D('',#2837,#2336,#2337);
#1867=AXIS2_PLACEMENT_3D('',#2839,#2339,#2340);
#1868=AXIS2_PLACEMENT_3D('',#2841,#2342,#2343);
#1869=AXIS2_PLACEMENT_3D('',#2847,#2347,#2348);
#1870=AXIS2_PLACEMENT_3D('',#2849,#2349,#2350);
#1871=AXIS2_PLACEMENT_3D('',#2851,#2352,#2353);
#1872=AXIS2_PLACEMENT_3D('',#2855,#2356,#2357);
#1873=AXIS2_PLACEMENT_3D('',#2857,#2358,#2359);
#1874=AXIS2_PLACEMENT_3D('',#2859,#2361,#2362);
#1875=AXIS2_PLACEMENT_3D('',#2863,#2365,#2366);
#1876=AXIS2_PLACEMENT_3D('',#2865,#2367,#2368);
#1877=AXIS2_PLACEMENT_3D('',#2867,#2370,#2371);
#1878=AXIS2_PLACEMENT_3D('',#2871,#2374,#2375);
#1879=AXIS2_PLACEMENT_3D('',#2872,#2376,#2377);
#1880=AXIS2_PLACEMENT_3D('',#2873,#2378,#2379);
#1881=AXIS2_PLACEMENT_3D('',#2877,#2382,#2383);
#1882=AXIS2_PLACEMENT_3D('',#2880,#2385,#2386);
#1883=AXIS2_PLACEMENT_3D('',#2881,#2387,#2388);
#1884=AXIS2_PLACEMENT_3D('',#2885,#2391,#2392);
#1885=AXIS2_PLACEMENT_3D('',#2886,#2393,#2394);
#1886=AXIS2_PLACEMENT_3D('',#2887,#2395,#2396);
#1887=DIRECTION('axis',(0.,0.,1.));
#1888=DIRECTION('refdir',(1.,0.,0.));
#1889=DIRECTION('center_axis',(0.,0.,-1.));
#1890=DIRECTION('ref_axis',(1.,0.,0.));
#1891=DIRECTION('center_axis',(0.,0.,-1.));
#1892=DIRECTION('ref_axis',(1.,0.,0.));
#1893=DIRECTION('',(0.,0.,-1.));
#1894=DIRECTION('center_axis',(0.,0.,1.));
#1895=DIRECTION('ref_axis',(1.,0.,0.));
#1896=DIRECTION('center_axis',(0.,0.,-1.));
#1897=DIRECTION('ref_axis',(1.,0.,0.));
#1898=DIRECTION('center_axis',(0.,0.,-1.));
#1899=DIRECTION('ref_axis',(1.,0.,0.));
#1900=DIRECTION('',(0.,0.,-1.));
#1901=DIRECTION('center_axis',(0.,0.,1.));
#1902=DIRECTION('ref_axis',(1.,0.,0.));
#1903=DIRECTION('center_axis',(0.,0.,-1.));
#1904=DIRECTION('ref_axis',(1.,0.,0.));
#1905=DIRECTION('center_axis',(0.,0.,-1.));
#1906=DIRECTION('ref_axis',(1.,0.,0.));
#1907=DIRECTION('',(0.,0.,-1.));
#1908=DIRECTION('center_axis',(0.,0.,1.));
#1909=DIRECTION('ref_axis',(1.,0.,0.));
#1910=DIRECTION('center_axis',(0.,0.,-1.));
#1911=DIRECTION('ref_axis',(1.,0.,0.));
#1912=DIRECTION('center_axis',(0.,0.,-1.));
#1913=DIRECTION('ref_axis',(1.,0.,0.));
#1914=DIRECTION('',(0.,0.,-1.));
#1915=DIRECTION('center_axis',(0.,0.,1.));
#1916=DIRECTION('ref_axis',(1.,0.,0.));
#1917=DIRECTION('center_axis',(0.,0.,1.));
#1918=DIRECTION('ref_axis',(1.,0.,0.));
#1919=DIRECTION('center_axis',(0.,1.,0.));
#1920=DIRECTION('ref_axis',(0.,0.,1.));
#1921=DIRECTION('center_axis',(0.,0.,1.));
#1922=DIRECTION('ref_axis',(0.707106781186547,0.707106781186548,0.));
#1923=DIRECTION('center_axis',(1.,0.,0.));
#1924=DIRECTION('ref_axis',(0.,1.,0.));
#1925=DIRECTION('center_axis',(0.,0.,-1.));
#1926=DIRECTION('ref_axis',(0.707106781186547,0.707106781186548,0.));
#1927=DIRECTION('center_axis',(-1.,0.,0.));
#1928=DIRECTION('ref_axis',(0.,0.707106781186546,0.707106781186549));
#1929=DIRECTION('center_axis',(1.,-1.11022302462516E-15,0.));
#1930=DIRECTION('ref_axis',(1.11022302462516E-15,1.,0.));
#1931=DIRECTION('',(1.,0.,0.));
#1932=DIRECTION('',(-1.,0.,0.));
#1933=DIRECTION('center_axis',(0.,0.,1.));
#1934=DIRECTION('ref_axis',(1.,0.,0.));
#1935=DIRECTION('center_axis',(0.,1.,0.));
#1936=DIRECTION('ref_axis',(-1.,0.,0.));
#1937=DIRECTION('center_axis',(0.,0.,-1.));
#1938=DIRECTION('ref_axis',(-0.707106781186547,0.707106781186548,0.));
#1939=DIRECTION('center_axis',(0.,0.,1.));
#1940=DIRECTION('ref_axis',(-0.707106781186547,0.707106781186548,0.));
#1941=DIRECTION('center_axis',(0.,-1.,0.));
#1942=DIRECTION('ref_axis',(-0.707106781186546,0.,0.707106781186549));
#1943=DIRECTION('center_axis',(4.44089209850064E-15,1.,0.));
#1944=DIRECTION('ref_axis',(-1.,4.44089209850064E-15,0.));
#1945=DIRECTION('',(0.,1.,0.));
#1946=DIRECTION('',(0.,-1.,0.));
#1947=DIRECTION('center_axis',(0.,0.,1.));
#1948=DIRECTION('ref_axis',(1.,0.,0.));
#1949=DIRECTION('center_axis',(-1.,5.55111512312578E-16,0.));
#1950=DIRECTION('ref_axis',(-5.55111512312578E-16,-1.,0.));
#1951=DIRECTION('center_axis',(0.,0.,-1.));
#1952=DIRECTION('ref_axis',(-0.707106781186548,-0.707106781186547,0.));
#1953=DIRECTION('center_axis',(0.,0.,1.));
#1954=DIRECTION('ref_axis',(-0.707106781186548,-0.707106781186547,0.));
#1955=DIRECTION('center_axis',(1.,4.9453141408693E-17,0.));
#1956=DIRECTION('ref_axis',(0.,-0.707106781186548,0.707106781186547));
#1957=DIRECTION('center_axis',(-1.,0.,0.));
#1958=DIRECTION('ref_axis',(0.,-1.,0.));
#1959=DIRECTION('',(-1.,-4.9453141408693E-17,0.));
#1960=DIRECTION('',(1.,4.9453141408693E-17,0.));
#1961=DIRECTION('center_axis',(0.,0.,1.));
#1962=DIRECTION('ref_axis',(1.,0.,0.));
#1963=DIRECTION('center_axis',(-8.3266726846887E-16,-1.,0.));
#1964=DIRECTION('ref_axis',(1.,-8.3266726846887E-16,0.));
#1965=DIRECTION('center_axis',(0.,0.,-1.));
#1966=DIRECTION('ref_axis',(0.707106781186548,-0.707106781186548,0.));
#1967=DIRECTION('center_axis',(0.,0.,1.));
#1968=DIRECTION('ref_axis',(0.707106781186547,-0.707106781186547,0.));
#1969=DIRECTION('center_axis',(0.,1.,0.));
#1970=DIRECTION('ref_axis',(0.707106781186553,0.,0.707106781186543));
#1971=DIRECTION('',(0.,-1.,0.));
#1972=DIRECTION('',(0.,1.,0.));
#1973=DIRECTION('center_axis',(-1.,0.,0.));
#1974=DIRECTION('ref_axis',(0.,-1.,0.));
#1975=DIRECTION('',(0.,0.,1.));
#1976=DIRECTION('',(0.,1.,0.));
#1977=DIRECTION('',(0.,0.,1.));
#1978=DIRECTION('center_axis',(0.,0.,1.));
#1979=DIRECTION('ref_axis',(0.,1.,0.));
#1980=DIRECTION('',(0.,0.,1.));
#1981=DIRECTION('center_axis',(0.,0.,1.));
#1982=DIRECTION('ref_axis',(0.,1.,0.));
#1983=DIRECTION('center_axis',(0.,1.,0.));
#1984=DIRECTION('ref_axis',(-1.,0.,0.));
#1985=DIRECTION('',(0.,0.,1.));
#1986=DIRECTION('',(1.,0.,0.));
#1987=DIRECTION('center_axis',(0.,0.,1.));
#1988=DIRECTION('ref_axis',(1.,0.,0.));
#1989=DIRECTION('',(0.,0.,1.));
#1990=DIRECTION('center_axis',(0.,0.,1.));
#1991=DIRECTION('ref_axis',(1.,0.,0.));
#1992=DIRECTION('center_axis',(0.,0.,1.));
#1993=DIRECTION('ref_axis',(1.,0.,0.));
#1994=DIRECTION('',(0.,-1.,0.));
#1995=DIRECTION('center_axis',(0.,0.,1.));
#1996=DIRECTION('ref_axis',(0.707106781186553,-0.707106781186542,0.));
#1997=DIRECTION('',(-1.,0.,0.));
#1998=DIRECTION('center_axis',(0.,0.,1.));
#1999=DIRECTION('ref_axis',(-0.707106781186546,-0.707106781186549,0.));
#2000=DIRECTION('',(0.,1.,0.));
#2001=DIRECTION('center_axis',(0.,0.,1.));
#2002=DIRECTION('ref_axis',(-0.707106781186544,0.707106781186551,0.));
#2003=DIRECTION('',(1.,0.,0.));
#2004=DIRECTION('center_axis',(0.,0.,1.));
#2005=DIRECTION('ref_axis',(0.707106781186554,0.707106781186541,0.));
#2006=DIRECTION('',(0.,1.,0.));
#2007=DIRECTION('center_axis',(0.,0.,-1.));
#2008=DIRECTION('ref_axis',(0.,1.,0.));
#2009=DIRECTION('',(1.,0.,0.));
#2010=DIRECTION('center_axis',(0.,0.,-1.));
#2011=DIRECTION('ref_axis',(1.,0.,0.));
#2012=DIRECTION('',(0.,-1.,0.));
#2013=DIRECTION('center_axis',(0.,0.,-1.));
#2014=DIRECTION('ref_axis',(0.,-1.,0.));
#2015=DIRECTION('',(-1.,-3.4160708450005E-16,0.));
#2016=DIRECTION('center_axis',(0.,0.,-1.));
#2017=DIRECTION('ref_axis',(-1.,0.,0.));
#2018=DIRECTION('center_axis',(0.,0.,-1.));
#2019=DIRECTION('ref_axis',(0.,1.,0.));
#2020=DIRECTION('',(1.,3.4160708450005E-16,0.));
#2021=DIRECTION('center_axis',(0.,0.,-1.));
#2022=DIRECTION('ref_axis',(1.,0.,0.));
#2023=DIRECTION('',(0.,-1.,0.));
#2024=DIRECTION('center_axis',(0.,0.,-1.));
#2025=DIRECTION('ref_axis',(0.,-1.,0.));
#2026=DIRECTION('',(-1.,-1.70803542250025E-16,0.));
#2027=DIRECTION('center_axis',(0.,0.,-1.));
#2028=DIRECTION('ref_axis',(-1.,0.,0.));
#2029=DIRECTION('',(0.,1.,0.));
#2030=DIRECTION('center_axis',(0.,0.,-1.));
#2031=DIRECTION('ref_axis',(0.,1.,0.));
#2032=DIRECTION('',(1.,6.83214169000099E-16,0.));
#2033=DIRECTION('center_axis',(0.,0.,-1.));
#2034=DIRECTION('ref_axis',(1.,0.,0.));
#2035=DIRECTION('',(0.,-1.,0.));
#2036=DIRECTION('center_axis',(0.,0.,-1.));
#2037=DIRECTION('ref_axis',(0.,-1.,0.));
#2038=DIRECTION('',(-1.,0.,0.));
#2039=DIRECTION('center_axis',(0.,0.,-1.));
#2040=DIRECTION('ref_axis',(-1.,0.,0.));
#2041=DIRECTION('',(0.,1.,0.));
#2042=DIRECTION('center_axis',(0.,0.,-1.));
#2043=DIRECTION('ref_axis',(0.,1.,0.));
#2044=DIRECTION('',(1.,0.,0.));
#2045=DIRECTION('center_axis',(0.,0.,-1.));
#2046=DIRECTION('ref_axis',(1.,0.,0.));
#2047=DIRECTION('',(0.,-1.,0.));
#2048=DIRECTION('center_axis',(0.,0.,-1.));
#2049=DIRECTION('ref_axis',(0.,-1.,0.));
#2050=DIRECTION('',(-1.,-1.70803542250025E-16,0.));
#2051=DIRECTION('center_axis',(0.,0.,-1.));
#2052=DIRECTION('ref_axis',(-1.,0.,0.));
#2053=DIRECTION('',(0.,1.,0.));
#2054=DIRECTION('',(0.,1.,0.));
#2055=DIRECTION('center_axis',(0.,0.,-1.));
#2056=DIRECTION('ref_axis',(0.,1.,0.));
#2057=DIRECTION('',(1.,0.,0.));
#2058=DIRECTION('center_axis',(0.,0.,-1.));
#2059=DIRECTION('ref_axis',(1.,0.,0.));
#2060=DIRECTION('',(0.,-1.,0.));
#2061=DIRECTION('center_axis',(0.,0.,-1.));
#2062=DIRECTION('ref_axis',(0.,-1.,0.));
#2063=DIRECTION('',(-1.,-1.70803542250025E-16,0.));
#2064=DIRECTION('center_axis',(0.,0.,-1.));
#2065=DIRECTION('ref_axis',(-1.,0.,0.));
#2066=DIRECTION('center_axis',(0.,0.,-1.));
#2067=DIRECTION('ref_axis',(0.,1.,0.));
#2068=DIRECTION('',(1.,0.,0.));
#2069=DIRECTION('center_axis',(0.,0.,-1.));
#2070=DIRECTION('ref_axis',(1.,0.,0.));
#2071=DIRECTION('',(0.,-1.,0.));
#2072=DIRECTION('center_axis',(0.,0.,-1.));
#2073=DIRECTION('ref_axis',(0.,-1.,0.));
#2074=DIRECTION('',(-1.,0.,0.));
#2075=DIRECTION('center_axis',(0.,0.,-1.));
#2076=DIRECTION('ref_axis',(-1.,0.,0.));
#2077=DIRECTION('',(0.,1.,0.));
#2078=DIRECTION('',(0.,1.,0.));
#2079=DIRECTION('center_axis',(0.,0.,1.));
#2080=DIRECTION('ref_axis',(-0.707106781186549,0.707106781186546,0.));
#2081=DIRECTION('',(1.,0.,0.));
#2082=DIRECTION('center_axis',(0.,0.,1.));
#2083=DIRECTION('ref_axis',(0.707106781186551,0.707106781186544,0.));
#2084=DIRECTION('',(0.,-1.,0.));
#2085=DIRECTION('center_axis',(0.,0.,1.));
#2086=DIRECTION('ref_axis',(0.707106781186548,-0.707106781186548,0.));
#2087=DIRECTION('',(-1.,0.,0.));
#2088=DIRECTION('center_axis',(0.,0.,1.));
#2089=DIRECTION('ref_axis',(-0.707106781186549,-0.707106781186546,0.));
#2090=DIRECTION('center_axis',(0.,0.,1.));
#2091=DIRECTION('ref_axis',(-0.707106781186544,0.707106781186551,0.));
#2092=DIRECTION('center_axis',(0.,0.,-1.));
#2093=DIRECTION('ref_axis',(-0.707106781186544,0.707106781186551,0.));
#2094=DIRECTION('',(0.,0.,1.));
#2095=DIRECTION('',(0.,0.,-1.));
#2096=DIRECTION('center_axis',(0.,-1.,0.));
#2097=DIRECTION('ref_axis',(1.,0.,0.));
#2098=DIRECTION('',(1.,0.,0.));
#2099=DIRECTION('',(0.,0.,-1.));
#2100=DIRECTION('center_axis',(0.,0.,1.));
#2101=DIRECTION('ref_axis',(-0.707106781186546,-0.707106781186549,0.));
#2102=DIRECTION('center_axis',(0.,0.,-1.));
#2103=DIRECTION('ref_axis',(-0.707106781186546,-0.707106781186549,0.));
#2104=DIRECTION('',(0.,0.,1.));
#2105=DIRECTION('',(0.,0.,-1.));
#2106=DIRECTION('center_axis',(1.,0.,0.));
#2107=DIRECTION('ref_axis',(0.,1.,0.));
#2108=DIRECTION('',(0.,1.,0.));
#2109=DIRECTION('center_axis',(0.,0.,1.));
#2110=DIRECTION('ref_axis',(0.707106781186553,-0.707106781186542,0.));
#2111=DIRECTION('center_axis',(0.,0.,-1.));
#2112=DIRECTION('ref_axis',(0.707106781186553,-0.707106781186542,0.));
#2113=DIRECTION('',(0.,0.,1.));
#2114=DIRECTION('',(0.,0.,-1.));
#2115=DIRECTION('center_axis',(0.,1.,0.));
#2116=DIRECTION('ref_axis',(-1.,0.,0.));
#2117=DIRECTION('',(-1.,0.,0.));
#2118=DIRECTION('center_axis',(0.,0.,1.));
#2119=DIRECTION('ref_axis',(0.707106781186554,0.707106781186541,0.));
#2120=DIRECTION('center_axis',(0.,0.,-1.));
#2121=DIRECTION('ref_axis',(0.707106781186554,0.707106781186541,0.));
#2122=DIRECTION('',(0.,0.,1.));
#2123=DIRECTION('center_axis',(-1.,0.,0.));
#2124=DIRECTION('ref_axis',(0.,-1.,0.));
#2125=DIRECTION('',(0.,-1.,0.));
#2126=DIRECTION('center_axis',(0.,0.,1.));
#2127=DIRECTION('ref_axis',(-0.707106781186549,-0.707106781186546,0.));
#2128=DIRECTION('center_axis',(0.,0.,-1.));
#2129=DIRECTION('ref_axis',(-0.707106781186549,-0.707106781186546,0.));
#2130=DIRECTION('',(0.,0.,1.));
#2131=DIRECTION('',(0.,0.,-1.));
#2132=DIRECTION('center_axis',(1.,0.,0.));
#2133=DIRECTION('ref_axis',(0.,1.,0.));
#2134=DIRECTION('',(0.,1.,0.));
#2135=DIRECTION('',(0.,0.,-1.));
#2136=DIRECTION('center_axis',(0.,0.,1.));
#2137=DIRECTION('ref_axis',(0.707106781186548,-0.707106781186548,0.));
#2138=DIRECTION('center_axis',(0.,0.,-1.));
#2139=DIRECTION('ref_axis',(0.707106781186548,-0.707106781186548,0.));
#2140=DIRECTION('',(0.,0.,1.));
#2141=DIRECTION('',(0.,0.,-1.));
#2142=DIRECTION('center_axis',(0.,1.,0.));
#2143=DIRECTION('ref_axis',(-1.,0.,0.));
#2144=DIRECTION('',(-1.,0.,0.));
#2145=DIRECTION('center_axis',(0.,0.,1.));
#2146=DIRECTION('ref_axis',(0.707106781186551,0.707106781186544,0.));
#2147=DIRECTION('center_axis',(0.,0.,-1.));
#2148=DIRECTION('ref_axis',(0.707106781186551,0.707106781186544,0.));
#2149=DIRECTION('',(0.,0.,1.));
#2150=DIRECTION('',(0.,0.,-1.));
#2151=DIRECTION('center_axis',(-1.,0.,0.));
#2152=DIRECTION('ref_axis',(0.,-1.,0.));
#2153=DIRECTION('',(0.,-1.,0.));
#2154=DIRECTION('center_axis',(0.,0.,1.));
#2155=DIRECTION('ref_axis',(-0.707106781186549,0.707106781186546,0.));
#2156=DIRECTION('center_axis',(0.,0.,-1.));
#2157=DIRECTION('ref_axis',(-0.707106781186549,0.707106781186546,0.));
#2158=DIRECTION('',(0.,0.,1.));
#2159=DIRECTION('center_axis',(0.,-1.,0.));
#2160=DIRECTION('ref_axis',(1.,0.,0.));
#2161=DIRECTION('',(1.,0.,0.));
#2162=DIRECTION('center_axis',(0.,0.,1.));
#2163=DIRECTION('ref_axis',(-1.,0.,0.));
#2164=DIRECTION('center_axis',(0.,0.,-1.));
#2165=DIRECTION('ref_axis',(-1.,0.,0.));
#2166=DIRECTION('',(0.,0.,1.));
#2167=DIRECTION('',(0.,0.,1.));
#2168=DIRECTION('center_axis',(-3.4160708450005E-16,1.,0.));
#2169=DIRECTION('ref_axis',(-1.,-3.4160708450005E-16,0.));
#2170=DIRECTION('',(-1.,-3.4160708450005E-16,0.));
#2171=DIRECTION('',(0.,0.,1.));
#2172=DIRECTION('center_axis',(0.,0.,1.));
#2173=DIRECTION('ref_axis',(0.,-1.,0.));
#2174=DIRECTION('center_axis',(0.,0.,-1.));
#2175=DIRECTION('ref_axis',(0.,-1.,0.));
#2176=DIRECTION('',(0.,0.,1.));
#2177=DIRECTION('center_axis',(-1.,0.,0.));
#2178=DIRECTION('ref_axis',(0.,-1.,0.));
#2179=DIRECTION('',(0.,-1.,0.));
#2180=DIRECTION('',(0.,0.,1.));
#2181=DIRECTION('center_axis',(0.,0.,1.));
#2182=DIRECTION('ref_axis',(1.,0.,0.));
#2183=DIRECTION('center_axis',(0.,0.,-1.));
#2184=DIRECTION('ref_axis',(1.,0.,0.));
#2185=DIRECTION('',(0.,0.,1.));
#2186=DIRECTION('center_axis',(0.,-1.,0.));
#2187=DIRECTION('ref_axis',(1.,0.,0.));
#2188=DIRECTION('',(1.,0.,0.));
#2189=DIRECTION('',(0.,0.,1.));
#2190=DIRECTION('center_axis',(0.,0.,1.));
#2191=DIRECTION('ref_axis',(0.,1.,0.));
#2192=DIRECTION('center_axis',(0.,0.,-1.));
#2193=DIRECTION('ref_axis',(0.,1.,0.));
#2194=DIRECTION('',(0.,0.,1.));
#2195=DIRECTION('center_axis',(1.,0.,0.));
#2196=DIRECTION('ref_axis',(0.,1.,0.));
#2197=DIRECTION('',(0.,1.,0.));
#2198=DIRECTION('center_axis',(1.,0.,0.));
#2199=DIRECTION('ref_axis',(0.,1.,0.));
#2200=DIRECTION('',(0.,1.,0.));
#2201=DIRECTION('',(0.,0.,1.));
#2202=DIRECTION('',(0.,0.,1.));
#2203=DIRECTION('center_axis',(0.,0.,1.));
#2204=DIRECTION('ref_axis',(-1.,0.,0.));
#2205=DIRECTION('center_axis',(0.,0.,-1.));
#2206=DIRECTION('ref_axis',(-1.,0.,0.));
#2207=DIRECTION('',(0.,0.,1.));
#2208=DIRECTION('center_axis',(-1.70803542250025E-16,1.,0.));
#2209=DIRECTION('ref_axis',(-1.,-1.70803542250025E-16,0.));
#2210=DIRECTION('',(-1.,-1.70803542250025E-16,0.));
#2211=DIRECTION('',(0.,0.,1.));
#2212=DIRECTION('center_axis',(0.,0.,1.));
#2213=DIRECTION('ref_axis',(0.,-1.,0.));
#2214=DIRECTION('center_axis',(0.,0.,-1.));
#2215=DIRECTION('ref_axis',(0.,-1.,0.));
#2216=DIRECTION('',(0.,0.,1.));
#2217=DIRECTION('center_axis',(-1.,0.,0.));
#2218=DIRECTION('ref_axis',(0.,-1.,0.));
#2219=DIRECTION('',(0.,-1.,0.));
#2220=DIRECTION('',(0.,0.,1.));
#2221=DIRECTION('center_axis',(0.,0.,1.));
#2222=DIRECTION('ref_axis',(1.,0.,0.));
#2223=DIRECTION('center_axis',(0.,0.,-1.));
#2224=DIRECTION('ref_axis',(1.,0.,0.));
#2225=DIRECTION('',(0.,0.,1.));
#2226=DIRECTION('center_axis',(3.4160708450005E-16,-1.,0.));
#2227=DIRECTION('ref_axis',(1.,3.4160708450005E-16,0.));
#2228=DIRECTION('',(1.,3.4160708450005E-16,0.));
#2229=DIRECTION('',(0.,0.,1.));
#2230=DIRECTION('center_axis',(0.,0.,1.));
#2231=DIRECTION('ref_axis',(0.,1.,0.));
#2232=DIRECTION('center_axis',(0.,0.,-1.));
#2233=DIRECTION('ref_axis',(0.,1.,0.));
#2234=DIRECTION('center_axis',(1.,0.,0.));
#2235=DIRECTION('ref_axis',(0.,1.,0.));
#2236=DIRECTION('',(0.,1.,0.));
#2237=DIRECTION('',(0.,0.,1.));
#2238=DIRECTION('',(0.,0.,1.));
#2239=DIRECTION('center_axis',(0.,0.,1.));
#2240=DIRECTION('ref_axis',(-1.,0.,0.));
#2241=DIRECTION('center_axis',(0.,0.,-1.));
#2242=DIRECTION('ref_axis',(-1.,0.,0.));
#2243=DIRECTION('',(0.,0.,1.));
#2244=DIRECTION('center_axis',(0.,1.,0.));
#2245=DIRECTION('ref_axis',(-1.,0.,0.));
#2246=DIRECTION('',(-1.,0.,0.));
#2247=DIRECTION('',(0.,0.,1.));
#2248=DIRECTION('center_axis',(0.,0.,1.));
#2249=DIRECTION('ref_axis',(0.,-1.,0.));
#2250=DIRECTION('center_axis',(0.,0.,-1.));
#2251=DIRECTION('ref_axis',(0.,-1.,0.));
#2252=DIRECTION('',(0.,0.,1.));
#2253=DIRECTION('center_axis',(-1.,0.,0.));
#2254=DIRECTION('ref_axis',(0.,-1.,0.));
#2255=DIRECTION('',(0.,-1.,0.));
#2256=DIRECTION('',(0.,0.,1.));
#2257=DIRECTION('center_axis',(0.,0.,1.));
#2258=DIRECTION('ref_axis',(1.,0.,0.));
#2259=DIRECTION('center_axis',(0.,0.,-1.));
#2260=DIRECTION('ref_axis',(1.,0.,0.));
#2261=DIRECTION('',(0.,0.,1.));
#2262=DIRECTION('center_axis',(6.83214169000099E-16,-1.,0.));
#2263=DIRECTION('ref_axis',(1.,6.83214169000099E-16,0.));
#2264=DIRECTION('',(1.,6.83214169000099E-16,0.));
#2265=DIRECTION('',(0.,0.,1.));
#2266=DIRECTION('center_axis',(0.,0.,1.));
#2267=DIRECTION('ref_axis',(0.,1.,0.));
#2268=DIRECTION('center_axis',(0.,0.,-1.));
#2269=DIRECTION('ref_axis',(0.,1.,0.));
#2270=DIRECTION('center_axis',(1.,0.,0.));
#2271=DIRECTION('ref_axis',(0.,1.,0.));
#2272=DIRECTION('',(0.,1.,0.));
#2273=DIRECTION('',(0.,0.,1.));
#2274=DIRECTION('',(0.,0.,1.));
#2275=DIRECTION('center_axis',(0.,0.,1.));
#2276=DIRECTION('ref_axis',(-1.,0.,0.));
#2277=DIRECTION('center_axis',(0.,0.,-1.));
#2278=DIRECTION('ref_axis',(-1.,0.,0.));
#2279=DIRECTION('',(0.,0.,1.));
#2280=DIRECTION('center_axis',(-1.70803542250025E-16,1.,0.));
#2281=DIRECTION('ref_axis',(-1.,-1.70803542250025E-16,0.));
#2282=DIRECTION('',(-1.,-1.70803542250025E-16,0.));
#2283=DIRECTION('',(0.,0.,1.));
#2284=DIRECTION('center_axis',(0.,0.,1.));
#2285=DIRECTION('ref_axis',(0.,-1.,0.));
#2286=DIRECTION('center_axis',(0.,0.,-1.));
#2287=DIRECTION('ref_axis',(0.,-1.,0.));
#2288=DIRECTION('',(0.,0.,1.));
#2289=DIRECTION('center_axis',(-1.,0.,0.));
#2290=DIRECTION('ref_axis',(0.,-1.,0.));
#2291=DIRECTION('',(0.,-1.,0.));
#2292=DIRECTION('',(0.,0.,1.));
#2293=DIRECTION('center_axis',(0.,0.,1.));
#2294=DIRECTION('ref_axis',(1.,0.,0.));
#2295=DIRECTION('center_axis',(0.,0.,-1.));
#2296=DIRECTION('ref_axis',(1.,0.,0.));
#2297=DIRECTION('',(0.,0.,1.));
#2298=DIRECTION('center_axis',(0.,-1.,0.));
#2299=DIRECTION('ref_axis',(1.,0.,0.));
#2300=DIRECTION('',(1.,0.,0.));
#2301=DIRECTION('',(0.,0.,1.));
#2302=DIRECTION('center_axis',(0.,0.,1.));
#2303=DIRECTION('ref_axis',(0.,1.,0.));
#2304=DIRECTION('center_axis',(0.,0.,-1.));
#2305=DIRECTION('ref_axis',(0.,1.,0.));
#2306=DIRECTION('center_axis',(0.,0.,1.));
#2307=DIRECTION('ref_axis',(-1.,0.,0.));
#2308=DIRECTION('center_axis',(0.,0.,-1.));
#2309=DIRECTION('ref_axis',(-1.,0.,0.));
#2310=DIRECTION('',(0.,0.,1.));
#2311=DIRECTION('',(0.,0.,1.));
#2312=DIRECTION('center_axis',(-1.70803542250025E-16,1.,0.));
#2313=DIRECTION('ref_axis',(-1.,-1.70803542250025E-16,0.));
#2314=DIRECTION('',(-1.,-1.70803542250025E-16,0.));
#2315=DIRECTION('',(0.,0.,1.));
#2316=DIRECTION('center_axis',(0.,0.,1.));
#2317=DIRECTION('ref_axis',(0.,-1.,0.));
#2318=DIRECTION('center_axis',(0.,0.,-1.));
#2319=DIRECTION('ref_axis',(0.,-1.,0.));
#2320=DIRECTION('',(0.,0.,1.));
#2321=DIRECTION('center_axis',(-1.,0.,0.));
#2322=DIRECTION('ref_axis',(0.,-1.,0.));
#2323=DIRECTION('',(0.,-1.,0.));
#2324=DIRECTION('',(0.,0.,1.));
#2325=DIRECTION('center_axis',(0.,0.,1.));
#2326=DIRECTION('ref_axis',(1.,0.,0.));
#2327=DIRECTION('center_axis',(0.,0.,-1.));
#2328=DIRECTION('ref_axis',(1.,0.,0.));
#2329=DIRECTION('',(0.,0.,1.));
#2330=DIRECTION('center_axis',(0.,-1.,0.));
#2331=DIRECTION('ref_axis',(1.,0.,0.));
#2332=DIRECTION('',(1.,0.,0.));
#2333=DIRECTION('',(0.,0.,1.));
#2334=DIRECTION('center_axis',(0.,0.,1.));
#2335=DIRECTION('ref_axis',(0.,1.,0.));
#2336=DIRECTION('center_axis',(0.,0.,-1.));
#2337=DIRECTION('ref_axis',(0.,1.,0.));
#2338=DIRECTION('',(0.,0.,1.));
#2339=DIRECTION('center_axis',(1.,0.,0.));
#2340=DIRECTION('ref_axis',(0.,1.,0.));
#2341=DIRECTION('',(0.,1.,0.));
#2342=DIRECTION('center_axis',(1.,0.,0.));
#2343=DIRECTION('ref_axis',(0.,1.,0.));
#2344=DIRECTION('',(0.,1.,0.));
#2345=DIRECTION('',(0.,0.,1.));
#2346=DIRECTION('',(0.,0.,1.));
#2347=DIRECTION('center_axis',(0.,0.,1.));
#2348=DIRECTION('ref_axis',(-1.,0.,0.));
#2349=DIRECTION('center_axis',(0.,0.,-1.));
#2350=DIRECTION('ref_axis',(-1.,0.,0.));
#2351=DIRECTION('',(0.,0.,1.));
#2352=DIRECTION('center_axis',(0.,1.,0.));
#2353=DIRECTION('ref_axis',(-1.,0.,0.));
#2354=DIRECTION('',(-1.,0.,0.));
#2355=DIRECTION('',(0.,0.,1.));
#2356=DIRECTION('center_axis',(0.,0.,1.));
#2357=DIRECTION('ref_axis',(0.,-1.,0.));
#2358=DIRECTION('center_axis',(0.,0.,-1.));
#2359=DIRECTION('ref_axis',(0.,-1.,0.));
#2360=DIRECTION('',(0.,0.,1.));
#2361=DIRECTION('center_axis',(-1.,0.,0.));
#2362=DIRECTION('ref_axis',(0.,-1.,0.));
#2363=DIRECTION('',(0.,-1.,0.));
#2364=DIRECTION('',(0.,0.,1.));
#2365=DIRECTION('center_axis',(0.,0.,1.));
#2366=DIRECTION('ref_axis',(1.,0.,0.));
#2367=DIRECTION('center_axis',(0.,0.,-1.));
#2368=DIRECTION('ref_axis',(1.,0.,0.));
#2369=DIRECTION('',(0.,0.,1.));
#2370=DIRECTION('center_axis',(0.,-1.,0.));
#2371=DIRECTION('ref_axis',(1.,0.,0.));
#2372=DIRECTION('',(1.,0.,0.));
#2373=DIRECTION('',(0.,0.,1.));
#2374=DIRECTION('center_axis',(0.,0.,1.));
#2375=DIRECTION('ref_axis',(0.,1.,0.));
#2376=DIRECTION('center_axis',(0.,0.,-1.));
#2377=DIRECTION('ref_axis',(0.,1.,0.));
#2378=DIRECTION('center_axis',(1.,0.,0.));
#2379=DIRECTION('ref_axis',(0.,1.,0.));
#2380=DIRECTION('',(0.,0.,1.));
#2381=DIRECTION('',(0.,-1.,0.));
#2382=DIRECTION('center_axis',(0.,0.,1.));
#2383=DIRECTION('ref_axis',(0.,-1.,0.));
#2384=DIRECTION('',(0.,0.,1.));
#2385=DIRECTION('center_axis',(0.,0.,1.));
#2386=DIRECTION('ref_axis',(0.,-1.,0.));
#2387=DIRECTION('center_axis',(4.9453141408693E-17,-1.,0.));
#2388=DIRECTION('ref_axis',(1.,4.9453141408693E-17,0.));
#2389=DIRECTION('',(0.,0.,1.));
#2390=DIRECTION('',(-1.,-4.9453141408693E-17,0.));
#2391=DIRECTION('center_axis',(0.,0.,1.));
#2392=DIRECTION('ref_axis',(-1.,0.,0.));
#2393=DIRECTION('center_axis',(0.,0.,1.));
#2394=DIRECTION('ref_axis',(-1.,0.,0.));
#2395=DIRECTION('center_axis',(0.,0.,1.));
#2396=DIRECTION('ref_axis',(1.,0.,0.));
#2397=CARTESIAN_POINT('',(0.,0.,0.));
#2398=CARTESIAN_POINT('Origin',(87.8,-1.99999999999998,1.));
#2399=CARTESIAN_POINT('',(86.1,-1.99999999999998,3.));
#2400=CARTESIAN_POINT('Origin',(87.8,-1.99999999999998,3.));
#2401=CARTESIAN_POINT('',(86.1,-1.99999999999998,0.));
#2402=CARTESIAN_POINT('',(86.1,-1.99999999999998,1.));
#2403=CARTESIAN_POINT('Origin',(87.8,-1.99999999999998,0.));
#2404=CARTESIAN_POINT('Origin',(87.8,58.8,1.));
#2405=CARTESIAN_POINT('',(86.1,58.8,3.));
#2406=CARTESIAN_POINT('Origin',(87.8,58.8,3.));
#2407=CARTESIAN_POINT('',(86.1,58.8,0.));
#2408=CARTESIAN_POINT('',(86.1,58.8,1.));
#2409=CARTESIAN_POINT('Origin',(87.8,58.8,0.));
#2410=CARTESIAN_POINT('Origin',(-2.00000000000001,-2.00000000000001,1.));
#2411=CARTESIAN_POINT('',(-3.70000000000001,-2.00000000000001,3.));
#2412=CARTESIAN_POINT('Origin',(-2.00000000000001,-2.00000000000001,3.));
#2413=CARTESIAN_POINT('',(-3.70000000000001,-2.00000000000001,0.));
#2414=CARTESIAN_POINT('',(-3.70000000000001,-2.00000000000001,1.));
#2415=CARTESIAN_POINT('Origin',(-2.00000000000001,-2.00000000000001,0.));
#2416=CARTESIAN_POINT('Origin',(-2.,58.8,1.));
#2417=CARTESIAN_POINT('',(-3.7,58.8,3.));
#2418=CARTESIAN_POINT('Origin',(-2.,58.8,3.));
#2419=CARTESIAN_POINT('',(-3.7,58.8,0.));
#2420=CARTESIAN_POINT('',(-3.7,58.8,1.));
#2421=CARTESIAN_POINT('Origin',(-2.,58.8,0.));
#2422=CARTESIAN_POINT('Origin',(87.8,58.8,2.));
#2423=CARTESIAN_POINT('',(91.8,58.8,3.));
#2424=CARTESIAN_POINT('',(92.8,58.8,2.));
#2425=CARTESIAN_POINT('Origin',(91.8,58.8,2.));
#2426=CARTESIAN_POINT('',(87.8,63.8,2.));
#2427=CARTESIAN_POINT('Origin',(87.8,58.8,2.));
#2428=CARTESIAN_POINT('',(87.8,62.8,3.));
#2429=CARTESIAN_POINT('Origin',(87.8,62.8,2.));
#2430=CARTESIAN_POINT('Origin',(87.8,58.8,3.));
#2431=CARTESIAN_POINT('Origin',(65.35,62.8,2.));
#2432=CARTESIAN_POINT('',(-2.,63.8,2.));
#2433=CARTESIAN_POINT('',(-2.,62.8,3.));
#2434=CARTESIAN_POINT('Origin',(-2.,62.8,2.));
#2435=CARTESIAN_POINT('',(65.35,62.8,3.));
#2436=CARTESIAN_POINT('',(65.35,63.8,2.));
#2437=CARTESIAN_POINT('Origin',(-2.,58.8,2.));
#2438=CARTESIAN_POINT('',(-7.,58.8,2.));
#2439=CARTESIAN_POINT('',(-6.,58.8,3.));
#2440=CARTESIAN_POINT('Origin',(-6.,58.8,2.));
#2441=CARTESIAN_POINT('Origin',(-2.,58.8,3.));
#2442=CARTESIAN_POINT('Origin',(-2.,58.8,2.));
#2443=CARTESIAN_POINT('Origin',(-6.,43.6,2.));
#2444=CARTESIAN_POINT('',(-7.,-2.00000000000001,2.));
#2445=CARTESIAN_POINT('',(-6.,-2.00000000000001,3.));
#2446=CARTESIAN_POINT('Origin',(-6.,-2.00000000000001,2.));
#2447=CARTESIAN_POINT('',(-6.,43.6,3.));
#2448=CARTESIAN_POINT('',(-7.,43.6,2.));
#2449=CARTESIAN_POINT('Origin',(-2.00000000000001,-2.00000000000001,2.));
#2450=CARTESIAN_POINT('',(-2.00000000000001,-7.,2.));
#2451=CARTESIAN_POINT('',(-2.00000000000001,-6.,3.));
#2452=CARTESIAN_POINT('Origin',(-2.00000000000001,-6.,2.));
#2453=CARTESIAN_POINT('Origin',(-2.00000000000001,-2.00000000000001,3.));
#2454=CARTESIAN_POINT('Origin',(-2.00000000000001,-2.00000000000001,2.));
#2455=CARTESIAN_POINT('Origin',(20.45,-6.,2.));
#2456=CARTESIAN_POINT('',(87.8,-7.,2.));
#2457=CARTESIAN_POINT('',(87.8,-6.,3.));
#2458=CARTESIAN_POINT('Origin',(87.8,-6.,2.));
#2459=CARTESIAN_POINT('',(20.45,-6.,3.));
#2460=CARTESIAN_POINT('',(20.45,-7.,2.));
#2461=CARTESIAN_POINT('Origin',(87.8,-1.99999999999998,2.));
#2462=CARTESIAN_POINT('',(92.8,-1.99999999999998,2.));
#2463=CARTESIAN_POINT('',(91.8,-1.99999999999998,3.));
#2464=CARTESIAN_POINT('Origin',(91.8,-1.99999999999998,2.));
#2465=CARTESIAN_POINT('Origin',(87.8,-1.99999999999998,3.));
#2466=CARTESIAN_POINT('Origin',(87.8,-1.99999999999998,2.));
#2467=CARTESIAN_POINT('Origin',(91.8,13.2,2.));
#2468=CARTESIAN_POINT('',(91.8,13.2,3.));
#2469=CARTESIAN_POINT('',(92.8,13.2,2.));
#2470=CARTESIAN_POINT('Origin',(-7.,58.8,0.));
#2471=CARTESIAN_POINT('',(-7.,58.8,0.));
#2472=CARTESIAN_POINT('',(-7.,58.8,0.));
#2473=CARTESIAN_POINT('',(-7.,-2.00000000000001,0.));
#2474=CARTESIAN_POINT('',(-7.,-2.00000000000001,0.));
#2475=CARTESIAN_POINT('',(-7.,-2.00000000000001,0.));
#2476=CARTESIAN_POINT('Origin',(-2.,58.8,0.));
#2477=CARTESIAN_POINT('',(-2.,63.8,0.));
#2478=CARTESIAN_POINT('',(-2.,63.8,0.));
#2479=CARTESIAN_POINT('Origin',(-2.,58.8,0.));
#2480=CARTESIAN_POINT('Origin',(87.8,63.8,0.));
#2481=CARTESIAN_POINT('',(87.8,63.8,0.));
#2482=CARTESIAN_POINT('',(87.8,63.8,0.));
#2483=CARTESIAN_POINT('',(-2.,63.8,0.));
#2484=CARTESIAN_POINT('Origin',(87.8,58.8,0.));
#2485=CARTESIAN_POINT('',(92.8,58.8,0.));
#2486=CARTESIAN_POINT('',(92.8,58.8,0.));
#2487=CARTESIAN_POINT('Origin',(87.8,58.8,0.));
#2488=CARTESIAN_POINT('Origin',(42.9,28.4,3.));
#2489=CARTESIAN_POINT('',(82.4,35.6199999999999,3.));
#2490=CARTESIAN_POINT('',(82.4,4.57000000000002,3.));
#2491=CARTESIAN_POINT('',(82.4,3.57000000000002,3.));
#2492=CARTESIAN_POINT('',(81.4,3.57000000000002,3.));
#2493=CARTESIAN_POINT('Origin',(81.4,4.57000000000002,3.));
#2494=CARTESIAN_POINT('',(62.405,3.57000000000002,3.));
#2495=CARTESIAN_POINT('',(61.405,3.57000000000002,3.));
#2496=CARTESIAN_POINT('',(61.405,4.57000000000002,3.));
#2497=CARTESIAN_POINT('Origin',(62.405,4.57000000000002,3.));
#2498=CARTESIAN_POINT('',(61.405,35.6199999999999,3.));
#2499=CARTESIAN_POINT('',(61.405,36.6199999999999,3.));
#2500=CARTESIAN_POINT('',(62.405,36.6199999999999,3.));
#2501=CARTESIAN_POINT('Origin',(62.405,35.6199999999999,3.));
#2502=CARTESIAN_POINT('',(81.4,36.6199999999999,3.));
#2503=CARTESIAN_POINT('',(82.4,36.6199999999999,3.));
#2504=CARTESIAN_POINT('Origin',(81.4,35.6199999999999,3.));
#2505=CARTESIAN_POINT('',(4.61000000000022,23.1199999999999,3.));
#2506=CARTESIAN_POINT('',(4.61000000000022,36.1199999999999,3.));
#2507=CARTESIAN_POINT('',(4.61000000000022,36.1199999999999,3.));
#2508=CARTESIAN_POINT('',(5.11000000000022,36.6199999999999,3.));
#2509=CARTESIAN_POINT('Origin',(5.11000000000021,36.1199999999999,3.));
#2510=CARTESIAN_POINT('',(18.1100000000001,36.6199999999999,3.));
#2511=CARTESIAN_POINT('',(5.11000000000021,36.6199999999999,3.));
#2512=CARTESIAN_POINT('',(18.6100000000001,36.1199999999999,3.));
#2513=CARTESIAN_POINT('Origin',(18.1100000000001,36.1199999999999,3.));
#2514=CARTESIAN_POINT('',(18.6100000000001,23.1199999999999,3.));
#2515=CARTESIAN_POINT('',(18.6100000000001,36.1199999999999,3.));
#2516=CARTESIAN_POINT('',(18.1100000000001,22.6199999999999,3.));
#2517=CARTESIAN_POINT('Origin',(18.1100000000001,23.1199999999999,3.));
#2518=CARTESIAN_POINT('',(5.11000000000022,22.6199999999999,3.));
#2519=CARTESIAN_POINT('',(5.11000000000021,22.6199999999999,3.));
#2520=CARTESIAN_POINT('Origin',(5.11000000000021,23.1199999999999,3.));
#2521=CARTESIAN_POINT('',(4.61000000000022,17.0699999999999,3.));
#2522=CARTESIAN_POINT('',(5.11000000000022,17.57,3.));
#2523=CARTESIAN_POINT('Origin',(5.11000000000021,17.07,3.));
#2524=CARTESIAN_POINT('',(18.1100000000001,17.57,3.));
#2525=CARTESIAN_POINT('',(5.11000000000021,17.5699999999999,3.));
#2526=CARTESIAN_POINT('',(18.6100000000001,17.07,3.));
#2527=CARTESIAN_POINT('Origin',(18.1100000000001,17.07,3.));
#2528=CARTESIAN_POINT('',(18.6100000000001,4.07000000000001,3.));
#2529=CARTESIAN_POINT('',(18.6100000000001,17.07,3.));
#2530=CARTESIAN_POINT('',(18.1100000000001,3.57,3.));
#2531=CARTESIAN_POINT('Origin',(18.1100000000001,4.07000000000001,3.));
#2532=CARTESIAN_POINT('',(5.11000000000022,3.57,3.));
#2533=CARTESIAN_POINT('',(5.11000000000021,3.57,3.));
#2534=CARTESIAN_POINT('',(4.61000000000022,4.07000000000001,3.));
#2535=CARTESIAN_POINT('Origin',(5.11000000000021,4.07,3.));
#2536=CARTESIAN_POINT('',(4.61000000000022,17.07,3.));
#2537=CARTESIAN_POINT('',(42.71,36.1199999999999,3.));
#2538=CARTESIAN_POINT('',(43.21,36.6199999999999,3.));
#2539=CARTESIAN_POINT('Origin',(43.21,36.1199999999999,3.));
#2540=CARTESIAN_POINT('',(56.21,36.6199999999999,3.));
#2541=CARTESIAN_POINT('',(43.21,36.6199999999999,3.));
#2542=CARTESIAN_POINT('',(56.71,36.1199999999999,3.));
#2543=CARTESIAN_POINT('Origin',(56.21,36.1199999999999,3.));
#2544=CARTESIAN_POINT('',(56.71,23.1199999999999,3.));
#2545=CARTESIAN_POINT('',(56.71,36.1199999999999,3.));
#2546=CARTESIAN_POINT('',(56.21,22.6199999999999,3.));
#2547=CARTESIAN_POINT('Origin',(56.21,23.1199999999999,3.));
#2548=CARTESIAN_POINT('',(43.2100000000001,22.6199999999999,3.));
#2549=CARTESIAN_POINT('',(43.2100000000001,22.6199999999999,3.));
#2550=CARTESIAN_POINT('',(42.71,23.1199999999999,3.));
#2551=CARTESIAN_POINT('Origin',(43.2100000000001,23.1199999999999,3.));
#2552=CARTESIAN_POINT('',(42.71,36.1199999999999,3.));
#2553=CARTESIAN_POINT('',(23.6600000000001,17.07,3.));
#2554=CARTESIAN_POINT('',(24.1600000000001,17.57,3.));
#2555=CARTESIAN_POINT('Origin',(24.1600000000001,17.07,3.));
#2556=CARTESIAN_POINT('',(37.1600000000001,17.57,3.));
#2557=CARTESIAN_POINT('',(24.1600000000001,17.57,3.));
#2558=CARTESIAN_POINT('',(37.6600000000001,17.07,3.));
#2559=CARTESIAN_POINT('Origin',(37.1600000000001,17.07,3.));
#2560=CARTESIAN_POINT('',(37.6600000000001,4.07000000000001,3.));
#2561=CARTESIAN_POINT('',(37.6600000000001,17.07,3.));
#2562=CARTESIAN_POINT('',(37.1600000000001,3.57000000000001,3.));
#2563=CARTESIAN_POINT('Origin',(37.1600000000001,4.07000000000001,3.));
#2564=CARTESIAN_POINT('',(24.1600000000001,3.57000000000001,3.));
#2565=CARTESIAN_POINT('',(24.1600000000001,3.57000000000001,3.));
#2566=CARTESIAN_POINT('',(23.6600000000001,4.07000000000001,3.));
#2567=CARTESIAN_POINT('Origin',(24.1600000000001,4.07000000000001,3.));
#2568=CARTESIAN_POINT('',(23.6600000000001,17.07,3.));
#2569=CARTESIAN_POINT('',(42.71,4.07000000000001,3.));
#2570=CARTESIAN_POINT('',(42.7100000000001,17.07,3.));
#2571=CARTESIAN_POINT('',(42.71,17.07,3.));
#2572=CARTESIAN_POINT('',(43.2100000000001,17.57,3.));
#2573=CARTESIAN_POINT('Origin',(43.2100000000001,17.07,3.));
#2574=CARTESIAN_POINT('',(56.21,17.57,3.));
#2575=CARTESIAN_POINT('',(43.2100000000001,17.57,3.));
#2576=CARTESIAN_POINT('',(56.71,17.07,3.));
#2577=CARTESIAN_POINT('Origin',(56.21,17.07,3.));
#2578=CARTESIAN_POINT('',(56.71,4.07000000000001,3.));
#2579=CARTESIAN_POINT('',(56.71,17.07,3.));
#2580=CARTESIAN_POINT('',(56.21,3.57000000000001,3.));
#2581=CARTESIAN_POINT('Origin',(56.21,4.07000000000001,3.));
#2582=CARTESIAN_POINT('',(43.2100000000001,3.57000000000001,3.));
#2583=CARTESIAN_POINT('',(43.2100000000001,3.57000000000001,3.));
#2584=CARTESIAN_POINT('Origin',(43.2100000000001,4.07000000000001,3.));
#2585=CARTESIAN_POINT('',(23.6600000000001,36.1199999999999,3.));
#2586=CARTESIAN_POINT('',(24.1600000000001,36.6199999999999,3.));
#2587=CARTESIAN_POINT('Origin',(24.1600000000001,36.1199999999999,3.));
#2588=CARTESIAN_POINT('',(37.1600000000001,36.6199999999999,3.));
#2589=CARTESIAN_POINT('',(24.1600000000001,36.6199999999999,3.));
#2590=CARTESIAN_POINT('',(37.6600000000001,36.1199999999999,3.));
#2591=CARTESIAN_POINT('Origin',(37.1600000000001,36.1199999999999,3.));
#2592=CARTESIAN_POINT('',(37.6600000000001,23.1199999999999,3.));
#2593=CARTESIAN_POINT('',(37.6600000000001,36.1199999999999,3.));
#2594=CARTESIAN_POINT('',(37.1600000000001,22.6199999999999,3.));
#2595=CARTESIAN_POINT('Origin',(37.1600000000001,23.1199999999999,3.));
#2596=CARTESIAN_POINT('',(24.1600000000001,22.6199999999999,3.));
#2597=CARTESIAN_POINT('',(24.1600000000001,22.6199999999999,3.));
#2598=CARTESIAN_POINT('',(23.6600000000001,23.1199999999999,3.));
#2599=CARTESIAN_POINT('Origin',(24.1600000000001,23.1199999999999,3.));
#2600=CARTESIAN_POINT('',(23.6600000000001,36.1199999999999,3.));
#2601=CARTESIAN_POINT('',(4.61000000000022,42.8,3.));
#2602=CARTESIAN_POINT('',(4.61000000000022,53.8,3.));
#2603=CARTESIAN_POINT('',(4.61000000000022,54.8,3.));
#2604=CARTESIAN_POINT('',(5.61000000000022,54.8,3.));
#2605=CARTESIAN_POINT('Origin',(5.61000000000022,53.8,3.));
#2606=CARTESIAN_POINT('',(39.6100000000002,54.8,3.));
#2607=CARTESIAN_POINT('',(40.6100000000002,54.8,3.));
#2608=CARTESIAN_POINT('',(40.6100000000002,53.8,3.));
#2609=CARTESIAN_POINT('Origin',(39.6100000000002,53.8,3.));
#2610=CARTESIAN_POINT('',(40.6100000000002,42.8,3.));
#2611=CARTESIAN_POINT('',(40.6100000000002,41.8,3.));
#2612=CARTESIAN_POINT('',(39.6100000000002,41.8,3.));
#2613=CARTESIAN_POINT('Origin',(39.6100000000002,42.8,3.));
#2614=CARTESIAN_POINT('',(5.61000000000022,41.8,3.));
#2615=CARTESIAN_POINT('',(4.61000000000022,41.8,3.));
#2616=CARTESIAN_POINT('Origin',(5.61000000000022,42.8,3.));
#2617=CARTESIAN_POINT('Origin',(62.405,35.6199999999999,0.));
#2618=CARTESIAN_POINT('',(61.405,35.6199999999999,0.));
#2619=CARTESIAN_POINT('',(62.405,36.6199999999999,0.));
#2620=CARTESIAN_POINT('Origin',(62.405,35.6199999999999,0.));
#2621=CARTESIAN_POINT('',(62.405,36.6199999999999,0.));
#2622=CARTESIAN_POINT('',(61.405,35.6199999999999,0.));
#2623=CARTESIAN_POINT('Origin',(61.405,36.6199999999999,0.));
#2624=CARTESIAN_POINT('',(81.4,36.6199999999999,0.));
#2625=CARTESIAN_POINT('',(82.4,36.6199999999999,0.));
#2626=CARTESIAN_POINT('',(81.4,36.6199999999999,0.));
#2627=CARTESIAN_POINT('Origin',(62.405,4.57000000000002,0.));
#2628=CARTESIAN_POINT('',(62.405,3.57000000000002,0.));
#2629=CARTESIAN_POINT('',(61.405,4.57000000000002,0.));
#2630=CARTESIAN_POINT('Origin',(62.405,4.57000000000002,0.));
#2631=CARTESIAN_POINT('',(61.405,4.57000000000002,0.));
#2632=CARTESIAN_POINT('',(62.405,3.57000000000002,0.));
#2633=CARTESIAN_POINT('Origin',(61.405,3.57000000000002,0.));
#2634=CARTESIAN_POINT('',(61.405,36.6199999999999,0.));
#2635=CARTESIAN_POINT('Origin',(81.4,4.57000000000002,0.));
#2636=CARTESIAN_POINT('',(82.4,4.57000000000002,0.));
#2637=CARTESIAN_POINT('',(81.4,3.57000000000002,0.));
#2638=CARTESIAN_POINT('Origin',(81.4,4.57000000000002,0.));
#2639=CARTESIAN_POINT('',(81.4,3.57000000000002,0.));
#2640=CARTESIAN_POINT('',(82.4,4.57000000000002,0.));
#2641=CARTESIAN_POINT('Origin',(82.4,3.57000000000002,0.));
#2642=CARTESIAN_POINT('',(61.405,3.57000000000002,0.));
#2643=CARTESIAN_POINT('Origin',(81.4,35.6199999999999,0.));
#2644=CARTESIAN_POINT('',(82.4,35.6199999999999,0.));
#2645=CARTESIAN_POINT('Origin',(81.4,35.6199999999999,0.));
#2646=CARTESIAN_POINT('',(82.4,35.6199999999999,0.));
#2647=CARTESIAN_POINT('Origin',(82.4,36.6199999999999,0.));
#2648=CARTESIAN_POINT('',(82.4,3.57000000000002,0.));
#2649=CARTESIAN_POINT('Origin',(5.61000000000022,42.8,0.));
#2650=CARTESIAN_POINT('',(5.61000000000022,41.8,0.));
#2651=CARTESIAN_POINT('',(4.61000000000022,42.8,0.));
#2652=CARTESIAN_POINT('Origin',(5.61000000000022,42.8,0.));
#2653=CARTESIAN_POINT('',(4.61000000000022,42.8,0.));
#2654=CARTESIAN_POINT('',(5.61000000000022,41.8,0.));
#2655=CARTESIAN_POINT('Origin',(4.61000000000022,41.8,0.));
#2656=CARTESIAN_POINT('',(4.61000000000022,53.8,0.));
#2657=CARTESIAN_POINT('',(4.61000000000022,54.8,0.));
#2658=CARTESIAN_POINT('',(4.61000000000022,53.8,0.));
#2659=CARTESIAN_POINT('Origin',(39.6100000000002,42.8,0.));
#2660=CARTESIAN_POINT('',(40.6100000000002,42.8,0.));
#2661=CARTESIAN_POINT('',(39.6100000000002,41.8,0.));
#2662=CARTESIAN_POINT('Origin',(39.6100000000002,42.8,0.));
#2663=CARTESIAN_POINT('',(39.6100000000002,41.8,0.));
#2664=CARTESIAN_POINT('',(40.6100000000002,42.8,0.));
#2665=CARTESIAN_POINT('Origin',(40.6100000000002,41.8,0.));
#2666=CARTESIAN_POINT('',(4.61000000000022,41.8,0.));
#2667=CARTESIAN_POINT('Origin',(39.6100000000002,53.8,0.));
#2668=CARTESIAN_POINT('',(39.6100000000002,54.8,0.));
#2669=CARTESIAN_POINT('',(40.6100000000002,53.8,0.));
#2670=CARTESIAN_POINT('Origin',(39.6100000000002,53.8,0.));
#2671=CARTESIAN_POINT('',(40.6100000000002,53.8,0.));
#2672=CARTESIAN_POINT('',(39.6100000000002,54.8,0.));
#2673=CARTESIAN_POINT('Origin',(40.6100000000002,54.8,0.));
#2674=CARTESIAN_POINT('',(40.6100000000002,41.8,0.));
#2675=CARTESIAN_POINT('Origin',(5.61000000000022,53.8,0.));
#2676=CARTESIAN_POINT('',(5.61000000000022,54.8,0.));
#2677=CARTESIAN_POINT('Origin',(5.61000000000022,53.8,0.));
#2678=CARTESIAN_POINT('',(5.61000000000022,54.8,0.));
#2679=CARTESIAN_POINT('Origin',(4.61000000000022,54.8,0.));
#2680=CARTESIAN_POINT('',(40.6100000000002,54.8,0.));
#2681=CARTESIAN_POINT('Origin',(5.11000000000021,23.1199999999999,0.));
#2682=CARTESIAN_POINT('',(5.11000000000021,22.6199999999999,0.));
#2683=CARTESIAN_POINT('',(4.61000000000022,23.1199999999999,0.));
#2684=CARTESIAN_POINT('Origin',(5.11000000000021,23.1199999999999,0.));
#2685=CARTESIAN_POINT('',(4.61000000000022,23.1199999999999,0.));
#2686=CARTESIAN_POINT('',(5.11000000000021,22.6199999999999,0.));
#2687=CARTESIAN_POINT('Origin',(18.1100000000001,22.6199999999999,0.));
#2688=CARTESIAN_POINT('',(18.1100000000001,22.6199999999999,0.));
#2689=CARTESIAN_POINT('',(5.11000000000021,22.6199999999999,0.));
#2690=CARTESIAN_POINT('',(18.1100000000001,22.6199999999999,0.));
#2691=CARTESIAN_POINT('Origin',(18.1100000000001,23.1199999999999,0.));
#2692=CARTESIAN_POINT('',(18.6100000000001,23.1199999999999,0.));
#2693=CARTESIAN_POINT('Origin',(18.1100000000001,23.1199999999999,0.));
#2694=CARTESIAN_POINT('',(18.6100000000001,23.1199999999999,0.));
#2695=CARTESIAN_POINT('Origin',(18.6100000000001,36.1199999999999,0.));
#2696=CARTESIAN_POINT('',(18.6100000000001,36.1199999999999,0.));
#2697=CARTESIAN_POINT('',(18.6100000000001,36.1199999999999,0.));
#2698=CARTESIAN_POINT('',(18.6100000000001,36.1199999999999,0.));
#2699=CARTESIAN_POINT('Origin',(18.1100000000001,36.1199999999999,0.));
#2700=CARTESIAN_POINT('',(18.1100000000001,36.6199999999999,0.));
#2701=CARTESIAN_POINT('Origin',(18.1100000000001,36.1199999999999,0.));
#2702=CARTESIAN_POINT('',(18.1100000000001,36.6199999999999,0.));
#2703=CARTESIAN_POINT('Origin',(5.11000000000021,36.6199999999999,0.));
#2704=CARTESIAN_POINT('',(5.11000000000021,36.6199999999999,0.));
#2705=CARTESIAN_POINT('',(5.11000000000021,36.6199999999999,0.));
#2706=CARTESIAN_POINT('',(5.11000000000021,36.6199999999999,0.));
#2707=CARTESIAN_POINT('Origin',(5.11000000000021,36.1199999999999,0.));
#2708=CARTESIAN_POINT('',(4.61000000000022,36.1199999999999,0.));
#2709=CARTESIAN_POINT('Origin',(5.11000000000021,36.1199999999999,0.));
#2710=CARTESIAN_POINT('',(4.61000000000022,36.1199999999999,0.));
#2711=CARTESIAN_POINT('Origin',(4.61000000000022,23.1199999999999,0.));
#2712=CARTESIAN_POINT('',(4.61000000000022,36.1199999999999,0.));
#2713=CARTESIAN_POINT('Origin',(4.61000000000022,4.07,0.));
#2714=CARTESIAN_POINT('',(4.61000000000022,4.07,0.));
#2715=CARTESIAN_POINT('',(4.61000000000022,17.07,0.));
#2716=CARTESIAN_POINT('',(4.61000000000022,17.07,0.));
#2717=CARTESIAN_POINT('',(4.61000000000022,17.07,0.));
#2718=CARTESIAN_POINT('',(4.61000000000022,4.07,0.));
#2719=CARTESIAN_POINT('Origin',(5.11000000000021,4.07,0.));
#2720=CARTESIAN_POINT('',(5.11000000000021,3.57,0.));
#2721=CARTESIAN_POINT('Origin',(5.11000000000021,4.07,0.));
#2722=CARTESIAN_POINT('',(5.11000000000021,3.57,0.));
#2723=CARTESIAN_POINT('Origin',(18.1100000000001,3.57000000000001,0.));
#2724=CARTESIAN_POINT('',(18.1100000000001,3.57000000000001,0.));
#2725=CARTESIAN_POINT('',(5.11000000000021,3.57,0.));
#2726=CARTESIAN_POINT('',(18.1100000000001,3.57000000000001,0.));
#2727=CARTESIAN_POINT('Origin',(18.1100000000001,4.07000000000001,0.));
#2728=CARTESIAN_POINT('',(18.6100000000002,4.07000000000001,0.));
#2729=CARTESIAN_POINT('Origin',(18.1100000000001,4.07000000000001,0.));
#2730=CARTESIAN_POINT('',(18.6100000000002,4.07000000000001,0.));
#2731=CARTESIAN_POINT('Origin',(18.6100000000001,17.07,0.));
#2732=CARTESIAN_POINT('',(18.6100000000001,17.07,0.));
#2733=CARTESIAN_POINT('',(18.6100000000001,17.07,0.));
#2734=CARTESIAN_POINT('',(18.6100000000001,17.07,0.));
#2735=CARTESIAN_POINT('Origin',(18.1100000000001,17.07,0.));
#2736=CARTESIAN_POINT('',(18.1100000000001,17.57,0.));
#2737=CARTESIAN_POINT('Origin',(18.1100000000001,17.07,0.));
#2738=CARTESIAN_POINT('',(18.1100000000001,17.57,0.));
#2739=CARTESIAN_POINT('Origin',(5.11000000000021,17.5699999999999,0.));
#2740=CARTESIAN_POINT('',(5.11000000000021,17.5699999999999,0.));
#2741=CARTESIAN_POINT('',(5.11000000000021,17.5699999999999,0.));
#2742=CARTESIAN_POINT('',(5.11000000000021,17.5699999999999,0.));
#2743=CARTESIAN_POINT('Origin',(5.11000000000021,17.07,0.));
#2744=CARTESIAN_POINT('Origin',(5.11000000000021,17.07,0.));
#2745=CARTESIAN_POINT('Origin',(42.71,23.1199999999999,0.));
#2746=CARTESIAN_POINT('',(42.71,23.1199999999999,0.));
#2747=CARTESIAN_POINT('',(42.71,36.1199999999999,0.));
#2748=CARTESIAN_POINT('',(42.71,36.1199999999999,0.));
#2749=CARTESIAN_POINT('',(42.71,36.1199999999999,0.));
#2750=CARTESIAN_POINT('',(42.71,23.1199999999999,0.));
#2751=CARTESIAN_POINT('Origin',(43.2100000000001,23.1199999999999,0.));
#2752=CARTESIAN_POINT('',(43.2100000000001,22.6199999999999,0.));
#2753=CARTESIAN_POINT('Origin',(43.2100000000001,23.1199999999999,0.));
#2754=CARTESIAN_POINT('',(43.2100000000001,22.6199999999999,0.));
#2755=CARTESIAN_POINT('Origin',(56.21,22.6199999999999,0.));
#2756=CARTESIAN_POINT('',(56.21,22.6199999999999,0.));
#2757=CARTESIAN_POINT('',(43.2100000000001,22.6199999999999,0.));
#2758=CARTESIAN_POINT('',(56.21,22.6199999999999,0.));
#2759=CARTESIAN_POINT('Origin',(56.21,23.1199999999999,0.));
#2760=CARTESIAN_POINT('',(56.71,23.1199999999999,0.));
#2761=CARTESIAN_POINT('Origin',(56.21,23.1199999999999,0.));
#2762=CARTESIAN_POINT('',(56.71,23.1199999999999,0.));
#2763=CARTESIAN_POINT('Origin',(56.71,36.1199999999999,0.));
#2764=CARTESIAN_POINT('',(56.71,36.1199999999999,0.));
#2765=CARTESIAN_POINT('',(56.71,36.1199999999999,0.));
#2766=CARTESIAN_POINT('',(56.71,36.1199999999999,0.));
#2767=CARTESIAN_POINT('Origin',(56.21,36.1199999999999,0.));
#2768=CARTESIAN_POINT('',(56.21,36.6199999999999,0.));
#2769=CARTESIAN_POINT('Origin',(56.21,36.1199999999999,0.));
#2770=CARTESIAN_POINT('',(56.21,36.6199999999999,0.));
#2771=CARTESIAN_POINT('Origin',(43.21,36.6199999999999,0.));
#2772=CARTESIAN_POINT('',(43.21,36.6199999999999,0.));
#2773=CARTESIAN_POINT('',(43.21,36.6199999999999,0.));
#2774=CARTESIAN_POINT('',(43.21,36.6199999999999,0.));
#2775=CARTESIAN_POINT('Origin',(43.21,36.1199999999999,0.));
#2776=CARTESIAN_POINT('Origin',(43.21,36.1199999999999,0.));
#2777=CARTESIAN_POINT('Origin',(23.6600000000001,4.07000000000001,0.));
#2778=CARTESIAN_POINT('',(23.6600000000001,4.07000000000001,0.));
#2779=CARTESIAN_POINT('',(23.6600000000001,17.07,0.));
#2780=CARTESIAN_POINT('',(23.6600000000001,17.07,0.));
#2781=CARTESIAN_POINT('',(23.6600000000001,17.07,0.));
#2782=CARTESIAN_POINT('',(23.6600000000001,4.07000000000001,0.));
#2783=CARTESIAN_POINT('Origin',(24.1600000000001,4.07000000000001,0.));
#2784=CARTESIAN_POINT('',(24.1600000000001,3.57000000000001,0.));
#2785=CARTESIAN_POINT('Origin',(24.1600000000001,4.07000000000001,0.));
#2786=CARTESIAN_POINT('',(24.1600000000001,3.57000000000001,0.));
#2787=CARTESIAN_POINT('Origin',(37.1600000000001,3.57000000000001,0.));
#2788=CARTESIAN_POINT('',(37.1600000000001,3.57000000000001,0.));
#2789=CARTESIAN_POINT('',(24.1600000000001,3.57000000000001,0.));
#2790=CARTESIAN_POINT('',(37.1600000000001,3.57000000000001,0.));
#2791=CARTESIAN_POINT('Origin',(37.1600000000001,4.07000000000001,0.));
#2792=CARTESIAN_POINT('',(37.6600000000001,4.07000000000001,0.));
#2793=CARTESIAN_POINT('Origin',(37.1600000000001,4.07000000000001,0.));
#2794=CARTESIAN_POINT('',(37.6600000000001,4.07000000000001,0.));
#2795=CARTESIAN_POINT('Origin',(37.6600000000001,17.07,0.));
#2796=CARTESIAN_POINT('',(37.6600000000001,17.07,0.));
#2797=CARTESIAN_POINT('',(37.6600000000001,17.07,0.));
#2798=CARTESIAN_POINT('',(37.6600000000001,17.07,0.));
#2799=CARTESIAN_POINT('Origin',(37.1600000000001,17.07,0.));
#2800=CARTESIAN_POINT('',(37.1600000000001,17.57,0.));
#2801=CARTESIAN_POINT('Origin',(37.1600000000001,17.07,0.));
#2802=CARTESIAN_POINT('',(37.1600000000001,17.57,0.));
#2803=CARTESIAN_POINT('Origin',(24.1600000000001,17.57,0.));
#2804=CARTESIAN_POINT('',(24.1600000000001,17.57,0.));
#2805=CARTESIAN_POINT('',(24.1600000000001,17.57,0.));
#2806=CARTESIAN_POINT('',(24.1600000000001,17.57,0.));
#2807=CARTESIAN_POINT('Origin',(24.1600000000001,17.07,0.));
#2808=CARTESIAN_POINT('Origin',(24.1600000000001,17.07,0.));
#2809=CARTESIAN_POINT('Origin',(43.2100000000001,4.07000000000001,0.));
#2810=CARTESIAN_POINT('',(43.2100000000001,3.57000000000001,0.));
#2811=CARTESIAN_POINT('',(42.71,4.07000000000001,0.));
#2812=CARTESIAN_POINT('Origin',(43.2100000000001,4.07000000000001,0.));
#2813=CARTESIAN_POINT('',(42.71,4.07000000000001,0.));
#2814=CARTESIAN_POINT('',(43.2100000000001,3.57000000000001,0.));
#2815=CARTESIAN_POINT('Origin',(56.21,3.57000000000001,0.));
#2816=CARTESIAN_POINT('',(56.21,3.57000000000001,0.));
#2817=CARTESIAN_POINT('',(43.2100000000001,3.57000000000001,0.));
#2818=CARTESIAN_POINT('',(56.21,3.57000000000001,0.));
#2819=CARTESIAN_POINT('Origin',(56.21,4.07000000000001,0.));
#2820=CARTESIAN_POINT('',(56.71,4.07000000000001,0.));
#2821=CARTESIAN_POINT('Origin',(56.21,4.07000000000001,0.));
#2822=CARTESIAN_POINT('',(56.71,4.07000000000001,0.));
#2823=CARTESIAN_POINT('Origin',(56.71,17.07,0.));
#2824=CARTESIAN_POINT('',(56.71,17.07,0.));
#2825=CARTESIAN_POINT('',(56.71,17.07,0.));
#2826=CARTESIAN_POINT('',(56.71,17.07,0.));
#2827=CARTESIAN_POINT('Origin',(56.21,17.07,0.));
#2828=CARTESIAN_POINT('',(56.21,17.57,0.));
#2829=CARTESIAN_POINT('Origin',(56.21,17.07,0.));
#2830=CARTESIAN_POINT('',(56.21,17.57,0.));
#2831=CARTESIAN_POINT('Origin',(43.2100000000001,17.57,0.));
#2832=CARTESIAN_POINT('',(43.2100000000001,17.57,0.));
#2833=CARTESIAN_POINT('',(43.2100000000001,17.57,0.));
#2834=CARTESIAN_POINT('',(43.2100000000001,17.57,0.));
#2835=CARTESIAN_POINT('Origin',(43.2100000000001,17.07,0.));
#2836=CARTESIAN_POINT('',(42.7100000000001,17.07,0.));
#2837=CARTESIAN_POINT('Origin',(43.2100000000001,17.07,0.));
#2838=CARTESIAN_POINT('',(42.7100000000001,17.07,0.));
#2839=CARTESIAN_POINT('Origin',(42.71,4.07000000000001,0.));
#2840=CARTESIAN_POINT('',(42.71,17.07,0.));
#2841=CARTESIAN_POINT('Origin',(23.6600000000001,23.1199999999999,0.));
#2842=CARTESIAN_POINT('',(23.6600000000001,23.1199999999999,0.));
#2843=CARTESIAN_POINT('',(23.6600000000001,36.1199999999999,0.));
#2844=CARTESIAN_POINT('',(23.6600000000001,36.1199999999999,0.));
#2845=CARTESIAN_POINT('',(23.6600000000001,36.1199999999999,0.));
#2846=CARTESIAN_POINT('',(23.6600000000001,23.1199999999999,0.));
#2847=CARTESIAN_POINT('Origin',(24.1600000000001,23.1199999999999,0.));
#2848=CARTESIAN_POINT('',(24.1600000000001,22.6199999999999,0.));
#2849=CARTESIAN_POINT('Origin',(24.1600000000001,23.1199999999999,0.));
#2850=CARTESIAN_POINT('',(24.1600000000001,22.6199999999999,0.));
#2851=CARTESIAN_POINT('Origin',(37.1600000000001,22.6199999999999,0.));
#2852=CARTESIAN_POINT('',(37.1600000000001,22.6199999999999,0.));
#2853=CARTESIAN_POINT('',(24.1600000000001,22.6199999999999,0.));
#2854=CARTESIAN_POINT('',(37.1600000000001,22.6199999999999,0.));
#2855=CARTESIAN_POINT('Origin',(37.1600000000001,23.1199999999999,0.));
#2856=CARTESIAN_POINT('',(37.6600000000001,23.1199999999999,0.));
#2857=CARTESIAN_POINT('Origin',(37.1600000000001,23.1199999999999,0.));
#2858=CARTESIAN_POINT('',(37.6600000000001,23.1199999999999,0.));
#2859=CARTESIAN_POINT('Origin',(37.6600000000001,36.1199999999999,0.));
#2860=CARTESIAN_POINT('',(37.6600000000001,36.1199999999999,0.));
#2861=CARTESIAN_POINT('',(37.6600000000001,36.1199999999999,0.));
#2862=CARTESIAN_POINT('',(37.6600000000001,36.1199999999999,0.));
#2863=CARTESIAN_POINT('Origin',(37.1600000000001,36.1199999999999,0.));
#2864=CARTESIAN_POINT('',(37.1600000000001,36.6199999999999,0.));
#2865=CARTESIAN_POINT('Origin',(37.1600000000001,36.1199999999999,0.));
#2866=CARTESIAN_POINT('',(37.1600000000001,36.6199999999999,0.));
#2867=CARTESIAN_POINT('Origin',(24.1600000000001,36.6199999999999,0.));
#2868=CARTESIAN_POINT('',(24.1600000000001,36.6199999999999,0.));
#2869=CARTESIAN_POINT('',(24.1600000000001,36.6199999999999,0.));
#2870=CARTESIAN_POINT('',(24.1600000000001,36.6199999999999,0.));
#2871=CARTESIAN_POINT('Origin',(24.1600000000001,36.1199999999999,0.));
#2872=CARTESIAN_POINT('Origin',(24.1600000000001,36.1199999999999,0.));
#2873=CARTESIAN_POINT('Origin',(92.8,-1.99999999999998,0.));
#2874=CARTESIAN_POINT('',(92.8,-1.99999999999998,0.));
#2875=CARTESIAN_POINT('',(92.8,-1.99999999999998,0.));
#2876=CARTESIAN_POINT('',(92.8,58.8,0.));
#2877=CARTESIAN_POINT('Origin',(87.8,-1.99999999999998,0.));
#2878=CARTESIAN_POINT('',(87.8,-7.,0.));
#2879=CARTESIAN_POINT('',(87.8,-7.,0.));
#2880=CARTESIAN_POINT('Origin',(87.8,-1.99999999999998,0.));
#2881=CARTESIAN_POINT('Origin',(-2.00000000000001,-7.,0.));
#2882=CARTESIAN_POINT('',(-2.00000000000001,-7.,0.));
#2883=CARTESIAN_POINT('',(-2.00000000000001,-7.,0.));
#2884=CARTESIAN_POINT('',(87.8,-7.,0.));
#2885=CARTESIAN_POINT('Origin',(-2.00000000000001,-2.00000000000001,0.));
#2886=CARTESIAN_POINT('Origin',(-2.00000000000001,-2.00000000000001,0.));
#2887=CARTESIAN_POINT('Origin',(42.9,28.4,0.));
#2888=UNCERTAINTY_MEASURE_WITH_UNIT(LENGTH_MEASURE(0.01),#2892,
'DISTANCE_ACCURACY_VALUE',
'Maximum model space distance between geometric entities at asserted c
onnectivities');
#2889=UNCERTAINTY_MEASURE_WITH_UNIT(LENGTH_MEASURE(0.01),#2892,
'DISTANCE_ACCURACY_VALUE',
'Maximum model space distance between geometric entities at asserted c
onnectivities');
#2890=(
GEOMETRIC_REPRESENTATION_CONTEXT(3)
GLOBAL_UNCERTAINTY_ASSIGNED_CONTEXT((#2888))
GLOBAL_UNIT_ASSIGNED_CONTEXT((#2892,#2894,#2895))
REPRESENTATION_CONTEXT('','3D')
);
#2891=(
GEOMETRIC_REPRESENTATION_CONTEXT(3)
GLOBAL_UNCERTAINTY_ASSIGNED_CONTEXT((#2889))
GLOBAL_UNIT_ASSIGNED_CONTEXT((#2892,#2894,#2895))
REPRESENTATION_CONTEXT('','3D')
);
#2892=(
LENGTH_UNIT()
NAMED_UNIT(*)
SI_UNIT(.MILLI.,.METRE.)
);
#2893=(
LENGTH_UNIT()
NAMED_UNIT(*)
SI_UNIT($,.METRE.)
);
#2894=(
NAMED_UNIT(*)
PLANE_ANGLE_UNIT()
SI_UNIT($,.RADIAN.)
);
#2895=(
NAMED_UNIT(*)
SI_UNIT($,.STERADIAN.)
SOLID_ANGLE_UNIT()
);
#2896=SHAPE_DEFINITION_REPRESENTATION(#2897,#2898);
#2897=PRODUCT_DEFINITION_SHAPE('',$,#2900);
#2898=SHAPE_REPRESENTATION('',(#1708),#2890);
#2899=PRODUCT_DEFINITION_CONTEXT('part definition',#2904,'design');
#2900=PRODUCT_DEFINITION('2026-06-03-18-55-10-814','hydropad_top',#2901,
#2899);
#2901=PRODUCT_DEFINITION_FORMATION('',$,#2906);
#2902=PRODUCT_RELATED_PRODUCT_CATEGORY('hydropad_top','hydropad_top',(#2906));
#2903=APPLICATION_PROTOCOL_DEFINITION('international standard',
'automotive_design',2009,#2904);
#2904=APPLICATION_CONTEXT(
'Core Data for Automotive Mechanical Design Process');
#2905=PRODUCT_CONTEXT('part definition',#2904,'mechanical');
#2906=PRODUCT('2026-06-03-18-55-10-814','hydropad_top',$,(#2905));
#2907=PRESENTATION_STYLE_ASSIGNMENT((#2908));
#2908=SURFACE_STYLE_USAGE(.BOTH.,#2909);
#2909=SURFACE_SIDE_STYLE('',(#2910));
#2910=SURFACE_STYLE_FILL_AREA(#2911);
#2911=FILL_AREA_STYLE('Steel - Satin',(#2912));
#2912=FILL_AREA_STYLE_COLOUR('Steel - Satin',#2913);
#2913=COLOUR_RGB('Steel - Satin',0.627450980392157,0.627450980392157,0.627450980392157);
ENDSEC;
END-ISO-10303-21;
