ISO-10303-21;
HEADER;
/* Generated by software containing ST-Developer
 * from STEP Tools, Inc. (www.steptools.com) 
 */

FILE_DESCRIPTION(
/* description */ (''),
/* implementation_level */ '2;1');

FILE_NAME(
/* name */ 'assembled-model.step',
/* time_stamp */ '2026-06-05T00:17:47+09:00',
/* author */ (''),
/* organization */ (''),
/* preprocessor_version */ 'ST-DEVELOPER v20.1',
/* originating_system */ 'Autodesk Translation Framework v15.8.0.0',
/* authorisation */ '');

FILE_SCHEMA (('AUTOMOTIVE_DESIGN { 1 0 10303 214 3 1 1 }'));
ENDSEC;

DATA;
#10=MECHANICAL_DESIGN_GEOMETRIC_PRESENTATION_REPRESENTATION('',(#23,#24),
#4910);
#11=ITEM_DEFINED_TRANSFORMATION($,$,#2868,#3183);
#12=ITEM_DEFINED_TRANSFORMATION($,$,#3004,#3184);
#13=(
REPRESENTATION_RELATIONSHIP($,$,#4924,#4923)
REPRESENTATION_RELATIONSHIP_WITH_TRANSFORMATION(#11)
SHAPE_REPRESENTATION_RELATIONSHIP()
);
#14=(
REPRESENTATION_RELATIONSHIP($,$,#4925,#4923)
REPRESENTATION_RELATIONSHIP_WITH_TRANSFORMATION(#12)
SHAPE_REPRESENTATION_RELATIONSHIP()
);
#15=CONTEXT_DEPENDENT_SHAPE_REPRESENTATION(#13,#4921);
#16=CONTEXT_DEPENDENT_SHAPE_REPRESENTATION(#14,#4922);
#17=NEXT_ASSEMBLY_USAGE_OCCURRENCE('hydropad_top:1','hydropad_top:1',
'hydropad_top:1',#4927,#4928,'hydropad_top:1');
#18=NEXT_ASSEMBLY_USAGE_OCCURRENCE('hydropad_top:1','hydropad_top:1',
'hydropad_top:1',#4927,#4929,'hydropad_top:1');
#19=SHAPE_REPRESENTATION_RELATIONSHIP('SRR','None',#4924,#21);
#20=SHAPE_REPRESENTATION_RELATIONSHIP('SRR','None',#4925,#22);
#21=ADVANCED_BREP_SHAPE_REPRESENTATION('',(#25),#4908);
#22=ADVANCED_BREP_SHAPE_REPRESENTATION('',(#26),#4909);
#23=STYLED_ITEM('',(#4942),#25);
#24=STYLED_ITEM('',(#4942),#26);
#25=MANIFOLD_SOLID_BREP('Body7',#2842);
#26=MANIFOLD_SOLID_BREP('Body7',#2843);
#27=SPHERICAL_SURFACE('',#2968,2.);
#28=SPHERICAL_SURFACE('',#2971,2.);
#29=SPHERICAL_SURFACE('',#2976,1.99999999999999);
#30=SPHERICAL_SURFACE('',#2980,2.);
#31=TOROIDAL_SURFACE('',#2913,4.5,0.5);
#32=TOROIDAL_SURFACE('',#2920,4.5,0.5);
#33=TOROIDAL_SURFACE('',#2926,4.49999999999999,0.5);
#34=TOROIDAL_SURFACE('',#2932,4.50000000000002,0.5);
#35=TOROIDAL_SURFACE('',#3017,4.,1.);
#36=TOROIDAL_SURFACE('',#3024,4.,1.);
#37=TOROIDAL_SURFACE('',#3030,3.99999999999999,1.);
#38=TOROIDAL_SURFACE('',#3036,4.00000000000002,1.);
#39=FACE_BOUND('',#302,.T.);
#40=FACE_BOUND('',#303,.T.);
#41=FACE_BOUND('',#325,.T.);
#42=FACE_BOUND('',#326,.T.);
#43=FACE_BOUND('',#359,.T.);
#44=FACE_BOUND('',#360,.T.);
#45=FACE_BOUND('',#361,.T.);
#46=FACE_BOUND('',#362,.T.);
#47=FACE_BOUND('',#363,.T.);
#48=FACE_BOUND('',#366,.T.);
#49=FACE_BOUND('',#386,.T.);
#50=FACE_BOUND('',#387,.T.);
#51=FACE_BOUND('',#388,.T.);
#52=FACE_BOUND('',#389,.T.);
#53=FACE_BOUND('',#390,.T.);
#54=FACE_BOUND('',#391,.T.);
#55=FACE_BOUND('',#392,.T.);
#56=FACE_BOUND('',#393,.T.);
#57=FACE_BOUND('',#394,.T.);
#58=FACE_BOUND('',#395,.T.);
#59=FACE_BOUND('',#396,.T.);
#60=FACE_BOUND('',#397,.T.);
#61=FACE_BOUND('',#467,.T.);
#62=FACE_BOUND('',#468,.T.);
#63=FACE_BOUND('',#469,.T.);
#64=FACE_BOUND('',#470,.T.);
#65=FACE_BOUND('',#471,.T.);
#66=FACE_BOUND('',#472,.T.);
#67=FACE_BOUND('',#473,.T.);
#68=FACE_BOUND('',#474,.T.);
#69=FACE_BOUND('',#475,.T.);
#70=FACE_BOUND('',#476,.T.);
#71=FACE_BOUND('',#477,.T.);
#72=FACE_BOUND('',#478,.T.);
#73=B_SPLINE_CURVE_WITH_KNOTS('',3,(#4099,#4100,#4101,#4102,#4103,#4104),
 .UNSPECIFIED.,.F.,.F.,(4,2,4),(0.321412055295951,0.387178006606293,0.467071686183705),
 .UNSPECIFIED.);
#74=B_SPLINE_CURVE_WITH_KNOTS('',3,(#4179,#4180,#4181,#4182,#4183,#4184),
 .UNSPECIFIED.,.F.,.F.,(4,2,4),(0.,0.0798936795774114,0.145659630887754),
 .UNSPECIFIED.);
#75=PLANE('',#2872);
#76=PLANE('',#2876);
#77=PLANE('',#2880);
#78=PLANE('',#2884);
#79=PLANE('',#2887);
#80=PLANE('',#2899);
#81=PLANE('',#2905);
#82=PLANE('',#2910);
#83=PLANE('',#2937);
#84=PLANE('',#2940);
#85=PLANE('',#2943);
#86=PLANE('',#2953);
#87=PLANE('',#2955);
#88=PLANE('',#2957);
#89=PLANE('',#2959);
#90=PLANE('',#2961);
#91=PLANE('',#2963);
#92=PLANE('',#2965);
#93=PLANE('',#2967);
#94=PLANE('',#2993);
#95=PLANE('',#2994);
#96=PLANE('',#2995);
#97=PLANE('',#2996);
#98=PLANE('',#2997);
#99=PLANE('',#3001);
#100=PLANE('',#3003);
#101=PLANE('',#3041);
#102=PLANE('',#3044);
#103=PLANE('',#3047);
#104=PLANE('',#3082);
#105=PLANE('',#3085);
#106=PLANE('',#3088);
#107=PLANE('',#3091);
#108=PLANE('',#3094);
#109=PLANE('',#3097);
#110=PLANE('',#3100);
#111=PLANE('',#3103);
#112=PLANE('',#3106);
#113=PLANE('',#3109);
#114=PLANE('',#3112);
#115=PLANE('',#3115);
#116=PLANE('',#3116);
#117=PLANE('',#3119);
#118=PLANE('',#3122);
#119=PLANE('',#3125);
#120=PLANE('',#3128);
#121=PLANE('',#3131);
#122=PLANE('',#3134);
#123=PLANE('',#3137);
#124=PLANE('',#3140);
#125=PLANE('',#3143);
#126=PLANE('',#3146);
#127=PLANE('',#3149);
#128=PLANE('',#3154);
#129=PLANE('',#3157);
#130=PLANE('',#3160);
#131=PLANE('',#3163);
#132=PLANE('',#3164);
#133=PLANE('',#3167);
#134=PLANE('',#3170);
#135=PLANE('',#3173);
#136=PLANE('',#3176);
#137=PLANE('',#3179);
#138=PLANE('',#3182);
#139=FACE_OUTER_BOUND('',#292,.T.);
#140=FACE_OUTER_BOUND('',#293,.T.);
#141=FACE_OUTER_BOUND('',#294,.T.);
#142=FACE_OUTER_BOUND('',#295,.T.);
#143=FACE_OUTER_BOUND('',#296,.T.);
#144=FACE_OUTER_BOUND('',#297,.T.);
#145=FACE_OUTER_BOUND('',#298,.T.);
#146=FACE_OUTER_BOUND('',#299,.T.);
#147=FACE_OUTER_BOUND('',#300,.T.);
#148=FACE_OUTER_BOUND('',#301,.T.);
#149=FACE_OUTER_BOUND('',#304,.T.);
#150=FACE_OUTER_BOUND('',#305,.T.);
#151=FACE_OUTER_BOUND('',#306,.T.);
#152=FACE_OUTER_BOUND('',#307,.T.);
#153=FACE_OUTER_BOUND('',#308,.T.);
#154=FACE_OUTER_BOUND('',#309,.T.);
#155=FACE_OUTER_BOUND('',#310,.T.);
#156=FACE_OUTER_BOUND('',#311,.T.);
#157=FACE_OUTER_BOUND('',#312,.T.);
#158=FACE_OUTER_BOUND('',#313,.T.);
#159=FACE_OUTER_BOUND('',#314,.T.);
#160=FACE_OUTER_BOUND('',#315,.T.);
#161=FACE_OUTER_BOUND('',#316,.T.);
#162=FACE_OUTER_BOUND('',#317,.T.);
#163=FACE_OUTER_BOUND('',#318,.T.);
#164=FACE_OUTER_BOUND('',#319,.T.);
#165=FACE_OUTER_BOUND('',#320,.T.);
#166=FACE_OUTER_BOUND('',#321,.T.);
#167=FACE_OUTER_BOUND('',#322,.T.);
#168=FACE_OUTER_BOUND('',#323,.T.);
#169=FACE_OUTER_BOUND('',#324,.T.);
#170=FACE_OUTER_BOUND('',#327,.T.);
#171=FACE_OUTER_BOUND('',#328,.T.);
#172=FACE_OUTER_BOUND('',#329,.T.);
#173=FACE_OUTER_BOUND('',#330,.T.);
#174=FACE_OUTER_BOUND('',#331,.T.);
#175=FACE_OUTER_BOUND('',#332,.T.);
#176=FACE_OUTER_BOUND('',#333,.T.);
#177=FACE_OUTER_BOUND('',#334,.T.);
#178=FACE_OUTER_BOUND('',#335,.T.);
#179=FACE_OUTER_BOUND('',#336,.T.);
#180=FACE_OUTER_BOUND('',#337,.T.);
#181=FACE_OUTER_BOUND('',#338,.T.);
#182=FACE_OUTER_BOUND('',#339,.T.);
#183=FACE_OUTER_BOUND('',#340,.T.);
#184=FACE_OUTER_BOUND('',#341,.T.);
#185=FACE_OUTER_BOUND('',#342,.T.);
#186=FACE_OUTER_BOUND('',#343,.T.);
#187=FACE_OUTER_BOUND('',#344,.T.);
#188=FACE_OUTER_BOUND('',#345,.T.);
#189=FACE_OUTER_BOUND('',#346,.T.);
#190=FACE_OUTER_BOUND('',#347,.T.);
#191=FACE_OUTER_BOUND('',#348,.T.);
#192=FACE_OUTER_BOUND('',#349,.T.);
#193=FACE_OUTER_BOUND('',#350,.T.);
#194=FACE_OUTER_BOUND('',#351,.T.);
#195=FACE_OUTER_BOUND('',#352,.T.);
#196=FACE_OUTER_BOUND('',#353,.T.);
#197=FACE_OUTER_BOUND('',#354,.T.);
#198=FACE_OUTER_BOUND('',#355,.T.);
#199=FACE_OUTER_BOUND('',#356,.T.);
#200=FACE_OUTER_BOUND('',#357,.T.);
#201=FACE_OUTER_BOUND('',#358,.T.);
#202=FACE_OUTER_BOUND('',#364,.T.);
#203=FACE_OUTER_BOUND('',#365,.T.);
#204=FACE_OUTER_BOUND('',#367,.T.);
#205=FACE_OUTER_BOUND('',#368,.T.);
#206=FACE_OUTER_BOUND('',#369,.T.);
#207=FACE_OUTER_BOUND('',#370,.T.);
#208=FACE_OUTER_BOUND('',#371,.T.);
#209=FACE_OUTER_BOUND('',#372,.T.);
#210=FACE_OUTER_BOUND('',#373,.T.);
#211=FACE_OUTER_BOUND('',#374,.T.);
#212=FACE_OUTER_BOUND('',#375,.T.);
#213=FACE_OUTER_BOUND('',#376,.T.);
#214=FACE_OUTER_BOUND('',#377,.T.);
#215=FACE_OUTER_BOUND('',#378,.T.);
#216=FACE_OUTER_BOUND('',#379,.T.);
#217=FACE_OUTER_BOUND('',#380,.T.);
#218=FACE_OUTER_BOUND('',#381,.T.);
#219=FACE_OUTER_BOUND('',#382,.T.);
#220=FACE_OUTER_BOUND('',#383,.T.);
#221=FACE_OUTER_BOUND('',#384,.T.);
#222=FACE_OUTER_BOUND('',#385,.T.);
#223=FACE_OUTER_BOUND('',#398,.T.);
#224=FACE_OUTER_BOUND('',#399,.T.);
#225=FACE_OUTER_BOUND('',#400,.T.);
#226=FACE_OUTER_BOUND('',#401,.T.);
#227=FACE_OUTER_BOUND('',#402,.T.);
#228=FACE_OUTER_BOUND('',#403,.T.);
#229=FACE_OUTER_BOUND('',#404,.T.);
#230=FACE_OUTER_BOUND('',#405,.T.);
#231=FACE_OUTER_BOUND('',#406,.T.);
#232=FACE_OUTER_BOUND('',#407,.T.);
#233=FACE_OUTER_BOUND('',#408,.T.);
#234=FACE_OUTER_BOUND('',#409,.T.);
#235=FACE_OUTER_BOUND('',#410,.T.);
#236=FACE_OUTER_BOUND('',#411,.T.);
#237=FACE_OUTER_BOUND('',#412,.T.);
#238=FACE_OUTER_BOUND('',#413,.T.);
#239=FACE_OUTER_BOUND('',#414,.T.);
#240=FACE_OUTER_BOUND('',#415,.T.);
#241=FACE_OUTER_BOUND('',#416,.T.);
#242=FACE_OUTER_BOUND('',#417,.T.);
#243=FACE_OUTER_BOUND('',#418,.T.);
#244=FACE_OUTER_BOUND('',#419,.T.);
#245=FACE_OUTER_BOUND('',#420,.T.);
#246=FACE_OUTER_BOUND('',#421,.T.);
#247=FACE_OUTER_BOUND('',#422,.T.);
#248=FACE_OUTER_BOUND('',#423,.T.);
#249=FACE_OUTER_BOUND('',#424,.T.);
#250=FACE_OUTER_BOUND('',#425,.T.);
#251=FACE_OUTER_BOUND('',#426,.T.);
#252=FACE_OUTER_BOUND('',#427,.T.);
#253=FACE_OUTER_BOUND('',#428,.T.);
#254=FACE_OUTER_BOUND('',#429,.T.);
#255=FACE_OUTER_BOUND('',#430,.T.);
#256=FACE_OUTER_BOUND('',#431,.T.);
#257=FACE_OUTER_BOUND('',#432,.T.);
#258=FACE_OUTER_BOUND('',#433,.T.);
#259=FACE_OUTER_BOUND('',#434,.T.);
#260=FACE_OUTER_BOUND('',#435,.T.);
#261=FACE_OUTER_BOUND('',#436,.T.);
#262=FACE_OUTER_BOUND('',#437,.T.);
#263=FACE_OUTER_BOUND('',#438,.T.);
#264=FACE_OUTER_BOUND('',#439,.T.);
#265=FACE_OUTER_BOUND('',#440,.T.);
#266=FACE_OUTER_BOUND('',#441,.T.);
#267=FACE_OUTER_BOUND('',#442,.T.);
#268=FACE_OUTER_BOUND('',#443,.T.);
#269=FACE_OUTER_BOUND('',#444,.T.);
#270=FACE_OUTER_BOUND('',#445,.T.);
#271=FACE_OUTER_BOUND('',#446,.T.);
#272=FACE_OUTER_BOUND('',#447,.T.);
#273=FACE_OUTER_BOUND('',#448,.T.);
#274=FACE_OUTER_BOUND('',#449,.T.);
#275=FACE_OUTER_BOUND('',#450,.T.);
#276=FACE_OUTER_BOUND('',#451,.T.);
#277=FACE_OUTER_BOUND('',#452,.T.);
#278=FACE_OUTER_BOUND('',#453,.T.);
#279=FACE_OUTER_BOUND('',#454,.T.);
#280=FACE_OUTER_BOUND('',#455,.T.);
#281=FACE_OUTER_BOUND('',#456,.T.);
#282=FACE_OUTER_BOUND('',#457,.T.);
#283=FACE_OUTER_BOUND('',#458,.T.);
#284=FACE_OUTER_BOUND('',#459,.T.);
#285=FACE_OUTER_BOUND('',#460,.T.);
#286=FACE_OUTER_BOUND('',#461,.T.);
#287=FACE_OUTER_BOUND('',#462,.T.);
#288=FACE_OUTER_BOUND('',#463,.T.);
#289=FACE_OUTER_BOUND('',#464,.T.);
#290=FACE_OUTER_BOUND('',#465,.T.);
#291=FACE_OUTER_BOUND('',#466,.T.);
#292=EDGE_LOOP('',(#1798,#1799,#1800,#1801));
#293=EDGE_LOOP('',(#1802));
#294=EDGE_LOOP('',(#1803,#1804,#1805,#1806));
#295=EDGE_LOOP('',(#1807));
#296=EDGE_LOOP('',(#1808,#1809,#1810,#1811));
#297=EDGE_LOOP('',(#1812));
#298=EDGE_LOOP('',(#1813,#1814,#1815,#1816));
#299=EDGE_LOOP('',(#1817));
#300=EDGE_LOOP('',(#1818,#1819,#1820,#1821));
#301=EDGE_LOOP('',(#1822,#1823,#1824,#1825,#1826,#1827,#1828,#1829));
#302=EDGE_LOOP('',(#1830,#1831,#1832,#1833,#1834,#1835,#1836,#1837));
#303=EDGE_LOOP('',(#1838,#1839,#1840,#1841,#1842,#1843,#1844,#1845));
#304=EDGE_LOOP('',(#1846,#1847,#1848,#1849));
#305=EDGE_LOOP('',(#1850,#1851,#1852,#1853));
#306=EDGE_LOOP('',(#1854,#1855,#1856,#1857));
#307=EDGE_LOOP('',(#1858,#1859,#1860,#1861));
#308=EDGE_LOOP('',(#1862,#1863,#1864,#1865,#1866));
#309=EDGE_LOOP('',(#1867,#1868,#1869,#1870,#1871));
#310=EDGE_LOOP('',(#1872,#1873,#1874,#1875,#1876));
#311=EDGE_LOOP('',(#1877,#1878,#1879,#1880,#1881));
#312=EDGE_LOOP('',(#1882,#1883,#1884,#1885));
#313=EDGE_LOOP('',(#1886,#1887,#1888,#1889));
#314=EDGE_LOOP('',(#1890,#1891,#1892,#1893));
#315=EDGE_LOOP('',(#1894,#1895,#1896,#1897));
#316=EDGE_LOOP('',(#1898,#1899,#1900,#1901));
#317=EDGE_LOOP('',(#1902,#1903,#1904,#1905));
#318=EDGE_LOOP('',(#1906,#1907,#1908,#1909));
#319=EDGE_LOOP('',(#1910,#1911,#1912,#1913));
#320=EDGE_LOOP('',(#1914,#1915,#1916,#1917));
#321=EDGE_LOOP('',(#1918,#1919,#1920,#1921));
#322=EDGE_LOOP('',(#1922,#1923,#1924,#1925));
#323=EDGE_LOOP('',(#1926,#1927,#1928,#1929));
#324=EDGE_LOOP('',(#1930,#1931,#1932,#1933,#1934,#1935,#1936,#1937));
#325=EDGE_LOOP('',(#1938,#1939,#1940,#1941,#1942,#1943,#1944,#1945));
#326=EDGE_LOOP('',(#1946,#1947,#1948,#1949,#1950,#1951,#1952,#1953));
#327=EDGE_LOOP('',(#1954,#1955,#1956,#1957));
#328=EDGE_LOOP('',(#1958,#1959,#1960,#1961));
#329=EDGE_LOOP('',(#1962,#1963,#1964,#1965));
#330=EDGE_LOOP('',(#1966,#1967,#1968,#1969));
#331=EDGE_LOOP('',(#1970,#1971,#1972,#1973));
#332=EDGE_LOOP('',(#1974,#1975,#1976,#1977));
#333=EDGE_LOOP('',(#1978,#1979,#1980,#1981));
#334=EDGE_LOOP('',(#1982,#1983,#1984,#1985));
#335=EDGE_LOOP('',(#1986,#1987,#1988,#1989));
#336=EDGE_LOOP('',(#1990,#1991,#1992,#1993));
#337=EDGE_LOOP('',(#1994,#1995,#1996,#1997));
#338=EDGE_LOOP('',(#1998,#1999,#2000,#2001));
#339=EDGE_LOOP('',(#2002,#2003,#2004,#2005));
#340=EDGE_LOOP('',(#2006,#2007,#2008,#2009));
#341=EDGE_LOOP('',(#2010,#2011,#2012,#2013));
#342=EDGE_LOOP('',(#2014,#2015,#2016,#2017));
#343=EDGE_LOOP('',(#2018,#2019,#2020));
#344=EDGE_LOOP('',(#2021,#2022,#2023));
#345=EDGE_LOOP('',(#2024,#2025,#2026,#2027));
#346=EDGE_LOOP('',(#2028,#2029,#2030));
#347=EDGE_LOOP('',(#2031,#2032,#2033));
#348=EDGE_LOOP('',(#2034,#2035,#2036,#2037));
#349=EDGE_LOOP('',(#2038,#2039,#2040,#2041));
#350=EDGE_LOOP('',(#2042,#2043,#2044,#2045));
#351=EDGE_LOOP('',(#2046,#2047,#2048,#2049));
#352=EDGE_LOOP('',(#2050,#2051,#2052,#2053));
#353=EDGE_LOOP('',(#2054,#2055,#2056,#2057));
#354=EDGE_LOOP('',(#2058,#2059,#2060,#2061));
#355=EDGE_LOOP('',(#2062,#2063,#2064,#2065));
#356=EDGE_LOOP('',(#2066,#2067,#2068,#2069));
#357=EDGE_LOOP('',(#2070,#2071,#2072,#2073,#2074,#2075,#2076,#2077,#2078,
#2079));
#358=EDGE_LOOP('',(#2080,#2081,#2082,#2083,#2084,#2085,#2086,#2087));
#359=EDGE_LOOP('',(#2088));
#360=EDGE_LOOP('',(#2089));
#361=EDGE_LOOP('',(#2090));
#362=EDGE_LOOP('',(#2091));
#363=EDGE_LOOP('',(#2092,#2093,#2094,#2095,#2096,#2097,#2098,#2099));
#364=EDGE_LOOP('',(#2100,#2101,#2102,#2103));
#365=EDGE_LOOP('',(#2104,#2105,#2106,#2107));
#366=EDGE_LOOP('',(#2108,#2109,#2110,#2111,#2112,#2113,#2114,#2115));
#367=EDGE_LOOP('',(#2116,#2117,#2118,#2119));
#368=EDGE_LOOP('',(#2120,#2121,#2122,#2123));
#369=EDGE_LOOP('',(#2124,#2125,#2126,#2127));
#370=EDGE_LOOP('',(#2128,#2129,#2130,#2131));
#371=EDGE_LOOP('',(#2132,#2133,#2134,#2135));
#372=EDGE_LOOP('',(#2136,#2137,#2138,#2139));
#373=EDGE_LOOP('',(#2140,#2141,#2142,#2143));
#374=EDGE_LOOP('',(#2144,#2145,#2146,#2147));
#375=EDGE_LOOP('',(#2148,#2149,#2150,#2151));
#376=EDGE_LOOP('',(#2152,#2153,#2154,#2155));
#377=EDGE_LOOP('',(#2156,#2157,#2158,#2159));
#378=EDGE_LOOP('',(#2160,#2161,#2162,#2163));
#379=EDGE_LOOP('',(#2164,#2165,#2166,#2167));
#380=EDGE_LOOP('',(#2168,#2169,#2170,#2171));
#381=EDGE_LOOP('',(#2172,#2173,#2174,#2175));
#382=EDGE_LOOP('',(#2176,#2177,#2178,#2179));
#383=EDGE_LOOP('',(#2180,#2181,#2182,#2183));
#384=EDGE_LOOP('',(#2184,#2185,#2186,#2187));
#385=EDGE_LOOP('',(#2188,#2189,#2190,#2191,#2192,#2193,#2194,#2195));
#386=EDGE_LOOP('',(#2196));
#387=EDGE_LOOP('',(#2197));
#388=EDGE_LOOP('',(#2198,#2199,#2200,#2201,#2202,#2203,#2204,#2205));
#389=EDGE_LOOP('',(#2206,#2207,#2208,#2209,#2210,#2211,#2212,#2213));
#390=EDGE_LOOP('',(#2214,#2215,#2216,#2217,#2218,#2219,#2220,#2221));
#391=EDGE_LOOP('',(#2222,#2223,#2224,#2225,#2226,#2227,#2228,#2229));
#392=EDGE_LOOP('',(#2230,#2231,#2232,#2233,#2234,#2235,#2236,#2237));
#393=EDGE_LOOP('',(#2238,#2239,#2240,#2241,#2242,#2243,#2244,#2245));
#394=EDGE_LOOP('',(#2246,#2247,#2248,#2249,#2250,#2251,#2252,#2253));
#395=EDGE_LOOP('',(#2254,#2255,#2256,#2257,#2258,#2259,#2260,#2261));
#396=EDGE_LOOP('',(#2262));
#397=EDGE_LOOP('',(#2263));
#398=EDGE_LOOP('',(#2264,#2265,#2266,#2267));
#399=EDGE_LOOP('',(#2268,#2269,#2270,#2271));
#400=EDGE_LOOP('',(#2272,#2273,#2274,#2275));
#401=EDGE_LOOP('',(#2276,#2277,#2278,#2279));
#402=EDGE_LOOP('',(#2280,#2281,#2282,#2283));
#403=EDGE_LOOP('',(#2284,#2285,#2286,#2287));
#404=EDGE_LOOP('',(#2288,#2289,#2290,#2291));
#405=EDGE_LOOP('',(#2292,#2293,#2294,#2295));
#406=EDGE_LOOP('',(#2296,#2297,#2298,#2299));
#407=EDGE_LOOP('',(#2300,#2301,#2302,#2303));
#408=EDGE_LOOP('',(#2304,#2305,#2306,#2307));
#409=EDGE_LOOP('',(#2308,#2309,#2310,#2311));
#410=EDGE_LOOP('',(#2312,#2313,#2314,#2315));
#411=EDGE_LOOP('',(#2316,#2317,#2318,#2319));
#412=EDGE_LOOP('',(#2320,#2321,#2322,#2323));
#413=EDGE_LOOP('',(#2324,#2325,#2326,#2327));
#414=EDGE_LOOP('',(#2328,#2329,#2330,#2331));
#415=EDGE_LOOP('',(#2332,#2333,#2334,#2335));
#416=EDGE_LOOP('',(#2336,#2337,#2338,#2339));
#417=EDGE_LOOP('',(#2340,#2341,#2342,#2343));
#418=EDGE_LOOP('',(#2344,#2345,#2346,#2347));
#419=EDGE_LOOP('',(#2348,#2349,#2350,#2351));
#420=EDGE_LOOP('',(#2352,#2353,#2354,#2355));
#421=EDGE_LOOP('',(#2356,#2357,#2358,#2359));
#422=EDGE_LOOP('',(#2360,#2361,#2362,#2363));
#423=EDGE_LOOP('',(#2364,#2365,#2366,#2367));
#424=EDGE_LOOP('',(#2368,#2369,#2370,#2371));
#425=EDGE_LOOP('',(#2372,#2373,#2374,#2375));
#426=EDGE_LOOP('',(#2376,#2377,#2378,#2379));
#427=EDGE_LOOP('',(#2380,#2381,#2382,#2383));
#428=EDGE_LOOP('',(#2384,#2385,#2386,#2387));
#429=EDGE_LOOP('',(#2388,#2389,#2390,#2391));
#430=EDGE_LOOP('',(#2392,#2393,#2394,#2395));
#431=EDGE_LOOP('',(#2396,#2397,#2398,#2399));
#432=EDGE_LOOP('',(#2400,#2401,#2402,#2403));
#433=EDGE_LOOP('',(#2404,#2405,#2406,#2407));
#434=EDGE_LOOP('',(#2408,#2409,#2410,#2411));
#435=EDGE_LOOP('',(#2412,#2413,#2414,#2415));
#436=EDGE_LOOP('',(#2416,#2417,#2418,#2419));
#437=EDGE_LOOP('',(#2420,#2421,#2422,#2423));
#438=EDGE_LOOP('',(#2424,#2425,#2426,#2427));
#439=EDGE_LOOP('',(#2428,#2429,#2430,#2431));
#440=EDGE_LOOP('',(#2432,#2433,#2434,#2435));
#441=EDGE_LOOP('',(#2436,#2437,#2438,#2439));
#442=EDGE_LOOP('',(#2440,#2441,#2442,#2443));
#443=EDGE_LOOP('',(#2444,#2445,#2446,#2447));
#444=EDGE_LOOP('',(#2448,#2449,#2450,#2451));
#445=EDGE_LOOP('',(#2452,#2453,#2454,#2455));
#446=EDGE_LOOP('',(#2456,#2457,#2458,#2459));
#447=EDGE_LOOP('',(#2460,#2461,#2462,#2463));
#448=EDGE_LOOP('',(#2464,#2465,#2466,#2467));
#449=EDGE_LOOP('',(#2468,#2469,#2470,#2471));
#450=EDGE_LOOP('',(#2472,#2473,#2474,#2475));
#451=EDGE_LOOP('',(#2476,#2477,#2478,#2479));
#452=EDGE_LOOP('',(#2480,#2481,#2482,#2483));
#453=EDGE_LOOP('',(#2484,#2485,#2486,#2487));
#454=EDGE_LOOP('',(#2488,#2489,#2490,#2491));
#455=EDGE_LOOP('',(#2492,#2493,#2494,#2495));
#456=EDGE_LOOP('',(#2496,#2497,#2498,#2499));
#457=EDGE_LOOP('',(#2500,#2501,#2502,#2503));
#458=EDGE_LOOP('',(#2504,#2505,#2506,#2507));
#459=EDGE_LOOP('',(#2508,#2509,#2510,#2511));
#460=EDGE_LOOP('',(#2512,#2513,#2514,#2515));
#461=EDGE_LOOP('',(#2516,#2517,#2518,#2519));
#462=EDGE_LOOP('',(#2520,#2521,#2522,#2523));
#463=EDGE_LOOP('',(#2524,#2525,#2526,#2527));
#464=EDGE_LOOP('',(#2528,#2529,#2530,#2531));
#465=EDGE_LOOP('',(#2532,#2533,#2534,#2535));
#466=EDGE_LOOP('',(#2536,#2537,#2538,#2539,#2540,#2541,#2542,#2543));
#467=EDGE_LOOP('',(#2544));
#468=EDGE_LOOP('',(#2545));
#469=EDGE_LOOP('',(#2546,#2547,#2548,#2549,#2550,#2551,#2552,#2553));
#470=EDGE_LOOP('',(#2554,#2555,#2556,#2557,#2558,#2559,#2560,#2561));
#471=EDGE_LOOP('',(#2562,#2563,#2564,#2565,#2566,#2567,#2568,#2569));
#472=EDGE_LOOP('',(#2570,#2571,#2572,#2573,#2574,#2575,#2576,#2577));
#473=EDGE_LOOP('',(#2578,#2579,#2580,#2581,#2582,#2583,#2584,#2585));
#474=EDGE_LOOP('',(#2586,#2587,#2588,#2589,#2590,#2591,#2592,#2593));
#475=EDGE_LOOP('',(#2594,#2595,#2596,#2597,#2598,#2599,#2600,#2601));
#476=EDGE_LOOP('',(#2602,#2603,#2604,#2605,#2606,#2607,#2608,#2609));
#477=EDGE_LOOP('',(#2610));
#478=EDGE_LOOP('',(#2611));
#479=LINE('',#4072,#724);
#480=LINE('',#4079,#725);
#481=LINE('',#4086,#726);
#482=LINE('',#4093,#727);
#483=LINE('',#4106,#728);
#484=LINE('',#4109,#729);
#485=LINE('',#4112,#730);
#486=LINE('',#4114,#731);
#487=LINE('',#4116,#732);
#488=LINE('',#4118,#733);
#489=LINE('',#4120,#734);
#490=LINE('',#4122,#735);
#491=LINE('',#4123,#736);
#492=LINE('',#4126,#737);
#493=LINE('',#4130,#738);
#494=LINE('',#4134,#739);
#495=LINE('',#4138,#740);
#496=LINE('',#4142,#741);
#497=LINE('',#4146,#742);
#498=LINE('',#4150,#743);
#499=LINE('',#4154,#744);
#500=LINE('',#4161,#745);
#501=LINE('',#4164,#746);
#502=LINE('',#4167,#747);
#503=LINE('',#4169,#748);
#504=LINE('',#4170,#749);
#505=LINE('',#4176,#750);
#506=LINE('',#4186,#751);
#507=LINE('',#4189,#752);
#508=LINE('',#4192,#753);
#509=LINE('',#4197,#754);
#510=LINE('',#4200,#755);
#511=LINE('',#4201,#756);
#512=LINE('',#4205,#757);
#513=LINE('',#4219,#758);
#514=LINE('',#4220,#759);
#515=LINE('',#4231,#760);
#516=LINE('',#4232,#761);
#517=LINE('',#4243,#762);
#518=LINE('',#4244,#763);
#519=LINE('',#4252,#764);
#520=LINE('',#4253,#765);
#521=LINE('',#4256,#766);
#522=LINE('',#4258,#767);
#523=LINE('',#4259,#768);
#524=LINE('',#4262,#769);
#525=LINE('',#4266,#770);
#526=LINE('',#4267,#771);
#527=LINE('',#4270,#772);
#528=LINE('',#4277,#773);
#529=LINE('',#4281,#774);
#530=LINE('',#4285,#775);
#531=LINE('',#4288,#776);
#532=LINE('',#4293,#777);
#533=LINE('',#4297,#778);
#534=LINE('',#4301,#779);
#535=LINE('',#4304,#780);
#536=LINE('',#4306,#781);
#537=LINE('',#4307,#782);
#538=LINE('',#4309,#783);
#539=LINE('',#4311,#784);
#540=LINE('',#4312,#785);
#541=LINE('',#4314,#786);
#542=LINE('',#4316,#787);
#543=LINE('',#4319,#788);
#544=LINE('',#4322,#789);
#545=LINE('',#4323,#790);
#546=LINE('',#4325,#791);
#547=LINE('',#4327,#792);
#548=LINE('',#4328,#793);
#549=LINE('',#4331,#794);
#550=LINE('',#4333,#795);
#551=LINE('',#4335,#796);
#552=LINE('',#4349,#797);
#553=LINE('',#4350,#798);
#554=LINE('',#4364,#799);
#555=LINE('',#4369,#800);
#556=LINE('',#4370,#801);
#557=LINE('',#4372,#802);
#558=LINE('',#4377,#803);
#559=LINE('',#4378,#804);
#560=LINE('',#4380,#805);
#561=LINE('',#4385,#806);
#562=LINE('',#4386,#807);
#563=LINE('',#4388,#808);
#564=LINE('',#4390,#809);
#565=LINE('',#4392,#810);
#566=LINE('',#4394,#811);
#567=LINE('',#4397,#812);
#568=LINE('',#4401,#813);
#569=LINE('',#4404,#814);
#570=LINE('',#4406,#815);
#571=LINE('',#4408,#816);
#572=LINE('',#4415,#817);
#573=LINE('',#4421,#818);
#574=LINE('',#4427,#819);
#575=LINE('',#4433,#820);
#576=LINE('',#4448,#821);
#577=LINE('',#4449,#822);
#578=LINE('',#4460,#823);
#579=LINE('',#4461,#824);
#580=LINE('',#4472,#825);
#581=LINE('',#4473,#826);
#582=LINE('',#4481,#827);
#583=LINE('',#4482,#828);
#584=LINE('',#4485,#829);
#585=LINE('',#4487,#830);
#586=LINE('',#4488,#831);
#587=LINE('',#4491,#832);
#588=LINE('',#4495,#833);
#589=LINE('',#4496,#834);
#590=LINE('',#4499,#835);
#591=LINE('',#4504,#836);
#592=LINE('',#4508,#837);
#593=LINE('',#4512,#838);
#594=LINE('',#4516,#839);
#595=LINE('',#4520,#840);
#596=LINE('',#4524,#841);
#597=LINE('',#4528,#842);
#598=LINE('',#4532,#843);
#599=LINE('',#4538,#844);
#600=LINE('',#4542,#845);
#601=LINE('',#4546,#846);
#602=LINE('',#4549,#847);
#603=LINE('',#4554,#848);
#604=LINE('',#4558,#849);
#605=LINE('',#4562,#850);
#606=LINE('',#4565,#851);
#607=LINE('',#4570,#852);
#608=LINE('',#4574,#853);
#609=LINE('',#4578,#854);
#610=LINE('',#4581,#855);
#611=LINE('',#4584,#856);
#612=LINE('',#4588,#857);
#613=LINE('',#4592,#858);
#614=LINE('',#4596,#859);
#615=LINE('',#4602,#860);
#616=LINE('',#4606,#861);
#617=LINE('',#4610,#862);
#618=LINE('',#4613,#863);
#619=LINE('',#4616,#864);
#620=LINE('',#4620,#865);
#621=LINE('',#4624,#866);
#622=LINE('',#4628,#867);
#623=LINE('',#4634,#868);
#624=LINE('',#4635,#869);
#625=LINE('',#4638,#870);
#626=LINE('',#4639,#871);
#627=LINE('',#4644,#872);
#628=LINE('',#4645,#873);
#629=LINE('',#4647,#874);
#630=LINE('',#4652,#875);
#631=LINE('',#4653,#876);
#632=LINE('',#4655,#877);
#633=LINE('',#4659,#878);
#634=LINE('',#4661,#879);
#635=LINE('',#4666,#880);
#636=LINE('',#4667,#881);
#637=LINE('',#4670,#882);
#638=LINE('',#4671,#883);
#639=LINE('',#4676,#884);
#640=LINE('',#4677,#885);
#641=LINE('',#4679,#886);
#642=LINE('',#4684,#887);
#643=LINE('',#4685,#888);
#644=LINE('',#4687,#889);
#645=LINE('',#4691,#890);
#646=LINE('',#4693,#891);
#647=LINE('',#4698,#892);
#648=LINE('',#4699,#893);
#649=LINE('',#4702,#894);
#650=LINE('',#4703,#895);
#651=LINE('',#4707,#896);
#652=LINE('',#4710,#897);
#653=LINE('',#4711,#898);
#654=LINE('',#4715,#899);
#655=LINE('',#4718,#900);
#656=LINE('',#4719,#901);
#657=LINE('',#4723,#902);
#658=LINE('',#4725,#903);
#659=LINE('',#4729,#904);
#660=LINE('',#4730,#905);
#661=LINE('',#4731,#906);
#662=LINE('',#4735,#907);
#663=LINE('',#4738,#908);
#664=LINE('',#4739,#909);
#665=LINE('',#4743,#910);
#666=LINE('',#4746,#911);
#667=LINE('',#4747,#912);
#668=LINE('',#4751,#913);
#669=LINE('',#4754,#914);
#670=LINE('',#4755,#915);
#671=LINE('',#4761,#916);
#672=LINE('',#4762,#917);
#673=LINE('',#4763,#918);
#674=LINE('',#4767,#919);
#675=LINE('',#4770,#920);
#676=LINE('',#4771,#921);
#677=LINE('',#4775,#922);
#678=LINE('',#4778,#923);
#679=LINE('',#4779,#924);
#680=LINE('',#4783,#925);
#681=LINE('',#4786,#926);
#682=LINE('',#4787,#927);
#683=LINE('',#4793,#928);
#684=LINE('',#4794,#929);
#685=LINE('',#4795,#930);
#686=LINE('',#4799,#931);
#687=LINE('',#4802,#932);
#688=LINE('',#4803,#933);
#689=LINE('',#4807,#934);
#690=LINE('',#4810,#935);
#691=LINE('',#4811,#936);
#692=LINE('',#4815,#937);
#693=LINE('',#4818,#938);
#694=LINE('',#4819,#939);
#695=LINE('',#4826,#940);
#696=LINE('',#4827,#941);
#697=LINE('',#4830,#942);
#698=LINE('',#4831,#943);
#699=LINE('',#4835,#944);
#700=LINE('',#4838,#945);
#701=LINE('',#4839,#946);
#702=LINE('',#4843,#947);
#703=LINE('',#4846,#948);
#704=LINE('',#4847,#949);
#705=LINE('',#4851,#950);
#706=LINE('',#4853,#951);
#707=LINE('',#4857,#952);
#708=LINE('',#4858,#953);
#709=LINE('',#4859,#954);
#710=LINE('',#4863,#955);
#711=LINE('',#4866,#956);
#712=LINE('',#4867,#957);
#713=LINE('',#4871,#958);
#714=LINE('',#4874,#959);
#715=LINE('',#4875,#960);
#716=LINE('',#4879,#961);
#717=LINE('',#4882,#962);
#718=LINE('',#4883,#963);
#719=LINE('',#4888,#964);
#720=LINE('',#4889,#965);
#721=LINE('',#4892,#966);
#722=LINE('',#4896,#967);
#723=LINE('',#4897,#968);
#724=VECTOR('',#3193,2.35);
#725=VECTOR('',#3202,2.35000000000001);
#726=VECTOR('',#3211,2.35);
#727=VECTOR('',#3220,2.35000000000001);
#728=VECTOR('',#3227,10.);
#729=VECTOR('',#3230,10.);
#730=VECTOR('',#3233,10.);
#731=VECTOR('',#3234,10.);
#732=VECTOR('',#3235,10.);
#733=VECTOR('',#3236,10.);
#734=VECTOR('',#3237,10.);
#735=VECTOR('',#3238,10.);
#736=VECTOR('',#3239,10.);
#737=VECTOR('',#3240,10.);
#738=VECTOR('',#3243,10.);
#739=VECTOR('',#3246,10.);
#740=VECTOR('',#3249,10.);
#741=VECTOR('',#3252,10.);
#742=VECTOR('',#3255,10.);
#743=VECTOR('',#3258,10.);
#744=VECTOR('',#3261,10.);
#745=VECTOR('',#3268,10.);
#746=VECTOR('',#3271,10.);
#747=VECTOR('',#3274,10.);
#748=VECTOR('',#3275,10.);
#749=VECTOR('',#3276,10.);
#750=VECTOR('',#3283,10.);
#751=VECTOR('',#3286,10.);
#752=VECTOR('',#3291,10.);
#753=VECTOR('',#3294,10.);
#754=VECTOR('',#3299,10.);
#755=VECTOR('',#3304,10.);
#756=VECTOR('',#3305,10.);
#757=VECTOR('',#3310,10.);
#758=VECTOR('',#3325,10.);
#759=VECTOR('',#3326,10.);
#760=VECTOR('',#3339,10.);
#761=VECTOR('',#3340,10.);
#762=VECTOR('',#3353,10.);
#763=VECTOR('',#3354,10.);
#764=VECTOR('',#3365,10.);
#765=VECTOR('',#3366,10.);
#766=VECTOR('',#3369,10.);
#767=VECTOR('',#3370,10.);
#768=VECTOR('',#3371,10.);
#769=VECTOR('',#3374,10.);
#770=VECTOR('',#3379,10.);
#771=VECTOR('',#3380,10.);
#772=VECTOR('',#3383,10.);
#773=VECTOR('',#3390,10.);
#774=VECTOR('',#3393,10.);
#775=VECTOR('',#3396,10.);
#776=VECTOR('',#3399,10.);
#777=VECTOR('',#3402,10.);
#778=VECTOR('',#3405,10.);
#779=VECTOR('',#3408,10.);
#780=VECTOR('',#3411,10.);
#781=VECTOR('',#3414,10.);
#782=VECTOR('',#3415,10.);
#783=VECTOR('',#3418,10.);
#784=VECTOR('',#3421,10.);
#785=VECTOR('',#3422,10.);
#786=VECTOR('',#3425,10.);
#787=VECTOR('',#3428,10.);
#788=VECTOR('',#3433,10.);
#789=VECTOR('',#3438,10.);
#790=VECTOR('',#3439,10.);
#791=VECTOR('',#3442,10.);
#792=VECTOR('',#3445,10.);
#793=VECTOR('',#3446,10.);
#794=VECTOR('',#3451,10.);
#795=VECTOR('',#3454,10.);
#796=VECTOR('',#3457,10.);
#797=VECTOR('',#3476,10.);
#798=VECTOR('',#3477,10.);
#799=VECTOR('',#3496,10.);
#800=VECTOR('',#3501,10.);
#801=VECTOR('',#3502,10.);
#802=VECTOR('',#3505,10.);
#803=VECTOR('',#3510,10.);
#804=VECTOR('',#3511,10.);
#805=VECTOR('',#3514,10.);
#806=VECTOR('',#3519,10.);
#807=VECTOR('',#3520,10.);
#808=VECTOR('',#3523,10.);
#809=VECTOR('',#3526,10.);
#810=VECTOR('',#3529,10.);
#811=VECTOR('',#3532,10.);
#812=VECTOR('',#3535,10.);
#813=VECTOR('',#3538,10.);
#814=VECTOR('',#3543,10.);
#815=VECTOR('',#3546,10.);
#816=VECTOR('',#3549,10.);
#817=VECTOR('',#3558,1.7);
#818=VECTOR('',#3565,1.7);
#819=VECTOR('',#3572,1.7);
#820=VECTOR('',#3579,1.7);
#821=VECTOR('',#3596,10.);
#822=VECTOR('',#3597,10.);
#823=VECTOR('',#3610,10.);
#824=VECTOR('',#3611,10.);
#825=VECTOR('',#3624,10.);
#826=VECTOR('',#3625,10.);
#827=VECTOR('',#3636,10.);
#828=VECTOR('',#3637,10.);
#829=VECTOR('',#3640,10.);
#830=VECTOR('',#3641,10.);
#831=VECTOR('',#3642,10.);
#832=VECTOR('',#3645,10.);
#833=VECTOR('',#3650,10.);
#834=VECTOR('',#3651,10.);
#835=VECTOR('',#3654,10.);
#836=VECTOR('',#3659,10.);
#837=VECTOR('',#3662,10.);
#838=VECTOR('',#3665,10.);
#839=VECTOR('',#3668,10.);
#840=VECTOR('',#3671,10.);
#841=VECTOR('',#3674,10.);
#842=VECTOR('',#3677,10.);
#843=VECTOR('',#3680,10.);
#844=VECTOR('',#3685,10.);
#845=VECTOR('',#3688,10.);
#846=VECTOR('',#3691,10.);
#847=VECTOR('',#3694,10.);
#848=VECTOR('',#3697,10.);
#849=VECTOR('',#3700,10.);
#850=VECTOR('',#3703,10.);
#851=VECTOR('',#3706,10.);
#852=VECTOR('',#3709,10.);
#853=VECTOR('',#3712,10.);
#854=VECTOR('',#3715,10.);
#855=VECTOR('',#3718,10.);
#856=VECTOR('',#3719,10.);
#857=VECTOR('',#3722,10.);
#858=VECTOR('',#3725,10.);
#859=VECTOR('',#3728,10.);
#860=VECTOR('',#3733,10.);
#861=VECTOR('',#3736,10.);
#862=VECTOR('',#3739,10.);
#863=VECTOR('',#3742,10.);
#864=VECTOR('',#3743,10.);
#865=VECTOR('',#3746,10.);
#866=VECTOR('',#3749,10.);
#867=VECTOR('',#3752,10.);
#868=VECTOR('',#3759,10.);
#869=VECTOR('',#3760,10.);
#870=VECTOR('',#3763,10.);
#871=VECTOR('',#3764,10.);
#872=VECTOR('',#3769,10.);
#873=VECTOR('',#3770,10.);
#874=VECTOR('',#3773,10.);
#875=VECTOR('',#3778,10.);
#876=VECTOR('',#3779,10.);
#877=VECTOR('',#3782,10.);
#878=VECTOR('',#3787,10.);
#879=VECTOR('',#3790,10.);
#880=VECTOR('',#3795,10.);
#881=VECTOR('',#3796,10.);
#882=VECTOR('',#3799,10.);
#883=VECTOR('',#3800,10.);
#884=VECTOR('',#3805,10.);
#885=VECTOR('',#3806,10.);
#886=VECTOR('',#3809,10.);
#887=VECTOR('',#3814,10.);
#888=VECTOR('',#3815,10.);
#889=VECTOR('',#3818,10.);
#890=VECTOR('',#3823,10.);
#891=VECTOR('',#3826,10.);
#892=VECTOR('',#3831,10.);
#893=VECTOR('',#3832,10.);
#894=VECTOR('',#3835,10.);
#895=VECTOR('',#3836,10.);
#896=VECTOR('',#3841,10.);
#897=VECTOR('',#3844,10.);
#898=VECTOR('',#3845,10.);
#899=VECTOR('',#3850,10.);
#900=VECTOR('',#3853,10.);
#901=VECTOR('',#3854,10.);
#902=VECTOR('',#3859,10.);
#903=VECTOR('',#3862,10.);
#904=VECTOR('',#3865,10.);
#905=VECTOR('',#3866,10.);
#906=VECTOR('',#3867,10.);
#907=VECTOR('',#3872,10.);
#908=VECTOR('',#3875,10.);
#909=VECTOR('',#3876,10.);
#910=VECTOR('',#3881,10.);
#911=VECTOR('',#3884,10.);
#912=VECTOR('',#3885,10.);
#913=VECTOR('',#3890,10.);
#914=VECTOR('',#3893,10.);
#915=VECTOR('',#3894,10.);
#916=VECTOR('',#3901,10.);
#917=VECTOR('',#3902,10.);
#918=VECTOR('',#3903,10.);
#919=VECTOR('',#3908,10.);
#920=VECTOR('',#3911,10.);
#921=VECTOR('',#3912,10.);
#922=VECTOR('',#3917,10.);
#923=VECTOR('',#3920,10.);
#924=VECTOR('',#3921,10.);
#925=VECTOR('',#3926,10.);
#926=VECTOR('',#3929,10.);
#927=VECTOR('',#3930,10.);
#928=VECTOR('',#3937,10.);
#929=VECTOR('',#3938,10.);
#930=VECTOR('',#3939,10.);
#931=VECTOR('',#3944,10.);
#932=VECTOR('',#3947,10.);
#933=VECTOR('',#3948,10.);
#934=VECTOR('',#3953,10.);
#935=VECTOR('',#3956,10.);
#936=VECTOR('',#3957,10.);
#937=VECTOR('',#3962,10.);
#938=VECTOR('',#3965,10.);
#939=VECTOR('',#3966,10.);
#940=VECTOR('',#3975,10.);
#941=VECTOR('',#3976,10.);
#942=VECTOR('',#3979,10.);
#943=VECTOR('',#3980,10.);
#944=VECTOR('',#3985,10.);
#945=VECTOR('',#3988,10.);
#946=VECTOR('',#3989,10.);
#947=VECTOR('',#3994,10.);
#948=VECTOR('',#3997,10.);
#949=VECTOR('',#3998,10.);
#950=VECTOR('',#4003,10.);
#951=VECTOR('',#4006,10.);
#952=VECTOR('',#4009,10.);
#953=VECTOR('',#4010,10.);
#954=VECTOR('',#4011,10.);
#955=VECTOR('',#4016,10.);
#956=VECTOR('',#4019,10.);
#957=VECTOR('',#4020,10.);
#958=VECTOR('',#4025,10.);
#959=VECTOR('',#4028,10.);
#960=VECTOR('',#4029,10.);
#961=VECTOR('',#4034,10.);
#962=VECTOR('',#4037,10.);
#963=VECTOR('',#4038,10.);
#964=VECTOR('',#4045,10.);
#965=VECTOR('',#4046,10.);
#966=VECTOR('',#4049,10.);
#967=VECTOR('',#4054,10.);
#968=VECTOR('',#4055,10.);
#969=CIRCLE('',#2870,2.35000000000001);
#970=CIRCLE('',#2871,2.35000000000001);
#971=CIRCLE('',#2874,2.35000000000001);
#972=CIRCLE('',#2875,2.35000000000001);
#973=CIRCLE('',#2878,2.35);
#974=CIRCLE('',#2879,2.35);
#975=CIRCLE('',#2882,2.35000000000001);
#976=CIRCLE('',#2883,2.35000000000001);
#977=CIRCLE('',#2886,0.5);
#978=CIRCLE('',#2888,0.5);
#979=CIRCLE('',#2889,0.5);
#980=CIRCLE('',#2890,0.5);
#981=CIRCLE('',#2891,0.5);
#982=CIRCLE('',#2892,0.5);
#983=CIRCLE('',#2893,0.5);
#984=CIRCLE('',#2894,0.5);
#985=CIRCLE('',#2895,0.5);
#986=CIRCLE('',#2897,0.5);
#987=CIRCLE('',#2898,0.5);
#988=CIRCLE('',#2901,0.5);
#989=CIRCLE('',#2902,0.5);
#990=CIRCLE('',#2904,0.5);
#991=CIRCLE('',#2906,2.);
#992=CIRCLE('',#2908,2.);
#993=CIRCLE('',#2909,2.);
#994=CIRCLE('',#2912,2.);
#995=CIRCLE('',#2914,0.499999999999989);
#996=CIRCLE('',#2915,4.5);
#997=CIRCLE('',#2916,0.5);
#998=CIRCLE('',#2917,5.);
#999=CIRCLE('',#2919,0.5);
#1000=CIRCLE('',#2921,0.5);
#1001=CIRCLE('',#2922,5.);
#1002=CIRCLE('',#2923,4.5);
#1003=CIRCLE('',#2925,0.5);
#1004=CIRCLE('',#2927,0.5);
#1005=CIRCLE('',#2928,4.99999999999999);
#1006=CIRCLE('',#2929,4.5);
#1007=CIRCLE('',#2931,0.5);
#1008=CIRCLE('',#2933,0.5);
#1009=CIRCLE('',#2934,5.00000000000001);
#1010=CIRCLE('',#2935,4.50000000000002);
#1011=CIRCLE('',#2939,5.00000000000001);
#1012=CIRCLE('',#2942,5.);
#1013=CIRCLE('',#2944,0.5);
#1014=CIRCLE('',#2945,0.5);
#1015=CIRCLE('',#2946,0.5);
#1016=CIRCLE('',#2947,0.5);
#1017=CIRCLE('',#2948,0.5);
#1018=CIRCLE('',#2949,0.5);
#1019=CIRCLE('',#2950,0.5);
#1020=CIRCLE('',#2951,0.5);
#1021=CIRCLE('',#2969,2.);
#1022=CIRCLE('',#2970,2.);
#1023=CIRCLE('',#2972,2.);
#1024=CIRCLE('',#2973,2.);
#1025=CIRCLE('',#2975,2.);
#1026=CIRCLE('',#2977,2.);
#1027=CIRCLE('',#2978,1.99999999999999);
#1028=CIRCLE('',#2979,1.99999999999999);
#1029=CIRCLE('',#2981,2.);
#1030=CIRCLE('',#2982,2.);
#1031=CIRCLE('',#2983,1.99999999999999);
#1032=CIRCLE('',#2986,2.);
#1033=CIRCLE('',#2989,2.);
#1034=CIRCLE('',#2992,2.);
#1035=CIRCLE('',#2998,5.);
#1036=CIRCLE('',#2999,4.99999999999999);
#1037=CIRCLE('',#3006,1.7);
#1038=CIRCLE('',#3007,1.7);
#1039=CIRCLE('',#3009,1.7);
#1040=CIRCLE('',#3010,1.7);
#1041=CIRCLE('',#3012,1.7);
#1042=CIRCLE('',#3013,1.7);
#1043=CIRCLE('',#3015,1.7);
#1044=CIRCLE('',#3016,1.7);
#1045=CIRCLE('',#3018,1.);
#1046=CIRCLE('',#3019,5.);
#1047=CIRCLE('',#3020,1.00000000000001);
#1048=CIRCLE('',#3021,4.);
#1049=CIRCLE('',#3023,0.999999999999996);
#1050=CIRCLE('',#3025,1.);
#1051=CIRCLE('',#3026,4.);
#1052=CIRCLE('',#3027,5.);
#1053=CIRCLE('',#3029,0.999999999999998);
#1054=CIRCLE('',#3031,1.);
#1055=CIRCLE('',#3032,3.99999999999999);
#1056=CIRCLE('',#3033,4.99999999999999);
#1057=CIRCLE('',#3035,1.);
#1058=CIRCLE('',#3037,0.999999999999996);
#1059=CIRCLE('',#3038,4.00000000000002);
#1060=CIRCLE('',#3039,5.00000000000001);
#1061=CIRCLE('',#3043,5.);
#1062=CIRCLE('',#3046,5.);
#1063=CIRCLE('',#3048,1.);
#1064=CIRCLE('',#3049,1.);
#1065=CIRCLE('',#3050,1.);
#1066=CIRCLE('',#3051,1.);
#1067=CIRCLE('',#3052,0.499999999999989);
#1068=CIRCLE('',#3053,0.499999999999998);
#1069=CIRCLE('',#3054,0.499999999999998);
#1070=CIRCLE('',#3055,0.499999999999998);
#1071=CIRCLE('',#3056,0.499999999999998);
#1072=CIRCLE('',#3057,0.499999999999998);
#1073=CIRCLE('',#3058,0.5);
#1074=CIRCLE('',#3059,0.499999999999998);
#1075=CIRCLE('',#3060,0.499999999999989);
#1076=CIRCLE('',#3061,0.499999999999998);
#1077=CIRCLE('',#3062,0.499999999999998);
#1078=CIRCLE('',#3063,0.500000000000007);
#1079=CIRCLE('',#3064,0.499999999999998);
#1080=CIRCLE('',#3065,0.500000000000007);
#1081=CIRCLE('',#3066,0.5);
#1082=CIRCLE('',#3067,0.499999999999989);
#1083=CIRCLE('',#3068,0.499999999999998);
#1084=CIRCLE('',#3069,0.499999999999989);
#1085=CIRCLE('',#3070,0.5);
#1086=CIRCLE('',#3071,0.500000000000007);
#1087=CIRCLE('',#3072,0.499999999999989);
#1088=CIRCLE('',#3073,0.500000000000007);
#1089=CIRCLE('',#3074,0.499999999999998);
#1090=CIRCLE('',#3075,0.499999999999989);
#1091=CIRCLE('',#3076,1.);
#1092=CIRCLE('',#3077,1.);
#1093=CIRCLE('',#3078,1.);
#1094=CIRCLE('',#3079,1.);
#1095=CIRCLE('',#3081,1.);
#1096=CIRCLE('',#3084,1.);
#1097=CIRCLE('',#3087,1.);
#1098=CIRCLE('',#3090,1.);
#1099=CIRCLE('',#3093,1.);
#1100=CIRCLE('',#3096,1.);
#1101=CIRCLE('',#3099,1.);
#1102=CIRCLE('',#3102,1.);
#1103=CIRCLE('',#3105,0.499999999999998);
#1104=CIRCLE('',#3108,0.499999999999998);
#1105=CIRCLE('',#3111,0.499999999999998);
#1106=CIRCLE('',#3114,0.499999999999989);
#1107=CIRCLE('',#3118,0.499999999999998);
#1108=CIRCLE('',#3121,0.5);
#1109=CIRCLE('',#3124,0.499999999999998);
#1110=CIRCLE('',#3127,0.499999999999998);
#1111=CIRCLE('',#3130,0.500000000000007);
#1112=CIRCLE('',#3133,0.499999999999998);
#1113=CIRCLE('',#3136,0.499999999999998);
#1114=CIRCLE('',#3139,0.499999999999989);
#1115=CIRCLE('',#3142,0.499999999999989);
#1116=CIRCLE('',#3145,0.5);
#1117=CIRCLE('',#3148,0.500000000000007);
#1118=CIRCLE('',#3151,0.499999999999998);
#1119=CIRCLE('',#3153,0.500000000000007);
#1120=CIRCLE('',#3156,0.5);
#1121=CIRCLE('',#3159,0.499999999999989);
#1122=CIRCLE('',#3162,0.499999999999998);
#1123=CIRCLE('',#3166,0.499999999999989);
#1124=CIRCLE('',#3169,0.499999999999998);
#1125=CIRCLE('',#3172,0.500000000000007);
#1126=CIRCLE('',#3175,0.499999999999989);
#1127=CIRCLE('',#3178,5.00000000000001);
#1128=CIRCLE('',#3181,4.99999999999999);
#1129=VERTEX_POINT('',#4069);
#1130=VERTEX_POINT('',#4071);
#1131=VERTEX_POINT('',#4076);
#1132=VERTEX_POINT('',#4078);
#1133=VERTEX_POINT('',#4083);
#1134=VERTEX_POINT('',#4085);
#1135=VERTEX_POINT('',#4090);
#1136=VERTEX_POINT('',#4092);
#1137=VERTEX_POINT('',#4097);
#1138=VERTEX_POINT('',#4098);
#1139=VERTEX_POINT('',#4105);
#1140=VERTEX_POINT('',#4107);
#1141=VERTEX_POINT('',#4111);
#1142=VERTEX_POINT('',#4113);
#1143=VERTEX_POINT('',#4115);
#1144=VERTEX_POINT('',#4117);
#1145=VERTEX_POINT('',#4119);
#1146=VERTEX_POINT('',#4121);
#1147=VERTEX_POINT('',#4124);
#1148=VERTEX_POINT('',#4125);
#1149=VERTEX_POINT('',#4127);
#1150=VERTEX_POINT('',#4129);
#1151=VERTEX_POINT('',#4131);
#1152=VERTEX_POINT('',#4133);
#1153=VERTEX_POINT('',#4135);
#1154=VERTEX_POINT('',#4137);
#1155=VERTEX_POINT('',#4140);
#1156=VERTEX_POINT('',#4141);
#1157=VERTEX_POINT('',#4143);
#1158=VERTEX_POINT('',#4145);
#1159=VERTEX_POINT('',#4147);
#1160=VERTEX_POINT('',#4149);
#1161=VERTEX_POINT('',#4151);
#1162=VERTEX_POINT('',#4153);
#1163=VERTEX_POINT('',#4157);
#1164=VERTEX_POINT('',#4158);
#1165=VERTEX_POINT('',#4160);
#1166=VERTEX_POINT('',#4162);
#1167=VERTEX_POINT('',#4166);
#1168=VERTEX_POINT('',#4168);
#1169=VERTEX_POINT('',#4172);
#1170=VERTEX_POINT('',#4174);
#1171=VERTEX_POINT('',#4178);
#1172=VERTEX_POINT('',#4185);
#1173=VERTEX_POINT('',#4190);
#1174=VERTEX_POINT('',#4194);
#1175=VERTEX_POINT('',#4196);
#1176=VERTEX_POINT('',#4203);
#1177=VERTEX_POINT('',#4207);
#1178=VERTEX_POINT('',#4208);
#1179=VERTEX_POINT('',#4210);
#1180=VERTEX_POINT('',#4212);
#1181=VERTEX_POINT('',#4216);
#1182=VERTEX_POINT('',#4217);
#1183=VERTEX_POINT('',#4222);
#1184=VERTEX_POINT('',#4223);
#1185=VERTEX_POINT('',#4228);
#1186=VERTEX_POINT('',#4229);
#1187=VERTEX_POINT('',#4234);
#1188=VERTEX_POINT('',#4235);
#1189=VERTEX_POINT('',#4240);
#1190=VERTEX_POINT('',#4241);
#1191=VERTEX_POINT('',#4246);
#1192=VERTEX_POINT('',#4247);
#1193=VERTEX_POINT('',#4255);
#1194=VERTEX_POINT('',#4257);
#1195=VERTEX_POINT('',#4261);
#1196=VERTEX_POINT('',#4265);
#1197=VERTEX_POINT('',#4269);
#1198=VERTEX_POINT('',#4273);
#1199=VERTEX_POINT('',#4274);
#1200=VERTEX_POINT('',#4276);
#1201=VERTEX_POINT('',#4278);
#1202=VERTEX_POINT('',#4280);
#1203=VERTEX_POINT('',#4282);
#1204=VERTEX_POINT('',#4284);
#1205=VERTEX_POINT('',#4286);
#1206=VERTEX_POINT('',#4289);
#1207=VERTEX_POINT('',#4290);
#1208=VERTEX_POINT('',#4292);
#1209=VERTEX_POINT('',#4294);
#1210=VERTEX_POINT('',#4296);
#1211=VERTEX_POINT('',#4298);
#1212=VERTEX_POINT('',#4300);
#1213=VERTEX_POINT('',#4302);
#1214=VERTEX_POINT('',#4338);
#1215=VERTEX_POINT('',#4342);
#1216=VERTEX_POINT('',#4346);
#1217=VERTEX_POINT('',#4347);
#1218=VERTEX_POINT('',#4352);
#1219=VERTEX_POINT('',#4354);
#1220=VERTEX_POINT('',#4358);
#1221=VERTEX_POINT('',#4360);
#1222=VERTEX_POINT('',#4366);
#1223=VERTEX_POINT('',#4367);
#1224=VERTEX_POINT('',#4374);
#1225=VERTEX_POINT('',#4375);
#1226=VERTEX_POINT('',#4382);
#1227=VERTEX_POINT('',#4383);
#1228=VERTEX_POINT('',#4396);
#1229=VERTEX_POINT('',#4398);
#1230=VERTEX_POINT('',#4400);
#1231=VERTEX_POINT('',#4412);
#1232=VERTEX_POINT('',#4414);
#1233=VERTEX_POINT('',#4418);
#1234=VERTEX_POINT('',#4420);
#1235=VERTEX_POINT('',#4424);
#1236=VERTEX_POINT('',#4426);
#1237=VERTEX_POINT('',#4430);
#1238=VERTEX_POINT('',#4432);
#1239=VERTEX_POINT('',#4436);
#1240=VERTEX_POINT('',#4437);
#1241=VERTEX_POINT('',#4439);
#1242=VERTEX_POINT('',#4441);
#1243=VERTEX_POINT('',#4445);
#1244=VERTEX_POINT('',#4446);
#1245=VERTEX_POINT('',#4451);
#1246=VERTEX_POINT('',#4452);
#1247=VERTEX_POINT('',#4457);
#1248=VERTEX_POINT('',#4458);
#1249=VERTEX_POINT('',#4463);
#1250=VERTEX_POINT('',#4464);
#1251=VERTEX_POINT('',#4469);
#1252=VERTEX_POINT('',#4470);
#1253=VERTEX_POINT('',#4475);
#1254=VERTEX_POINT('',#4476);
#1255=VERTEX_POINT('',#4484);
#1256=VERTEX_POINT('',#4486);
#1257=VERTEX_POINT('',#4490);
#1258=VERTEX_POINT('',#4494);
#1259=VERTEX_POINT('',#4498);
#1260=VERTEX_POINT('',#4502);
#1261=VERTEX_POINT('',#4503);
#1262=VERTEX_POINT('',#4505);
#1263=VERTEX_POINT('',#4507);
#1264=VERTEX_POINT('',#4509);
#1265=VERTEX_POINT('',#4511);
#1266=VERTEX_POINT('',#4513);
#1267=VERTEX_POINT('',#4515);
#1268=VERTEX_POINT('',#4518);
#1269=VERTEX_POINT('',#4519);
#1270=VERTEX_POINT('',#4521);
#1271=VERTEX_POINT('',#4523);
#1272=VERTEX_POINT('',#4525);
#1273=VERTEX_POINT('',#4527);
#1274=VERTEX_POINT('',#4529);
#1275=VERTEX_POINT('',#4531);
#1276=VERTEX_POINT('',#4534);
#1277=VERTEX_POINT('',#4535);
#1278=VERTEX_POINT('',#4537);
#1279=VERTEX_POINT('',#4539);
#1280=VERTEX_POINT('',#4541);
#1281=VERTEX_POINT('',#4543);
#1282=VERTEX_POINT('',#4545);
#1283=VERTEX_POINT('',#4547);
#1284=VERTEX_POINT('',#4550);
#1285=VERTEX_POINT('',#4551);
#1286=VERTEX_POINT('',#4553);
#1287=VERTEX_POINT('',#4555);
#1288=VERTEX_POINT('',#4557);
#1289=VERTEX_POINT('',#4559);
#1290=VERTEX_POINT('',#4561);
#1291=VERTEX_POINT('',#4563);
#1292=VERTEX_POINT('',#4566);
#1293=VERTEX_POINT('',#4567);
#1294=VERTEX_POINT('',#4569);
#1295=VERTEX_POINT('',#4571);
#1296=VERTEX_POINT('',#4573);
#1297=VERTEX_POINT('',#4575);
#1298=VERTEX_POINT('',#4577);
#1299=VERTEX_POINT('',#4579);
#1300=VERTEX_POINT('',#4582);
#1301=VERTEX_POINT('',#4583);
#1302=VERTEX_POINT('',#4585);
#1303=VERTEX_POINT('',#4587);
#1304=VERTEX_POINT('',#4589);
#1305=VERTEX_POINT('',#4591);
#1306=VERTEX_POINT('',#4593);
#1307=VERTEX_POINT('',#4595);
#1308=VERTEX_POINT('',#4598);
#1309=VERTEX_POINT('',#4599);
#1310=VERTEX_POINT('',#4601);
#1311=VERTEX_POINT('',#4603);
#1312=VERTEX_POINT('',#4605);
#1313=VERTEX_POINT('',#4607);
#1314=VERTEX_POINT('',#4609);
#1315=VERTEX_POINT('',#4611);
#1316=VERTEX_POINT('',#4614);
#1317=VERTEX_POINT('',#4615);
#1318=VERTEX_POINT('',#4617);
#1319=VERTEX_POINT('',#4619);
#1320=VERTEX_POINT('',#4621);
#1321=VERTEX_POINT('',#4623);
#1322=VERTEX_POINT('',#4625);
#1323=VERTEX_POINT('',#4627);
#1324=VERTEX_POINT('',#4631);
#1325=VERTEX_POINT('',#4632);
#1326=VERTEX_POINT('',#4637);
#1327=VERTEX_POINT('',#4641);
#1328=VERTEX_POINT('',#4642);
#1329=VERTEX_POINT('',#4649);
#1330=VERTEX_POINT('',#4650);
#1331=VERTEX_POINT('',#4657);
#1332=VERTEX_POINT('',#4663);
#1333=VERTEX_POINT('',#4664);
#1334=VERTEX_POINT('',#4669);
#1335=VERTEX_POINT('',#4673);
#1336=VERTEX_POINT('',#4674);
#1337=VERTEX_POINT('',#4681);
#1338=VERTEX_POINT('',#4682);
#1339=VERTEX_POINT('',#4689);
#1340=VERTEX_POINT('',#4695);
#1341=VERTEX_POINT('',#4696);
#1342=VERTEX_POINT('',#4701);
#1343=VERTEX_POINT('',#4705);
#1344=VERTEX_POINT('',#4709);
#1345=VERTEX_POINT('',#4713);
#1346=VERTEX_POINT('',#4717);
#1347=VERTEX_POINT('',#4721);
#1348=VERTEX_POINT('',#4727);
#1349=VERTEX_POINT('',#4728);
#1350=VERTEX_POINT('',#4733);
#1351=VERTEX_POINT('',#4737);
#1352=VERTEX_POINT('',#4741);
#1353=VERTEX_POINT('',#4745);
#1354=VERTEX_POINT('',#4749);
#1355=VERTEX_POINT('',#4753);
#1356=VERTEX_POINT('',#4759);
#1357=VERTEX_POINT('',#4760);
#1358=VERTEX_POINT('',#4765);
#1359=VERTEX_POINT('',#4769);
#1360=VERTEX_POINT('',#4773);
#1361=VERTEX_POINT('',#4777);
#1362=VERTEX_POINT('',#4781);
#1363=VERTEX_POINT('',#4785);
#1364=VERTEX_POINT('',#4791);
#1365=VERTEX_POINT('',#4792);
#1366=VERTEX_POINT('',#4797);
#1367=VERTEX_POINT('',#4801);
#1368=VERTEX_POINT('',#4805);
#1369=VERTEX_POINT('',#4809);
#1370=VERTEX_POINT('',#4813);
#1371=VERTEX_POINT('',#4817);
#1372=VERTEX_POINT('',#4823);
#1373=VERTEX_POINT('',#4824);
#1374=VERTEX_POINT('',#4829);
#1375=VERTEX_POINT('',#4833);
#1376=VERTEX_POINT('',#4837);
#1377=VERTEX_POINT('',#4841);
#1378=VERTEX_POINT('',#4845);
#1379=VERTEX_POINT('',#4849);
#1380=VERTEX_POINT('',#4855);
#1381=VERTEX_POINT('',#4856);
#1382=VERTEX_POINT('',#4861);
#1383=VERTEX_POINT('',#4865);
#1384=VERTEX_POINT('',#4869);
#1385=VERTEX_POINT('',#4873);
#1386=VERTEX_POINT('',#4877);
#1387=VERTEX_POINT('',#4881);
#1388=VERTEX_POINT('',#4887);
#1389=VERTEX_POINT('',#4891);
#1390=VERTEX_POINT('',#4895);
#1391=EDGE_CURVE('',#1129,#1129,#969,.T.);
#1392=EDGE_CURVE('',#1129,#1130,#479,.T.);
#1393=EDGE_CURVE('',#1130,#1130,#970,.T.);
#1394=EDGE_CURVE('',#1131,#1131,#971,.T.);
#1395=EDGE_CURVE('',#1131,#1132,#480,.T.);
#1396=EDGE_CURVE('',#1132,#1132,#972,.T.);
#1397=EDGE_CURVE('',#1133,#1133,#973,.T.);
#1398=EDGE_CURVE('',#1133,#1134,#481,.T.);
#1399=EDGE_CURVE('',#1134,#1134,#974,.T.);
#1400=EDGE_CURVE('',#1135,#1135,#975,.T.);
#1401=EDGE_CURVE('',#1135,#1136,#482,.T.);
#1402=EDGE_CURVE('',#1136,#1136,#976,.T.);
#1403=EDGE_CURVE('',#1137,#1138,#73,.T.);
#1404=EDGE_CURVE('',#1138,#1139,#483,.T.);
#1405=EDGE_CURVE('',#1139,#1140,#977,.T.);
#1406=EDGE_CURVE('',#1140,#1137,#484,.T.);
#1407=EDGE_CURVE('',#1141,#1138,#485,.T.);
#1408=EDGE_CURVE('',#1142,#1141,#486,.T.);
#1409=EDGE_CURVE('',#1143,#1142,#487,.T.);
#1410=EDGE_CURVE('',#1144,#1143,#488,.T.);
#1411=EDGE_CURVE('',#1145,#1144,#489,.T.);
#1412=EDGE_CURVE('',#1146,#1145,#490,.T.);
#1413=EDGE_CURVE('',#1139,#1146,#491,.T.);
#1414=EDGE_CURVE('',#1147,#1148,#492,.T.);
#1415=EDGE_CURVE('',#1149,#1148,#978,.T.);
#1416=EDGE_CURVE('',#1149,#1150,#493,.T.);
#1417=EDGE_CURVE('',#1151,#1150,#979,.T.);
#1418=EDGE_CURVE('',#1151,#1152,#494,.T.);
#1419=EDGE_CURVE('',#1153,#1152,#980,.T.);
#1420=EDGE_CURVE('',#1153,#1154,#495,.T.);
#1421=EDGE_CURVE('',#1147,#1154,#981,.T.);
#1422=EDGE_CURVE('',#1155,#1156,#496,.T.);
#1423=EDGE_CURVE('',#1157,#1156,#982,.T.);
#1424=EDGE_CURVE('',#1157,#1158,#497,.T.);
#1425=EDGE_CURVE('',#1159,#1158,#983,.T.);
#1426=EDGE_CURVE('',#1159,#1160,#498,.T.);
#1427=EDGE_CURVE('',#1161,#1160,#984,.T.);
#1428=EDGE_CURVE('',#1161,#1162,#499,.T.);
#1429=EDGE_CURVE('',#1155,#1162,#985,.T.);
#1430=EDGE_CURVE('',#1163,#1164,#986,.T.);
#1431=EDGE_CURVE('',#1164,#1165,#500,.T.);
#1432=EDGE_CURVE('',#1165,#1166,#987,.T.);
#1433=EDGE_CURVE('',#1166,#1163,#501,.T.);
#1434=EDGE_CURVE('',#1167,#1164,#502,.T.);
#1435=EDGE_CURVE('',#1168,#1167,#503,.T.);
#1436=EDGE_CURVE('',#1165,#1168,#504,.T.);
#1437=EDGE_CURVE('',#1169,#1168,#988,.T.);
#1438=EDGE_CURVE('',#1167,#1170,#989,.T.);
#1439=EDGE_CURVE('',#1170,#1169,#505,.T.);
#1440=EDGE_CURVE('',#1145,#1171,#74,.T.);
#1441=EDGE_CURVE('',#1171,#1172,#506,.T.);
#1442=EDGE_CURVE('',#1172,#1146,#990,.T.);
#1443=EDGE_CURVE('',#1172,#1170,#507,.T.);
#1444=EDGE_CURVE('',#1171,#1173,#991,.T.);
#1445=EDGE_CURVE('',#1169,#1173,#508,.T.);
#1446=EDGE_CURVE('',#1174,#1137,#992,.T.);
#1447=EDGE_CURVE('',#1174,#1175,#509,.T.);
#1448=EDGE_CURVE('',#1175,#1141,#993,.F.);
#1449=EDGE_CURVE('',#1163,#1140,#510,.T.);
#1450=EDGE_CURVE('',#1174,#1166,#511,.T.);
#1451=EDGE_CURVE('',#1144,#1176,#994,.F.);
#1452=EDGE_CURVE('',#1176,#1173,#512,.T.);
#1453=EDGE_CURVE('',#1177,#1178,#995,.T.);
#1454=EDGE_CURVE('',#1178,#1179,#996,.T.);
#1455=EDGE_CURVE('',#1179,#1180,#997,.T.);
#1456=EDGE_CURVE('',#1180,#1177,#998,.T.);
#1457=EDGE_CURVE('',#1181,#1182,#999,.T.);
#1458=EDGE_CURVE('',#1182,#1180,#513,.T.);
#1459=EDGE_CURVE('',#1179,#1181,#514,.T.);
#1460=EDGE_CURVE('',#1183,#1184,#1000,.T.);
#1461=EDGE_CURVE('',#1184,#1182,#1001,.T.);
#1462=EDGE_CURVE('',#1181,#1183,#1002,.T.);
#1463=EDGE_CURVE('',#1185,#1186,#1003,.T.);
#1464=EDGE_CURVE('',#1186,#1184,#515,.T.);
#1465=EDGE_CURVE('',#1183,#1185,#516,.T.);
#1466=EDGE_CURVE('',#1187,#1188,#1004,.T.);
#1467=EDGE_CURVE('',#1188,#1186,#1005,.T.);
#1468=EDGE_CURVE('',#1185,#1187,#1006,.T.);
#1469=EDGE_CURVE('',#1189,#1190,#1007,.T.);
#1470=EDGE_CURVE('',#1190,#1188,#517,.T.);
#1471=EDGE_CURVE('',#1187,#1189,#518,.T.);
#1472=EDGE_CURVE('',#1191,#1192,#1008,.T.);
#1473=EDGE_CURVE('',#1192,#1190,#1009,.T.);
#1474=EDGE_CURVE('',#1189,#1191,#1010,.T.);
#1475=EDGE_CURVE('',#1191,#1178,#519,.T.);
#1476=EDGE_CURVE('',#1177,#1192,#520,.T.);
#1477=EDGE_CURVE('',#1190,#1193,#521,.T.);
#1478=EDGE_CURVE('',#1194,#1193,#522,.T.);
#1479=EDGE_CURVE('',#1188,#1194,#523,.T.);
#1480=EDGE_CURVE('',#1192,#1195,#524,.T.);
#1481=EDGE_CURVE('',#1193,#1195,#1011,.T.);
#1482=EDGE_CURVE('',#1177,#1196,#525,.T.);
#1483=EDGE_CURVE('',#1195,#1196,#526,.T.);
#1484=EDGE_CURVE('',#1180,#1197,#527,.T.);
#1485=EDGE_CURVE('',#1196,#1197,#1012,.T.);
#1486=EDGE_CURVE('',#1198,#1199,#1013,.T.);
#1487=EDGE_CURVE('',#1200,#1198,#528,.T.);
#1488=EDGE_CURVE('',#1201,#1200,#1014,.T.);
#1489=EDGE_CURVE('',#1202,#1201,#529,.T.);
#1490=EDGE_CURVE('',#1203,#1202,#1015,.T.);
#1491=EDGE_CURVE('',#1204,#1203,#530,.T.);
#1492=EDGE_CURVE('',#1205,#1204,#1016,.T.);
#1493=EDGE_CURVE('',#1199,#1205,#531,.T.);
#1494=EDGE_CURVE('',#1206,#1207,#1017,.T.);
#1495=EDGE_CURVE('',#1208,#1206,#532,.T.);
#1496=EDGE_CURVE('',#1209,#1208,#1018,.T.);
#1497=EDGE_CURVE('',#1210,#1209,#533,.T.);
#1498=EDGE_CURVE('',#1211,#1210,#1019,.T.);
#1499=EDGE_CURVE('',#1212,#1211,#534,.T.);
#1500=EDGE_CURVE('',#1213,#1212,#1020,.T.);
#1501=EDGE_CURVE('',#1207,#1213,#535,.T.);
#1502=EDGE_CURVE('',#1202,#1159,#536,.T.);
#1503=EDGE_CURVE('',#1158,#1203,#537,.T.);
#1504=EDGE_CURVE('',#1160,#1201,#538,.T.);
#1505=EDGE_CURVE('',#1199,#1155,#539,.T.);
#1506=EDGE_CURVE('',#1162,#1198,#540,.T.);
#1507=EDGE_CURVE('',#1156,#1205,#541,.T.);
#1508=EDGE_CURVE('',#1204,#1157,#542,.T.);
#1509=EDGE_CURVE('',#1200,#1161,#543,.T.);
#1510=EDGE_CURVE('',#1208,#1153,#544,.T.);
#1511=EDGE_CURVE('',#1152,#1209,#545,.T.);
#1512=EDGE_CURVE('',#1154,#1206,#546,.T.);
#1513=EDGE_CURVE('',#1210,#1151,#547,.T.);
#1514=EDGE_CURVE('',#1150,#1211,#548,.T.);
#1515=EDGE_CURVE('',#1207,#1147,#549,.T.);
#1516=EDGE_CURVE('',#1148,#1213,#550,.T.);
#1517=EDGE_CURVE('',#1212,#1149,#551,.T.);
#1518=EDGE_CURVE('',#1176,#1214,#1021,.F.);
#1519=EDGE_CURVE('',#1214,#1144,#1022,.F.);
#1520=EDGE_CURVE('',#1141,#1215,#1023,.F.);
#1521=EDGE_CURVE('',#1215,#1175,#1024,.F.);
#1522=EDGE_CURVE('',#1216,#1217,#1025,.T.);
#1523=EDGE_CURVE('',#1217,#1215,#552,.T.);
#1524=EDGE_CURVE('',#1175,#1216,#553,.T.);
#1525=EDGE_CURVE('',#1143,#1218,#1026,.F.);
#1526=EDGE_CURVE('',#1219,#1143,#1027,.F.);
#1527=EDGE_CURVE('',#1218,#1219,#1028,.F.);
#1528=EDGE_CURVE('',#1142,#1220,#1029,.F.);
#1529=EDGE_CURVE('',#1221,#1142,#1030,.F.);
#1530=EDGE_CURVE('',#1220,#1221,#1031,.F.);
#1531=EDGE_CURVE('',#1215,#1221,#554,.T.);
#1532=EDGE_CURVE('',#1222,#1223,#1032,.T.);
#1533=EDGE_CURVE('',#1223,#1220,#555,.T.);
#1534=EDGE_CURVE('',#1221,#1222,#556,.T.);
#1535=EDGE_CURVE('',#1220,#1219,#557,.T.);
#1536=EDGE_CURVE('',#1224,#1225,#1033,.T.);
#1537=EDGE_CURVE('',#1225,#1218,#558,.T.);
#1538=EDGE_CURVE('',#1219,#1224,#559,.T.);
#1539=EDGE_CURVE('',#1218,#1214,#560,.T.);
#1540=EDGE_CURVE('',#1226,#1227,#1034,.T.);
#1541=EDGE_CURVE('',#1227,#1176,#561,.T.);
#1542=EDGE_CURVE('',#1214,#1226,#562,.T.);
#1543=EDGE_CURVE('',#1226,#1225,#563,.T.);
#1544=EDGE_CURVE('',#1224,#1223,#564,.T.);
#1545=EDGE_CURVE('',#1222,#1217,#565,.T.);
#1546=EDGE_CURVE('',#1216,#1227,#566,.T.);
#1547=EDGE_CURVE('',#1197,#1228,#567,.T.);
#1548=EDGE_CURVE('',#1228,#1229,#1035,.T.);
#1549=EDGE_CURVE('',#1229,#1230,#568,.T.);
#1550=EDGE_CURVE('',#1230,#1194,#1036,.T.);
#1551=EDGE_CURVE('',#1186,#1230,#569,.T.);
#1552=EDGE_CURVE('',#1184,#1229,#570,.T.);
#1553=EDGE_CURVE('',#1182,#1228,#571,.T.);
#1554=EDGE_CURVE('',#1231,#1231,#1037,.T.);
#1555=EDGE_CURVE('',#1231,#1232,#572,.T.);
#1556=EDGE_CURVE('',#1232,#1232,#1038,.T.);
#1557=EDGE_CURVE('',#1233,#1233,#1039,.T.);
#1558=EDGE_CURVE('',#1233,#1234,#573,.T.);
#1559=EDGE_CURVE('',#1234,#1234,#1040,.T.);
#1560=EDGE_CURVE('',#1235,#1235,#1041,.T.);
#1561=EDGE_CURVE('',#1235,#1236,#574,.T.);
#1562=EDGE_CURVE('',#1236,#1236,#1042,.T.);
#1563=EDGE_CURVE('',#1237,#1237,#1043,.T.);
#1564=EDGE_CURVE('',#1237,#1238,#575,.T.);
#1565=EDGE_CURVE('',#1238,#1238,#1044,.T.);
#1566=EDGE_CURVE('',#1239,#1240,#1045,.T.);
#1567=EDGE_CURVE('',#1240,#1241,#1046,.T.);
#1568=EDGE_CURVE('',#1241,#1242,#1047,.T.);
#1569=EDGE_CURVE('',#1242,#1239,#1048,.T.);
#1570=EDGE_CURVE('',#1243,#1244,#1049,.T.);
#1571=EDGE_CURVE('',#1244,#1242,#576,.T.);
#1572=EDGE_CURVE('',#1241,#1243,#577,.T.);
#1573=EDGE_CURVE('',#1245,#1246,#1050,.T.);
#1574=EDGE_CURVE('',#1246,#1244,#1051,.T.);
#1575=EDGE_CURVE('',#1243,#1245,#1052,.T.);
#1576=EDGE_CURVE('',#1247,#1248,#1053,.T.);
#1577=EDGE_CURVE('',#1248,#1246,#578,.T.);
#1578=EDGE_CURVE('',#1245,#1247,#579,.T.);
#1579=EDGE_CURVE('',#1249,#1250,#1054,.T.);
#1580=EDGE_CURVE('',#1250,#1248,#1055,.T.);
#1581=EDGE_CURVE('',#1247,#1249,#1056,.T.);
#1582=EDGE_CURVE('',#1251,#1252,#1057,.T.);
#1583=EDGE_CURVE('',#1252,#1250,#580,.T.);
#1584=EDGE_CURVE('',#1249,#1251,#581,.T.);
#1585=EDGE_CURVE('',#1253,#1254,#1058,.T.);
#1586=EDGE_CURVE('',#1254,#1252,#1059,.T.);
#1587=EDGE_CURVE('',#1251,#1253,#1060,.T.);
#1588=EDGE_CURVE('',#1239,#1254,#582,.T.);
#1589=EDGE_CURVE('',#1253,#1240,#583,.T.);
#1590=EDGE_CURVE('',#1255,#1245,#584,.T.);
#1591=EDGE_CURVE('',#1256,#1255,#585,.T.);
#1592=EDGE_CURVE('',#1256,#1247,#586,.T.);
#1593=EDGE_CURVE('',#1257,#1243,#587,.T.);
#1594=EDGE_CURVE('',#1257,#1255,#1061,.T.);
#1595=EDGE_CURVE('',#1258,#1241,#588,.T.);
#1596=EDGE_CURVE('',#1257,#1258,#589,.T.);
#1597=EDGE_CURVE('',#1259,#1240,#590,.T.);
#1598=EDGE_CURVE('',#1259,#1258,#1062,.T.);
#1599=EDGE_CURVE('',#1260,#1261,#591,.T.);
#1600=EDGE_CURVE('',#1262,#1261,#1063,.T.);
#1601=EDGE_CURVE('',#1262,#1263,#592,.T.);
#1602=EDGE_CURVE('',#1264,#1263,#1064,.T.);
#1603=EDGE_CURVE('',#1264,#1265,#593,.T.);
#1604=EDGE_CURVE('',#1266,#1265,#1065,.T.);
#1605=EDGE_CURVE('',#1266,#1267,#594,.T.);
#1606=EDGE_CURVE('',#1260,#1267,#1066,.T.);
#1607=EDGE_CURVE('',#1268,#1269,#595,.T.);
#1608=EDGE_CURVE('',#1269,#1270,#1067,.T.);
#1609=EDGE_CURVE('',#1270,#1271,#596,.T.);
#1610=EDGE_CURVE('',#1271,#1272,#1068,.T.);
#1611=EDGE_CURVE('',#1272,#1273,#597,.T.);
#1612=EDGE_CURVE('',#1273,#1274,#1069,.T.);
#1613=EDGE_CURVE('',#1274,#1275,#598,.T.);
#1614=EDGE_CURVE('',#1275,#1268,#1070,.T.);
#1615=EDGE_CURVE('',#1276,#1277,#1071,.T.);
#1616=EDGE_CURVE('',#1277,#1278,#599,.T.);
#1617=EDGE_CURVE('',#1278,#1279,#1072,.T.);
#1618=EDGE_CURVE('',#1279,#1280,#600,.T.);
#1619=EDGE_CURVE('',#1280,#1281,#1073,.T.);
#1620=EDGE_CURVE('',#1281,#1282,#601,.T.);
#1621=EDGE_CURVE('',#1282,#1283,#1074,.T.);
#1622=EDGE_CURVE('',#1283,#1276,#602,.T.);
#1623=EDGE_CURVE('',#1284,#1285,#1075,.T.);
#1624=EDGE_CURVE('',#1285,#1286,#603,.T.);
#1625=EDGE_CURVE('',#1286,#1287,#1076,.T.);
#1626=EDGE_CURVE('',#1287,#1288,#604,.T.);
#1627=EDGE_CURVE('',#1288,#1289,#1077,.T.);
#1628=EDGE_CURVE('',#1289,#1290,#605,.T.);
#1629=EDGE_CURVE('',#1290,#1291,#1078,.T.);
#1630=EDGE_CURVE('',#1291,#1284,#606,.T.);
#1631=EDGE_CURVE('',#1292,#1293,#1079,.T.);
#1632=EDGE_CURVE('',#1293,#1294,#607,.T.);
#1633=EDGE_CURVE('',#1294,#1295,#1080,.T.);
#1634=EDGE_CURVE('',#1295,#1296,#608,.T.);
#1635=EDGE_CURVE('',#1296,#1297,#1081,.T.);
#1636=EDGE_CURVE('',#1297,#1298,#609,.T.);
#1637=EDGE_CURVE('',#1298,#1299,#1082,.T.);
#1638=EDGE_CURVE('',#1299,#1292,#610,.T.);
#1639=EDGE_CURVE('',#1300,#1301,#611,.T.);
#1640=EDGE_CURVE('',#1301,#1302,#1083,.T.);
#1641=EDGE_CURVE('',#1302,#1303,#612,.T.);
#1642=EDGE_CURVE('',#1303,#1304,#1084,.T.);
#1643=EDGE_CURVE('',#1304,#1305,#613,.T.);
#1644=EDGE_CURVE('',#1305,#1306,#1085,.T.);
#1645=EDGE_CURVE('',#1306,#1307,#614,.T.);
#1646=EDGE_CURVE('',#1307,#1300,#1086,.T.);
#1647=EDGE_CURVE('',#1308,#1309,#1087,.T.);
#1648=EDGE_CURVE('',#1309,#1310,#615,.T.);
#1649=EDGE_CURVE('',#1310,#1311,#1088,.T.);
#1650=EDGE_CURVE('',#1311,#1312,#616,.T.);
#1651=EDGE_CURVE('',#1312,#1313,#1089,.T.);
#1652=EDGE_CURVE('',#1313,#1314,#617,.T.);
#1653=EDGE_CURVE('',#1314,#1315,#1090,.T.);
#1654=EDGE_CURVE('',#1315,#1308,#618,.T.);
#1655=EDGE_CURVE('',#1316,#1317,#619,.T.);
#1656=EDGE_CURVE('',#1318,#1317,#1091,.T.);
#1657=EDGE_CURVE('',#1318,#1319,#620,.T.);
#1658=EDGE_CURVE('',#1320,#1319,#1092,.T.);
#1659=EDGE_CURVE('',#1320,#1321,#621,.T.);
#1660=EDGE_CURVE('',#1322,#1321,#1093,.T.);
#1661=EDGE_CURVE('',#1322,#1323,#622,.T.);
#1662=EDGE_CURVE('',#1316,#1323,#1094,.T.);
#1663=EDGE_CURVE('',#1324,#1325,#1095,.T.);
#1664=EDGE_CURVE('',#1325,#1266,#623,.T.);
#1665=EDGE_CURVE('',#1265,#1324,#624,.T.);
#1666=EDGE_CURVE('',#1325,#1326,#625,.T.);
#1667=EDGE_CURVE('',#1267,#1326,#626,.T.);
#1668=EDGE_CURVE('',#1327,#1328,#1096,.T.);
#1669=EDGE_CURVE('',#1328,#1264,#627,.T.);
#1670=EDGE_CURVE('',#1263,#1327,#628,.T.);
#1671=EDGE_CURVE('',#1328,#1324,#629,.T.);
#1672=EDGE_CURVE('',#1329,#1330,#1097,.T.);
#1673=EDGE_CURVE('',#1330,#1262,#630,.T.);
#1674=EDGE_CURVE('',#1261,#1329,#631,.T.);
#1675=EDGE_CURVE('',#1330,#1327,#632,.T.);
#1676=EDGE_CURVE('',#1326,#1331,#1098,.T.);
#1677=EDGE_CURVE('',#1331,#1260,#633,.T.);
#1678=EDGE_CURVE('',#1331,#1329,#634,.T.);
#1679=EDGE_CURVE('',#1332,#1333,#1099,.T.);
#1680=EDGE_CURVE('',#1333,#1316,#635,.T.);
#1681=EDGE_CURVE('',#1323,#1332,#636,.T.);
#1682=EDGE_CURVE('',#1333,#1334,#637,.T.);
#1683=EDGE_CURVE('',#1317,#1334,#638,.T.);
#1684=EDGE_CURVE('',#1335,#1336,#1100,.T.);
#1685=EDGE_CURVE('',#1336,#1322,#639,.T.);
#1686=EDGE_CURVE('',#1321,#1335,#640,.T.);
#1687=EDGE_CURVE('',#1336,#1332,#641,.T.);
#1688=EDGE_CURVE('',#1337,#1338,#1101,.T.);
#1689=EDGE_CURVE('',#1338,#1320,#642,.T.);
#1690=EDGE_CURVE('',#1319,#1337,#643,.T.);
#1691=EDGE_CURVE('',#1338,#1335,#644,.T.);
#1692=EDGE_CURVE('',#1334,#1339,#1102,.T.);
#1693=EDGE_CURVE('',#1339,#1318,#645,.T.);
#1694=EDGE_CURVE('',#1339,#1337,#646,.T.);
#1695=EDGE_CURVE('',#1340,#1341,#1103,.T.);
#1696=EDGE_CURVE('',#1341,#1268,#647,.T.);
#1697=EDGE_CURVE('',#1340,#1275,#648,.T.);
#1698=EDGE_CURVE('',#1342,#1340,#649,.T.);
#1699=EDGE_CURVE('',#1342,#1274,#650,.T.);
#1700=EDGE_CURVE('',#1343,#1342,#1104,.T.);
#1701=EDGE_CURVE('',#1343,#1273,#651,.T.);
#1702=EDGE_CURVE('',#1344,#1343,#652,.T.);
#1703=EDGE_CURVE('',#1344,#1272,#653,.T.);
#1704=EDGE_CURVE('',#1345,#1344,#1105,.T.);
#1705=EDGE_CURVE('',#1345,#1271,#654,.T.);
#1706=EDGE_CURVE('',#1346,#1345,#655,.T.);
#1707=EDGE_CURVE('',#1346,#1270,#656,.T.);
#1708=EDGE_CURVE('',#1347,#1346,#1106,.T.);
#1709=EDGE_CURVE('',#1347,#1269,#657,.T.);
#1710=EDGE_CURVE('',#1341,#1347,#658,.T.);
#1711=EDGE_CURVE('',#1348,#1349,#659,.T.);
#1712=EDGE_CURVE('',#1349,#1276,#660,.T.);
#1713=EDGE_CURVE('',#1348,#1283,#661,.T.);
#1714=EDGE_CURVE('',#1350,#1348,#1107,.T.);
#1715=EDGE_CURVE('',#1350,#1282,#662,.T.);
#1716=EDGE_CURVE('',#1351,#1350,#663,.T.);
#1717=EDGE_CURVE('',#1351,#1281,#664,.T.);
#1718=EDGE_CURVE('',#1352,#1351,#1108,.T.);
#1719=EDGE_CURVE('',#1352,#1280,#665,.T.);
#1720=EDGE_CURVE('',#1353,#1352,#666,.T.);
#1721=EDGE_CURVE('',#1353,#1279,#667,.T.);
#1722=EDGE_CURVE('',#1354,#1353,#1109,.T.);
#1723=EDGE_CURVE('',#1354,#1278,#668,.T.);
#1724=EDGE_CURVE('',#1355,#1354,#669,.T.);
#1725=EDGE_CURVE('',#1355,#1277,#670,.T.);
#1726=EDGE_CURVE('',#1349,#1355,#1110,.T.);
#1727=EDGE_CURVE('',#1356,#1357,#671,.T.);
#1728=EDGE_CURVE('',#1357,#1284,#672,.T.);
#1729=EDGE_CURVE('',#1356,#1291,#673,.T.);
#1730=EDGE_CURVE('',#1358,#1356,#1111,.T.);
#1731=EDGE_CURVE('',#1358,#1290,#674,.T.);
#1732=EDGE_CURVE('',#1359,#1358,#675,.T.);
#1733=EDGE_CURVE('',#1359,#1289,#676,.T.);
#1734=EDGE_CURVE('',#1360,#1359,#1112,.T.);
#1735=EDGE_CURVE('',#1360,#1288,#677,.T.);
#1736=EDGE_CURVE('',#1361,#1360,#678,.T.);
#1737=EDGE_CURVE('',#1361,#1287,#679,.T.);
#1738=EDGE_CURVE('',#1362,#1361,#1113,.T.);
#1739=EDGE_CURVE('',#1362,#1286,#680,.T.);
#1740=EDGE_CURVE('',#1363,#1362,#681,.T.);
#1741=EDGE_CURVE('',#1363,#1285,#682,.T.);
#1742=EDGE_CURVE('',#1357,#1363,#1114,.T.);
#1743=EDGE_CURVE('',#1364,#1365,#683,.T.);
#1744=EDGE_CURVE('',#1365,#1292,#684,.T.);
#1745=EDGE_CURVE('',#1364,#1299,#685,.T.);
#1746=EDGE_CURVE('',#1366,#1364,#1115,.T.);
#1747=EDGE_CURVE('',#1366,#1298,#686,.T.);
#1748=EDGE_CURVE('',#1367,#1366,#687,.T.);
#1749=EDGE_CURVE('',#1367,#1297,#688,.T.);
#1750=EDGE_CURVE('',#1368,#1367,#1116,.T.);
#1751=EDGE_CURVE('',#1368,#1296,#689,.T.);
#1752=EDGE_CURVE('',#1369,#1368,#690,.T.);
#1753=EDGE_CURVE('',#1369,#1295,#691,.T.);
#1754=EDGE_CURVE('',#1370,#1369,#1117,.T.);
#1755=EDGE_CURVE('',#1370,#1294,#692,.T.);
#1756=EDGE_CURVE('',#1371,#1370,#693,.T.);
#1757=EDGE_CURVE('',#1371,#1293,#694,.T.);
#1758=EDGE_CURVE('',#1365,#1371,#1118,.T.);
#1759=EDGE_CURVE('',#1372,#1373,#1119,.T.);
#1760=EDGE_CURVE('',#1373,#1300,#695,.T.);
#1761=EDGE_CURVE('',#1372,#1307,#696,.T.);
#1762=EDGE_CURVE('',#1374,#1372,#697,.T.);
#1763=EDGE_CURVE('',#1374,#1306,#698,.T.);
#1764=EDGE_CURVE('',#1375,#1374,#1120,.T.);
#1765=EDGE_CURVE('',#1375,#1305,#699,.T.);
#1766=EDGE_CURVE('',#1376,#1375,#700,.T.);
#1767=EDGE_CURVE('',#1376,#1304,#701,.T.);
#1768=EDGE_CURVE('',#1377,#1376,#1121,.T.);
#1769=EDGE_CURVE('',#1377,#1303,#702,.T.);
#1770=EDGE_CURVE('',#1378,#1377,#703,.T.);
#1771=EDGE_CURVE('',#1378,#1302,#704,.T.);
#1772=EDGE_CURVE('',#1379,#1378,#1122,.T.);
#1773=EDGE_CURVE('',#1379,#1301,#705,.T.);
#1774=EDGE_CURVE('',#1373,#1379,#706,.T.);
#1775=EDGE_CURVE('',#1380,#1381,#707,.T.);
#1776=EDGE_CURVE('',#1381,#1308,#708,.T.);
#1777=EDGE_CURVE('',#1380,#1315,#709,.T.);
#1778=EDGE_CURVE('',#1382,#1380,#1123,.T.);
#1779=EDGE_CURVE('',#1382,#1314,#710,.T.);
#1780=EDGE_CURVE('',#1383,#1382,#711,.T.);
#1781=EDGE_CURVE('',#1383,#1313,#712,.T.);
#1782=EDGE_CURVE('',#1384,#1383,#1124,.T.);
#1783=EDGE_CURVE('',#1384,#1312,#713,.T.);
#1784=EDGE_CURVE('',#1385,#1384,#714,.T.);
#1785=EDGE_CURVE('',#1385,#1311,#715,.T.);
#1786=EDGE_CURVE('',#1386,#1385,#1125,.T.);
#1787=EDGE_CURVE('',#1386,#1310,#716,.T.);
#1788=EDGE_CURVE('',#1387,#1386,#717,.T.);
#1789=EDGE_CURVE('',#1387,#1309,#718,.T.);
#1790=EDGE_CURVE('',#1381,#1387,#1126,.T.);
#1791=EDGE_CURVE('',#1388,#1253,#719,.T.);
#1792=EDGE_CURVE('',#1259,#1388,#720,.T.);
#1793=EDGE_CURVE('',#1389,#1251,#721,.T.);
#1794=EDGE_CURVE('',#1389,#1388,#1127,.T.);
#1795=EDGE_CURVE('',#1390,#1249,#722,.T.);
#1796=EDGE_CURVE('',#1389,#1390,#723,.T.);
#1797=EDGE_CURVE('',#1256,#1390,#1128,.T.);
#1798=ORIENTED_EDGE('',*,*,#1391,.F.);
#1799=ORIENTED_EDGE('',*,*,#1392,.T.);
#1800=ORIENTED_EDGE('',*,*,#1393,.T.);
#1801=ORIENTED_EDGE('',*,*,#1392,.F.);
#1802=ORIENTED_EDGE('',*,*,#1393,.F.);
#1803=ORIENTED_EDGE('',*,*,#1394,.F.);
#1804=ORIENTED_EDGE('',*,*,#1395,.T.);
#1805=ORIENTED_EDGE('',*,*,#1396,.T.);
#1806=ORIENTED_EDGE('',*,*,#1395,.F.);
#1807=ORIENTED_EDGE('',*,*,#1396,.F.);
#1808=ORIENTED_EDGE('',*,*,#1397,.F.);
#1809=ORIENTED_EDGE('',*,*,#1398,.T.);
#1810=ORIENTED_EDGE('',*,*,#1399,.T.);
#1811=ORIENTED_EDGE('',*,*,#1398,.F.);
#1812=ORIENTED_EDGE('',*,*,#1399,.F.);
#1813=ORIENTED_EDGE('',*,*,#1400,.F.);
#1814=ORIENTED_EDGE('',*,*,#1401,.T.);
#1815=ORIENTED_EDGE('',*,*,#1402,.T.);
#1816=ORIENTED_EDGE('',*,*,#1401,.F.);
#1817=ORIENTED_EDGE('',*,*,#1402,.F.);
#1818=ORIENTED_EDGE('',*,*,#1403,.T.);
#1819=ORIENTED_EDGE('',*,*,#1404,.T.);
#1820=ORIENTED_EDGE('',*,*,#1405,.T.);
#1821=ORIENTED_EDGE('',*,*,#1406,.T.);
#1822=ORIENTED_EDGE('',*,*,#1404,.F.);
#1823=ORIENTED_EDGE('',*,*,#1407,.F.);
#1824=ORIENTED_EDGE('',*,*,#1408,.F.);
#1825=ORIENTED_EDGE('',*,*,#1409,.F.);
#1826=ORIENTED_EDGE('',*,*,#1410,.F.);
#1827=ORIENTED_EDGE('',*,*,#1411,.F.);
#1828=ORIENTED_EDGE('',*,*,#1412,.F.);
#1829=ORIENTED_EDGE('',*,*,#1413,.F.);
#1830=ORIENTED_EDGE('',*,*,#1414,.T.);
#1831=ORIENTED_EDGE('',*,*,#1415,.F.);
#1832=ORIENTED_EDGE('',*,*,#1416,.T.);
#1833=ORIENTED_EDGE('',*,*,#1417,.F.);
#1834=ORIENTED_EDGE('',*,*,#1418,.T.);
#1835=ORIENTED_EDGE('',*,*,#1419,.F.);
#1836=ORIENTED_EDGE('',*,*,#1420,.T.);
#1837=ORIENTED_EDGE('',*,*,#1421,.F.);
#1838=ORIENTED_EDGE('',*,*,#1422,.T.);
#1839=ORIENTED_EDGE('',*,*,#1423,.F.);
#1840=ORIENTED_EDGE('',*,*,#1424,.T.);
#1841=ORIENTED_EDGE('',*,*,#1425,.F.);
#1842=ORIENTED_EDGE('',*,*,#1426,.T.);
#1843=ORIENTED_EDGE('',*,*,#1427,.F.);
#1844=ORIENTED_EDGE('',*,*,#1428,.T.);
#1845=ORIENTED_EDGE('',*,*,#1429,.F.);
#1846=ORIENTED_EDGE('',*,*,#1430,.T.);
#1847=ORIENTED_EDGE('',*,*,#1431,.T.);
#1848=ORIENTED_EDGE('',*,*,#1432,.T.);
#1849=ORIENTED_EDGE('',*,*,#1433,.T.);
#1850=ORIENTED_EDGE('',*,*,#1431,.F.);
#1851=ORIENTED_EDGE('',*,*,#1434,.F.);
#1852=ORIENTED_EDGE('',*,*,#1435,.F.);
#1853=ORIENTED_EDGE('',*,*,#1436,.F.);
#1854=ORIENTED_EDGE('',*,*,#1437,.T.);
#1855=ORIENTED_EDGE('',*,*,#1435,.T.);
#1856=ORIENTED_EDGE('',*,*,#1438,.T.);
#1857=ORIENTED_EDGE('',*,*,#1439,.T.);
#1858=ORIENTED_EDGE('',*,*,#1440,.T.);
#1859=ORIENTED_EDGE('',*,*,#1441,.T.);
#1860=ORIENTED_EDGE('',*,*,#1442,.T.);
#1861=ORIENTED_EDGE('',*,*,#1412,.T.);
#1862=ORIENTED_EDGE('',*,*,#1439,.F.);
#1863=ORIENTED_EDGE('',*,*,#1443,.F.);
#1864=ORIENTED_EDGE('',*,*,#1441,.F.);
#1865=ORIENTED_EDGE('',*,*,#1444,.T.);
#1866=ORIENTED_EDGE('',*,*,#1445,.F.);
#1867=ORIENTED_EDGE('',*,*,#1446,.F.);
#1868=ORIENTED_EDGE('',*,*,#1447,.T.);
#1869=ORIENTED_EDGE('',*,*,#1448,.T.);
#1870=ORIENTED_EDGE('',*,*,#1407,.T.);
#1871=ORIENTED_EDGE('',*,*,#1403,.F.);
#1872=ORIENTED_EDGE('',*,*,#1406,.F.);
#1873=ORIENTED_EDGE('',*,*,#1449,.F.);
#1874=ORIENTED_EDGE('',*,*,#1433,.F.);
#1875=ORIENTED_EDGE('',*,*,#1450,.F.);
#1876=ORIENTED_EDGE('',*,*,#1446,.T.);
#1877=ORIENTED_EDGE('',*,*,#1411,.T.);
#1878=ORIENTED_EDGE('',*,*,#1451,.T.);
#1879=ORIENTED_EDGE('',*,*,#1452,.T.);
#1880=ORIENTED_EDGE('',*,*,#1444,.F.);
#1881=ORIENTED_EDGE('',*,*,#1440,.F.);
#1882=ORIENTED_EDGE('',*,*,#1453,.T.);
#1883=ORIENTED_EDGE('',*,*,#1454,.T.);
#1884=ORIENTED_EDGE('',*,*,#1455,.T.);
#1885=ORIENTED_EDGE('',*,*,#1456,.T.);
#1886=ORIENTED_EDGE('',*,*,#1457,.T.);
#1887=ORIENTED_EDGE('',*,*,#1458,.T.);
#1888=ORIENTED_EDGE('',*,*,#1455,.F.);
#1889=ORIENTED_EDGE('',*,*,#1459,.T.);
#1890=ORIENTED_EDGE('',*,*,#1460,.T.);
#1891=ORIENTED_EDGE('',*,*,#1461,.T.);
#1892=ORIENTED_EDGE('',*,*,#1457,.F.);
#1893=ORIENTED_EDGE('',*,*,#1462,.T.);
#1894=ORIENTED_EDGE('',*,*,#1463,.T.);
#1895=ORIENTED_EDGE('',*,*,#1464,.T.);
#1896=ORIENTED_EDGE('',*,*,#1460,.F.);
#1897=ORIENTED_EDGE('',*,*,#1465,.T.);
#1898=ORIENTED_EDGE('',*,*,#1466,.T.);
#1899=ORIENTED_EDGE('',*,*,#1467,.T.);
#1900=ORIENTED_EDGE('',*,*,#1463,.F.);
#1901=ORIENTED_EDGE('',*,*,#1468,.T.);
#1902=ORIENTED_EDGE('',*,*,#1469,.T.);
#1903=ORIENTED_EDGE('',*,*,#1470,.T.);
#1904=ORIENTED_EDGE('',*,*,#1466,.F.);
#1905=ORIENTED_EDGE('',*,*,#1471,.T.);
#1906=ORIENTED_EDGE('',*,*,#1472,.T.);
#1907=ORIENTED_EDGE('',*,*,#1473,.T.);
#1908=ORIENTED_EDGE('',*,*,#1469,.F.);
#1909=ORIENTED_EDGE('',*,*,#1474,.T.);
#1910=ORIENTED_EDGE('',*,*,#1472,.F.);
#1911=ORIENTED_EDGE('',*,*,#1475,.T.);
#1912=ORIENTED_EDGE('',*,*,#1453,.F.);
#1913=ORIENTED_EDGE('',*,*,#1476,.T.);
#1914=ORIENTED_EDGE('',*,*,#1470,.F.);
#1915=ORIENTED_EDGE('',*,*,#1477,.T.);
#1916=ORIENTED_EDGE('',*,*,#1478,.F.);
#1917=ORIENTED_EDGE('',*,*,#1479,.F.);
#1918=ORIENTED_EDGE('',*,*,#1473,.F.);
#1919=ORIENTED_EDGE('',*,*,#1480,.T.);
#1920=ORIENTED_EDGE('',*,*,#1481,.F.);
#1921=ORIENTED_EDGE('',*,*,#1477,.F.);
#1922=ORIENTED_EDGE('',*,*,#1476,.F.);
#1923=ORIENTED_EDGE('',*,*,#1482,.T.);
#1924=ORIENTED_EDGE('',*,*,#1483,.F.);
#1925=ORIENTED_EDGE('',*,*,#1480,.F.);
#1926=ORIENTED_EDGE('',*,*,#1456,.F.);
#1927=ORIENTED_EDGE('',*,*,#1484,.T.);
#1928=ORIENTED_EDGE('',*,*,#1485,.F.);
#1929=ORIENTED_EDGE('',*,*,#1482,.F.);
#1930=ORIENTED_EDGE('',*,*,#1454,.F.);
#1931=ORIENTED_EDGE('',*,*,#1475,.F.);
#1932=ORIENTED_EDGE('',*,*,#1474,.F.);
#1933=ORIENTED_EDGE('',*,*,#1471,.F.);
#1934=ORIENTED_EDGE('',*,*,#1468,.F.);
#1935=ORIENTED_EDGE('',*,*,#1465,.F.);
#1936=ORIENTED_EDGE('',*,*,#1462,.F.);
#1937=ORIENTED_EDGE('',*,*,#1459,.F.);
#1938=ORIENTED_EDGE('',*,*,#1486,.F.);
#1939=ORIENTED_EDGE('',*,*,#1487,.F.);
#1940=ORIENTED_EDGE('',*,*,#1488,.F.);
#1941=ORIENTED_EDGE('',*,*,#1489,.F.);
#1942=ORIENTED_EDGE('',*,*,#1490,.F.);
#1943=ORIENTED_EDGE('',*,*,#1491,.F.);
#1944=ORIENTED_EDGE('',*,*,#1492,.F.);
#1945=ORIENTED_EDGE('',*,*,#1493,.F.);
#1946=ORIENTED_EDGE('',*,*,#1494,.F.);
#1947=ORIENTED_EDGE('',*,*,#1495,.F.);
#1948=ORIENTED_EDGE('',*,*,#1496,.F.);
#1949=ORIENTED_EDGE('',*,*,#1497,.F.);
#1950=ORIENTED_EDGE('',*,*,#1498,.F.);
#1951=ORIENTED_EDGE('',*,*,#1499,.F.);
#1952=ORIENTED_EDGE('',*,*,#1500,.F.);
#1953=ORIENTED_EDGE('',*,*,#1501,.F.);
#1954=ORIENTED_EDGE('',*,*,#1490,.T.);
#1955=ORIENTED_EDGE('',*,*,#1502,.T.);
#1956=ORIENTED_EDGE('',*,*,#1425,.T.);
#1957=ORIENTED_EDGE('',*,*,#1503,.T.);
#1958=ORIENTED_EDGE('',*,*,#1502,.F.);
#1959=ORIENTED_EDGE('',*,*,#1489,.T.);
#1960=ORIENTED_EDGE('',*,*,#1504,.F.);
#1961=ORIENTED_EDGE('',*,*,#1426,.F.);
#1962=ORIENTED_EDGE('',*,*,#1486,.T.);
#1963=ORIENTED_EDGE('',*,*,#1505,.T.);
#1964=ORIENTED_EDGE('',*,*,#1429,.T.);
#1965=ORIENTED_EDGE('',*,*,#1506,.T.);
#1966=ORIENTED_EDGE('',*,*,#1505,.F.);
#1967=ORIENTED_EDGE('',*,*,#1493,.T.);
#1968=ORIENTED_EDGE('',*,*,#1507,.F.);
#1969=ORIENTED_EDGE('',*,*,#1422,.F.);
#1970=ORIENTED_EDGE('',*,*,#1492,.T.);
#1971=ORIENTED_EDGE('',*,*,#1508,.T.);
#1972=ORIENTED_EDGE('',*,*,#1423,.T.);
#1973=ORIENTED_EDGE('',*,*,#1507,.T.);
#1974=ORIENTED_EDGE('',*,*,#1503,.F.);
#1975=ORIENTED_EDGE('',*,*,#1424,.F.);
#1976=ORIENTED_EDGE('',*,*,#1508,.F.);
#1977=ORIENTED_EDGE('',*,*,#1491,.T.);
#1978=ORIENTED_EDGE('',*,*,#1488,.T.);
#1979=ORIENTED_EDGE('',*,*,#1509,.T.);
#1980=ORIENTED_EDGE('',*,*,#1427,.T.);
#1981=ORIENTED_EDGE('',*,*,#1504,.T.);
#1982=ORIENTED_EDGE('',*,*,#1506,.F.);
#1983=ORIENTED_EDGE('',*,*,#1428,.F.);
#1984=ORIENTED_EDGE('',*,*,#1509,.F.);
#1985=ORIENTED_EDGE('',*,*,#1487,.T.);
#1986=ORIENTED_EDGE('',*,*,#1496,.T.);
#1987=ORIENTED_EDGE('',*,*,#1510,.T.);
#1988=ORIENTED_EDGE('',*,*,#1419,.T.);
#1989=ORIENTED_EDGE('',*,*,#1511,.T.);
#1990=ORIENTED_EDGE('',*,*,#1510,.F.);
#1991=ORIENTED_EDGE('',*,*,#1495,.T.);
#1992=ORIENTED_EDGE('',*,*,#1512,.F.);
#1993=ORIENTED_EDGE('',*,*,#1420,.F.);
#1994=ORIENTED_EDGE('',*,*,#1498,.T.);
#1995=ORIENTED_EDGE('',*,*,#1513,.T.);
#1996=ORIENTED_EDGE('',*,*,#1417,.T.);
#1997=ORIENTED_EDGE('',*,*,#1514,.T.);
#1998=ORIENTED_EDGE('',*,*,#1511,.F.);
#1999=ORIENTED_EDGE('',*,*,#1418,.F.);
#2000=ORIENTED_EDGE('',*,*,#1513,.F.);
#2001=ORIENTED_EDGE('',*,*,#1497,.T.);
#2002=ORIENTED_EDGE('',*,*,#1494,.T.);
#2003=ORIENTED_EDGE('',*,*,#1515,.T.);
#2004=ORIENTED_EDGE('',*,*,#1421,.T.);
#2005=ORIENTED_EDGE('',*,*,#1512,.T.);
#2006=ORIENTED_EDGE('',*,*,#1515,.F.);
#2007=ORIENTED_EDGE('',*,*,#1501,.T.);
#2008=ORIENTED_EDGE('',*,*,#1516,.F.);
#2009=ORIENTED_EDGE('',*,*,#1414,.F.);
#2010=ORIENTED_EDGE('',*,*,#1500,.T.);
#2011=ORIENTED_EDGE('',*,*,#1517,.T.);
#2012=ORIENTED_EDGE('',*,*,#1415,.T.);
#2013=ORIENTED_EDGE('',*,*,#1516,.T.);
#2014=ORIENTED_EDGE('',*,*,#1514,.F.);
#2015=ORIENTED_EDGE('',*,*,#1416,.F.);
#2016=ORIENTED_EDGE('',*,*,#1517,.F.);
#2017=ORIENTED_EDGE('',*,*,#1499,.T.);
#2018=ORIENTED_EDGE('',*,*,#1518,.F.);
#2019=ORIENTED_EDGE('',*,*,#1451,.F.);
#2020=ORIENTED_EDGE('',*,*,#1519,.F.);
#2021=ORIENTED_EDGE('',*,*,#1520,.F.);
#2022=ORIENTED_EDGE('',*,*,#1448,.F.);
#2023=ORIENTED_EDGE('',*,*,#1521,.F.);
#2024=ORIENTED_EDGE('',*,*,#1522,.T.);
#2025=ORIENTED_EDGE('',*,*,#1523,.T.);
#2026=ORIENTED_EDGE('',*,*,#1521,.T.);
#2027=ORIENTED_EDGE('',*,*,#1524,.T.);
#2028=ORIENTED_EDGE('',*,*,#1525,.F.);
#2029=ORIENTED_EDGE('',*,*,#1526,.F.);
#2030=ORIENTED_EDGE('',*,*,#1527,.F.);
#2031=ORIENTED_EDGE('',*,*,#1528,.F.);
#2032=ORIENTED_EDGE('',*,*,#1529,.F.);
#2033=ORIENTED_EDGE('',*,*,#1530,.F.);
#2034=ORIENTED_EDGE('',*,*,#1529,.T.);
#2035=ORIENTED_EDGE('',*,*,#1408,.T.);
#2036=ORIENTED_EDGE('',*,*,#1520,.T.);
#2037=ORIENTED_EDGE('',*,*,#1531,.T.);
#2038=ORIENTED_EDGE('',*,*,#1532,.T.);
#2039=ORIENTED_EDGE('',*,*,#1533,.T.);
#2040=ORIENTED_EDGE('',*,*,#1530,.T.);
#2041=ORIENTED_EDGE('',*,*,#1534,.T.);
#2042=ORIENTED_EDGE('',*,*,#1526,.T.);
#2043=ORIENTED_EDGE('',*,*,#1409,.T.);
#2044=ORIENTED_EDGE('',*,*,#1528,.T.);
#2045=ORIENTED_EDGE('',*,*,#1535,.T.);
#2046=ORIENTED_EDGE('',*,*,#1536,.T.);
#2047=ORIENTED_EDGE('',*,*,#1537,.T.);
#2048=ORIENTED_EDGE('',*,*,#1527,.T.);
#2049=ORIENTED_EDGE('',*,*,#1538,.T.);
#2050=ORIENTED_EDGE('',*,*,#1519,.T.);
#2051=ORIENTED_EDGE('',*,*,#1410,.T.);
#2052=ORIENTED_EDGE('',*,*,#1525,.T.);
#2053=ORIENTED_EDGE('',*,*,#1539,.T.);
#2054=ORIENTED_EDGE('',*,*,#1540,.T.);
#2055=ORIENTED_EDGE('',*,*,#1541,.T.);
#2056=ORIENTED_EDGE('',*,*,#1518,.T.);
#2057=ORIENTED_EDGE('',*,*,#1542,.T.);
#2058=ORIENTED_EDGE('',*,*,#1542,.F.);
#2059=ORIENTED_EDGE('',*,*,#1539,.F.);
#2060=ORIENTED_EDGE('',*,*,#1537,.F.);
#2061=ORIENTED_EDGE('',*,*,#1543,.F.);
#2062=ORIENTED_EDGE('',*,*,#1538,.F.);
#2063=ORIENTED_EDGE('',*,*,#1535,.F.);
#2064=ORIENTED_EDGE('',*,*,#1533,.F.);
#2065=ORIENTED_EDGE('',*,*,#1544,.F.);
#2066=ORIENTED_EDGE('',*,*,#1534,.F.);
#2067=ORIENTED_EDGE('',*,*,#1531,.F.);
#2068=ORIENTED_EDGE('',*,*,#1523,.F.);
#2069=ORIENTED_EDGE('',*,*,#1545,.F.);
#2070=ORIENTED_EDGE('',*,*,#1450,.T.);
#2071=ORIENTED_EDGE('',*,*,#1432,.F.);
#2072=ORIENTED_EDGE('',*,*,#1436,.T.);
#2073=ORIENTED_EDGE('',*,*,#1437,.F.);
#2074=ORIENTED_EDGE('',*,*,#1445,.T.);
#2075=ORIENTED_EDGE('',*,*,#1452,.F.);
#2076=ORIENTED_EDGE('',*,*,#1541,.F.);
#2077=ORIENTED_EDGE('',*,*,#1546,.F.);
#2078=ORIENTED_EDGE('',*,*,#1524,.F.);
#2079=ORIENTED_EDGE('',*,*,#1447,.F.);
#2080=ORIENTED_EDGE('',*,*,#1481,.T.);
#2081=ORIENTED_EDGE('',*,*,#1483,.T.);
#2082=ORIENTED_EDGE('',*,*,#1485,.T.);
#2083=ORIENTED_EDGE('',*,*,#1547,.T.);
#2084=ORIENTED_EDGE('',*,*,#1548,.T.);
#2085=ORIENTED_EDGE('',*,*,#1549,.T.);
#2086=ORIENTED_EDGE('',*,*,#1550,.T.);
#2087=ORIENTED_EDGE('',*,*,#1478,.T.);
#2088=ORIENTED_EDGE('',*,*,#1391,.T.);
#2089=ORIENTED_EDGE('',*,*,#1394,.T.);
#2090=ORIENTED_EDGE('',*,*,#1397,.T.);
#2091=ORIENTED_EDGE('',*,*,#1400,.T.);
#2092=ORIENTED_EDGE('',*,*,#1543,.T.);
#2093=ORIENTED_EDGE('',*,*,#1536,.F.);
#2094=ORIENTED_EDGE('',*,*,#1544,.T.);
#2095=ORIENTED_EDGE('',*,*,#1532,.F.);
#2096=ORIENTED_EDGE('',*,*,#1545,.T.);
#2097=ORIENTED_EDGE('',*,*,#1522,.F.);
#2098=ORIENTED_EDGE('',*,*,#1546,.T.);
#2099=ORIENTED_EDGE('',*,*,#1540,.F.);
#2100=ORIENTED_EDGE('',*,*,#1467,.F.);
#2101=ORIENTED_EDGE('',*,*,#1479,.T.);
#2102=ORIENTED_EDGE('',*,*,#1550,.F.);
#2103=ORIENTED_EDGE('',*,*,#1551,.F.);
#2104=ORIENTED_EDGE('',*,*,#1464,.F.);
#2105=ORIENTED_EDGE('',*,*,#1551,.T.);
#2106=ORIENTED_EDGE('',*,*,#1549,.F.);
#2107=ORIENTED_EDGE('',*,*,#1552,.F.);
#2108=ORIENTED_EDGE('',*,*,#1413,.T.);
#2109=ORIENTED_EDGE('',*,*,#1442,.F.);
#2110=ORIENTED_EDGE('',*,*,#1443,.T.);
#2111=ORIENTED_EDGE('',*,*,#1438,.F.);
#2112=ORIENTED_EDGE('',*,*,#1434,.T.);
#2113=ORIENTED_EDGE('',*,*,#1430,.F.);
#2114=ORIENTED_EDGE('',*,*,#1449,.T.);
#2115=ORIENTED_EDGE('',*,*,#1405,.F.);
#2116=ORIENTED_EDGE('',*,*,#1461,.F.);
#2117=ORIENTED_EDGE('',*,*,#1552,.T.);
#2118=ORIENTED_EDGE('',*,*,#1548,.F.);
#2119=ORIENTED_EDGE('',*,*,#1553,.F.);
#2120=ORIENTED_EDGE('',*,*,#1458,.F.);
#2121=ORIENTED_EDGE('',*,*,#1553,.T.);
#2122=ORIENTED_EDGE('',*,*,#1547,.F.);
#2123=ORIENTED_EDGE('',*,*,#1484,.F.);
#2124=ORIENTED_EDGE('',*,*,#1554,.F.);
#2125=ORIENTED_EDGE('',*,*,#1555,.T.);
#2126=ORIENTED_EDGE('',*,*,#1556,.F.);
#2127=ORIENTED_EDGE('',*,*,#1555,.F.);
#2128=ORIENTED_EDGE('',*,*,#1557,.F.);
#2129=ORIENTED_EDGE('',*,*,#1558,.T.);
#2130=ORIENTED_EDGE('',*,*,#1559,.F.);
#2131=ORIENTED_EDGE('',*,*,#1558,.F.);
#2132=ORIENTED_EDGE('',*,*,#1560,.F.);
#2133=ORIENTED_EDGE('',*,*,#1561,.T.);
#2134=ORIENTED_EDGE('',*,*,#1562,.F.);
#2135=ORIENTED_EDGE('',*,*,#1561,.F.);
#2136=ORIENTED_EDGE('',*,*,#1563,.F.);
#2137=ORIENTED_EDGE('',*,*,#1564,.T.);
#2138=ORIENTED_EDGE('',*,*,#1565,.F.);
#2139=ORIENTED_EDGE('',*,*,#1564,.F.);
#2140=ORIENTED_EDGE('',*,*,#1566,.T.);
#2141=ORIENTED_EDGE('',*,*,#1567,.T.);
#2142=ORIENTED_EDGE('',*,*,#1568,.T.);
#2143=ORIENTED_EDGE('',*,*,#1569,.T.);
#2144=ORIENTED_EDGE('',*,*,#1570,.T.);
#2145=ORIENTED_EDGE('',*,*,#1571,.T.);
#2146=ORIENTED_EDGE('',*,*,#1568,.F.);
#2147=ORIENTED_EDGE('',*,*,#1572,.T.);
#2148=ORIENTED_EDGE('',*,*,#1573,.T.);
#2149=ORIENTED_EDGE('',*,*,#1574,.T.);
#2150=ORIENTED_EDGE('',*,*,#1570,.F.);
#2151=ORIENTED_EDGE('',*,*,#1575,.T.);
#2152=ORIENTED_EDGE('',*,*,#1576,.T.);
#2153=ORIENTED_EDGE('',*,*,#1577,.T.);
#2154=ORIENTED_EDGE('',*,*,#1573,.F.);
#2155=ORIENTED_EDGE('',*,*,#1578,.T.);
#2156=ORIENTED_EDGE('',*,*,#1579,.T.);
#2157=ORIENTED_EDGE('',*,*,#1580,.T.);
#2158=ORIENTED_EDGE('',*,*,#1576,.F.);
#2159=ORIENTED_EDGE('',*,*,#1581,.T.);
#2160=ORIENTED_EDGE('',*,*,#1582,.T.);
#2161=ORIENTED_EDGE('',*,*,#1583,.T.);
#2162=ORIENTED_EDGE('',*,*,#1579,.F.);
#2163=ORIENTED_EDGE('',*,*,#1584,.T.);
#2164=ORIENTED_EDGE('',*,*,#1585,.T.);
#2165=ORIENTED_EDGE('',*,*,#1586,.T.);
#2166=ORIENTED_EDGE('',*,*,#1582,.F.);
#2167=ORIENTED_EDGE('',*,*,#1587,.T.);
#2168=ORIENTED_EDGE('',*,*,#1566,.F.);
#2169=ORIENTED_EDGE('',*,*,#1588,.T.);
#2170=ORIENTED_EDGE('',*,*,#1585,.F.);
#2171=ORIENTED_EDGE('',*,*,#1589,.T.);
#2172=ORIENTED_EDGE('',*,*,#1578,.F.);
#2173=ORIENTED_EDGE('',*,*,#1590,.F.);
#2174=ORIENTED_EDGE('',*,*,#1591,.F.);
#2175=ORIENTED_EDGE('',*,*,#1592,.T.);
#2176=ORIENTED_EDGE('',*,*,#1575,.F.);
#2177=ORIENTED_EDGE('',*,*,#1593,.F.);
#2178=ORIENTED_EDGE('',*,*,#1594,.T.);
#2179=ORIENTED_EDGE('',*,*,#1590,.T.);
#2180=ORIENTED_EDGE('',*,*,#1572,.F.);
#2181=ORIENTED_EDGE('',*,*,#1595,.F.);
#2182=ORIENTED_EDGE('',*,*,#1596,.F.);
#2183=ORIENTED_EDGE('',*,*,#1593,.T.);
#2184=ORIENTED_EDGE('',*,*,#1567,.F.);
#2185=ORIENTED_EDGE('',*,*,#1597,.F.);
#2186=ORIENTED_EDGE('',*,*,#1598,.T.);
#2187=ORIENTED_EDGE('',*,*,#1595,.T.);
#2188=ORIENTED_EDGE('',*,*,#1569,.F.);
#2189=ORIENTED_EDGE('',*,*,#1571,.F.);
#2190=ORIENTED_EDGE('',*,*,#1574,.F.);
#2191=ORIENTED_EDGE('',*,*,#1577,.F.);
#2192=ORIENTED_EDGE('',*,*,#1580,.F.);
#2193=ORIENTED_EDGE('',*,*,#1583,.F.);
#2194=ORIENTED_EDGE('',*,*,#1586,.F.);
#2195=ORIENTED_EDGE('',*,*,#1588,.F.);
#2196=ORIENTED_EDGE('',*,*,#1557,.T.);
#2197=ORIENTED_EDGE('',*,*,#1563,.T.);
#2198=ORIENTED_EDGE('',*,*,#1599,.T.);
#2199=ORIENTED_EDGE('',*,*,#1600,.F.);
#2200=ORIENTED_EDGE('',*,*,#1601,.T.);
#2201=ORIENTED_EDGE('',*,*,#1602,.F.);
#2202=ORIENTED_EDGE('',*,*,#1603,.T.);
#2203=ORIENTED_EDGE('',*,*,#1604,.F.);
#2204=ORIENTED_EDGE('',*,*,#1605,.T.);
#2205=ORIENTED_EDGE('',*,*,#1606,.F.);
#2206=ORIENTED_EDGE('',*,*,#1607,.T.);
#2207=ORIENTED_EDGE('',*,*,#1608,.T.);
#2208=ORIENTED_EDGE('',*,*,#1609,.T.);
#2209=ORIENTED_EDGE('',*,*,#1610,.T.);
#2210=ORIENTED_EDGE('',*,*,#1611,.T.);
#2211=ORIENTED_EDGE('',*,*,#1612,.T.);
#2212=ORIENTED_EDGE('',*,*,#1613,.T.);
#2213=ORIENTED_EDGE('',*,*,#1614,.T.);
#2214=ORIENTED_EDGE('',*,*,#1615,.T.);
#2215=ORIENTED_EDGE('',*,*,#1616,.T.);
#2216=ORIENTED_EDGE('',*,*,#1617,.T.);
#2217=ORIENTED_EDGE('',*,*,#1618,.T.);
#2218=ORIENTED_EDGE('',*,*,#1619,.T.);
#2219=ORIENTED_EDGE('',*,*,#1620,.T.);
#2220=ORIENTED_EDGE('',*,*,#1621,.T.);
#2221=ORIENTED_EDGE('',*,*,#1622,.T.);
#2222=ORIENTED_EDGE('',*,*,#1623,.T.);
#2223=ORIENTED_EDGE('',*,*,#1624,.T.);
#2224=ORIENTED_EDGE('',*,*,#1625,.T.);
#2225=ORIENTED_EDGE('',*,*,#1626,.T.);
#2226=ORIENTED_EDGE('',*,*,#1627,.T.);
#2227=ORIENTED_EDGE('',*,*,#1628,.T.);
#2228=ORIENTED_EDGE('',*,*,#1629,.T.);
#2229=ORIENTED_EDGE('',*,*,#1630,.T.);
#2230=ORIENTED_EDGE('',*,*,#1631,.T.);
#2231=ORIENTED_EDGE('',*,*,#1632,.T.);
#2232=ORIENTED_EDGE('',*,*,#1633,.T.);
#2233=ORIENTED_EDGE('',*,*,#1634,.T.);
#2234=ORIENTED_EDGE('',*,*,#1635,.T.);
#2235=ORIENTED_EDGE('',*,*,#1636,.T.);
#2236=ORIENTED_EDGE('',*,*,#1637,.T.);
#2237=ORIENTED_EDGE('',*,*,#1638,.T.);
#2238=ORIENTED_EDGE('',*,*,#1639,.T.);
#2239=ORIENTED_EDGE('',*,*,#1640,.T.);
#2240=ORIENTED_EDGE('',*,*,#1641,.T.);
#2241=ORIENTED_EDGE('',*,*,#1642,.T.);
#2242=ORIENTED_EDGE('',*,*,#1643,.T.);
#2243=ORIENTED_EDGE('',*,*,#1644,.T.);
#2244=ORIENTED_EDGE('',*,*,#1645,.T.);
#2245=ORIENTED_EDGE('',*,*,#1646,.T.);
#2246=ORIENTED_EDGE('',*,*,#1647,.T.);
#2247=ORIENTED_EDGE('',*,*,#1648,.T.);
#2248=ORIENTED_EDGE('',*,*,#1649,.T.);
#2249=ORIENTED_EDGE('',*,*,#1650,.T.);
#2250=ORIENTED_EDGE('',*,*,#1651,.T.);
#2251=ORIENTED_EDGE('',*,*,#1652,.T.);
#2252=ORIENTED_EDGE('',*,*,#1653,.T.);
#2253=ORIENTED_EDGE('',*,*,#1654,.T.);
#2254=ORIENTED_EDGE('',*,*,#1655,.T.);
#2255=ORIENTED_EDGE('',*,*,#1656,.F.);
#2256=ORIENTED_EDGE('',*,*,#1657,.T.);
#2257=ORIENTED_EDGE('',*,*,#1658,.F.);
#2258=ORIENTED_EDGE('',*,*,#1659,.T.);
#2259=ORIENTED_EDGE('',*,*,#1660,.F.);
#2260=ORIENTED_EDGE('',*,*,#1661,.T.);
#2261=ORIENTED_EDGE('',*,*,#1662,.F.);
#2262=ORIENTED_EDGE('',*,*,#1560,.T.);
#2263=ORIENTED_EDGE('',*,*,#1554,.T.);
#2264=ORIENTED_EDGE('',*,*,#1663,.T.);
#2265=ORIENTED_EDGE('',*,*,#1664,.T.);
#2266=ORIENTED_EDGE('',*,*,#1604,.T.);
#2267=ORIENTED_EDGE('',*,*,#1665,.T.);
#2268=ORIENTED_EDGE('',*,*,#1664,.F.);
#2269=ORIENTED_EDGE('',*,*,#1666,.T.);
#2270=ORIENTED_EDGE('',*,*,#1667,.F.);
#2271=ORIENTED_EDGE('',*,*,#1605,.F.);
#2272=ORIENTED_EDGE('',*,*,#1668,.T.);
#2273=ORIENTED_EDGE('',*,*,#1669,.T.);
#2274=ORIENTED_EDGE('',*,*,#1602,.T.);
#2275=ORIENTED_EDGE('',*,*,#1670,.T.);
#2276=ORIENTED_EDGE('',*,*,#1665,.F.);
#2277=ORIENTED_EDGE('',*,*,#1603,.F.);
#2278=ORIENTED_EDGE('',*,*,#1669,.F.);
#2279=ORIENTED_EDGE('',*,*,#1671,.T.);
#2280=ORIENTED_EDGE('',*,*,#1672,.T.);
#2281=ORIENTED_EDGE('',*,*,#1673,.T.);
#2282=ORIENTED_EDGE('',*,*,#1600,.T.);
#2283=ORIENTED_EDGE('',*,*,#1674,.T.);
#2284=ORIENTED_EDGE('',*,*,#1670,.F.);
#2285=ORIENTED_EDGE('',*,*,#1601,.F.);
#2286=ORIENTED_EDGE('',*,*,#1673,.F.);
#2287=ORIENTED_EDGE('',*,*,#1675,.T.);
#2288=ORIENTED_EDGE('',*,*,#1676,.T.);
#2289=ORIENTED_EDGE('',*,*,#1677,.T.);
#2290=ORIENTED_EDGE('',*,*,#1606,.T.);
#2291=ORIENTED_EDGE('',*,*,#1667,.T.);
#2292=ORIENTED_EDGE('',*,*,#1674,.F.);
#2293=ORIENTED_EDGE('',*,*,#1599,.F.);
#2294=ORIENTED_EDGE('',*,*,#1677,.F.);
#2295=ORIENTED_EDGE('',*,*,#1678,.T.);
#2296=ORIENTED_EDGE('',*,*,#1679,.T.);
#2297=ORIENTED_EDGE('',*,*,#1680,.T.);
#2298=ORIENTED_EDGE('',*,*,#1662,.T.);
#2299=ORIENTED_EDGE('',*,*,#1681,.T.);
#2300=ORIENTED_EDGE('',*,*,#1680,.F.);
#2301=ORIENTED_EDGE('',*,*,#1682,.T.);
#2302=ORIENTED_EDGE('',*,*,#1683,.F.);
#2303=ORIENTED_EDGE('',*,*,#1655,.F.);
#2304=ORIENTED_EDGE('',*,*,#1684,.T.);
#2305=ORIENTED_EDGE('',*,*,#1685,.T.);
#2306=ORIENTED_EDGE('',*,*,#1660,.T.);
#2307=ORIENTED_EDGE('',*,*,#1686,.T.);
#2308=ORIENTED_EDGE('',*,*,#1681,.F.);
#2309=ORIENTED_EDGE('',*,*,#1661,.F.);
#2310=ORIENTED_EDGE('',*,*,#1685,.F.);
#2311=ORIENTED_EDGE('',*,*,#1687,.T.);
#2312=ORIENTED_EDGE('',*,*,#1688,.T.);
#2313=ORIENTED_EDGE('',*,*,#1689,.T.);
#2314=ORIENTED_EDGE('',*,*,#1658,.T.);
#2315=ORIENTED_EDGE('',*,*,#1690,.T.);
#2316=ORIENTED_EDGE('',*,*,#1686,.F.);
#2317=ORIENTED_EDGE('',*,*,#1659,.F.);
#2318=ORIENTED_EDGE('',*,*,#1689,.F.);
#2319=ORIENTED_EDGE('',*,*,#1691,.T.);
#2320=ORIENTED_EDGE('',*,*,#1692,.T.);
#2321=ORIENTED_EDGE('',*,*,#1693,.T.);
#2322=ORIENTED_EDGE('',*,*,#1656,.T.);
#2323=ORIENTED_EDGE('',*,*,#1683,.T.);
#2324=ORIENTED_EDGE('',*,*,#1690,.F.);
#2325=ORIENTED_EDGE('',*,*,#1657,.F.);
#2326=ORIENTED_EDGE('',*,*,#1693,.F.);
#2327=ORIENTED_EDGE('',*,*,#1694,.T.);
#2328=ORIENTED_EDGE('',*,*,#1695,.T.);
#2329=ORIENTED_EDGE('',*,*,#1696,.T.);
#2330=ORIENTED_EDGE('',*,*,#1614,.F.);
#2331=ORIENTED_EDGE('',*,*,#1697,.F.);
#2332=ORIENTED_EDGE('',*,*,#1698,.T.);
#2333=ORIENTED_EDGE('',*,*,#1697,.T.);
#2334=ORIENTED_EDGE('',*,*,#1613,.F.);
#2335=ORIENTED_EDGE('',*,*,#1699,.F.);
#2336=ORIENTED_EDGE('',*,*,#1700,.T.);
#2337=ORIENTED_EDGE('',*,*,#1699,.T.);
#2338=ORIENTED_EDGE('',*,*,#1612,.F.);
#2339=ORIENTED_EDGE('',*,*,#1701,.F.);
#2340=ORIENTED_EDGE('',*,*,#1702,.T.);
#2341=ORIENTED_EDGE('',*,*,#1701,.T.);
#2342=ORIENTED_EDGE('',*,*,#1611,.F.);
#2343=ORIENTED_EDGE('',*,*,#1703,.F.);
#2344=ORIENTED_EDGE('',*,*,#1704,.T.);
#2345=ORIENTED_EDGE('',*,*,#1703,.T.);
#2346=ORIENTED_EDGE('',*,*,#1610,.F.);
#2347=ORIENTED_EDGE('',*,*,#1705,.F.);
#2348=ORIENTED_EDGE('',*,*,#1706,.T.);
#2349=ORIENTED_EDGE('',*,*,#1705,.T.);
#2350=ORIENTED_EDGE('',*,*,#1609,.F.);
#2351=ORIENTED_EDGE('',*,*,#1707,.F.);
#2352=ORIENTED_EDGE('',*,*,#1708,.T.);
#2353=ORIENTED_EDGE('',*,*,#1707,.T.);
#2354=ORIENTED_EDGE('',*,*,#1608,.F.);
#2355=ORIENTED_EDGE('',*,*,#1709,.F.);
#2356=ORIENTED_EDGE('',*,*,#1710,.T.);
#2357=ORIENTED_EDGE('',*,*,#1709,.T.);
#2358=ORIENTED_EDGE('',*,*,#1607,.F.);
#2359=ORIENTED_EDGE('',*,*,#1696,.F.);
#2360=ORIENTED_EDGE('',*,*,#1711,.T.);
#2361=ORIENTED_EDGE('',*,*,#1712,.T.);
#2362=ORIENTED_EDGE('',*,*,#1622,.F.);
#2363=ORIENTED_EDGE('',*,*,#1713,.F.);
#2364=ORIENTED_EDGE('',*,*,#1714,.T.);
#2365=ORIENTED_EDGE('',*,*,#1713,.T.);
#2366=ORIENTED_EDGE('',*,*,#1621,.F.);
#2367=ORIENTED_EDGE('',*,*,#1715,.F.);
#2368=ORIENTED_EDGE('',*,*,#1716,.T.);
#2369=ORIENTED_EDGE('',*,*,#1715,.T.);
#2370=ORIENTED_EDGE('',*,*,#1620,.F.);
#2371=ORIENTED_EDGE('',*,*,#1717,.F.);
#2372=ORIENTED_EDGE('',*,*,#1718,.T.);
#2373=ORIENTED_EDGE('',*,*,#1717,.T.);
#2374=ORIENTED_EDGE('',*,*,#1619,.F.);
#2375=ORIENTED_EDGE('',*,*,#1719,.F.);
#2376=ORIENTED_EDGE('',*,*,#1720,.T.);
#2377=ORIENTED_EDGE('',*,*,#1719,.T.);
#2378=ORIENTED_EDGE('',*,*,#1618,.F.);
#2379=ORIENTED_EDGE('',*,*,#1721,.F.);
#2380=ORIENTED_EDGE('',*,*,#1722,.T.);
#2381=ORIENTED_EDGE('',*,*,#1721,.T.);
#2382=ORIENTED_EDGE('',*,*,#1617,.F.);
#2383=ORIENTED_EDGE('',*,*,#1723,.F.);
#2384=ORIENTED_EDGE('',*,*,#1724,.T.);
#2385=ORIENTED_EDGE('',*,*,#1723,.T.);
#2386=ORIENTED_EDGE('',*,*,#1616,.F.);
#2387=ORIENTED_EDGE('',*,*,#1725,.F.);
#2388=ORIENTED_EDGE('',*,*,#1726,.T.);
#2389=ORIENTED_EDGE('',*,*,#1725,.T.);
#2390=ORIENTED_EDGE('',*,*,#1615,.F.);
#2391=ORIENTED_EDGE('',*,*,#1712,.F.);
#2392=ORIENTED_EDGE('',*,*,#1727,.T.);
#2393=ORIENTED_EDGE('',*,*,#1728,.T.);
#2394=ORIENTED_EDGE('',*,*,#1630,.F.);
#2395=ORIENTED_EDGE('',*,*,#1729,.F.);
#2396=ORIENTED_EDGE('',*,*,#1730,.T.);
#2397=ORIENTED_EDGE('',*,*,#1729,.T.);
#2398=ORIENTED_EDGE('',*,*,#1629,.F.);
#2399=ORIENTED_EDGE('',*,*,#1731,.F.);
#2400=ORIENTED_EDGE('',*,*,#1732,.T.);
#2401=ORIENTED_EDGE('',*,*,#1731,.T.);
#2402=ORIENTED_EDGE('',*,*,#1628,.F.);
#2403=ORIENTED_EDGE('',*,*,#1733,.F.);
#2404=ORIENTED_EDGE('',*,*,#1734,.T.);
#2405=ORIENTED_EDGE('',*,*,#1733,.T.);
#2406=ORIENTED_EDGE('',*,*,#1627,.F.);
#2407=ORIENTED_EDGE('',*,*,#1735,.F.);
#2408=ORIENTED_EDGE('',*,*,#1736,.T.);
#2409=ORIENTED_EDGE('',*,*,#1735,.T.);
#2410=ORIENTED_EDGE('',*,*,#1626,.F.);
#2411=ORIENTED_EDGE('',*,*,#1737,.F.);
#2412=ORIENTED_EDGE('',*,*,#1738,.T.);
#2413=ORIENTED_EDGE('',*,*,#1737,.T.);
#2414=ORIENTED_EDGE('',*,*,#1625,.F.);
#2415=ORIENTED_EDGE('',*,*,#1739,.F.);
#2416=ORIENTED_EDGE('',*,*,#1740,.T.);
#2417=ORIENTED_EDGE('',*,*,#1739,.T.);
#2418=ORIENTED_EDGE('',*,*,#1624,.F.);
#2419=ORIENTED_EDGE('',*,*,#1741,.F.);
#2420=ORIENTED_EDGE('',*,*,#1742,.T.);
#2421=ORIENTED_EDGE('',*,*,#1741,.T.);
#2422=ORIENTED_EDGE('',*,*,#1623,.F.);
#2423=ORIENTED_EDGE('',*,*,#1728,.F.);
#2424=ORIENTED_EDGE('',*,*,#1743,.T.);
#2425=ORIENTED_EDGE('',*,*,#1744,.T.);
#2426=ORIENTED_EDGE('',*,*,#1638,.F.);
#2427=ORIENTED_EDGE('',*,*,#1745,.F.);
#2428=ORIENTED_EDGE('',*,*,#1746,.T.);
#2429=ORIENTED_EDGE('',*,*,#1745,.T.);
#2430=ORIENTED_EDGE('',*,*,#1637,.F.);
#2431=ORIENTED_EDGE('',*,*,#1747,.F.);
#2432=ORIENTED_EDGE('',*,*,#1748,.T.);
#2433=ORIENTED_EDGE('',*,*,#1747,.T.);
#2434=ORIENTED_EDGE('',*,*,#1636,.F.);
#2435=ORIENTED_EDGE('',*,*,#1749,.F.);
#2436=ORIENTED_EDGE('',*,*,#1750,.T.);
#2437=ORIENTED_EDGE('',*,*,#1749,.T.);
#2438=ORIENTED_EDGE('',*,*,#1635,.F.);
#2439=ORIENTED_EDGE('',*,*,#1751,.F.);
#2440=ORIENTED_EDGE('',*,*,#1752,.T.);
#2441=ORIENTED_EDGE('',*,*,#1751,.T.);
#2442=ORIENTED_EDGE('',*,*,#1634,.F.);
#2443=ORIENTED_EDGE('',*,*,#1753,.F.);
#2444=ORIENTED_EDGE('',*,*,#1754,.T.);
#2445=ORIENTED_EDGE('',*,*,#1753,.T.);
#2446=ORIENTED_EDGE('',*,*,#1633,.F.);
#2447=ORIENTED_EDGE('',*,*,#1755,.F.);
#2448=ORIENTED_EDGE('',*,*,#1756,.T.);
#2449=ORIENTED_EDGE('',*,*,#1755,.T.);
#2450=ORIENTED_EDGE('',*,*,#1632,.F.);
#2451=ORIENTED_EDGE('',*,*,#1757,.F.);
#2452=ORIENTED_EDGE('',*,*,#1758,.T.);
#2453=ORIENTED_EDGE('',*,*,#1757,.T.);
#2454=ORIENTED_EDGE('',*,*,#1631,.F.);
#2455=ORIENTED_EDGE('',*,*,#1744,.F.);
#2456=ORIENTED_EDGE('',*,*,#1759,.T.);
#2457=ORIENTED_EDGE('',*,*,#1760,.T.);
#2458=ORIENTED_EDGE('',*,*,#1646,.F.);
#2459=ORIENTED_EDGE('',*,*,#1761,.F.);
#2460=ORIENTED_EDGE('',*,*,#1762,.T.);
#2461=ORIENTED_EDGE('',*,*,#1761,.T.);
#2462=ORIENTED_EDGE('',*,*,#1645,.F.);
#2463=ORIENTED_EDGE('',*,*,#1763,.F.);
#2464=ORIENTED_EDGE('',*,*,#1764,.T.);
#2465=ORIENTED_EDGE('',*,*,#1763,.T.);
#2466=ORIENTED_EDGE('',*,*,#1644,.F.);
#2467=ORIENTED_EDGE('',*,*,#1765,.F.);
#2468=ORIENTED_EDGE('',*,*,#1766,.T.);
#2469=ORIENTED_EDGE('',*,*,#1765,.T.);
#2470=ORIENTED_EDGE('',*,*,#1643,.F.);
#2471=ORIENTED_EDGE('',*,*,#1767,.F.);
#2472=ORIENTED_EDGE('',*,*,#1768,.T.);
#2473=ORIENTED_EDGE('',*,*,#1767,.T.);
#2474=ORIENTED_EDGE('',*,*,#1642,.F.);
#2475=ORIENTED_EDGE('',*,*,#1769,.F.);
#2476=ORIENTED_EDGE('',*,*,#1770,.T.);
#2477=ORIENTED_EDGE('',*,*,#1769,.T.);
#2478=ORIENTED_EDGE('',*,*,#1641,.F.);
#2479=ORIENTED_EDGE('',*,*,#1771,.F.);
#2480=ORIENTED_EDGE('',*,*,#1772,.T.);
#2481=ORIENTED_EDGE('',*,*,#1771,.T.);
#2482=ORIENTED_EDGE('',*,*,#1640,.F.);
#2483=ORIENTED_EDGE('',*,*,#1773,.F.);
#2484=ORIENTED_EDGE('',*,*,#1774,.T.);
#2485=ORIENTED_EDGE('',*,*,#1773,.T.);
#2486=ORIENTED_EDGE('',*,*,#1639,.F.);
#2487=ORIENTED_EDGE('',*,*,#1760,.F.);
#2488=ORIENTED_EDGE('',*,*,#1775,.T.);
#2489=ORIENTED_EDGE('',*,*,#1776,.T.);
#2490=ORIENTED_EDGE('',*,*,#1654,.F.);
#2491=ORIENTED_EDGE('',*,*,#1777,.F.);
#2492=ORIENTED_EDGE('',*,*,#1778,.T.);
#2493=ORIENTED_EDGE('',*,*,#1777,.T.);
#2494=ORIENTED_EDGE('',*,*,#1653,.F.);
#2495=ORIENTED_EDGE('',*,*,#1779,.F.);
#2496=ORIENTED_EDGE('',*,*,#1780,.T.);
#2497=ORIENTED_EDGE('',*,*,#1779,.T.);
#2498=ORIENTED_EDGE('',*,*,#1652,.F.);
#2499=ORIENTED_EDGE('',*,*,#1781,.F.);
#2500=ORIENTED_EDGE('',*,*,#1782,.T.);
#2501=ORIENTED_EDGE('',*,*,#1781,.T.);
#2502=ORIENTED_EDGE('',*,*,#1651,.F.);
#2503=ORIENTED_EDGE('',*,*,#1783,.F.);
#2504=ORIENTED_EDGE('',*,*,#1784,.T.);
#2505=ORIENTED_EDGE('',*,*,#1783,.T.);
#2506=ORIENTED_EDGE('',*,*,#1650,.F.);
#2507=ORIENTED_EDGE('',*,*,#1785,.F.);
#2508=ORIENTED_EDGE('',*,*,#1786,.T.);
#2509=ORIENTED_EDGE('',*,*,#1785,.T.);
#2510=ORIENTED_EDGE('',*,*,#1649,.F.);
#2511=ORIENTED_EDGE('',*,*,#1787,.F.);
#2512=ORIENTED_EDGE('',*,*,#1788,.T.);
#2513=ORIENTED_EDGE('',*,*,#1787,.T.);
#2514=ORIENTED_EDGE('',*,*,#1648,.F.);
#2515=ORIENTED_EDGE('',*,*,#1789,.F.);
#2516=ORIENTED_EDGE('',*,*,#1790,.T.);
#2517=ORIENTED_EDGE('',*,*,#1789,.T.);
#2518=ORIENTED_EDGE('',*,*,#1647,.F.);
#2519=ORIENTED_EDGE('',*,*,#1776,.F.);
#2520=ORIENTED_EDGE('',*,*,#1589,.F.);
#2521=ORIENTED_EDGE('',*,*,#1791,.F.);
#2522=ORIENTED_EDGE('',*,*,#1792,.F.);
#2523=ORIENTED_EDGE('',*,*,#1597,.T.);
#2524=ORIENTED_EDGE('',*,*,#1587,.F.);
#2525=ORIENTED_EDGE('',*,*,#1793,.F.);
#2526=ORIENTED_EDGE('',*,*,#1794,.T.);
#2527=ORIENTED_EDGE('',*,*,#1791,.T.);
#2528=ORIENTED_EDGE('',*,*,#1584,.F.);
#2529=ORIENTED_EDGE('',*,*,#1795,.F.);
#2530=ORIENTED_EDGE('',*,*,#1796,.F.);
#2531=ORIENTED_EDGE('',*,*,#1793,.T.);
#2532=ORIENTED_EDGE('',*,*,#1581,.F.);
#2533=ORIENTED_EDGE('',*,*,#1592,.F.);
#2534=ORIENTED_EDGE('',*,*,#1797,.T.);
#2535=ORIENTED_EDGE('',*,*,#1795,.T.);
#2536=ORIENTED_EDGE('',*,*,#1598,.F.);
#2537=ORIENTED_EDGE('',*,*,#1792,.T.);
#2538=ORIENTED_EDGE('',*,*,#1794,.F.);
#2539=ORIENTED_EDGE('',*,*,#1796,.T.);
#2540=ORIENTED_EDGE('',*,*,#1797,.F.);
#2541=ORIENTED_EDGE('',*,*,#1591,.T.);
#2542=ORIENTED_EDGE('',*,*,#1594,.F.);
#2543=ORIENTED_EDGE('',*,*,#1596,.T.);
#2544=ORIENTED_EDGE('',*,*,#1559,.T.);
#2545=ORIENTED_EDGE('',*,*,#1565,.T.);
#2546=ORIENTED_EDGE('',*,*,#1679,.F.);
#2547=ORIENTED_EDGE('',*,*,#1687,.F.);
#2548=ORIENTED_EDGE('',*,*,#1684,.F.);
#2549=ORIENTED_EDGE('',*,*,#1691,.F.);
#2550=ORIENTED_EDGE('',*,*,#1688,.F.);
#2551=ORIENTED_EDGE('',*,*,#1694,.F.);
#2552=ORIENTED_EDGE('',*,*,#1692,.F.);
#2553=ORIENTED_EDGE('',*,*,#1682,.F.);
#2554=ORIENTED_EDGE('',*,*,#1790,.F.);
#2555=ORIENTED_EDGE('',*,*,#1775,.F.);
#2556=ORIENTED_EDGE('',*,*,#1778,.F.);
#2557=ORIENTED_EDGE('',*,*,#1780,.F.);
#2558=ORIENTED_EDGE('',*,*,#1782,.F.);
#2559=ORIENTED_EDGE('',*,*,#1784,.F.);
#2560=ORIENTED_EDGE('',*,*,#1786,.F.);
#2561=ORIENTED_EDGE('',*,*,#1788,.F.);
#2562=ORIENTED_EDGE('',*,*,#1774,.F.);
#2563=ORIENTED_EDGE('',*,*,#1759,.F.);
#2564=ORIENTED_EDGE('',*,*,#1762,.F.);
#2565=ORIENTED_EDGE('',*,*,#1764,.F.);
#2566=ORIENTED_EDGE('',*,*,#1766,.F.);
#2567=ORIENTED_EDGE('',*,*,#1768,.F.);
#2568=ORIENTED_EDGE('',*,*,#1770,.F.);
#2569=ORIENTED_EDGE('',*,*,#1772,.F.);
#2570=ORIENTED_EDGE('',*,*,#1758,.F.);
#2571=ORIENTED_EDGE('',*,*,#1743,.F.);
#2572=ORIENTED_EDGE('',*,*,#1746,.F.);
#2573=ORIENTED_EDGE('',*,*,#1748,.F.);
#2574=ORIENTED_EDGE('',*,*,#1750,.F.);
#2575=ORIENTED_EDGE('',*,*,#1752,.F.);
#2576=ORIENTED_EDGE('',*,*,#1754,.F.);
#2577=ORIENTED_EDGE('',*,*,#1756,.F.);
#2578=ORIENTED_EDGE('',*,*,#1742,.F.);
#2579=ORIENTED_EDGE('',*,*,#1727,.F.);
#2580=ORIENTED_EDGE('',*,*,#1730,.F.);
#2581=ORIENTED_EDGE('',*,*,#1732,.F.);
#2582=ORIENTED_EDGE('',*,*,#1734,.F.);
#2583=ORIENTED_EDGE('',*,*,#1736,.F.);
#2584=ORIENTED_EDGE('',*,*,#1738,.F.);
#2585=ORIENTED_EDGE('',*,*,#1740,.F.);
#2586=ORIENTED_EDGE('',*,*,#1726,.F.);
#2587=ORIENTED_EDGE('',*,*,#1711,.F.);
#2588=ORIENTED_EDGE('',*,*,#1714,.F.);
#2589=ORIENTED_EDGE('',*,*,#1716,.F.);
#2590=ORIENTED_EDGE('',*,*,#1718,.F.);
#2591=ORIENTED_EDGE('',*,*,#1720,.F.);
#2592=ORIENTED_EDGE('',*,*,#1722,.F.);
#2593=ORIENTED_EDGE('',*,*,#1724,.F.);
#2594=ORIENTED_EDGE('',*,*,#1710,.F.);
#2595=ORIENTED_EDGE('',*,*,#1695,.F.);
#2596=ORIENTED_EDGE('',*,*,#1698,.F.);
#2597=ORIENTED_EDGE('',*,*,#1700,.F.);
#2598=ORIENTED_EDGE('',*,*,#1702,.F.);
#2599=ORIENTED_EDGE('',*,*,#1704,.F.);
#2600=ORIENTED_EDGE('',*,*,#1706,.F.);
#2601=ORIENTED_EDGE('',*,*,#1708,.F.);
#2602=ORIENTED_EDGE('',*,*,#1676,.F.);
#2603=ORIENTED_EDGE('',*,*,#1666,.F.);
#2604=ORIENTED_EDGE('',*,*,#1663,.F.);
#2605=ORIENTED_EDGE('',*,*,#1671,.F.);
#2606=ORIENTED_EDGE('',*,*,#1668,.F.);
#2607=ORIENTED_EDGE('',*,*,#1675,.F.);
#2608=ORIENTED_EDGE('',*,*,#1672,.F.);
#2609=ORIENTED_EDGE('',*,*,#1678,.F.);
#2610=ORIENTED_EDGE('',*,*,#1562,.T.);
#2611=ORIENTED_EDGE('',*,*,#1556,.T.);
#2612=CYLINDRICAL_SURFACE('',#2869,2.35000000000001);
#2613=CYLINDRICAL_SURFACE('',#2873,2.35000000000001);
#2614=CYLINDRICAL_SURFACE('',#2877,2.35);
#2615=CYLINDRICAL_SURFACE('',#2881,2.35000000000001);
#2616=CYLINDRICAL_SURFACE('',#2885,0.5);
#2617=CYLINDRICAL_SURFACE('',#2896,0.5);
#2618=CYLINDRICAL_SURFACE('',#2900,0.5);
#2619=CYLINDRICAL_SURFACE('',#2903,0.5);
#2620=CYLINDRICAL_SURFACE('',#2907,2.);
#2621=CYLINDRICAL_SURFACE('',#2911,2.);
#2622=CYLINDRICAL_SURFACE('',#2918,0.5);
#2623=CYLINDRICAL_SURFACE('',#2924,0.5);
#2624=CYLINDRICAL_SURFACE('',#2930,0.5);
#2625=CYLINDRICAL_SURFACE('',#2936,0.5);
#2626=CYLINDRICAL_SURFACE('',#2938,5.00000000000001);
#2627=CYLINDRICAL_SURFACE('',#2941,5.);
#2628=CYLINDRICAL_SURFACE('',#2952,0.5);
#2629=CYLINDRICAL_SURFACE('',#2954,0.5);
#2630=CYLINDRICAL_SURFACE('',#2956,0.5);
#2631=CYLINDRICAL_SURFACE('',#2958,0.5);
#2632=CYLINDRICAL_SURFACE('',#2960,0.5);
#2633=CYLINDRICAL_SURFACE('',#2962,0.5);
#2634=CYLINDRICAL_SURFACE('',#2964,0.5);
#2635=CYLINDRICAL_SURFACE('',#2966,0.5);
#2636=CYLINDRICAL_SURFACE('',#2974,2.);
#2637=CYLINDRICAL_SURFACE('',#2984,2.);
#2638=CYLINDRICAL_SURFACE('',#2985,2.);
#2639=CYLINDRICAL_SURFACE('',#2987,2.);
#2640=CYLINDRICAL_SURFACE('',#2988,2.);
#2641=CYLINDRICAL_SURFACE('',#2990,2.);
#2642=CYLINDRICAL_SURFACE('',#2991,2.);
#2643=CYLINDRICAL_SURFACE('',#3000,4.99999999999999);
#2644=CYLINDRICAL_SURFACE('',#3002,5.);
#2645=CYLINDRICAL_SURFACE('',#3005,1.7);
#2646=CYLINDRICAL_SURFACE('',#3008,1.7);
#2647=CYLINDRICAL_SURFACE('',#3011,1.7);
#2648=CYLINDRICAL_SURFACE('',#3014,1.7);
#2649=CYLINDRICAL_SURFACE('',#3022,1.);
#2650=CYLINDRICAL_SURFACE('',#3028,1.);
#2651=CYLINDRICAL_SURFACE('',#3034,1.);
#2652=CYLINDRICAL_SURFACE('',#3040,1.);
#2653=CYLINDRICAL_SURFACE('',#3042,5.);
#2654=CYLINDRICAL_SURFACE('',#3045,5.);
#2655=CYLINDRICAL_SURFACE('',#3080,1.);
#2656=CYLINDRICAL_SURFACE('',#3083,1.);
#2657=CYLINDRICAL_SURFACE('',#3086,1.);
#2658=CYLINDRICAL_SURFACE('',#3089,1.);
#2659=CYLINDRICAL_SURFACE('',#3092,1.);
#2660=CYLINDRICAL_SURFACE('',#3095,1.);
#2661=CYLINDRICAL_SURFACE('',#3098,1.);
#2662=CYLINDRICAL_SURFACE('',#3101,1.);
#2663=CYLINDRICAL_SURFACE('',#3104,0.499999999999998);
#2664=CYLINDRICAL_SURFACE('',#3107,0.499999999999998);
#2665=CYLINDRICAL_SURFACE('',#3110,0.499999999999998);
#2666=CYLINDRICAL_SURFACE('',#3113,0.499999999999989);
#2667=CYLINDRICAL_SURFACE('',#3117,0.499999999999998);
#2668=CYLINDRICAL_SURFACE('',#3120,0.5);
#2669=CYLINDRICAL_SURFACE('',#3123,0.499999999999998);
#2670=CYLINDRICAL_SURFACE('',#3126,0.499999999999998);
#2671=CYLINDRICAL_SURFACE('',#3129,0.500000000000007);
#2672=CYLINDRICAL_SURFACE('',#3132,0.499999999999998);
#2673=CYLINDRICAL_SURFACE('',#3135,0.499999999999998);
#2674=CYLINDRICAL_SURFACE('',#3138,0.499999999999989);
#2675=CYLINDRICAL_SURFACE('',#3141,0.499999999999989);
#2676=CYLINDRICAL_SURFACE('',#3144,0.5);
#2677=CYLINDRICAL_SURFACE('',#3147,0.500000000000007);
#2678=CYLINDRICAL_SURFACE('',#3150,0.499999999999998);
#2679=CYLINDRICAL_SURFACE('',#3152,0.500000000000007);
#2680=CYLINDRICAL_SURFACE('',#3155,0.5);
#2681=CYLINDRICAL_SURFACE('',#3158,0.499999999999989);
#2682=CYLINDRICAL_SURFACE('',#3161,0.499999999999998);
#2683=CYLINDRICAL_SURFACE('',#3165,0.499999999999989);
#2684=CYLINDRICAL_SURFACE('',#3168,0.499999999999998);
#2685=CYLINDRICAL_SURFACE('',#3171,0.500000000000007);
#2686=CYLINDRICAL_SURFACE('',#3174,0.499999999999989);
#2687=CYLINDRICAL_SURFACE('',#3177,5.00000000000001);
#2688=CYLINDRICAL_SURFACE('',#3180,4.99999999999999);
#2689=ADVANCED_FACE('',(#139),#2612,.F.);
#2690=ADVANCED_FACE('',(#140),#75,.F.);
#2691=ADVANCED_FACE('',(#141),#2613,.F.);
#2692=ADVANCED_FACE('',(#142),#76,.F.);
#2693=ADVANCED_FACE('',(#143),#2614,.F.);
#2694=ADVANCED_FACE('',(#144),#77,.F.);
#2695=ADVANCED_FACE('',(#145),#2615,.F.);
#2696=ADVANCED_FACE('',(#146),#78,.F.);
#2697=ADVANCED_FACE('',(#147),#2616,.F.);
#2698=ADVANCED_FACE('',(#148,#39,#40),#79,.T.);
#2699=ADVANCED_FACE('',(#149),#2617,.F.);
#2700=ADVANCED_FACE('',(#150),#80,.F.);
#2701=ADVANCED_FACE('',(#151),#2618,.F.);
#2702=ADVANCED_FACE('',(#152),#2619,.F.);
#2703=ADVANCED_FACE('',(#153),#81,.F.);
#2704=ADVANCED_FACE('',(#154),#2620,.F.);
#2705=ADVANCED_FACE('',(#155),#82,.F.);
#2706=ADVANCED_FACE('',(#156),#2621,.F.);
#2707=ADVANCED_FACE('',(#157),#31,.T.);
#2708=ADVANCED_FACE('',(#158),#2622,.T.);
#2709=ADVANCED_FACE('',(#159),#32,.T.);
#2710=ADVANCED_FACE('',(#160),#2623,.T.);
#2711=ADVANCED_FACE('',(#161),#33,.T.);
#2712=ADVANCED_FACE('',(#162),#2624,.T.);
#2713=ADVANCED_FACE('',(#163),#34,.T.);
#2714=ADVANCED_FACE('',(#164),#2625,.T.);
#2715=ADVANCED_FACE('',(#165),#83,.T.);
#2716=ADVANCED_FACE('',(#166),#2626,.T.);
#2717=ADVANCED_FACE('',(#167),#84,.T.);
#2718=ADVANCED_FACE('',(#168),#2627,.T.);
#2719=ADVANCED_FACE('',(#169,#41,#42),#85,.F.);
#2720=ADVANCED_FACE('',(#170),#2628,.F.);
#2721=ADVANCED_FACE('',(#171),#86,.T.);
#2722=ADVANCED_FACE('',(#172),#2629,.F.);
#2723=ADVANCED_FACE('',(#173),#87,.T.);
#2724=ADVANCED_FACE('',(#174),#2630,.F.);
#2725=ADVANCED_FACE('',(#175),#88,.T.);
#2726=ADVANCED_FACE('',(#176),#2631,.F.);
#2727=ADVANCED_FACE('',(#177),#89,.T.);
#2728=ADVANCED_FACE('',(#178),#2632,.F.);
#2729=ADVANCED_FACE('',(#179),#90,.T.);
#2730=ADVANCED_FACE('',(#180),#2633,.F.);
#2731=ADVANCED_FACE('',(#181),#91,.T.);
#2732=ADVANCED_FACE('',(#182),#2634,.F.);
#2733=ADVANCED_FACE('',(#183),#92,.T.);
#2734=ADVANCED_FACE('',(#184),#2635,.F.);
#2735=ADVANCED_FACE('',(#185),#93,.T.);
#2736=ADVANCED_FACE('',(#186),#27,.F.);
#2737=ADVANCED_FACE('',(#187),#28,.F.);
#2738=ADVANCED_FACE('',(#188),#2636,.F.);
#2739=ADVANCED_FACE('',(#189),#29,.F.);
#2740=ADVANCED_FACE('',(#190),#30,.F.);
#2741=ADVANCED_FACE('',(#191),#2637,.F.);
#2742=ADVANCED_FACE('',(#192),#2638,.F.);
#2743=ADVANCED_FACE('',(#193),#2639,.F.);
#2744=ADVANCED_FACE('',(#194),#2640,.F.);
#2745=ADVANCED_FACE('',(#195),#2641,.F.);
#2746=ADVANCED_FACE('',(#196),#2642,.F.);
#2747=ADVANCED_FACE('',(#197),#94,.T.);
#2748=ADVANCED_FACE('',(#198),#95,.T.);
#2749=ADVANCED_FACE('',(#199),#96,.T.);
#2750=ADVANCED_FACE('',(#200),#97,.T.);
#2751=ADVANCED_FACE('',(#201,#43,#44,#45,#46,#47),#98,.T.);
#2752=ADVANCED_FACE('',(#202),#2643,.T.);
#2753=ADVANCED_FACE('',(#203,#48),#99,.T.);
#2754=ADVANCED_FACE('',(#204),#2644,.T.);
#2755=ADVANCED_FACE('',(#205),#100,.T.);
#2756=ADVANCED_FACE('',(#206),#2645,.F.);
#2757=ADVANCED_FACE('',(#207),#2646,.F.);
#2758=ADVANCED_FACE('',(#208),#2647,.F.);
#2759=ADVANCED_FACE('',(#209),#2648,.F.);
#2760=ADVANCED_FACE('',(#210),#35,.T.);
#2761=ADVANCED_FACE('',(#211),#2649,.T.);
#2762=ADVANCED_FACE('',(#212),#36,.T.);
#2763=ADVANCED_FACE('',(#213),#2650,.T.);
#2764=ADVANCED_FACE('',(#214),#37,.T.);
#2765=ADVANCED_FACE('',(#215),#2651,.T.);
#2766=ADVANCED_FACE('',(#216),#38,.T.);
#2767=ADVANCED_FACE('',(#217),#2652,.T.);
#2768=ADVANCED_FACE('',(#218),#101,.T.);
#2769=ADVANCED_FACE('',(#219),#2653,.T.);
#2770=ADVANCED_FACE('',(#220),#102,.T.);
#2771=ADVANCED_FACE('',(#221),#2654,.T.);
#2772=ADVANCED_FACE('',(#222,#49,#50,#51,#52,#53,#54,#55,#56,#57,#58,#59,
#60),#103,.T.);
#2773=ADVANCED_FACE('',(#223),#2655,.F.);
#2774=ADVANCED_FACE('',(#224),#104,.T.);
#2775=ADVANCED_FACE('',(#225),#2656,.F.);
#2776=ADVANCED_FACE('',(#226),#105,.T.);
#2777=ADVANCED_FACE('',(#227),#2657,.F.);
#2778=ADVANCED_FACE('',(#228),#106,.T.);
#2779=ADVANCED_FACE('',(#229),#2658,.F.);
#2780=ADVANCED_FACE('',(#230),#107,.T.);
#2781=ADVANCED_FACE('',(#231),#2659,.F.);
#2782=ADVANCED_FACE('',(#232),#108,.T.);
#2783=ADVANCED_FACE('',(#233),#2660,.F.);
#2784=ADVANCED_FACE('',(#234),#109,.T.);
#2785=ADVANCED_FACE('',(#235),#2661,.F.);
#2786=ADVANCED_FACE('',(#236),#110,.T.);
#2787=ADVANCED_FACE('',(#237),#2662,.F.);
#2788=ADVANCED_FACE('',(#238),#111,.T.);
#2789=ADVANCED_FACE('',(#239),#2663,.F.);
#2790=ADVANCED_FACE('',(#240),#112,.T.);
#2791=ADVANCED_FACE('',(#241),#2664,.F.);
#2792=ADVANCED_FACE('',(#242),#113,.T.);
#2793=ADVANCED_FACE('',(#243),#2665,.F.);
#2794=ADVANCED_FACE('',(#244),#114,.T.);
#2795=ADVANCED_FACE('',(#245),#2666,.F.);
#2796=ADVANCED_FACE('',(#246),#115,.T.);
#2797=ADVANCED_FACE('',(#247),#116,.T.);
#2798=ADVANCED_FACE('',(#248),#2667,.F.);
#2799=ADVANCED_FACE('',(#249),#117,.T.);
#2800=ADVANCED_FACE('',(#250),#2668,.F.);
#2801=ADVANCED_FACE('',(#251),#118,.T.);
#2802=ADVANCED_FACE('',(#252),#2669,.F.);
#2803=ADVANCED_FACE('',(#253),#119,.T.);
#2804=ADVANCED_FACE('',(#254),#2670,.F.);
#2805=ADVANCED_FACE('',(#255),#120,.T.);
#2806=ADVANCED_FACE('',(#256),#2671,.F.);
#2807=ADVANCED_FACE('',(#257),#121,.T.);
#2808=ADVANCED_FACE('',(#258),#2672,.F.);
#2809=ADVANCED_FACE('',(#259),#122,.T.);
#2810=ADVANCED_FACE('',(#260),#2673,.F.);
#2811=ADVANCED_FACE('',(#261),#123,.T.);
#2812=ADVANCED_FACE('',(#262),#2674,.F.);
#2813=ADVANCED_FACE('',(#263),#124,.T.);
#2814=ADVANCED_FACE('',(#264),#2675,.F.);
#2815=ADVANCED_FACE('',(#265),#125,.T.);
#2816=ADVANCED_FACE('',(#266),#2676,.F.);
#2817=ADVANCED_FACE('',(#267),#126,.T.);
#2818=ADVANCED_FACE('',(#268),#2677,.F.);
#2819=ADVANCED_FACE('',(#269),#127,.T.);
#2820=ADVANCED_FACE('',(#270),#2678,.F.);
#2821=ADVANCED_FACE('',(#271),#2679,.F.);
#2822=ADVANCED_FACE('',(#272),#128,.T.);
#2823=ADVANCED_FACE('',(#273),#2680,.F.);
#2824=ADVANCED_FACE('',(#274),#129,.T.);
#2825=ADVANCED_FACE('',(#275),#2681,.F.);
#2826=ADVANCED_FACE('',(#276),#130,.T.);
#2827=ADVANCED_FACE('',(#277),#2682,.F.);
#2828=ADVANCED_FACE('',(#278),#131,.T.);
#2829=ADVANCED_FACE('',(#279),#132,.T.);
#2830=ADVANCED_FACE('',(#280),#2683,.F.);
#2831=ADVANCED_FACE('',(#281),#133,.T.);
#2832=ADVANCED_FACE('',(#282),#2684,.F.);
#2833=ADVANCED_FACE('',(#283),#134,.T.);
#2834=ADVANCED_FACE('',(#284),#2685,.F.);
#2835=ADVANCED_FACE('',(#285),#135,.T.);
#2836=ADVANCED_FACE('',(#286),#2686,.F.);
#2837=ADVANCED_FACE('',(#287),#136,.T.);
#2838=ADVANCED_FACE('',(#288),#2687,.T.);
#2839=ADVANCED_FACE('',(#289),#137,.T.);
#2840=ADVANCED_FACE('',(#290),#2688,.T.);
#2841=ADVANCED_FACE('',(#291,#61,#62,#63,#64,#65,#66,#67,#68,#69,#70,#71,
#72),#138,.F.);
#2842=CLOSED_SHELL('',(#2689,#2690,#2691,#2692,#2693,#2694,#2695,#2696,
#2697,#2698,#2699,#2700,#2701,#2702,#2703,#2704,#2705,#2706,#2707,#2708,
#2709,#2710,#2711,#2712,#2713,#2714,#2715,#2716,#2717,#2718,#2719,#2720,
#2721,#2722,#2723,#2724,#2725,#2726,#2727,#2728,#2729,#2730,#2731,#2732,
#2733,#2734,#2735,#2736,#2737,#2738,#2739,#2740,#2741,#2742,#2743,#2744,
#2745,#2746,#2747,#2748,#2749,#2750,#2751,#2752,#2753,#2754,#2755));
#2843=CLOSED_SHELL('',(#2756,#2757,#2758,#2759,#2760,#2761,#2762,#2763,
#2764,#2765,#2766,#2767,#2768,#2769,#2770,#2771,#2772,#2773,#2774,#2775,
#2776,#2777,#2778,#2779,#2780,#2781,#2782,#2783,#2784,#2785,#2786,#2787,
#2788,#2789,#2790,#2791,#2792,#2793,#2794,#2795,#2796,#2797,#2798,#2799,
#2800,#2801,#2802,#2803,#2804,#2805,#2806,#2807,#2808,#2809,#2810,#2811,
#2812,#2813,#2814,#2815,#2816,#2817,#2818,#2819,#2820,#2821,#2822,#2823,
#2824,#2825,#2826,#2827,#2828,#2829,#2830,#2831,#2832,#2833,#2834,#2835,
#2836,#2837,#2838,#2839,#2840,#2841));
#2844=DERIVED_UNIT_ELEMENT(#2848,1.);
#2845=DERIVED_UNIT_ELEMENT(#4912,-3.);
#2846=DERIVED_UNIT_ELEMENT(#2848,1.);
#2847=DERIVED_UNIT_ELEMENT(#4912,-3.);
#2848=(
MASS_UNIT()
NAMED_UNIT(*)
SI_UNIT(.KILO.,.GRAM.)
);
#2849=DERIVED_UNIT((#2844,#2845));
#2850=DERIVED_UNIT((#2846,#2847));
#2851=MEASURE_REPRESENTATION_ITEM('density measure',
POSITIVE_RATIO_MEASURE(7850.),#2849);
#2852=MEASURE_REPRESENTATION_ITEM('density measure',
POSITIVE_RATIO_MEASURE(7850.),#2850);
#2853=PROPERTY_DEFINITION_REPRESENTATION(#2863,#2857);
#2854=PROPERTY_DEFINITION_REPRESENTATION(#2864,#2858);
#2855=PROPERTY_DEFINITION_REPRESENTATION(#2865,#2859);
#2856=PROPERTY_DEFINITION_REPRESENTATION(#2866,#2860);
#2857=REPRESENTATION('material name',(#2861),#4908);
#2858=REPRESENTATION('density',(#2851),#4908);
#2859=REPRESENTATION('material name',(#2862),#4909);
#2860=REPRESENTATION('density',(#2852),#4909);
#2861=DESCRIPTIVE_REPRESENTATION_ITEM('Steel','Steel');
#2862=DESCRIPTIVE_REPRESENTATION_ITEM('Steel','Steel');
#2863=PROPERTY_DEFINITION('material property','material name',#4928);
#2864=PROPERTY_DEFINITION('material property','density of part',#4928);
#2865=PROPERTY_DEFINITION('material property','material name',#4929);
#2866=PROPERTY_DEFINITION('material property','density of part',#4929);
#2867=AXIS2_PLACEMENT_3D('',#4066,#3185,#3186);
#2868=AXIS2_PLACEMENT_3D('',#4067,#3187,#3188);
#2869=AXIS2_PLACEMENT_3D('',#4068,#3189,#3190);
#2870=AXIS2_PLACEMENT_3D('',#4070,#3191,#3192);
#2871=AXIS2_PLACEMENT_3D('',#4073,#3194,#3195);
#2872=AXIS2_PLACEMENT_3D('',#4074,#3196,#3197);
#2873=AXIS2_PLACEMENT_3D('',#4075,#3198,#3199);
#2874=AXIS2_PLACEMENT_3D('',#4077,#3200,#3201);
#2875=AXIS2_PLACEMENT_3D('',#4080,#3203,#3204);
#2876=AXIS2_PLACEMENT_3D('',#4081,#3205,#3206);
#2877=AXIS2_PLACEMENT_3D('',#4082,#3207,#3208);
#2878=AXIS2_PLACEMENT_3D('',#4084,#3209,#3210);
#2879=AXIS2_PLACEMENT_3D('',#4087,#3212,#3213);
#2880=AXIS2_PLACEMENT_3D('',#4088,#3214,#3215);
#2881=AXIS2_PLACEMENT_3D('',#4089,#3216,#3217);
#2882=AXIS2_PLACEMENT_3D('',#4091,#3218,#3219);
#2883=AXIS2_PLACEMENT_3D('',#4094,#3221,#3222);
#2884=AXIS2_PLACEMENT_3D('',#4095,#3223,#3224);
#2885=AXIS2_PLACEMENT_3D('',#4096,#3225,#3226);
#2886=AXIS2_PLACEMENT_3D('',#4108,#3228,#3229);
#2887=AXIS2_PLACEMENT_3D('',#4110,#3231,#3232);
#2888=AXIS2_PLACEMENT_3D('',#4128,#3241,#3242);
#2889=AXIS2_PLACEMENT_3D('',#4132,#3244,#3245);
#2890=AXIS2_PLACEMENT_3D('',#4136,#3247,#3248);
#2891=AXIS2_PLACEMENT_3D('',#4139,#3250,#3251);
#2892=AXIS2_PLACEMENT_3D('',#4144,#3253,#3254);
#2893=AXIS2_PLACEMENT_3D('',#4148,#3256,#3257);
#2894=AXIS2_PLACEMENT_3D('',#4152,#3259,#3260);
#2895=AXIS2_PLACEMENT_3D('',#4155,#3262,#3263);
#2896=AXIS2_PLACEMENT_3D('',#4156,#3264,#3265);
#2897=AXIS2_PLACEMENT_3D('',#4159,#3266,#3267);
#2898=AXIS2_PLACEMENT_3D('',#4163,#3269,#3270);
#2899=AXIS2_PLACEMENT_3D('',#4165,#3272,#3273);
#2900=AXIS2_PLACEMENT_3D('',#4171,#3277,#3278);
#2901=AXIS2_PLACEMENT_3D('',#4173,#3279,#3280);
#2902=AXIS2_PLACEMENT_3D('',#4175,#3281,#3282);
#2903=AXIS2_PLACEMENT_3D('',#4177,#3284,#3285);
#2904=AXIS2_PLACEMENT_3D('',#4187,#3287,#3288);
#2905=AXIS2_PLACEMENT_3D('',#4188,#3289,#3290);
#2906=AXIS2_PLACEMENT_3D('',#4191,#3292,#3293);
#2907=AXIS2_PLACEMENT_3D('',#4193,#3295,#3296);
#2908=AXIS2_PLACEMENT_3D('',#4195,#3297,#3298);
#2909=AXIS2_PLACEMENT_3D('',#4198,#3300,#3301);
#2910=AXIS2_PLACEMENT_3D('',#4199,#3302,#3303);
#2911=AXIS2_PLACEMENT_3D('',#4202,#3306,#3307);
#2912=AXIS2_PLACEMENT_3D('',#4204,#3308,#3309);
#2913=AXIS2_PLACEMENT_3D('',#4206,#3311,#3312);
#2914=AXIS2_PLACEMENT_3D('',#4209,#3313,#3314);
#2915=AXIS2_PLACEMENT_3D('',#4211,#3315,#3316);
#2916=AXIS2_PLACEMENT_3D('',#4213,#3317,#3318);
#2917=AXIS2_PLACEMENT_3D('',#4214,#3319,#3320);
#2918=AXIS2_PLACEMENT_3D('',#4215,#3321,#3322);
#2919=AXIS2_PLACEMENT_3D('',#4218,#3323,#3324);
#2920=AXIS2_PLACEMENT_3D('',#4221,#3327,#3328);
#2921=AXIS2_PLACEMENT_3D('',#4224,#3329,#3330);
#2922=AXIS2_PLACEMENT_3D('',#4225,#3331,#3332);
#2923=AXIS2_PLACEMENT_3D('',#4226,#3333,#3334);
#2924=AXIS2_PLACEMENT_3D('',#4227,#3335,#3336);
#2925=AXIS2_PLACEMENT_3D('',#4230,#3337,#3338);
#2926=AXIS2_PLACEMENT_3D('',#4233,#3341,#3342);
#2927=AXIS2_PLACEMENT_3D('',#4236,#3343,#3344);
#2928=AXIS2_PLACEMENT_3D('',#4237,#3345,#3346);
#2929=AXIS2_PLACEMENT_3D('',#4238,#3347,#3348);
#2930=AXIS2_PLACEMENT_3D('',#4239,#3349,#3350);
#2931=AXIS2_PLACEMENT_3D('',#4242,#3351,#3352);
#2932=AXIS2_PLACEMENT_3D('',#4245,#3355,#3356);
#2933=AXIS2_PLACEMENT_3D('',#4248,#3357,#3358);
#2934=AXIS2_PLACEMENT_3D('',#4249,#3359,#3360);
#2935=AXIS2_PLACEMENT_3D('',#4250,#3361,#3362);
#2936=AXIS2_PLACEMENT_3D('',#4251,#3363,#3364);
#2937=AXIS2_PLACEMENT_3D('',#4254,#3367,#3368);
#2938=AXIS2_PLACEMENT_3D('',#4260,#3372,#3373);
#2939=AXIS2_PLACEMENT_3D('',#4263,#3375,#3376);
#2940=AXIS2_PLACEMENT_3D('',#4264,#3377,#3378);
#2941=AXIS2_PLACEMENT_3D('',#4268,#3381,#3382);
#2942=AXIS2_PLACEMENT_3D('',#4271,#3384,#3385);
#2943=AXIS2_PLACEMENT_3D('',#4272,#3386,#3387);
#2944=AXIS2_PLACEMENT_3D('',#4275,#3388,#3389);
#2945=AXIS2_PLACEMENT_3D('',#4279,#3391,#3392);
#2946=AXIS2_PLACEMENT_3D('',#4283,#3394,#3395);
#2947=AXIS2_PLACEMENT_3D('',#4287,#3397,#3398);
#2948=AXIS2_PLACEMENT_3D('',#4291,#3400,#3401);
#2949=AXIS2_PLACEMENT_3D('',#4295,#3403,#3404);
#2950=AXIS2_PLACEMENT_3D('',#4299,#3406,#3407);
#2951=AXIS2_PLACEMENT_3D('',#4303,#3409,#3410);
#2952=AXIS2_PLACEMENT_3D('',#4305,#3412,#3413);
#2953=AXIS2_PLACEMENT_3D('',#4308,#3416,#3417);
#2954=AXIS2_PLACEMENT_3D('',#4310,#3419,#3420);
#2955=AXIS2_PLACEMENT_3D('',#4313,#3423,#3424);
#2956=AXIS2_PLACEMENT_3D('',#4315,#3426,#3427);
#2957=AXIS2_PLACEMENT_3D('',#4317,#3429,#3430);
#2958=AXIS2_PLACEMENT_3D('',#4318,#3431,#3432);
#2959=AXIS2_PLACEMENT_3D('',#4320,#3434,#3435);
#2960=AXIS2_PLACEMENT_3D('',#4321,#3436,#3437);
#2961=AXIS2_PLACEMENT_3D('',#4324,#3440,#3441);
#2962=AXIS2_PLACEMENT_3D('',#4326,#3443,#3444);
#2963=AXIS2_PLACEMENT_3D('',#4329,#3447,#3448);
#2964=AXIS2_PLACEMENT_3D('',#4330,#3449,#3450);
#2965=AXIS2_PLACEMENT_3D('',#4332,#3452,#3453);
#2966=AXIS2_PLACEMENT_3D('',#4334,#3455,#3456);
#2967=AXIS2_PLACEMENT_3D('',#4336,#3458,#3459);
#2968=AXIS2_PLACEMENT_3D('',#4337,#3460,#3461);
#2969=AXIS2_PLACEMENT_3D('',#4339,#3462,#3463);
#2970=AXIS2_PLACEMENT_3D('',#4340,#3464,#3465);
#2971=AXIS2_PLACEMENT_3D('',#4341,#3466,#3467);
#2972=AXIS2_PLACEMENT_3D('',#4343,#3468,#3469);
#2973=AXIS2_PLACEMENT_3D('',#4344,#3470,#3471);
#2974=AXIS2_PLACEMENT_3D('',#4345,#3472,#3473);
#2975=AXIS2_PLACEMENT_3D('',#4348,#3474,#3475);
#2976=AXIS2_PLACEMENT_3D('',#4351,#3478,#3479);
#2977=AXIS2_PLACEMENT_3D('',#4353,#3480,#3481);
#2978=AXIS2_PLACEMENT_3D('',#4355,#3482,#3483);
#2979=AXIS2_PLACEMENT_3D('',#4356,#3484,#3485);
#2980=AXIS2_PLACEMENT_3D('',#4357,#3486,#3487);
#2981=AXIS2_PLACEMENT_3D('',#4359,#3488,#3489);
#2982=AXIS2_PLACEMENT_3D('',#4361,#3490,#3491);
#2983=AXIS2_PLACEMENT_3D('',#4362,#3492,#3493);
#2984=AXIS2_PLACEMENT_3D('',#4363,#3494,#3495);
#2985=AXIS2_PLACEMENT_3D('',#4365,#3497,#3498);
#2986=AXIS2_PLACEMENT_3D('',#4368,#3499,#3500);
#2987=AXIS2_PLACEMENT_3D('',#4371,#3503,#3504);
#2988=AXIS2_PLACEMENT_3D('',#4373,#3506,#3507);
#2989=AXIS2_PLACEMENT_3D('',#4376,#3508,#3509);
#2990=AXIS2_PLACEMENT_3D('',#4379,#3512,#3513);
#2991=AXIS2_PLACEMENT_3D('',#4381,#3515,#3516);
#2992=AXIS2_PLACEMENT_3D('',#4384,#3517,#3518);
#2993=AXIS2_PLACEMENT_3D('',#4387,#3521,#3522);
#2994=AXIS2_PLACEMENT_3D('',#4389,#3524,#3525);
#2995=AXIS2_PLACEMENT_3D('',#4391,#3527,#3528);
#2996=AXIS2_PLACEMENT_3D('',#4393,#3530,#3531);
#2997=AXIS2_PLACEMENT_3D('',#4395,#3533,#3534);
#2998=AXIS2_PLACEMENT_3D('',#4399,#3536,#3537);
#2999=AXIS2_PLACEMENT_3D('',#4402,#3539,#3540);
#3000=AXIS2_PLACEMENT_3D('',#4403,#3541,#3542);
#3001=AXIS2_PLACEMENT_3D('',#4405,#3544,#3545);
#3002=AXIS2_PLACEMENT_3D('',#4407,#3547,#3548);
#3003=AXIS2_PLACEMENT_3D('',#4409,#3550,#3551);
#3004=AXIS2_PLACEMENT_3D('',#4410,#3552,#3553);
#3005=AXIS2_PLACEMENT_3D('',#4411,#3554,#3555);
#3006=AXIS2_PLACEMENT_3D('',#4413,#3556,#3557);
#3007=AXIS2_PLACEMENT_3D('',#4416,#3559,#3560);
#3008=AXIS2_PLACEMENT_3D('',#4417,#3561,#3562);
#3009=AXIS2_PLACEMENT_3D('',#4419,#3563,#3564);
#3010=AXIS2_PLACEMENT_3D('',#4422,#3566,#3567);
#3011=AXIS2_PLACEMENT_3D('',#4423,#3568,#3569);
#3012=AXIS2_PLACEMENT_3D('',#4425,#3570,#3571);
#3013=AXIS2_PLACEMENT_3D('',#4428,#3573,#3574);
#3014=AXIS2_PLACEMENT_3D('',#4429,#3575,#3576);
#3015=AXIS2_PLACEMENT_3D('',#4431,#3577,#3578);
#3016=AXIS2_PLACEMENT_3D('',#4434,#3580,#3581);
#3017=AXIS2_PLACEMENT_3D('',#4435,#3582,#3583);
#3018=AXIS2_PLACEMENT_3D('',#4438,#3584,#3585);
#3019=AXIS2_PLACEMENT_3D('',#4440,#3586,#3587);
#3020=AXIS2_PLACEMENT_3D('',#4442,#3588,#3589);
#3021=AXIS2_PLACEMENT_3D('',#4443,#3590,#3591);
#3022=AXIS2_PLACEMENT_3D('',#4444,#3592,#3593);
#3023=AXIS2_PLACEMENT_3D('',#4447,#3594,#3595);
#3024=AXIS2_PLACEMENT_3D('',#4450,#3598,#3599);
#3025=AXIS2_PLACEMENT_3D('',#4453,#3600,#3601);
#3026=AXIS2_PLACEMENT_3D('',#4454,#3602,#3603);
#3027=AXIS2_PLACEMENT_3D('',#4455,#3604,#3605);
#3028=AXIS2_PLACEMENT_3D('',#4456,#3606,#3607);
#3029=AXIS2_PLACEMENT_3D('',#4459,#3608,#3609);
#3030=AXIS2_PLACEMENT_3D('',#4462,#3612,#3613);
#3031=AXIS2_PLACEMENT_3D('',#4465,#3614,#3615);
#3032=AXIS2_PLACEMENT_3D('',#4466,#3616,#3617);
#3033=AXIS2_PLACEMENT_3D('',#4467,#3618,#3619);
#3034=AXIS2_PLACEMENT_3D('',#4468,#3620,#3621);
#3035=AXIS2_PLACEMENT_3D('',#4471,#3622,#3623);
#3036=AXIS2_PLACEMENT_3D('',#4474,#3626,#3627);
#3037=AXIS2_PLACEMENT_3D('',#4477,#3628,#3629);
#3038=AXIS2_PLACEMENT_3D('',#4478,#3630,#3631);
#3039=AXIS2_PLACEMENT_3D('',#4479,#3632,#3633);
#3040=AXIS2_PLACEMENT_3D('',#4480,#3634,#3635);
#3041=AXIS2_PLACEMENT_3D('',#4483,#3638,#3639);
#3042=AXIS2_PLACEMENT_3D('',#4489,#3643,#3644);
#3043=AXIS2_PLACEMENT_3D('',#4492,#3646,#3647);
#3044=AXIS2_PLACEMENT_3D('',#4493,#3648,#3649);
#3045=AXIS2_PLACEMENT_3D('',#4497,#3652,#3653);
#3046=AXIS2_PLACEMENT_3D('',#4500,#3655,#3656);
#3047=AXIS2_PLACEMENT_3D('',#4501,#3657,#3658);
#3048=AXIS2_PLACEMENT_3D('',#4506,#3660,#3661);
#3049=AXIS2_PLACEMENT_3D('',#4510,#3663,#3664);
#3050=AXIS2_PLACEMENT_3D('',#4514,#3666,#3667);
#3051=AXIS2_PLACEMENT_3D('',#4517,#3669,#3670);
#3052=AXIS2_PLACEMENT_3D('',#4522,#3672,#3673);
#3053=AXIS2_PLACEMENT_3D('',#4526,#3675,#3676);
#3054=AXIS2_PLACEMENT_3D('',#4530,#3678,#3679);
#3055=AXIS2_PLACEMENT_3D('',#4533,#3681,#3682);
#3056=AXIS2_PLACEMENT_3D('',#4536,#3683,#3684);
#3057=AXIS2_PLACEMENT_3D('',#4540,#3686,#3687);
#3058=AXIS2_PLACEMENT_3D('',#4544,#3689,#3690);
#3059=AXIS2_PLACEMENT_3D('',#4548,#3692,#3693);
#3060=AXIS2_PLACEMENT_3D('',#4552,#3695,#3696);
#3061=AXIS2_PLACEMENT_3D('',#4556,#3698,#3699);
#3062=AXIS2_PLACEMENT_3D('',#4560,#3701,#3702);
#3063=AXIS2_PLACEMENT_3D('',#4564,#3704,#3705);
#3064=AXIS2_PLACEMENT_3D('',#4568,#3707,#3708);
#3065=AXIS2_PLACEMENT_3D('',#4572,#3710,#3711);
#3066=AXIS2_PLACEMENT_3D('',#4576,#3713,#3714);
#3067=AXIS2_PLACEMENT_3D('',#4580,#3716,#3717);
#3068=AXIS2_PLACEMENT_3D('',#4586,#3720,#3721);
#3069=AXIS2_PLACEMENT_3D('',#4590,#3723,#3724);
#3070=AXIS2_PLACEMENT_3D('',#4594,#3726,#3727);
#3071=AXIS2_PLACEMENT_3D('',#4597,#3729,#3730);
#3072=AXIS2_PLACEMENT_3D('',#4600,#3731,#3732);
#3073=AXIS2_PLACEMENT_3D('',#4604,#3734,#3735);
#3074=AXIS2_PLACEMENT_3D('',#4608,#3737,#3738);
#3075=AXIS2_PLACEMENT_3D('',#4612,#3740,#3741);
#3076=AXIS2_PLACEMENT_3D('',#4618,#3744,#3745);
#3077=AXIS2_PLACEMENT_3D('',#4622,#3747,#3748);
#3078=AXIS2_PLACEMENT_3D('',#4626,#3750,#3751);
#3079=AXIS2_PLACEMENT_3D('',#4629,#3753,#3754);
#3080=AXIS2_PLACEMENT_3D('',#4630,#3755,#3756);
#3081=AXIS2_PLACEMENT_3D('',#4633,#3757,#3758);
#3082=AXIS2_PLACEMENT_3D('',#4636,#3761,#3762);
#3083=AXIS2_PLACEMENT_3D('',#4640,#3765,#3766);
#3084=AXIS2_PLACEMENT_3D('',#4643,#3767,#3768);
#3085=AXIS2_PLACEMENT_3D('',#4646,#3771,#3772);
#3086=AXIS2_PLACEMENT_3D('',#4648,#3774,#3775);
#3087=AXIS2_PLACEMENT_3D('',#4651,#3776,#3777);
#3088=AXIS2_PLACEMENT_3D('',#4654,#3780,#3781);
#3089=AXIS2_PLACEMENT_3D('',#4656,#3783,#3784);
#3090=AXIS2_PLACEMENT_3D('',#4658,#3785,#3786);
#3091=AXIS2_PLACEMENT_3D('',#4660,#3788,#3789);
#3092=AXIS2_PLACEMENT_3D('',#4662,#3791,#3792);
#3093=AXIS2_PLACEMENT_3D('',#4665,#3793,#3794);
#3094=AXIS2_PLACEMENT_3D('',#4668,#3797,#3798);
#3095=AXIS2_PLACEMENT_3D('',#4672,#3801,#3802);
#3096=AXIS2_PLACEMENT_3D('',#4675,#3803,#3804);
#3097=AXIS2_PLACEMENT_3D('',#4678,#3807,#3808);
#3098=AXIS2_PLACEMENT_3D('',#4680,#3810,#3811);
#3099=AXIS2_PLACEMENT_3D('',#4683,#3812,#3813);
#3100=AXIS2_PLACEMENT_3D('',#4686,#3816,#3817);
#3101=AXIS2_PLACEMENT_3D('',#4688,#3819,#3820);
#3102=AXIS2_PLACEMENT_3D('',#4690,#3821,#3822);
#3103=AXIS2_PLACEMENT_3D('',#4692,#3824,#3825);
#3104=AXIS2_PLACEMENT_3D('',#4694,#3827,#3828);
#3105=AXIS2_PLACEMENT_3D('',#4697,#3829,#3830);
#3106=AXIS2_PLACEMENT_3D('',#4700,#3833,#3834);
#3107=AXIS2_PLACEMENT_3D('',#4704,#3837,#3838);
#3108=AXIS2_PLACEMENT_3D('',#4706,#3839,#3840);
#3109=AXIS2_PLACEMENT_3D('',#4708,#3842,#3843);
#3110=AXIS2_PLACEMENT_3D('',#4712,#3846,#3847);
#3111=AXIS2_PLACEMENT_3D('',#4714,#3848,#3849);
#3112=AXIS2_PLACEMENT_3D('',#4716,#3851,#3852);
#3113=AXIS2_PLACEMENT_3D('',#4720,#3855,#3856);
#3114=AXIS2_PLACEMENT_3D('',#4722,#3857,#3858);
#3115=AXIS2_PLACEMENT_3D('',#4724,#3860,#3861);
#3116=AXIS2_PLACEMENT_3D('',#4726,#3863,#3864);
#3117=AXIS2_PLACEMENT_3D('',#4732,#3868,#3869);
#3118=AXIS2_PLACEMENT_3D('',#4734,#3870,#3871);
#3119=AXIS2_PLACEMENT_3D('',#4736,#3873,#3874);
#3120=AXIS2_PLACEMENT_3D('',#4740,#3877,#3878);
#3121=AXIS2_PLACEMENT_3D('',#4742,#3879,#3880);
#3122=AXIS2_PLACEMENT_3D('',#4744,#3882,#3883);
#3123=AXIS2_PLACEMENT_3D('',#4748,#3886,#3887);
#3124=AXIS2_PLACEMENT_3D('',#4750,#3888,#3889);
#3125=AXIS2_PLACEMENT_3D('',#4752,#3891,#3892);
#3126=AXIS2_PLACEMENT_3D('',#4756,#3895,#3896);
#3127=AXIS2_PLACEMENT_3D('',#4757,#3897,#3898);
#3128=AXIS2_PLACEMENT_3D('',#4758,#3899,#3900);
#3129=AXIS2_PLACEMENT_3D('',#4764,#3904,#3905);
#3130=AXIS2_PLACEMENT_3D('',#4766,#3906,#3907);
#3131=AXIS2_PLACEMENT_3D('',#4768,#3909,#3910);
#3132=AXIS2_PLACEMENT_3D('',#4772,#3913,#3914);
#3133=AXIS2_PLACEMENT_3D('',#4774,#3915,#3916);
#3134=AXIS2_PLACEMENT_3D('',#4776,#3918,#3919);
#3135=AXIS2_PLACEMENT_3D('',#4780,#3922,#3923);
#3136=AXIS2_PLACEMENT_3D('',#4782,#3924,#3925);
#3137=AXIS2_PLACEMENT_3D('',#4784,#3927,#3928);
#3138=AXIS2_PLACEMENT_3D('',#4788,#3931,#3932);
#3139=AXIS2_PLACEMENT_3D('',#4789,#3933,#3934);
#3140=AXIS2_PLACEMENT_3D('',#4790,#3935,#3936);
#3141=AXIS2_PLACEMENT_3D('',#4796,#3940,#3941);
#3142=AXIS2_PLACEMENT_3D('',#4798,#3942,#3943);
#3143=AXIS2_PLACEMENT_3D('',#4800,#3945,#3946);
#3144=AXIS2_PLACEMENT_3D('',#4804,#3949,#3950);
#3145=AXIS2_PLACEMENT_3D('',#4806,#3951,#3952);
#3146=AXIS2_PLACEMENT_3D('',#4808,#3954,#3955);
#3147=AXIS2_PLACEMENT_3D('',#4812,#3958,#3959);
#3148=AXIS2_PLACEMENT_3D('',#4814,#3960,#3961);
#3149=AXIS2_PLACEMENT_3D('',#4816,#3963,#3964);
#3150=AXIS2_PLACEMENT_3D('',#4820,#3967,#3968);
#3151=AXIS2_PLACEMENT_3D('',#4821,#3969,#3970);
#3152=AXIS2_PLACEMENT_3D('',#4822,#3971,#3972);
#3153=AXIS2_PLACEMENT_3D('',#4825,#3973,#3974);
#3154=AXIS2_PLACEMENT_3D('',#4828,#3977,#3978);
#3155=AXIS2_PLACEMENT_3D('',#4832,#3981,#3982);
#3156=AXIS2_PLACEMENT_3D('',#4834,#3983,#3984);
#3157=AXIS2_PLACEMENT_3D('',#4836,#3986,#3987);
#3158=AXIS2_PLACEMENT_3D('',#4840,#3990,#3991);
#3159=AXIS2_PLACEMENT_3D('',#4842,#3992,#3993);
#3160=AXIS2_PLACEMENT_3D('',#4844,#3995,#3996);
#3161=AXIS2_PLACEMENT_3D('',#4848,#3999,#4000);
#3162=AXIS2_PLACEMENT_3D('',#4850,#4001,#4002);
#3163=AXIS2_PLACEMENT_3D('',#4852,#4004,#4005);
#3164=AXIS2_PLACEMENT_3D('',#4854,#4007,#4008);
#3165=AXIS2_PLACEMENT_3D('',#4860,#4012,#4013);
#3166=AXIS2_PLACEMENT_3D('',#4862,#4014,#4015);
#3167=AXIS2_PLACEMENT_3D('',#4864,#4017,#4018);
#3168=AXIS2_PLACEMENT_3D('',#4868,#4021,#4022);
#3169=AXIS2_PLACEMENT_3D('',#4870,#4023,#4024);
#3170=AXIS2_PLACEMENT_3D('',#4872,#4026,#4027);
#3171=AXIS2_PLACEMENT_3D('',#4876,#4030,#4031);
#3172=AXIS2_PLACEMENT_3D('',#4878,#4032,#4033);
#3173=AXIS2_PLACEMENT_3D('',#4880,#4035,#4036);
#3174=AXIS2_PLACEMENT_3D('',#4884,#4039,#4040);
#3175=AXIS2_PLACEMENT_3D('',#4885,#4041,#4042);
#3176=AXIS2_PLACEMENT_3D('',#4886,#4043,#4044);
#3177=AXIS2_PLACEMENT_3D('',#4890,#4047,#4048);
#3178=AXIS2_PLACEMENT_3D('',#4893,#4050,#4051);
#3179=AXIS2_PLACEMENT_3D('',#4894,#4052,#4053);
#3180=AXIS2_PLACEMENT_3D('',#4898,#4056,#4057);
#3181=AXIS2_PLACEMENT_3D('',#4899,#4058,#4059);
#3182=AXIS2_PLACEMENT_3D('',#4900,#4060,#4061);
#3183=AXIS2_PLACEMENT_3D('',#4901,#4062,#4063);
#3184=AXIS2_PLACEMENT_3D('',#4902,#4064,#4065);
#3185=DIRECTION('axis',(0.,0.,1.));
#3186=DIRECTION('refdir',(1.,0.,0.));
#3187=DIRECTION('axis',(0.,0.,1.));
#3188=DIRECTION('refdir',(1.,0.,0.));
#3189=DIRECTION('center_axis',(0.,0.,-1.));
#3190=DIRECTION('ref_axis',(1.,0.,0.));
#3191=DIRECTION('center_axis',(0.,0.,-1.));
#3192=DIRECTION('ref_axis',(1.,0.,0.));
#3193=DIRECTION('',(0.,0.,-1.));
#3194=DIRECTION('center_axis',(0.,0.,-1.));
#3195=DIRECTION('ref_axis',(1.,0.,0.));
#3196=DIRECTION('center_axis',(0.,0.,-1.));
#3197=DIRECTION('ref_axis',(1.,0.,0.));
#3198=DIRECTION('center_axis',(0.,0.,-1.));
#3199=DIRECTION('ref_axis',(1.,0.,0.));
#3200=DIRECTION('center_axis',(0.,0.,-1.));
#3201=DIRECTION('ref_axis',(1.,0.,0.));
#3202=DIRECTION('',(0.,0.,-1.));
#3203=DIRECTION('center_axis',(0.,0.,-1.));
#3204=DIRECTION('ref_axis',(1.,0.,0.));
#3205=DIRECTION('center_axis',(0.,0.,-1.));
#3206=DIRECTION('ref_axis',(1.,0.,0.));
#3207=DIRECTION('center_axis',(0.,0.,-1.));
#3208=DIRECTION('ref_axis',(1.,0.,0.));
#3209=DIRECTION('center_axis',(0.,0.,-1.));
#3210=DIRECTION('ref_axis',(1.,0.,0.));
#3211=DIRECTION('',(0.,0.,-1.));
#3212=DIRECTION('center_axis',(0.,0.,-1.));
#3213=DIRECTION('ref_axis',(1.,0.,0.));
#3214=DIRECTION('center_axis',(0.,0.,-1.));
#3215=DIRECTION('ref_axis',(1.,0.,0.));
#3216=DIRECTION('center_axis',(0.,0.,-1.));
#3217=DIRECTION('ref_axis',(1.,0.,0.));
#3218=DIRECTION('center_axis',(0.,0.,-1.));
#3219=DIRECTION('ref_axis',(1.,0.,0.));
#3220=DIRECTION('',(0.,0.,-1.));
#3221=DIRECTION('center_axis',(0.,0.,-1.));
#3222=DIRECTION('ref_axis',(1.,0.,0.));
#3223=DIRECTION('center_axis',(0.,0.,-1.));
#3224=DIRECTION('ref_axis',(1.,0.,0.));
#3225=DIRECTION('center_axis',(1.,0.,0.));
#3226=DIRECTION('ref_axis',(0.,-0.707106781186546,-0.707106781186549));
#3227=DIRECTION('',(-1.,0.,0.));
#3228=DIRECTION('center_axis',(-1.,0.,0.));
#3229=DIRECTION('ref_axis',(0.,-0.707106781186546,-0.707106781186549));
#3230=DIRECTION('',(1.,0.,0.));
#3231=DIRECTION('center_axis',(0.,0.,1.));
#3232=DIRECTION('ref_axis',(1.,0.,0.));
#3233=DIRECTION('',(3.66197947172221E-33,1.,0.));
#3234=DIRECTION('',(-1.,0.,0.));
#3235=DIRECTION('',(0.,-1.,0.));
#3236=DIRECTION('',(1.,0.,0.));
#3237=DIRECTION('',(3.66197947172221E-33,1.,0.));
#3238=DIRECTION('',(1.,0.,0.));
#3239=DIRECTION('',(0.,1.,0.));
#3240=DIRECTION('',(0.,-1.,0.));
#3241=DIRECTION('center_axis',(0.,0.,1.));
#3242=DIRECTION('ref_axis',(0.707106781186551,-0.707106781186544,0.));
#3243=DIRECTION('',(-1.,0.,0.));
#3244=DIRECTION('center_axis',(0.,0.,1.));
#3245=DIRECTION('ref_axis',(-0.707106781186541,-0.707106781186554,0.));
#3246=DIRECTION('',(0.,1.,0.));
#3247=DIRECTION('center_axis',(0.,0.,1.));
#3248=DIRECTION('ref_axis',(-0.707106781186551,0.707106781186544,0.));
#3249=DIRECTION('',(1.,0.,0.));
#3250=DIRECTION('center_axis',(0.,0.,1.));
#3251=DIRECTION('ref_axis',(0.707106781186554,0.707106781186541,0.));
#3252=DIRECTION('',(0.,-1.,0.));
#3253=DIRECTION('center_axis',(0.,0.,1.));
#3254=DIRECTION('ref_axis',(0.707106781186554,-0.707106781186541,0.));
#3255=DIRECTION('',(-1.,0.,0.));
#3256=DIRECTION('center_axis',(0.,0.,1.));
#3257=DIRECTION('ref_axis',(-0.707106781186541,-0.707106781186554,0.));
#3258=DIRECTION('',(0.,1.,0.));
#3259=DIRECTION('center_axis',(0.,0.,1.));
#3260=DIRECTION('ref_axis',(-0.707106781186554,0.707106781186541,0.));
#3261=DIRECTION('',(1.,0.,0.));
#3262=DIRECTION('center_axis',(0.,0.,1.));
#3263=DIRECTION('ref_axis',(0.707106781186554,0.707106781186541,0.));
#3264=DIRECTION('center_axis',(1.,0.,0.));
#3265=DIRECTION('ref_axis',(0.,-0.707106781186548,0.707106781186548));
#3266=DIRECTION('center_axis',(-1.,0.,0.));
#3267=DIRECTION('ref_axis',(0.,-0.707106781186548,0.707106781186548));
#3268=DIRECTION('',(1.,0.,0.));
#3269=DIRECTION('center_axis',(1.,-3.66197947172221E-33,0.));
#3270=DIRECTION('ref_axis',(0.,-0.707106781186548,0.707106781186548));
#3271=DIRECTION('',(-1.,0.,0.));
#3272=DIRECTION('center_axis',(0.,0.,1.));
#3273=DIRECTION('ref_axis',(0.,1.,0.));
#3274=DIRECTION('',(0.,-1.,0.));
#3275=DIRECTION('',(-1.,0.,0.));
#3276=DIRECTION('',(3.66197947172221E-33,1.,0.));
#3277=DIRECTION('center_axis',(-1.,0.,0.));
#3278=DIRECTION('ref_axis',(0.,0.707106781186548,0.707106781186548));
#3279=DIRECTION('center_axis',(1.,-3.66197947172221E-33,0.));
#3280=DIRECTION('ref_axis',(0.,0.707106781186548,0.707106781186548));
#3281=DIRECTION('center_axis',(-1.,0.,0.));
#3282=DIRECTION('ref_axis',(0.,0.707106781186548,0.707106781186548));
#3283=DIRECTION('',(1.,0.,0.));
#3284=DIRECTION('center_axis',(-1.,0.,0.));
#3285=DIRECTION('ref_axis',(0.,0.707106781186546,-0.707106781186549));
#3286=DIRECTION('',(-1.,0.,0.));
#3287=DIRECTION('center_axis',(-1.,0.,0.));
#3288=DIRECTION('ref_axis',(0.,0.707106781186546,-0.707106781186549));
#3289=DIRECTION('center_axis',(0.,1.,0.));
#3290=DIRECTION('ref_axis',(0.,0.,-1.));
#3291=DIRECTION('',(0.,0.,1.));
#3292=DIRECTION('center_axis',(0.,1.,0.));
#3293=DIRECTION('ref_axis',(-0.707106781186548,0.,-0.707106781186547));
#3294=DIRECTION('',(0.,0.,-1.));
#3295=DIRECTION('center_axis',(-3.66197947172221E-33,-1.,0.));
#3296=DIRECTION('ref_axis',(-0.707106781186548,0.,-0.707106781186547));
#3297=DIRECTION('center_axis',(0.,-1.,0.));
#3298=DIRECTION('ref_axis',(-0.707106781186548,0.,-0.707106781186547));
#3299=DIRECTION('',(-3.66197947172221E-33,-1.,0.));
#3300=DIRECTION('center_axis',(0.,1.,0.));
#3301=DIRECTION('ref_axis',(-1.,0.,0.));
#3302=DIRECTION('center_axis',(0.,-1.,0.));
#3303=DIRECTION('ref_axis',(0.,0.,1.));
#3304=DIRECTION('',(0.,0.,-1.));
#3305=DIRECTION('',(0.,0.,1.));
#3306=DIRECTION('center_axis',(-3.66197947172221E-33,-1.,0.));
#3307=DIRECTION('ref_axis',(-0.707106781186548,0.,-0.707106781186547));
#3308=DIRECTION('center_axis',(0.,-1.,0.));
#3309=DIRECTION('ref_axis',(0.,0.,-1.));
#3310=DIRECTION('',(-3.66197947172221E-33,-1.,0.));
#3311=DIRECTION('center_axis',(0.,0.,1.));
#3312=DIRECTION('ref_axis',(1.,0.,0.));
#3313=DIRECTION('center_axis',(0.,1.,0.));
#3314=DIRECTION('ref_axis',(1.,0.,0.));
#3315=DIRECTION('center_axis',(0.,0.,1.));
#3316=DIRECTION('ref_axis',(0.707106781186547,0.707106781186548,0.));
#3317=DIRECTION('center_axis',(1.,0.,0.));
#3318=DIRECTION('ref_axis',(0.,0.,-1.));
#3319=DIRECTION('center_axis',(0.,0.,-1.));
#3320=DIRECTION('ref_axis',(0.707106781186547,0.707106781186548,0.));
#3321=DIRECTION('center_axis',(1.,0.,0.));
#3322=DIRECTION('ref_axis',(0.,0.707106781186553,-0.707106781186543));
#3323=DIRECTION('center_axis',(1.,-2.22044604925032E-15,0.));
#3324=DIRECTION('ref_axis',(0.,0.,-1.));
#3325=DIRECTION('',(1.,0.,0.));
#3326=DIRECTION('',(-1.,0.,0.));
#3327=DIRECTION('center_axis',(0.,0.,1.));
#3328=DIRECTION('ref_axis',(1.,0.,0.));
#3329=DIRECTION('center_axis',(0.,1.,0.));
#3330=DIRECTION('ref_axis',(0.,0.,-1.));
#3331=DIRECTION('center_axis',(0.,0.,-1.));
#3332=DIRECTION('ref_axis',(-0.707106781186547,0.707106781186548,0.));
#3333=DIRECTION('center_axis',(0.,0.,1.));
#3334=DIRECTION('ref_axis',(-0.707106781186547,0.707106781186548,0.));
#3335=DIRECTION('center_axis',(0.,1.,0.));
#3336=DIRECTION('ref_axis',(-0.707106781186546,0.,-0.707106781186549));
#3337=DIRECTION('center_axis',(8.88178419700126E-15,1.,0.));
#3338=DIRECTION('ref_axis',(0.,0.,-1.));
#3339=DIRECTION('',(0.,1.,0.));
#3340=DIRECTION('',(0.,-1.,0.));
#3341=DIRECTION('center_axis',(0.,0.,1.));
#3342=DIRECTION('ref_axis',(1.,0.,0.));
#3343=DIRECTION('center_axis',(-1.,5.55111512312579E-16,0.));
#3344=DIRECTION('ref_axis',(0.,0.,-1.));
#3345=DIRECTION('center_axis',(0.,0.,-1.));
#3346=DIRECTION('ref_axis',(-0.707106781186548,-0.707106781186547,0.));
#3347=DIRECTION('center_axis',(0.,0.,1.));
#3348=DIRECTION('ref_axis',(-0.707106781186548,-0.707106781186547,0.));
#3349=DIRECTION('center_axis',(-1.,-4.9453141408693E-17,0.));
#3350=DIRECTION('ref_axis',(0.,-0.707106781186548,-0.707106781186547));
#3351=DIRECTION('center_axis',(-1.,0.,0.));
#3352=DIRECTION('ref_axis',(0.,0.,-1.));
#3353=DIRECTION('',(-1.,-4.9453141408693E-17,0.));
#3354=DIRECTION('',(1.,4.9453141408693E-17,0.));
#3355=DIRECTION('center_axis',(0.,0.,1.));
#3356=DIRECTION('ref_axis',(1.,0.,0.));
#3357=DIRECTION('center_axis',(-5.5511151231259E-16,-1.,0.));
#3358=DIRECTION('ref_axis',(0.,0.,-1.));
#3359=DIRECTION('center_axis',(0.,0.,-1.));
#3360=DIRECTION('ref_axis',(0.707106781186547,-0.707106781186547,0.));
#3361=DIRECTION('center_axis',(0.,0.,1.));
#3362=DIRECTION('ref_axis',(0.707106781186547,-0.707106781186547,0.));
#3363=DIRECTION('center_axis',(0.,-1.,0.));
#3364=DIRECTION('ref_axis',(0.707106781186553,0.,-0.707106781186543));
#3365=DIRECTION('',(0.,1.,0.));
#3366=DIRECTION('',(0.,-1.,0.));
#3367=DIRECTION('center_axis',(4.9453141408693E-17,-1.,0.));
#3368=DIRECTION('ref_axis',(1.,4.9453141408693E-17,0.));
#3369=DIRECTION('',(0.,0.,1.));
#3370=DIRECTION('',(1.,4.9453141408693E-17,0.));
#3371=DIRECTION('',(0.,0.,1.));
#3372=DIRECTION('center_axis',(0.,0.,1.));
#3373=DIRECTION('ref_axis',(0.,-1.,0.));
#3374=DIRECTION('',(0.,0.,1.));
#3375=DIRECTION('center_axis',(0.,0.,1.));
#3376=DIRECTION('ref_axis',(0.,-1.,0.));
#3377=DIRECTION('center_axis',(1.,0.,0.));
#3378=DIRECTION('ref_axis',(0.,1.,0.));
#3379=DIRECTION('',(0.,0.,1.));
#3380=DIRECTION('',(0.,1.,0.));
#3381=DIRECTION('center_axis',(0.,0.,1.));
#3382=DIRECTION('ref_axis',(1.,0.,0.));
#3383=DIRECTION('',(0.,0.,1.));
#3384=DIRECTION('center_axis',(0.,0.,1.));
#3385=DIRECTION('ref_axis',(1.,0.,0.));
#3386=DIRECTION('center_axis',(0.,0.,1.));
#3387=DIRECTION('ref_axis',(1.,0.,0.));
#3388=DIRECTION('center_axis',(0.,0.,-1.));
#3389=DIRECTION('ref_axis',(0.707106781186554,0.707106781186541,0.));
#3390=DIRECTION('',(1.,0.,0.));
#3391=DIRECTION('center_axis',(0.,0.,-1.));
#3392=DIRECTION('ref_axis',(-0.707106781186554,0.707106781186541,0.));
#3393=DIRECTION('',(0.,1.,0.));
#3394=DIRECTION('center_axis',(0.,0.,-1.));
#3395=DIRECTION('ref_axis',(-0.707106781186541,-0.707106781186554,0.));
#3396=DIRECTION('',(-1.,0.,0.));
#3397=DIRECTION('center_axis',(0.,0.,-1.));
#3398=DIRECTION('ref_axis',(0.707106781186554,-0.707106781186541,0.));
#3399=DIRECTION('',(0.,-1.,0.));
#3400=DIRECTION('center_axis',(0.,0.,-1.));
#3401=DIRECTION('ref_axis',(0.707106781186554,0.707106781186541,0.));
#3402=DIRECTION('',(1.,0.,0.));
#3403=DIRECTION('center_axis',(0.,0.,-1.));
#3404=DIRECTION('ref_axis',(-0.707106781186551,0.707106781186544,0.));
#3405=DIRECTION('',(0.,1.,0.));
#3406=DIRECTION('center_axis',(0.,0.,-1.));
#3407=DIRECTION('ref_axis',(-0.707106781186541,-0.707106781186554,0.));
#3408=DIRECTION('',(-1.,0.,0.));
#3409=DIRECTION('center_axis',(0.,0.,-1.));
#3410=DIRECTION('ref_axis',(0.707106781186551,-0.707106781186544,0.));
#3411=DIRECTION('',(0.,-1.,0.));
#3412=DIRECTION('center_axis',(0.,0.,1.));
#3413=DIRECTION('ref_axis',(-0.707106781186541,-0.707106781186554,0.));
#3414=DIRECTION('',(0.,0.,1.));
#3415=DIRECTION('',(0.,0.,-1.));
#3416=DIRECTION('center_axis',(1.,0.,0.));
#3417=DIRECTION('ref_axis',(0.,1.,0.));
#3418=DIRECTION('',(0.,0.,-1.));
#3419=DIRECTION('center_axis',(0.,0.,1.));
#3420=DIRECTION('ref_axis',(0.707106781186554,0.707106781186541,0.));
#3421=DIRECTION('',(0.,0.,1.));
#3422=DIRECTION('',(0.,0.,-1.));
#3423=DIRECTION('center_axis',(-1.,0.,0.));
#3424=DIRECTION('ref_axis',(0.,-1.,0.));
#3425=DIRECTION('',(0.,0.,-1.));
#3426=DIRECTION('center_axis',(0.,0.,1.));
#3427=DIRECTION('ref_axis',(0.707106781186554,-0.707106781186541,0.));
#3428=DIRECTION('',(0.,0.,1.));
#3429=DIRECTION('center_axis',(0.,1.,0.));
#3430=DIRECTION('ref_axis',(-1.,0.,0.));
#3431=DIRECTION('center_axis',(0.,0.,1.));
#3432=DIRECTION('ref_axis',(-0.707106781186554,0.707106781186541,0.));
#3433=DIRECTION('',(0.,0.,1.));
#3434=DIRECTION('center_axis',(0.,-1.,0.));
#3435=DIRECTION('ref_axis',(1.,0.,0.));
#3436=DIRECTION('center_axis',(0.,0.,1.));
#3437=DIRECTION('ref_axis',(-0.707106781186551,0.707106781186544,0.));
#3438=DIRECTION('',(0.,0.,1.));
#3439=DIRECTION('',(0.,0.,-1.));
#3440=DIRECTION('center_axis',(0.,-1.,0.));
#3441=DIRECTION('ref_axis',(1.,0.,0.));
#3442=DIRECTION('',(0.,0.,-1.));
#3443=DIRECTION('center_axis',(0.,0.,1.));
#3444=DIRECTION('ref_axis',(-0.707106781186541,-0.707106781186554,0.));
#3445=DIRECTION('',(0.,0.,1.));
#3446=DIRECTION('',(0.,0.,-1.));
#3447=DIRECTION('center_axis',(1.,0.,0.));
#3448=DIRECTION('ref_axis',(0.,1.,0.));
#3449=DIRECTION('center_axis',(0.,0.,1.));
#3450=DIRECTION('ref_axis',(0.707106781186554,0.707106781186541,0.));
#3451=DIRECTION('',(0.,0.,1.));
#3452=DIRECTION('center_axis',(-1.,0.,0.));
#3453=DIRECTION('ref_axis',(0.,-1.,0.));
#3454=DIRECTION('',(0.,0.,-1.));
#3455=DIRECTION('center_axis',(0.,0.,1.));
#3456=DIRECTION('ref_axis',(0.707106781186551,-0.707106781186544,0.));
#3457=DIRECTION('',(0.,0.,1.));
#3458=DIRECTION('center_axis',(0.,1.,0.));
#3459=DIRECTION('ref_axis',(-1.,0.,0.));
#3460=DIRECTION('center_axis',(0.408248290463863,-0.408248290463863,-0.816496580927726));
#3461=DIRECTION('ref_axis',(-0.577350269189626,0.577350269189626,-0.577350269189625));
#3462=DIRECTION('center_axis',(0.,0.,1.));
#3463=DIRECTION('ref_axis',(-1.,0.,0.));
#3464=DIRECTION('center_axis',(1.,0.,1.11022302462516E-15));
#3465=DIRECTION('ref_axis',(0.,1.,0.));
#3466=DIRECTION('center_axis',(0.408248290463863,0.408248290463862,-0.816496580927726));
#3467=DIRECTION('ref_axis',(-0.577350269189626,-0.577350269189626,-0.577350269189626));
#3468=DIRECTION('center_axis',(1.,0.,0.));
#3469=DIRECTION('ref_axis',(0.,0.,-1.));
#3470=DIRECTION('center_axis',(0.,0.,1.));
#3471=DIRECTION('ref_axis',(0.,-1.,0.));
#3472=DIRECTION('center_axis',(0.,0.,1.));
#3473=DIRECTION('ref_axis',(-0.707106781186548,-0.707106781186547,0.));
#3474=DIRECTION('center_axis',(0.,0.,1.));
#3475=DIRECTION('ref_axis',(-0.707106781186548,-0.707106781186547,0.));
#3476=DIRECTION('',(0.,0.,-1.));
#3477=DIRECTION('',(0.,0.,1.));
#3478=DIRECTION('center_axis',(0.408248290463861,-0.816496580927728,-0.408248290463861));
#3479=DIRECTION('ref_axis',(0.577350269189625,0.577350269189625,-0.577350269189628));
#3480=DIRECTION('center_axis',(-1.,0.,0.));
#3481=DIRECTION('ref_axis',(0.,0.,-1.));
#3482=DIRECTION('center_axis',(0.,-1.,4.44089209850063E-15));
#3483=DIRECTION('ref_axis',(1.,0.,0.));
#3484=DIRECTION('center_axis',(0.,0.,1.));
#3485=DIRECTION('ref_axis',(0.,1.,0.));
#3486=DIRECTION('center_axis',(-0.40824829046386,-0.816496580927727,0.408248290463864));
#3487=DIRECTION('ref_axis',(0.577350269189623,-0.577350269189627,-0.577350269189627));
#3488=DIRECTION('center_axis',(0.,1.,0.));
#3489=DIRECTION('ref_axis',(0.,0.,-1.));
#3490=DIRECTION('center_axis',(-1.,0.,0.));
#3491=DIRECTION('ref_axis',(0.,-1.,0.));
#3492=DIRECTION('center_axis',(0.,0.,1.));
#3493=DIRECTION('ref_axis',(1.,0.,0.));
#3494=DIRECTION('center_axis',(1.,0.,0.));
#3495=DIRECTION('ref_axis',(0.,-0.707106781186548,-0.707106781186548));
#3496=DIRECTION('',(1.,0.,0.));
#3497=DIRECTION('center_axis',(0.,0.,1.));
#3498=DIRECTION('ref_axis',(0.707106781186546,-0.707106781186549,0.));
#3499=DIRECTION('center_axis',(0.,0.,1.));
#3500=DIRECTION('ref_axis',(0.707106781186546,-0.707106781186549,0.));
#3501=DIRECTION('',(0.,0.,-1.));
#3502=DIRECTION('',(0.,0.,1.));
#3503=DIRECTION('center_axis',(0.,1.,0.));
#3504=DIRECTION('ref_axis',(0.707106781186546,0.,-0.707106781186549));
#3505=DIRECTION('',(0.,1.,0.));
#3506=DIRECTION('center_axis',(0.,0.,1.));
#3507=DIRECTION('ref_axis',(0.707106781186548,0.707106781186548,0.));
#3508=DIRECTION('center_axis',(0.,0.,1.));
#3509=DIRECTION('ref_axis',(0.707106781186548,0.707106781186548,0.));
#3510=DIRECTION('',(0.,0.,-1.));
#3511=DIRECTION('',(0.,0.,1.));
#3512=DIRECTION('center_axis',(-1.,0.,0.));
#3513=DIRECTION('ref_axis',(0.,0.707106781186549,-0.707106781186546));
#3514=DIRECTION('',(-1.,0.,0.));
#3515=DIRECTION('center_axis',(0.,0.,1.));
#3516=DIRECTION('ref_axis',(-0.707106781186546,0.707106781186549,0.));
#3517=DIRECTION('center_axis',(0.,0.,1.));
#3518=DIRECTION('ref_axis',(-0.707106781186546,0.707106781186549,0.));
#3519=DIRECTION('',(0.,0.,-1.));
#3520=DIRECTION('',(0.,0.,1.));
#3521=DIRECTION('center_axis',(0.,-1.,0.));
#3522=DIRECTION('ref_axis',(1.,0.,0.));
#3523=DIRECTION('',(1.,0.,0.));
#3524=DIRECTION('center_axis',(-1.,0.,0.));
#3525=DIRECTION('ref_axis',(0.,-1.,0.));
#3526=DIRECTION('',(0.,-1.,0.));
#3527=DIRECTION('center_axis',(0.,1.,0.));
#3528=DIRECTION('ref_axis',(-1.,0.,0.));
#3529=DIRECTION('',(-1.,0.,0.));
#3530=DIRECTION('center_axis',(1.,-3.66197947172221E-33,0.));
#3531=DIRECTION('ref_axis',(3.66197947172221E-33,1.,0.));
#3532=DIRECTION('',(3.66197947172221E-33,1.,0.));
#3533=DIRECTION('center_axis',(0.,0.,1.));
#3534=DIRECTION('ref_axis',(1.,0.,0.));
#3535=DIRECTION('',(-1.,0.,0.));
#3536=DIRECTION('center_axis',(0.,0.,1.));
#3537=DIRECTION('ref_axis',(0.,1.,0.));
#3538=DIRECTION('',(0.,-1.,0.));
#3539=DIRECTION('center_axis',(0.,0.,1.));
#3540=DIRECTION('ref_axis',(-1.,0.,0.));
#3541=DIRECTION('center_axis',(0.,0.,1.));
#3542=DIRECTION('ref_axis',(-1.,0.,0.));
#3543=DIRECTION('',(0.,0.,1.));
#3544=DIRECTION('center_axis',(-1.,0.,0.));
#3545=DIRECTION('ref_axis',(0.,-1.,0.));
#3546=DIRECTION('',(0.,0.,1.));
#3547=DIRECTION('center_axis',(0.,0.,1.));
#3548=DIRECTION('ref_axis',(0.,1.,0.));
#3549=DIRECTION('',(0.,0.,1.));
#3550=DIRECTION('center_axis',(0.,1.,0.));
#3551=DIRECTION('ref_axis',(-1.,0.,0.));
#3552=DIRECTION('axis',(0.,0.,1.));
#3553=DIRECTION('refdir',(1.,0.,0.));
#3554=DIRECTION('center_axis',(0.,0.,-1.));
#3555=DIRECTION('ref_axis',(1.,0.,0.));
#3556=DIRECTION('center_axis',(0.,0.,-1.));
#3557=DIRECTION('ref_axis',(1.,0.,0.));
#3558=DIRECTION('',(0.,0.,-1.));
#3559=DIRECTION('center_axis',(0.,0.,1.));
#3560=DIRECTION('ref_axis',(1.,0.,0.));
#3561=DIRECTION('center_axis',(0.,0.,-1.));
#3562=DIRECTION('ref_axis',(1.,0.,0.));
#3563=DIRECTION('center_axis',(0.,0.,-1.));
#3564=DIRECTION('ref_axis',(1.,0.,0.));
#3565=DIRECTION('',(0.,0.,-1.));
#3566=DIRECTION('center_axis',(0.,0.,1.));
#3567=DIRECTION('ref_axis',(1.,0.,0.));
#3568=DIRECTION('center_axis',(0.,0.,-1.));
#3569=DIRECTION('ref_axis',(1.,0.,0.));
#3570=DIRECTION('center_axis',(0.,0.,-1.));
#3571=DIRECTION('ref_axis',(1.,0.,0.));
#3572=DIRECTION('',(0.,0.,-1.));
#3573=DIRECTION('center_axis',(0.,0.,1.));
#3574=DIRECTION('ref_axis',(1.,0.,0.));
#3575=DIRECTION('center_axis',(0.,0.,-1.));
#3576=DIRECTION('ref_axis',(1.,0.,0.));
#3577=DIRECTION('center_axis',(0.,0.,-1.));
#3578=DIRECTION('ref_axis',(1.,0.,0.));
#3579=DIRECTION('',(0.,0.,-1.));
#3580=DIRECTION('center_axis',(0.,0.,1.));
#3581=DIRECTION('ref_axis',(1.,0.,0.));
#3582=DIRECTION('center_axis',(0.,0.,1.));
#3583=DIRECTION('ref_axis',(1.,0.,0.));
#3584=DIRECTION('center_axis',(0.,1.,0.));
#3585=DIRECTION('ref_axis',(0.,0.,1.));
#3586=DIRECTION('center_axis',(0.,0.,1.));
#3587=DIRECTION('ref_axis',(0.707106781186547,0.707106781186548,0.));
#3588=DIRECTION('center_axis',(1.,0.,0.));
#3589=DIRECTION('ref_axis',(0.,1.,0.));
#3590=DIRECTION('center_axis',(0.,0.,-1.));
#3591=DIRECTION('ref_axis',(0.707106781186547,0.707106781186548,0.));
#3592=DIRECTION('center_axis',(-1.,0.,0.));
#3593=DIRECTION('ref_axis',(0.,0.707106781186546,0.707106781186549));
#3594=DIRECTION('center_axis',(1.,-1.11022302462516E-15,0.));
#3595=DIRECTION('ref_axis',(1.11022302462516E-15,1.,0.));
#3596=DIRECTION('',(1.,0.,0.));
#3597=DIRECTION('',(-1.,0.,0.));
#3598=DIRECTION('center_axis',(0.,0.,1.));
#3599=DIRECTION('ref_axis',(1.,0.,0.));
#3600=DIRECTION('center_axis',(0.,1.,0.));
#3601=DIRECTION('ref_axis',(-1.,0.,0.));
#3602=DIRECTION('center_axis',(0.,0.,-1.));
#3603=DIRECTION('ref_axis',(-0.707106781186547,0.707106781186548,0.));
#3604=DIRECTION('center_axis',(0.,0.,1.));
#3605=DIRECTION('ref_axis',(-0.707106781186547,0.707106781186548,0.));
#3606=DIRECTION('center_axis',(0.,-1.,0.));
#3607=DIRECTION('ref_axis',(-0.707106781186546,0.,0.707106781186549));
#3608=DIRECTION('center_axis',(4.44089209850064E-15,1.,0.));
#3609=DIRECTION('ref_axis',(-1.,4.44089209850064E-15,0.));
#3610=DIRECTION('',(0.,1.,0.));
#3611=DIRECTION('',(0.,-1.,0.));
#3612=DIRECTION('center_axis',(0.,0.,1.));
#3613=DIRECTION('ref_axis',(1.,0.,0.));
#3614=DIRECTION('center_axis',(-1.,5.55111512312578E-16,0.));
#3615=DIRECTION('ref_axis',(-5.55111512312578E-16,-1.,0.));
#3616=DIRECTION('center_axis',(0.,0.,-1.));
#3617=DIRECTION('ref_axis',(-0.707106781186548,-0.707106781186547,0.));
#3618=DIRECTION('center_axis',(0.,0.,1.));
#3619=DIRECTION('ref_axis',(-0.707106781186548,-0.707106781186547,0.));
#3620=DIRECTION('center_axis',(1.,4.9453141408693E-17,0.));
#3621=DIRECTION('ref_axis',(0.,-0.707106781186548,0.707106781186547));
#3622=DIRECTION('center_axis',(-1.,0.,0.));
#3623=DIRECTION('ref_axis',(0.,-1.,0.));
#3624=DIRECTION('',(-1.,-4.9453141408693E-17,0.));
#3625=DIRECTION('',(1.,4.9453141408693E-17,0.));
#3626=DIRECTION('center_axis',(0.,0.,1.));
#3627=DIRECTION('ref_axis',(1.,0.,0.));
#3628=DIRECTION('center_axis',(-8.3266726846887E-16,-1.,0.));
#3629=DIRECTION('ref_axis',(1.,-8.3266726846887E-16,0.));
#3630=DIRECTION('center_axis',(0.,0.,-1.));
#3631=DIRECTION('ref_axis',(0.707106781186548,-0.707106781186548,0.));
#3632=DIRECTION('center_axis',(0.,0.,1.));
#3633=DIRECTION('ref_axis',(0.707106781186547,-0.707106781186547,0.));
#3634=DIRECTION('center_axis',(0.,1.,0.));
#3635=DIRECTION('ref_axis',(0.707106781186553,0.,0.707106781186543));
#3636=DIRECTION('',(0.,-1.,0.));
#3637=DIRECTION('',(0.,1.,0.));
#3638=DIRECTION('center_axis',(-1.,0.,0.));
#3639=DIRECTION('ref_axis',(0.,-1.,0.));
#3640=DIRECTION('',(0.,0.,1.));
#3641=DIRECTION('',(0.,1.,0.));
#3642=DIRECTION('',(0.,0.,1.));
#3643=DIRECTION('center_axis',(0.,0.,1.));
#3644=DIRECTION('ref_axis',(0.,1.,0.));
#3645=DIRECTION('',(0.,0.,1.));
#3646=DIRECTION('center_axis',(0.,0.,1.));
#3647=DIRECTION('ref_axis',(0.,1.,0.));
#3648=DIRECTION('center_axis',(0.,1.,0.));
#3649=DIRECTION('ref_axis',(-1.,0.,0.));
#3650=DIRECTION('',(0.,0.,1.));
#3651=DIRECTION('',(1.,0.,0.));
#3652=DIRECTION('center_axis',(0.,0.,1.));
#3653=DIRECTION('ref_axis',(1.,0.,0.));
#3654=DIRECTION('',(0.,0.,1.));
#3655=DIRECTION('center_axis',(0.,0.,1.));
#3656=DIRECTION('ref_axis',(1.,0.,0.));
#3657=DIRECTION('center_axis',(0.,0.,1.));
#3658=DIRECTION('ref_axis',(1.,0.,0.));
#3659=DIRECTION('',(0.,-1.,0.));
#3660=DIRECTION('center_axis',(0.,0.,1.));
#3661=DIRECTION('ref_axis',(0.707106781186553,-0.707106781186542,0.));
#3662=DIRECTION('',(-1.,0.,0.));
#3663=DIRECTION('center_axis',(0.,0.,1.));
#3664=DIRECTION('ref_axis',(-0.707106781186546,-0.707106781186549,0.));
#3665=DIRECTION('',(0.,1.,0.));
#3666=DIRECTION('center_axis',(0.,0.,1.));
#3667=DIRECTION('ref_axis',(-0.707106781186544,0.707106781186551,0.));
#3668=DIRECTION('',(1.,0.,0.));
#3669=DIRECTION('center_axis',(0.,0.,1.));
#3670=DIRECTION('ref_axis',(0.707106781186554,0.707106781186541,0.));
#3671=DIRECTION('',(0.,1.,0.));
#3672=DIRECTION('center_axis',(0.,0.,-1.));
#3673=DIRECTION('ref_axis',(0.,1.,0.));
#3674=DIRECTION('',(1.,0.,0.));
#3675=DIRECTION('center_axis',(0.,0.,-1.));
#3676=DIRECTION('ref_axis',(1.,0.,0.));
#3677=DIRECTION('',(0.,-1.,0.));
#3678=DIRECTION('center_axis',(0.,0.,-1.));
#3679=DIRECTION('ref_axis',(0.,-1.,0.));
#3680=DIRECTION('',(-1.,-3.4160708450005E-16,0.));
#3681=DIRECTION('center_axis',(0.,0.,-1.));
#3682=DIRECTION('ref_axis',(-1.,0.,0.));
#3683=DIRECTION('center_axis',(0.,0.,-1.));
#3684=DIRECTION('ref_axis',(0.,1.,0.));
#3685=DIRECTION('',(1.,3.4160708450005E-16,0.));
#3686=DIRECTION('center_axis',(0.,0.,-1.));
#3687=DIRECTION('ref_axis',(1.,0.,0.));
#3688=DIRECTION('',(0.,-1.,0.));
#3689=DIRECTION('center_axis',(0.,0.,-1.));
#3690=DIRECTION('ref_axis',(0.,-1.,0.));
#3691=DIRECTION('',(-1.,-1.70803542250025E-16,0.));
#3692=DIRECTION('center_axis',(0.,0.,-1.));
#3693=DIRECTION('ref_axis',(-1.,0.,0.));
#3694=DIRECTION('',(0.,1.,0.));
#3695=DIRECTION('center_axis',(0.,0.,-1.));
#3696=DIRECTION('ref_axis',(0.,1.,0.));
#3697=DIRECTION('',(1.,6.83214169000099E-16,0.));
#3698=DIRECTION('center_axis',(0.,0.,-1.));
#3699=DIRECTION('ref_axis',(1.,0.,0.));
#3700=DIRECTION('',(0.,-1.,0.));
#3701=DIRECTION('center_axis',(0.,0.,-1.));
#3702=DIRECTION('ref_axis',(0.,-1.,0.));
#3703=DIRECTION('',(-1.,0.,0.));
#3704=DIRECTION('center_axis',(0.,0.,-1.));
#3705=DIRECTION('ref_axis',(-1.,0.,0.));
#3706=DIRECTION('',(0.,1.,0.));
#3707=DIRECTION('center_axis',(0.,0.,-1.));
#3708=DIRECTION('ref_axis',(0.,1.,0.));
#3709=DIRECTION('',(1.,0.,0.));
#3710=DIRECTION('center_axis',(0.,0.,-1.));
#3711=DIRECTION('ref_axis',(1.,0.,0.));
#3712=DIRECTION('',(0.,-1.,0.));
#3713=DIRECTION('center_axis',(0.,0.,-1.));
#3714=DIRECTION('ref_axis',(0.,-1.,0.));
#3715=DIRECTION('',(-1.,-1.70803542250025E-16,0.));
#3716=DIRECTION('center_axis',(0.,0.,-1.));
#3717=DIRECTION('ref_axis',(-1.,0.,0.));
#3718=DIRECTION('',(0.,1.,0.));
#3719=DIRECTION('',(0.,1.,0.));
#3720=DIRECTION('center_axis',(0.,0.,-1.));
#3721=DIRECTION('ref_axis',(0.,1.,0.));
#3722=DIRECTION('',(1.,0.,0.));
#3723=DIRECTION('center_axis',(0.,0.,-1.));
#3724=DIRECTION('ref_axis',(1.,0.,0.));
#3725=DIRECTION('',(0.,-1.,0.));
#3726=DIRECTION('center_axis',(0.,0.,-1.));
#3727=DIRECTION('ref_axis',(0.,-1.,0.));
#3728=DIRECTION('',(-1.,-1.70803542250025E-16,0.));
#3729=DIRECTION('center_axis',(0.,0.,-1.));
#3730=DIRECTION('ref_axis',(-1.,0.,0.));
#3731=DIRECTION('center_axis',(0.,0.,-1.));
#3732=DIRECTION('ref_axis',(0.,1.,0.));
#3733=DIRECTION('',(1.,0.,0.));
#3734=DIRECTION('center_axis',(0.,0.,-1.));
#3735=DIRECTION('ref_axis',(1.,0.,0.));
#3736=DIRECTION('',(0.,-1.,0.));
#3737=DIRECTION('center_axis',(0.,0.,-1.));
#3738=DIRECTION('ref_axis',(0.,-1.,0.));
#3739=DIRECTION('',(-1.,0.,0.));
#3740=DIRECTION('center_axis',(0.,0.,-1.));
#3741=DIRECTION('ref_axis',(-1.,0.,0.));
#3742=DIRECTION('',(0.,1.,0.));
#3743=DIRECTION('',(0.,1.,0.));
#3744=DIRECTION('center_axis',(0.,0.,1.));
#3745=DIRECTION('ref_axis',(-0.707106781186549,0.707106781186546,0.));
#3746=DIRECTION('',(1.,0.,0.));
#3747=DIRECTION('center_axis',(0.,0.,1.));
#3748=DIRECTION('ref_axis',(0.707106781186551,0.707106781186544,0.));
#3749=DIRECTION('',(0.,-1.,0.));
#3750=DIRECTION('center_axis',(0.,0.,1.));
#3751=DIRECTION('ref_axis',(0.707106781186548,-0.707106781186548,0.));
#3752=DIRECTION('',(-1.,0.,0.));
#3753=DIRECTION('center_axis',(0.,0.,1.));
#3754=DIRECTION('ref_axis',(-0.707106781186549,-0.707106781186546,0.));
#3755=DIRECTION('center_axis',(0.,0.,1.));
#3756=DIRECTION('ref_axis',(-0.707106781186544,0.707106781186551,0.));
#3757=DIRECTION('center_axis',(0.,0.,-1.));
#3758=DIRECTION('ref_axis',(-0.707106781186544,0.707106781186551,0.));
#3759=DIRECTION('',(0.,0.,1.));
#3760=DIRECTION('',(0.,0.,-1.));
#3761=DIRECTION('center_axis',(0.,-1.,0.));
#3762=DIRECTION('ref_axis',(1.,0.,0.));
#3763=DIRECTION('',(1.,0.,0.));
#3764=DIRECTION('',(0.,0.,-1.));
#3765=DIRECTION('center_axis',(0.,0.,1.));
#3766=DIRECTION('ref_axis',(-0.707106781186546,-0.707106781186549,0.));
#3767=DIRECTION('center_axis',(0.,0.,-1.));
#3768=DIRECTION('ref_axis',(-0.707106781186546,-0.707106781186549,0.));
#3769=DIRECTION('',(0.,0.,1.));
#3770=DIRECTION('',(0.,0.,-1.));
#3771=DIRECTION('center_axis',(1.,0.,0.));
#3772=DIRECTION('ref_axis',(0.,1.,0.));
#3773=DIRECTION('',(0.,1.,0.));
#3774=DIRECTION('center_axis',(0.,0.,1.));
#3775=DIRECTION('ref_axis',(0.707106781186553,-0.707106781186542,0.));
#3776=DIRECTION('center_axis',(0.,0.,-1.));
#3777=DIRECTION('ref_axis',(0.707106781186553,-0.707106781186542,0.));
#3778=DIRECTION('',(0.,0.,1.));
#3779=DIRECTION('',(0.,0.,-1.));
#3780=DIRECTION('center_axis',(0.,1.,0.));
#3781=DIRECTION('ref_axis',(-1.,0.,0.));
#3782=DIRECTION('',(-1.,0.,0.));
#3783=DIRECTION('center_axis',(0.,0.,1.));
#3784=DIRECTION('ref_axis',(0.707106781186554,0.707106781186541,0.));
#3785=DIRECTION('center_axis',(0.,0.,-1.));
#3786=DIRECTION('ref_axis',(0.707106781186554,0.707106781186541,0.));
#3787=DIRECTION('',(0.,0.,1.));
#3788=DIRECTION('center_axis',(-1.,0.,0.));
#3789=DIRECTION('ref_axis',(0.,-1.,0.));
#3790=DIRECTION('',(0.,-1.,0.));
#3791=DIRECTION('center_axis',(0.,0.,1.));
#3792=DIRECTION('ref_axis',(-0.707106781186549,-0.707106781186546,0.));
#3793=DIRECTION('center_axis',(0.,0.,-1.));
#3794=DIRECTION('ref_axis',(-0.707106781186549,-0.707106781186546,0.));
#3795=DIRECTION('',(0.,0.,1.));
#3796=DIRECTION('',(0.,0.,-1.));
#3797=DIRECTION('center_axis',(1.,0.,0.));
#3798=DIRECTION('ref_axis',(0.,1.,0.));
#3799=DIRECTION('',(0.,1.,0.));
#3800=DIRECTION('',(0.,0.,-1.));
#3801=DIRECTION('center_axis',(0.,0.,1.));
#3802=DIRECTION('ref_axis',(0.707106781186548,-0.707106781186548,0.));
#3803=DIRECTION('center_axis',(0.,0.,-1.));
#3804=DIRECTION('ref_axis',(0.707106781186548,-0.707106781186548,0.));
#3805=DIRECTION('',(0.,0.,1.));
#3806=DIRECTION('',(0.,0.,-1.));
#3807=DIRECTION('center_axis',(0.,1.,0.));
#3808=DIRECTION('ref_axis',(-1.,0.,0.));
#3809=DIRECTION('',(-1.,0.,0.));
#3810=DIRECTION('center_axis',(0.,0.,1.));
#3811=DIRECTION('ref_axis',(0.707106781186551,0.707106781186544,0.));
#3812=DIRECTION('center_axis',(0.,0.,-1.));
#3813=DIRECTION('ref_axis',(0.707106781186551,0.707106781186544,0.));
#3814=DIRECTION('',(0.,0.,1.));
#3815=DIRECTION('',(0.,0.,-1.));
#3816=DIRECTION('center_axis',(-1.,0.,0.));
#3817=DIRECTION('ref_axis',(0.,-1.,0.));
#3818=DIRECTION('',(0.,-1.,0.));
#3819=DIRECTION('center_axis',(0.,0.,1.));
#3820=DIRECTION('ref_axis',(-0.707106781186549,0.707106781186546,0.));
#3821=DIRECTION('center_axis',(0.,0.,-1.));
#3822=DIRECTION('ref_axis',(-0.707106781186549,0.707106781186546,0.));
#3823=DIRECTION('',(0.,0.,1.));
#3824=DIRECTION('center_axis',(0.,-1.,0.));
#3825=DIRECTION('ref_axis',(1.,0.,0.));
#3826=DIRECTION('',(1.,0.,0.));
#3827=DIRECTION('center_axis',(0.,0.,1.));
#3828=DIRECTION('ref_axis',(-1.,0.,0.));
#3829=DIRECTION('center_axis',(0.,0.,-1.));
#3830=DIRECTION('ref_axis',(-1.,0.,0.));
#3831=DIRECTION('',(0.,0.,1.));
#3832=DIRECTION('',(0.,0.,1.));
#3833=DIRECTION('center_axis',(-3.4160708450005E-16,1.,0.));
#3834=DIRECTION('ref_axis',(-1.,-3.4160708450005E-16,0.));
#3835=DIRECTION('',(-1.,-3.4160708450005E-16,0.));
#3836=DIRECTION('',(0.,0.,1.));
#3837=DIRECTION('center_axis',(0.,0.,1.));
#3838=DIRECTION('ref_axis',(0.,-1.,0.));
#3839=DIRECTION('center_axis',(0.,0.,-1.));
#3840=DIRECTION('ref_axis',(0.,-1.,0.));
#3841=DIRECTION('',(0.,0.,1.));
#3842=DIRECTION('center_axis',(-1.,0.,0.));
#3843=DIRECTION('ref_axis',(0.,-1.,0.));
#3844=DIRECTION('',(0.,-1.,0.));
#3845=DIRECTION('',(0.,0.,1.));
#3846=DIRECTION('center_axis',(0.,0.,1.));
#3847=DIRECTION('ref_axis',(1.,0.,0.));
#3848=DIRECTION('center_axis',(0.,0.,-1.));
#3849=DIRECTION('ref_axis',(1.,0.,0.));
#3850=DIRECTION('',(0.,0.,1.));
#3851=DIRECTION('center_axis',(0.,-1.,0.));
#3852=DIRECTION('ref_axis',(1.,0.,0.));
#3853=DIRECTION('',(1.,0.,0.));
#3854=DIRECTION('',(0.,0.,1.));
#3855=DIRECTION('center_axis',(0.,0.,1.));
#3856=DIRECTION('ref_axis',(0.,1.,0.));
#3857=DIRECTION('center_axis',(0.,0.,-1.));
#3858=DIRECTION('ref_axis',(0.,1.,0.));
#3859=DIRECTION('',(0.,0.,1.));
#3860=DIRECTION('center_axis',(1.,0.,0.));
#3861=DIRECTION('ref_axis',(0.,1.,0.));
#3862=DIRECTION('',(0.,1.,0.));
#3863=DIRECTION('center_axis',(1.,0.,0.));
#3864=DIRECTION('ref_axis',(0.,1.,0.));
#3865=DIRECTION('',(0.,1.,0.));
#3866=DIRECTION('',(0.,0.,1.));
#3867=DIRECTION('',(0.,0.,1.));
#3868=DIRECTION('center_axis',(0.,0.,1.));
#3869=DIRECTION('ref_axis',(-1.,0.,0.));
#3870=DIRECTION('center_axis',(0.,0.,-1.));
#3871=DIRECTION('ref_axis',(-1.,0.,0.));
#3872=DIRECTION('',(0.,0.,1.));
#3873=DIRECTION('center_axis',(-1.70803542250025E-16,1.,0.));
#3874=DIRECTION('ref_axis',(-1.,-1.70803542250025E-16,0.));
#3875=DIRECTION('',(-1.,-1.70803542250025E-16,0.));
#3876=DIRECTION('',(0.,0.,1.));
#3877=DIRECTION('center_axis',(0.,0.,1.));
#3878=DIRECTION('ref_axis',(0.,-1.,0.));
#3879=DIRECTION('center_axis',(0.,0.,-1.));
#3880=DIRECTION('ref_axis',(0.,-1.,0.));
#3881=DIRECTION('',(0.,0.,1.));
#3882=DIRECTION('center_axis',(-1.,0.,0.));
#3883=DIRECTION('ref_axis',(0.,-1.,0.));
#3884=DIRECTION('',(0.,-1.,0.));
#3885=DIRECTION('',(0.,0.,1.));
#3886=DIRECTION('center_axis',(0.,0.,1.));
#3887=DIRECTION('ref_axis',(1.,0.,0.));
#3888=DIRECTION('center_axis',(0.,0.,-1.));
#3889=DIRECTION('ref_axis',(1.,0.,0.));
#3890=DIRECTION('',(0.,0.,1.));
#3891=DIRECTION('center_axis',(3.4160708450005E-16,-1.,0.));
#3892=DIRECTION('ref_axis',(1.,3.4160708450005E-16,0.));
#3893=DIRECTION('',(1.,3.4160708450005E-16,0.));
#3894=DIRECTION('',(0.,0.,1.));
#3895=DIRECTION('center_axis',(0.,0.,1.));
#3896=DIRECTION('ref_axis',(0.,1.,0.));
#3897=DIRECTION('center_axis',(0.,0.,-1.));
#3898=DIRECTION('ref_axis',(0.,1.,0.));
#3899=DIRECTION('center_axis',(1.,0.,0.));
#3900=DIRECTION('ref_axis',(0.,1.,0.));
#3901=DIRECTION('',(0.,1.,0.));
#3902=DIRECTION('',(0.,0.,1.));
#3903=DIRECTION('',(0.,0.,1.));
#3904=DIRECTION('center_axis',(0.,0.,1.));
#3905=DIRECTION('ref_axis',(-1.,0.,0.));
#3906=DIRECTION('center_axis',(0.,0.,-1.));
#3907=DIRECTION('ref_axis',(-1.,0.,0.));
#3908=DIRECTION('',(0.,0.,1.));
#3909=DIRECTION('center_axis',(0.,1.,0.));
#3910=DIRECTION('ref_axis',(-1.,0.,0.));
#3911=DIRECTION('',(-1.,0.,0.));
#3912=DIRECTION('',(0.,0.,1.));
#3913=DIRECTION('center_axis',(0.,0.,1.));
#3914=DIRECTION('ref_axis',(0.,-1.,0.));
#3915=DIRECTION('center_axis',(0.,0.,-1.));
#3916=DIRECTION('ref_axis',(0.,-1.,0.));
#3917=DIRECTION('',(0.,0.,1.));
#3918=DIRECTION('center_axis',(-1.,0.,0.));
#3919=DIRECTION('ref_axis',(0.,-1.,0.));
#3920=DIRECTION('',(0.,-1.,0.));
#3921=DIRECTION('',(0.,0.,1.));
#3922=DIRECTION('center_axis',(0.,0.,1.));
#3923=DIRECTION('ref_axis',(1.,0.,0.));
#3924=DIRECTION('center_axis',(0.,0.,-1.));
#3925=DIRECTION('ref_axis',(1.,0.,0.));
#3926=DIRECTION('',(0.,0.,1.));
#3927=DIRECTION('center_axis',(6.83214169000099E-16,-1.,0.));
#3928=DIRECTION('ref_axis',(1.,6.83214169000099E-16,0.));
#3929=DIRECTION('',(1.,6.83214169000099E-16,0.));
#3930=DIRECTION('',(0.,0.,1.));
#3931=DIRECTION('center_axis',(0.,0.,1.));
#3932=DIRECTION('ref_axis',(0.,1.,0.));
#3933=DIRECTION('center_axis',(0.,0.,-1.));
#3934=DIRECTION('ref_axis',(0.,1.,0.));
#3935=DIRECTION('center_axis',(1.,0.,0.));
#3936=DIRECTION('ref_axis',(0.,1.,0.));
#3937=DIRECTION('',(0.,1.,0.));
#3938=DIRECTION('',(0.,0.,1.));
#3939=DIRECTION('',(0.,0.,1.));
#3940=DIRECTION('center_axis',(0.,0.,1.));
#3941=DIRECTION('ref_axis',(-1.,0.,0.));
#3942=DIRECTION('center_axis',(0.,0.,-1.));
#3943=DIRECTION('ref_axis',(-1.,0.,0.));
#3944=DIRECTION('',(0.,0.,1.));
#3945=DIRECTION('center_axis',(-1.70803542250025E-16,1.,0.));
#3946=DIRECTION('ref_axis',(-1.,-1.70803542250025E-16,0.));
#3947=DIRECTION('',(-1.,-1.70803542250025E-16,0.));
#3948=DIRECTION('',(0.,0.,1.));
#3949=DIRECTION('center_axis',(0.,0.,1.));
#3950=DIRECTION('ref_axis',(0.,-1.,0.));
#3951=DIRECTION('center_axis',(0.,0.,-1.));
#3952=DIRECTION('ref_axis',(0.,-1.,0.));
#3953=DIRECTION('',(0.,0.,1.));
#3954=DIRECTION('center_axis',(-1.,0.,0.));
#3955=DIRECTION('ref_axis',(0.,-1.,0.));
#3956=DIRECTION('',(0.,-1.,0.));
#3957=DIRECTION('',(0.,0.,1.));
#3958=DIRECTION('center_axis',(0.,0.,1.));
#3959=DIRECTION('ref_axis',(1.,0.,0.));
#3960=DIRECTION('center_axis',(0.,0.,-1.));
#3961=DIRECTION('ref_axis',(1.,0.,0.));
#3962=DIRECTION('',(0.,0.,1.));
#3963=DIRECTION('center_axis',(0.,-1.,0.));
#3964=DIRECTION('ref_axis',(1.,0.,0.));
#3965=DIRECTION('',(1.,0.,0.));
#3966=DIRECTION('',(0.,0.,1.));
#3967=DIRECTION('center_axis',(0.,0.,1.));
#3968=DIRECTION('ref_axis',(0.,1.,0.));
#3969=DIRECTION('center_axis',(0.,0.,-1.));
#3970=DIRECTION('ref_axis',(0.,1.,0.));
#3971=DIRECTION('center_axis',(0.,0.,1.));
#3972=DIRECTION('ref_axis',(-1.,0.,0.));
#3973=DIRECTION('center_axis',(0.,0.,-1.));
#3974=DIRECTION('ref_axis',(-1.,0.,0.));
#3975=DIRECTION('',(0.,0.,1.));
#3976=DIRECTION('',(0.,0.,1.));
#3977=DIRECTION('center_axis',(-1.70803542250025E-16,1.,0.));
#3978=DIRECTION('ref_axis',(-1.,-1.70803542250025E-16,0.));
#3979=DIRECTION('',(-1.,-1.70803542250025E-16,0.));
#3980=DIRECTION('',(0.,0.,1.));
#3981=DIRECTION('center_axis',(0.,0.,1.));
#3982=DIRECTION('ref_axis',(0.,-1.,0.));
#3983=DIRECTION('center_axis',(0.,0.,-1.));
#3984=DIRECTION('ref_axis',(0.,-1.,0.));
#3985=DIRECTION('',(0.,0.,1.));
#3986=DIRECTION('center_axis',(-1.,0.,0.));
#3987=DIRECTION('ref_axis',(0.,-1.,0.));
#3988=DIRECTION('',(0.,-1.,0.));
#3989=DIRECTION('',(0.,0.,1.));
#3990=DIRECTION('center_axis',(0.,0.,1.));
#3991=DIRECTION('ref_axis',(1.,0.,0.));
#3992=DIRECTION('center_axis',(0.,0.,-1.));
#3993=DIRECTION('ref_axis',(1.,0.,0.));
#3994=DIRECTION('',(0.,0.,1.));
#3995=DIRECTION('center_axis',(0.,-1.,0.));
#3996=DIRECTION('ref_axis',(1.,0.,0.));
#3997=DIRECTION('',(1.,0.,0.));
#3998=DIRECTION('',(0.,0.,1.));
#3999=DIRECTION('center_axis',(0.,0.,1.));
#4000=DIRECTION('ref_axis',(0.,1.,0.));
#4001=DIRECTION('center_axis',(0.,0.,-1.));
#4002=DIRECTION('ref_axis',(0.,1.,0.));
#4003=DIRECTION('',(0.,0.,1.));
#4004=DIRECTION('center_axis',(1.,0.,0.));
#4005=DIRECTION('ref_axis',(0.,1.,0.));
#4006=DIRECTION('',(0.,1.,0.));
#4007=DIRECTION('center_axis',(1.,0.,0.));
#4008=DIRECTION('ref_axis',(0.,1.,0.));
#4009=DIRECTION('',(0.,1.,0.));
#4010=DIRECTION('',(0.,0.,1.));
#4011=DIRECTION('',(0.,0.,1.));
#4012=DIRECTION('center_axis',(0.,0.,1.));
#4013=DIRECTION('ref_axis',(-1.,0.,0.));
#4014=DIRECTION('center_axis',(0.,0.,-1.));
#4015=DIRECTION('ref_axis',(-1.,0.,0.));
#4016=DIRECTION('',(0.,0.,1.));
#4017=DIRECTION('center_axis',(0.,1.,0.));
#4018=DIRECTION('ref_axis',(-1.,0.,0.));
#4019=DIRECTION('',(-1.,0.,0.));
#4020=DIRECTION('',(0.,0.,1.));
#4021=DIRECTION('center_axis',(0.,0.,1.));
#4022=DIRECTION('ref_axis',(0.,-1.,0.));
#4023=DIRECTION('center_axis',(0.,0.,-1.));
#4024=DIRECTION('ref_axis',(0.,-1.,0.));
#4025=DIRECTION('',(0.,0.,1.));
#4026=DIRECTION('center_axis',(-1.,0.,0.));
#4027=DIRECTION('ref_axis',(0.,-1.,0.));
#4028=DIRECTION('',(0.,-1.,0.));
#4029=DIRECTION('',(0.,0.,1.));
#4030=DIRECTION('center_axis',(0.,0.,1.));
#4031=DIRECTION('ref_axis',(1.,0.,0.));
#4032=DIRECTION('center_axis',(0.,0.,-1.));
#4033=DIRECTION('ref_axis',(1.,0.,0.));
#4034=DIRECTION('',(0.,0.,1.));
#4035=DIRECTION('center_axis',(0.,-1.,0.));
#4036=DIRECTION('ref_axis',(1.,0.,0.));
#4037=DIRECTION('',(1.,0.,0.));
#4038=DIRECTION('',(0.,0.,1.));
#4039=DIRECTION('center_axis',(0.,0.,1.));
#4040=DIRECTION('ref_axis',(0.,1.,0.));
#4041=DIRECTION('center_axis',(0.,0.,-1.));
#4042=DIRECTION('ref_axis',(0.,1.,0.));
#4043=DIRECTION('center_axis',(1.,0.,0.));
#4044=DIRECTION('ref_axis',(0.,1.,0.));
#4045=DIRECTION('',(0.,0.,1.));
#4046=DIRECTION('',(0.,-1.,0.));
#4047=DIRECTION('center_axis',(0.,0.,1.));
#4048=DIRECTION('ref_axis',(0.,-1.,0.));
#4049=DIRECTION('',(0.,0.,1.));
#4050=DIRECTION('center_axis',(0.,0.,1.));
#4051=DIRECTION('ref_axis',(0.,-1.,0.));
#4052=DIRECTION('center_axis',(4.9453141408693E-17,-1.,0.));
#4053=DIRECTION('ref_axis',(1.,4.9453141408693E-17,0.));
#4054=DIRECTION('',(0.,0.,1.));
#4055=DIRECTION('',(-1.,-4.9453141408693E-17,0.));
#4056=DIRECTION('center_axis',(0.,0.,1.));
#4057=DIRECTION('ref_axis',(-1.,0.,0.));
#4058=DIRECTION('center_axis',(0.,0.,1.));
#4059=DIRECTION('ref_axis',(-1.,0.,0.));
#4060=DIRECTION('center_axis',(0.,0.,1.));
#4061=DIRECTION('ref_axis',(1.,0.,0.));
#4062=DIRECTION('',(0.,0.,1.));
#4063=DIRECTION('',(1.,0.,0.));
#4064=DIRECTION('',(1.38777878078144E-17,6.93889390390649E-18,1.));
#4065=DIRECTION('',(-1.,-1.31283872661925E-14,1.38777878078147E-17));
#4066=CARTESIAN_POINT('',(0.,0.,0.));
#4067=CARTESIAN_POINT('',(0.,0.,0.));
#4068=CARTESIAN_POINT('Origin',(-2.,58.8,11.));
#4069=CARTESIAN_POINT('',(-4.35000000000001,58.8,13.));
#4070=CARTESIAN_POINT('Origin',(-2.,58.8,13.));
#4071=CARTESIAN_POINT('',(-4.35000000000001,58.8,9.));
#4072=CARTESIAN_POINT('',(-4.35000000000001,58.8,11.));
#4073=CARTESIAN_POINT('Origin',(-2.,58.8,9.));
#4074=CARTESIAN_POINT('Origin',(-2.,58.8,9.));
#4075=CARTESIAN_POINT('Origin',(-2.00000000000001,-2.00000000000001,11.));
#4076=CARTESIAN_POINT('',(-4.35000000000001,-2.00000000000001,13.));
#4077=CARTESIAN_POINT('Origin',(-2.00000000000001,-2.00000000000001,13.));
#4078=CARTESIAN_POINT('',(-4.35000000000001,-2.00000000000001,9.));
#4079=CARTESIAN_POINT('',(-4.35000000000001,-2.00000000000001,11.));
#4080=CARTESIAN_POINT('Origin',(-2.00000000000001,-2.00000000000001,9.));
#4081=CARTESIAN_POINT('Origin',(-2.00000000000001,-2.00000000000001,9.));
#4082=CARTESIAN_POINT('Origin',(87.8,58.8,11.));
#4083=CARTESIAN_POINT('',(85.45,58.8,13.));
#4084=CARTESIAN_POINT('Origin',(87.8,58.8,13.));
#4085=CARTESIAN_POINT('',(85.45,58.8,9.));
#4086=CARTESIAN_POINT('',(85.45,58.8,11.));
#4087=CARTESIAN_POINT('Origin',(87.8,58.8,9.));
#4088=CARTESIAN_POINT('Origin',(87.8,58.8,9.));
#4089=CARTESIAN_POINT('Origin',(87.8,-1.99999999999998,11.));
#4090=CARTESIAN_POINT('',(85.45,-1.99999999999998,13.));
#4091=CARTESIAN_POINT('Origin',(87.8,-1.99999999999998,13.));
#4092=CARTESIAN_POINT('',(85.45,-1.99999999999998,9.));
#4093=CARTESIAN_POINT('',(85.45,-1.99999999999998,11.));
#4094=CARTESIAN_POINT('Origin',(87.8,-1.99999999999998,9.));
#4095=CARTESIAN_POINT('Origin',(87.8,-1.99999999999998,9.));
#4096=CARTESIAN_POINT('Origin',(21.45,23.9,3.5));
#4097=CARTESIAN_POINT('',(0.677124344467705,23.4,3.5));
#4098=CARTESIAN_POINT('',(2.,23.9,3.));
#4099=CARTESIAN_POINT('Ctrl Pts',(0.677124344467704,23.4,3.5));
#4100=CARTESIAN_POINT('Ctrl Pts',(0.841539222743561,23.4,3.35499970674771));
#4101=CARTESIAN_POINT('Ctrl Pts',(1.05858081962502,23.4693631464516,3.22353007236186));
#4102=CARTESIAN_POINT('Ctrl Pts',(1.47982514628214,23.6400890089668,3.05280420984661));
#4103=CARTESIAN_POINT('Ctrl Pts',(1.76180306865643,23.7809015343282,3.));
#4104=CARTESIAN_POINT('Ctrl Pts',(2.,23.9,3.));
#4105=CARTESIAN_POINT('',(-7.,23.9,3.));
#4106=CARTESIAN_POINT('',(21.45,23.9,3.));
#4107=CARTESIAN_POINT('',(-7.,23.4,3.5));
#4108=CARTESIAN_POINT('Origin',(-7.,23.9,3.5));
#4109=CARTESIAN_POINT('',(21.45,23.4,3.5));
#4110=CARTESIAN_POINT('Origin',(42.9,28.4,3.));
#4111=CARTESIAN_POINT('',(2.,2.,3.));
#4112=CARTESIAN_POINT('',(2.,14.2,3.));
#4113=CARTESIAN_POINT('',(83.8,2.,3.));
#4114=CARTESIAN_POINT('',(64.35,2.,3.));
#4115=CARTESIAN_POINT('',(83.8,54.8,3.));
#4116=CARTESIAN_POINT('',(83.8,42.6,3.));
#4117=CARTESIAN_POINT('',(2.,54.8,3.));
#4118=CARTESIAN_POINT('',(21.45,54.8,3.));
#4119=CARTESIAN_POINT('',(2.,35.9,3.));
#4120=CARTESIAN_POINT('',(2.,14.2,3.));
#4121=CARTESIAN_POINT('',(-7.,35.9,3.));
#4122=CARTESIAN_POINT('',(21.45,35.9,3.));
#4123=CARTESIAN_POINT('',(-7.,47.6,3.));
#4124=CARTESIAN_POINT('',(80.9,17.9,3.));
#4125=CARTESIAN_POINT('',(80.9,16.4,3.));
#4126=CARTESIAN_POINT('',(80.9,18.4,3.));
#4127=CARTESIAN_POINT('',(80.4,15.9,3.));
#4128=CARTESIAN_POINT('Origin',(80.4,16.4,3.));
#4129=CARTESIAN_POINT('',(46.4,15.9,3.));
#4130=CARTESIAN_POINT('',(80.9,15.9,3.));
#4131=CARTESIAN_POINT('',(45.9,16.4,3.));
#4132=CARTESIAN_POINT('Origin',(46.4,16.4,3.));
#4133=CARTESIAN_POINT('',(45.9,17.9,3.));
#4134=CARTESIAN_POINT('',(45.9,15.9,3.));
#4135=CARTESIAN_POINT('',(46.4,18.4,3.));
#4136=CARTESIAN_POINT('Origin',(46.4,17.9,3.));
#4137=CARTESIAN_POINT('',(80.4,18.4,3.));
#4138=CARTESIAN_POINT('',(45.9,18.4,3.));
#4139=CARTESIAN_POINT('Origin',(80.4,17.9,3.));
#4140=CARTESIAN_POINT('',(80.9,37.4,3.));
#4141=CARTESIAN_POINT('',(80.9,35.4,3.));
#4142=CARTESIAN_POINT('',(80.9,37.9,3.));
#4143=CARTESIAN_POINT('',(80.4,34.9,3.));
#4144=CARTESIAN_POINT('Origin',(80.4,35.4,3.));
#4145=CARTESIAN_POINT('',(55.4,34.9,3.));
#4146=CARTESIAN_POINT('',(80.9,34.9,3.));
#4147=CARTESIAN_POINT('',(54.9,35.4,3.));
#4148=CARTESIAN_POINT('Origin',(55.4,35.4,3.));
#4149=CARTESIAN_POINT('',(54.9,37.4,3.));
#4150=CARTESIAN_POINT('',(54.9,34.9,3.));
#4151=CARTESIAN_POINT('',(55.4,37.9,3.));
#4152=CARTESIAN_POINT('Origin',(55.4,37.4,3.));
#4153=CARTESIAN_POINT('',(80.4,37.9,3.));
#4154=CARTESIAN_POINT('',(54.9,37.9,3.));
#4155=CARTESIAN_POINT('Origin',(80.4,37.4,3.));
#4156=CARTESIAN_POINT('Origin',(0.,23.9,10.));
#4157=CARTESIAN_POINT('',(-7.,23.4,10.));
#4158=CARTESIAN_POINT('',(-7.,23.9,10.5));
#4159=CARTESIAN_POINT('Origin',(-7.,23.9,10.));
#4160=CARTESIAN_POINT('',(8.75213093741608E-32,23.9,10.5));
#4161=CARTESIAN_POINT('',(0.,23.9,10.5));
#4162=CARTESIAN_POINT('',(8.56903196382997E-32,23.4,10.));
#4163=CARTESIAN_POINT('Origin',(0.,23.9,10.));
#4164=CARTESIAN_POINT('',(0.,23.4,10.));
#4165=CARTESIAN_POINT('Origin',(0.,23.4,10.5));
#4166=CARTESIAN_POINT('',(-7.,35.9,10.5));
#4167=CARTESIAN_POINT('',(-7.,41.1,10.5));
#4168=CARTESIAN_POINT('',(1.31465063034827E-31,35.9,10.5));
#4169=CARTESIAN_POINT('',(0.,35.9,10.5));
#4170=CARTESIAN_POINT('',(4.28451598191498E-32,11.7,10.5));
#4171=CARTESIAN_POINT('Origin',(0.,35.9,10.));
#4172=CARTESIAN_POINT('',(1.33296052770688E-31,36.4,10.));
#4173=CARTESIAN_POINT('Origin',(0.,35.9,10.));
#4174=CARTESIAN_POINT('',(-7.,36.4,10.));
#4175=CARTESIAN_POINT('Origin',(-7.,35.9,10.));
#4176=CARTESIAN_POINT('',(0.,36.4,10.));
#4177=CARTESIAN_POINT('Origin',(21.45,35.9,3.5));
#4178=CARTESIAN_POINT('',(0.677124344467705,36.4,3.5));
#4179=CARTESIAN_POINT('Ctrl Pts',(2.,35.9,3.));
#4180=CARTESIAN_POINT('Ctrl Pts',(1.76180306865643,36.0190984656718,3.));
#4181=CARTESIAN_POINT('Ctrl Pts',(1.47982514628214,36.1599109910332,3.05280420984661));
#4182=CARTESIAN_POINT('Ctrl Pts',(1.05858081962502,36.3306368535484,3.22353007236186));
#4183=CARTESIAN_POINT('Ctrl Pts',(0.841539222743561,36.4,3.35499970674771));
#4184=CARTESIAN_POINT('Ctrl Pts',(0.677124344467704,36.4,3.5));
#4185=CARTESIAN_POINT('',(-7.,36.4,3.5));
#4186=CARTESIAN_POINT('',(21.45,36.4,3.5));
#4187=CARTESIAN_POINT('Origin',(-7.,35.9,3.5));
#4188=CARTESIAN_POINT('Origin',(0.,36.4,10.5));
#4189=CARTESIAN_POINT('',(-7.,36.4,5.25));
#4190=CARTESIAN_POINT('',(1.33296052770688E-31,36.4,5.));
#4191=CARTESIAN_POINT('Origin',(2.,36.4,5.));
#4192=CARTESIAN_POINT('',(1.33296052770688E-31,36.4,5.25));
#4193=CARTESIAN_POINT('Origin',(2.,14.2,5.));
#4194=CARTESIAN_POINT('',(8.56903196382997E-32,23.4,5.));
#4195=CARTESIAN_POINT('Origin',(2.,23.4,5.));
#4196=CARTESIAN_POINT('',(0.,2.,5.));
#4197=CARTESIAN_POINT('',(0.,14.2,5.));
#4198=CARTESIAN_POINT('Origin',(2.,2.,5.));
#4199=CARTESIAN_POINT('Origin',(0.,23.4,3.));
#4200=CARTESIAN_POINT('',(-7.,23.4,1.5));
#4201=CARTESIAN_POINT('',(8.56903196382997E-32,23.4,1.5));
#4202=CARTESIAN_POINT('Origin',(2.,14.2,5.));
#4203=CARTESIAN_POINT('',(1.48676366551922E-31,54.8,5.));
#4204=CARTESIAN_POINT('Origin',(2.,54.8,5.));
#4205=CARTESIAN_POINT('',(0.,14.2,5.));
#4206=CARTESIAN_POINT('Origin',(87.8,58.8,0.5));
#4207=CARTESIAN_POINT('',(92.8,58.8,0.5));
#4208=CARTESIAN_POINT('',(92.3,58.8,0.));
#4209=CARTESIAN_POINT('Origin',(92.3,58.8,0.5));
#4210=CARTESIAN_POINT('',(87.8,63.3,0.));
#4211=CARTESIAN_POINT('Origin',(87.8,58.8,0.));
#4212=CARTESIAN_POINT('',(87.8,63.8,0.5));
#4213=CARTESIAN_POINT('Origin',(87.8,63.3,0.5));
#4214=CARTESIAN_POINT('Origin',(87.8,58.8,0.5));
#4215=CARTESIAN_POINT('Origin',(65.35,63.3,0.5));
#4216=CARTESIAN_POINT('',(-2.,63.3,0.));
#4217=CARTESIAN_POINT('',(-2.,63.8,0.5));
#4218=CARTESIAN_POINT('Origin',(-2.,63.3,0.5));
#4219=CARTESIAN_POINT('',(65.35,63.8,0.5));
#4220=CARTESIAN_POINT('',(65.35,63.3,0.));
#4221=CARTESIAN_POINT('Origin',(-2.,58.8,0.5));
#4222=CARTESIAN_POINT('',(-6.5,58.8,0.));
#4223=CARTESIAN_POINT('',(-7.,58.8,0.5));
#4224=CARTESIAN_POINT('Origin',(-6.5,58.8,0.5));
#4225=CARTESIAN_POINT('Origin',(-2.,58.8,0.5));
#4226=CARTESIAN_POINT('Origin',(-2.,58.8,0.));
#4227=CARTESIAN_POINT('Origin',(-6.5,43.6,0.5));
#4228=CARTESIAN_POINT('',(-6.5,-2.00000000000001,0.));
#4229=CARTESIAN_POINT('',(-7.,-2.00000000000001,0.5));
#4230=CARTESIAN_POINT('Origin',(-6.5,-2.00000000000001,0.5));
#4231=CARTESIAN_POINT('',(-7.,43.6,0.5));
#4232=CARTESIAN_POINT('',(-6.5,43.6,0.));
#4233=CARTESIAN_POINT('Origin',(-2.00000000000001,-2.00000000000001,0.5));
#4234=CARTESIAN_POINT('',(-2.00000000000001,-6.5,0.));
#4235=CARTESIAN_POINT('',(-2.00000000000001,-7.,0.5));
#4236=CARTESIAN_POINT('Origin',(-2.00000000000001,-6.5,0.5));
#4237=CARTESIAN_POINT('Origin',(-2.00000000000001,-2.00000000000001,0.5));
#4238=CARTESIAN_POINT('Origin',(-2.00000000000001,-2.00000000000001,0.));
#4239=CARTESIAN_POINT('Origin',(20.45,-6.5,0.5));
#4240=CARTESIAN_POINT('',(87.8,-6.5,0.));
#4241=CARTESIAN_POINT('',(87.8,-7.,0.5));
#4242=CARTESIAN_POINT('Origin',(87.8,-6.5,0.5));
#4243=CARTESIAN_POINT('',(20.45,-7.,0.5));
#4244=CARTESIAN_POINT('',(20.45,-6.5,0.));
#4245=CARTESIAN_POINT('Origin',(87.8,-1.99999999999998,0.5));
#4246=CARTESIAN_POINT('',(92.3,-1.99999999999998,0.));
#4247=CARTESIAN_POINT('',(92.8,-1.99999999999998,0.5));
#4248=CARTESIAN_POINT('Origin',(92.3,-1.99999999999998,0.5));
#4249=CARTESIAN_POINT('Origin',(87.8,-1.99999999999998,0.5));
#4250=CARTESIAN_POINT('Origin',(87.8,-1.99999999999998,0.));
#4251=CARTESIAN_POINT('Origin',(92.3,13.2,0.5));
#4252=CARTESIAN_POINT('',(92.3,13.2,0.));
#4253=CARTESIAN_POINT('',(92.8,13.2,0.5));
#4254=CARTESIAN_POINT('Origin',(-2.00000000000001,-7.,0.));
#4255=CARTESIAN_POINT('',(87.8,-7.,13.));
#4256=CARTESIAN_POINT('',(87.8,-7.,0.));
#4257=CARTESIAN_POINT('',(-2.00000000000001,-7.,13.));
#4258=CARTESIAN_POINT('',(87.8,-7.,13.));
#4259=CARTESIAN_POINT('',(-2.00000000000001,-7.,0.));
#4260=CARTESIAN_POINT('Origin',(87.8,-1.99999999999998,0.));
#4261=CARTESIAN_POINT('',(92.8,-1.99999999999998,13.));
#4262=CARTESIAN_POINT('',(92.8,-1.99999999999998,0.));
#4263=CARTESIAN_POINT('Origin',(87.8,-1.99999999999998,13.));
#4264=CARTESIAN_POINT('Origin',(92.8,-1.99999999999998,0.));
#4265=CARTESIAN_POINT('',(92.8,58.8,13.));
#4266=CARTESIAN_POINT('',(92.8,58.8,0.));
#4267=CARTESIAN_POINT('',(92.8,58.8,13.));
#4268=CARTESIAN_POINT('Origin',(87.8,58.8,0.));
#4269=CARTESIAN_POINT('',(87.8,63.8,13.));
#4270=CARTESIAN_POINT('',(87.8,63.8,0.));
#4271=CARTESIAN_POINT('Origin',(87.8,58.8,13.));
#4272=CARTESIAN_POINT('Origin',(42.9,28.4,0.));
#4273=CARTESIAN_POINT('',(80.4,37.9,0.));
#4274=CARTESIAN_POINT('',(80.9,37.4,0.));
#4275=CARTESIAN_POINT('Origin',(80.4,37.4,0.));
#4276=CARTESIAN_POINT('',(55.4,37.9,0.));
#4277=CARTESIAN_POINT('',(54.9,37.9,0.));
#4278=CARTESIAN_POINT('',(54.9,37.4,0.));
#4279=CARTESIAN_POINT('Origin',(55.4,37.4,0.));
#4280=CARTESIAN_POINT('',(54.9,35.4,0.));
#4281=CARTESIAN_POINT('',(54.9,34.9,0.));
#4282=CARTESIAN_POINT('',(55.4,34.9,0.));
#4283=CARTESIAN_POINT('Origin',(55.4,35.4,0.));
#4284=CARTESIAN_POINT('',(80.4,34.9,0.));
#4285=CARTESIAN_POINT('',(80.9,34.9,0.));
#4286=CARTESIAN_POINT('',(80.9,35.4,0.));
#4287=CARTESIAN_POINT('Origin',(80.4,35.4,0.));
#4288=CARTESIAN_POINT('',(80.9,37.9,0.));
#4289=CARTESIAN_POINT('',(80.4,18.4,0.));
#4290=CARTESIAN_POINT('',(80.9,17.9,0.));
#4291=CARTESIAN_POINT('Origin',(80.4,17.9,0.));
#4292=CARTESIAN_POINT('',(46.4,18.4,0.));
#4293=CARTESIAN_POINT('',(45.9,18.4,0.));
#4294=CARTESIAN_POINT('',(45.9,17.9,0.));
#4295=CARTESIAN_POINT('Origin',(46.4,17.9,0.));
#4296=CARTESIAN_POINT('',(45.9,16.4,0.));
#4297=CARTESIAN_POINT('',(45.9,15.9,0.));
#4298=CARTESIAN_POINT('',(46.4,15.9,0.));
#4299=CARTESIAN_POINT('Origin',(46.4,16.4,0.));
#4300=CARTESIAN_POINT('',(80.4,15.9,0.));
#4301=CARTESIAN_POINT('',(80.9,15.9,0.));
#4302=CARTESIAN_POINT('',(80.9,16.4,0.));
#4303=CARTESIAN_POINT('Origin',(80.4,16.4,0.));
#4304=CARTESIAN_POINT('',(80.9,18.4,0.));
#4305=CARTESIAN_POINT('Origin',(55.4,35.4,0.));
#4306=CARTESIAN_POINT('',(54.9,35.4,0.));
#4307=CARTESIAN_POINT('',(55.4,34.9,0.));
#4308=CARTESIAN_POINT('Origin',(54.9,34.9,0.));
#4309=CARTESIAN_POINT('',(54.9,37.4,0.));
#4310=CARTESIAN_POINT('Origin',(80.4,37.4,0.));
#4311=CARTESIAN_POINT('',(80.9,37.4,0.));
#4312=CARTESIAN_POINT('',(80.4,37.9,0.));
#4313=CARTESIAN_POINT('Origin',(80.9,37.9,0.));
#4314=CARTESIAN_POINT('',(80.9,35.4,0.));
#4315=CARTESIAN_POINT('Origin',(80.4,35.4,0.));
#4316=CARTESIAN_POINT('',(80.4,34.9,0.));
#4317=CARTESIAN_POINT('Origin',(80.9,34.9,0.));
#4318=CARTESIAN_POINT('Origin',(55.4,37.4,0.));
#4319=CARTESIAN_POINT('',(55.4,37.9,0.));
#4320=CARTESIAN_POINT('Origin',(54.9,37.9,0.));
#4321=CARTESIAN_POINT('Origin',(46.4,17.9,0.));
#4322=CARTESIAN_POINT('',(46.4,18.4,0.));
#4323=CARTESIAN_POINT('',(45.9,17.9,0.));
#4324=CARTESIAN_POINT('Origin',(45.9,18.4,0.));
#4325=CARTESIAN_POINT('',(80.4,18.4,0.));
#4326=CARTESIAN_POINT('Origin',(46.4,16.4,0.));
#4327=CARTESIAN_POINT('',(45.9,16.4,0.));
#4328=CARTESIAN_POINT('',(46.4,15.9,0.));
#4329=CARTESIAN_POINT('Origin',(45.9,15.9,0.));
#4330=CARTESIAN_POINT('Origin',(80.4,17.9,0.));
#4331=CARTESIAN_POINT('',(80.9,17.9,0.));
#4332=CARTESIAN_POINT('Origin',(80.9,18.4,0.));
#4333=CARTESIAN_POINT('',(80.9,16.4,0.));
#4334=CARTESIAN_POINT('Origin',(80.4,16.4,0.));
#4335=CARTESIAN_POINT('',(80.4,15.9,0.));
#4336=CARTESIAN_POINT('Origin',(80.9,15.9,0.));
#4337=CARTESIAN_POINT('Origin',(2.,54.8,5.));
#4338=CARTESIAN_POINT('',(2.,56.8,5.));
#4339=CARTESIAN_POINT('Origin',(2.,54.8,5.));
#4340=CARTESIAN_POINT('Origin',(2.,54.8,5.));
#4341=CARTESIAN_POINT('Origin',(2.,2.,5.));
#4342=CARTESIAN_POINT('',(2.,0.,5.));
#4343=CARTESIAN_POINT('Origin',(2.,2.,5.));
#4344=CARTESIAN_POINT('Origin',(2.,2.,5.));
#4345=CARTESIAN_POINT('Origin',(2.,2.,0.));
#4346=CARTESIAN_POINT('',(7.32395894344441E-33,2.,13.));
#4347=CARTESIAN_POINT('',(2.,0.,13.));
#4348=CARTESIAN_POINT('Origin',(2.,2.,13.));
#4349=CARTESIAN_POINT('',(2.,0.,0.));
#4350=CARTESIAN_POINT('',(0.,2.,0.));
#4351=CARTESIAN_POINT('Origin',(83.8,54.8,5.));
#4352=CARTESIAN_POINT('',(83.8,56.8,5.));
#4353=CARTESIAN_POINT('Origin',(83.8,54.8,5.));
#4354=CARTESIAN_POINT('',(85.8,54.8,5.));
#4355=CARTESIAN_POINT('Origin',(83.8,54.8,5.));
#4356=CARTESIAN_POINT('Origin',(83.8,54.8,5.));
#4357=CARTESIAN_POINT('Origin',(83.8,2.,5.));
#4358=CARTESIAN_POINT('',(85.8,2.,5.));
#4359=CARTESIAN_POINT('Origin',(83.8,2.,5.));
#4360=CARTESIAN_POINT('',(83.8,0.,5.));
#4361=CARTESIAN_POINT('Origin',(83.8,2.,5.));
#4362=CARTESIAN_POINT('Origin',(83.8,2.,5.));
#4363=CARTESIAN_POINT('Origin',(64.35,2.,5.));
#4364=CARTESIAN_POINT('',(64.35,0.,5.));
#4365=CARTESIAN_POINT('Origin',(83.8,2.,0.));
#4366=CARTESIAN_POINT('',(83.8,0.,13.));
#4367=CARTESIAN_POINT('',(85.8,2.,13.));
#4368=CARTESIAN_POINT('Origin',(83.8,2.,13.));
#4369=CARTESIAN_POINT('',(85.8,2.,0.));
#4370=CARTESIAN_POINT('',(83.8,0.,0.));
#4371=CARTESIAN_POINT('Origin',(83.8,42.6,5.));
#4372=CARTESIAN_POINT('',(85.8,42.6,5.));
#4373=CARTESIAN_POINT('Origin',(83.8,54.8,0.));
#4374=CARTESIAN_POINT('',(85.8,54.8,13.));
#4375=CARTESIAN_POINT('',(83.8,56.8,13.));
#4376=CARTESIAN_POINT('Origin',(83.8,54.8,13.));
#4377=CARTESIAN_POINT('',(83.8,56.8,0.));
#4378=CARTESIAN_POINT('',(85.8,54.8,0.));
#4379=CARTESIAN_POINT('Origin',(21.45,54.8,5.));
#4380=CARTESIAN_POINT('',(21.45,56.8,5.));
#4381=CARTESIAN_POINT('Origin',(2.,54.8,0.));
#4382=CARTESIAN_POINT('',(1.99999999999999,56.8,13.));
#4383=CARTESIAN_POINT('',(2.00676475050377E-31,54.8,13.));
#4384=CARTESIAN_POINT('Origin',(2.,54.8,13.));
#4385=CARTESIAN_POINT('',(0.,54.8,0.));
#4386=CARTESIAN_POINT('',(2.,56.8,0.));
#4387=CARTESIAN_POINT('Origin',(0.,56.8,0.));
#4388=CARTESIAN_POINT('',(85.8,56.8,13.));
#4389=CARTESIAN_POINT('Origin',(85.8,56.8,0.));
#4390=CARTESIAN_POINT('',(85.8,0.,13.));
#4391=CARTESIAN_POINT('Origin',(85.8,0.,0.));
#4392=CARTESIAN_POINT('',(0.,0.,13.));
#4393=CARTESIAN_POINT('Origin',(0.,0.,0.));
#4394=CARTESIAN_POINT('',(2.08000433993821E-31,56.8,13.));
#4395=CARTESIAN_POINT('Origin',(42.9,28.4,13.));
#4396=CARTESIAN_POINT('',(-1.99999999999999,63.8,13.));
#4397=CARTESIAN_POINT('',(-2.,63.8,13.));
#4398=CARTESIAN_POINT('',(-6.99999999999999,58.8,13.));
#4399=CARTESIAN_POINT('Origin',(-2.,58.8,13.));
#4400=CARTESIAN_POINT('',(-6.99999999999999,-2.00000000000001,13.));
#4401=CARTESIAN_POINT('',(-7.,-2.00000000000001,13.));
#4402=CARTESIAN_POINT('Origin',(-2.00000000000001,-2.00000000000001,13.));
#4403=CARTESIAN_POINT('Origin',(-2.00000000000001,-2.00000000000001,0.));
#4404=CARTESIAN_POINT('',(-7.,-2.00000000000001,0.));
#4405=CARTESIAN_POINT('Origin',(-7.,58.8,0.));
#4406=CARTESIAN_POINT('',(-7.,58.8,0.));
#4407=CARTESIAN_POINT('Origin',(-2.,58.8,0.));
#4408=CARTESIAN_POINT('',(-2.,63.8,0.));
#4409=CARTESIAN_POINT('Origin',(87.8,63.8,0.));
#4410=CARTESIAN_POINT('',(0.,0.,0.));
#4411=CARTESIAN_POINT('Origin',(87.8,-1.99999999999998,1.));
#4412=CARTESIAN_POINT('',(86.1,-1.99999999999998,3.));
#4413=CARTESIAN_POINT('Origin',(87.8,-1.99999999999998,3.));
#4414=CARTESIAN_POINT('',(86.1,-1.99999999999998,0.));
#4415=CARTESIAN_POINT('',(86.1,-1.99999999999998,1.));
#4416=CARTESIAN_POINT('Origin',(87.8,-1.99999999999998,0.));
#4417=CARTESIAN_POINT('Origin',(87.8,58.8,1.));
#4418=CARTESIAN_POINT('',(86.1,58.8,3.));
#4419=CARTESIAN_POINT('Origin',(87.8,58.8,3.));
#4420=CARTESIAN_POINT('',(86.1,58.8,0.));
#4421=CARTESIAN_POINT('',(86.1,58.8,1.));
#4422=CARTESIAN_POINT('Origin',(87.8,58.8,0.));
#4423=CARTESIAN_POINT('Origin',(-2.00000000000001,-2.00000000000001,1.));
#4424=CARTESIAN_POINT('',(-3.70000000000001,-2.00000000000001,3.));
#4425=CARTESIAN_POINT('Origin',(-2.00000000000001,-2.00000000000001,3.));
#4426=CARTESIAN_POINT('',(-3.70000000000001,-2.00000000000001,0.));
#4427=CARTESIAN_POINT('',(-3.70000000000001,-2.00000000000001,1.));
#4428=CARTESIAN_POINT('Origin',(-2.00000000000001,-2.00000000000001,0.));
#4429=CARTESIAN_POINT('Origin',(-2.,58.8,1.));
#4430=CARTESIAN_POINT('',(-3.7,58.8,3.));
#4431=CARTESIAN_POINT('Origin',(-2.,58.8,3.));
#4432=CARTESIAN_POINT('',(-3.7,58.8,0.));
#4433=CARTESIAN_POINT('',(-3.7,58.8,1.));
#4434=CARTESIAN_POINT('Origin',(-2.,58.8,0.));
#4435=CARTESIAN_POINT('Origin',(87.8,58.8,2.));
#4436=CARTESIAN_POINT('',(91.8,58.8,3.));
#4437=CARTESIAN_POINT('',(92.8,58.8,2.));
#4438=CARTESIAN_POINT('Origin',(91.8,58.8,2.));
#4439=CARTESIAN_POINT('',(87.8,63.8,2.));
#4440=CARTESIAN_POINT('Origin',(87.8,58.8,2.));
#4441=CARTESIAN_POINT('',(87.8,62.8,3.));
#4442=CARTESIAN_POINT('Origin',(87.8,62.8,2.));
#4443=CARTESIAN_POINT('Origin',(87.8,58.8,3.));
#4444=CARTESIAN_POINT('Origin',(65.35,62.8,2.));
#4445=CARTESIAN_POINT('',(-2.,63.8,2.));
#4446=CARTESIAN_POINT('',(-2.,62.8,3.));
#4447=CARTESIAN_POINT('Origin',(-2.,62.8,2.));
#4448=CARTESIAN_POINT('',(65.35,62.8,3.));
#4449=CARTESIAN_POINT('',(65.35,63.8,2.));
#4450=CARTESIAN_POINT('Origin',(-2.,58.8,2.));
#4451=CARTESIAN_POINT('',(-7.,58.8,2.));
#4452=CARTESIAN_POINT('',(-6.,58.8,3.));
#4453=CARTESIAN_POINT('Origin',(-6.,58.8,2.));
#4454=CARTESIAN_POINT('Origin',(-2.,58.8,3.));
#4455=CARTESIAN_POINT('Origin',(-2.,58.8,2.));
#4456=CARTESIAN_POINT('Origin',(-6.,43.6,2.));
#4457=CARTESIAN_POINT('',(-7.,-2.00000000000001,2.));
#4458=CARTESIAN_POINT('',(-6.,-2.00000000000001,3.));
#4459=CARTESIAN_POINT('Origin',(-6.,-2.00000000000001,2.));
#4460=CARTESIAN_POINT('',(-6.,43.6,3.));
#4461=CARTESIAN_POINT('',(-7.,43.6,2.));
#4462=CARTESIAN_POINT('Origin',(-2.00000000000001,-2.00000000000001,2.));
#4463=CARTESIAN_POINT('',(-2.00000000000001,-7.,2.));
#4464=CARTESIAN_POINT('',(-2.00000000000001,-6.,3.));
#4465=CARTESIAN_POINT('Origin',(-2.00000000000001,-6.,2.));
#4466=CARTESIAN_POINT('Origin',(-2.00000000000001,-2.00000000000001,3.));
#4467=CARTESIAN_POINT('Origin',(-2.00000000000001,-2.00000000000001,2.));
#4468=CARTESIAN_POINT('Origin',(20.45,-6.,2.));
#4469=CARTESIAN_POINT('',(87.8,-7.,2.));
#4470=CARTESIAN_POINT('',(87.8,-6.,3.));
#4471=CARTESIAN_POINT('Origin',(87.8,-6.,2.));
#4472=CARTESIAN_POINT('',(20.45,-6.,3.));
#4473=CARTESIAN_POINT('',(20.45,-7.,2.));
#4474=CARTESIAN_POINT('Origin',(87.8,-1.99999999999998,2.));
#4475=CARTESIAN_POINT('',(92.8,-1.99999999999998,2.));
#4476=CARTESIAN_POINT('',(91.8,-1.99999999999998,3.));
#4477=CARTESIAN_POINT('Origin',(91.8,-1.99999999999998,2.));
#4478=CARTESIAN_POINT('Origin',(87.8,-1.99999999999998,3.));
#4479=CARTESIAN_POINT('Origin',(87.8,-1.99999999999998,2.));
#4480=CARTESIAN_POINT('Origin',(91.8,13.2,2.));
#4481=CARTESIAN_POINT('',(91.8,13.2,3.));
#4482=CARTESIAN_POINT('',(92.8,13.2,2.));
#4483=CARTESIAN_POINT('Origin',(-7.,58.8,0.));
#4484=CARTESIAN_POINT('',(-7.,58.8,0.));
#4485=CARTESIAN_POINT('',(-7.,58.8,0.));
#4486=CARTESIAN_POINT('',(-7.,-2.00000000000001,0.));
#4487=CARTESIAN_POINT('',(-7.,-2.00000000000001,0.));
#4488=CARTESIAN_POINT('',(-7.,-2.00000000000001,0.));
#4489=CARTESIAN_POINT('Origin',(-2.,58.8,0.));
#4490=CARTESIAN_POINT('',(-2.,63.8,0.));
#4491=CARTESIAN_POINT('',(-2.,63.8,0.));
#4492=CARTESIAN_POINT('Origin',(-2.,58.8,0.));
#4493=CARTESIAN_POINT('Origin',(87.8,63.8,0.));
#4494=CARTESIAN_POINT('',(87.8,63.8,0.));
#4495=CARTESIAN_POINT('',(87.8,63.8,0.));
#4496=CARTESIAN_POINT('',(-2.,63.8,0.));
#4497=CARTESIAN_POINT('Origin',(87.8,58.8,0.));
#4498=CARTESIAN_POINT('',(92.8,58.8,0.));
#4499=CARTESIAN_POINT('',(92.8,58.8,0.));
#4500=CARTESIAN_POINT('Origin',(87.8,58.8,0.));
#4501=CARTESIAN_POINT('Origin',(42.9,28.4,3.));
#4502=CARTESIAN_POINT('',(82.4,35.6199999999999,3.));
#4503=CARTESIAN_POINT('',(82.4,4.57000000000002,3.));
#4504=CARTESIAN_POINT('',(82.4,3.57000000000002,3.));
#4505=CARTESIAN_POINT('',(81.4,3.57000000000002,3.));
#4506=CARTESIAN_POINT('Origin',(81.4,4.57000000000002,3.));
#4507=CARTESIAN_POINT('',(62.405,3.57000000000002,3.));
#4508=CARTESIAN_POINT('',(61.405,3.57000000000002,3.));
#4509=CARTESIAN_POINT('',(61.405,4.57000000000002,3.));
#4510=CARTESIAN_POINT('Origin',(62.405,4.57000000000002,3.));
#4511=CARTESIAN_POINT('',(61.405,35.6199999999999,3.));
#4512=CARTESIAN_POINT('',(61.405,36.6199999999999,3.));
#4513=CARTESIAN_POINT('',(62.405,36.6199999999999,3.));
#4514=CARTESIAN_POINT('Origin',(62.405,35.6199999999999,3.));
#4515=CARTESIAN_POINT('',(81.4,36.6199999999999,3.));
#4516=CARTESIAN_POINT('',(82.4,36.6199999999999,3.));
#4517=CARTESIAN_POINT('Origin',(81.4,35.6199999999999,3.));
#4518=CARTESIAN_POINT('',(4.61000000000022,23.1199999999999,3.));
#4519=CARTESIAN_POINT('',(4.61000000000022,36.1199999999999,3.));
#4520=CARTESIAN_POINT('',(4.61000000000022,36.1199999999999,3.));
#4521=CARTESIAN_POINT('',(5.11000000000022,36.6199999999999,3.));
#4522=CARTESIAN_POINT('Origin',(5.11000000000021,36.1199999999999,3.));
#4523=CARTESIAN_POINT('',(18.1100000000001,36.6199999999999,3.));
#4524=CARTESIAN_POINT('',(5.11000000000021,36.6199999999999,3.));
#4525=CARTESIAN_POINT('',(18.6100000000001,36.1199999999999,3.));
#4526=CARTESIAN_POINT('Origin',(18.1100000000001,36.1199999999999,3.));
#4527=CARTESIAN_POINT('',(18.6100000000001,23.1199999999999,3.));
#4528=CARTESIAN_POINT('',(18.6100000000001,36.1199999999999,3.));
#4529=CARTESIAN_POINT('',(18.1100000000001,22.6199999999999,3.));
#4530=CARTESIAN_POINT('Origin',(18.1100000000001,23.1199999999999,3.));
#4531=CARTESIAN_POINT('',(5.11000000000022,22.6199999999999,3.));
#4532=CARTESIAN_POINT('',(5.11000000000021,22.6199999999999,3.));
#4533=CARTESIAN_POINT('Origin',(5.11000000000021,23.1199999999999,3.));
#4534=CARTESIAN_POINT('',(4.61000000000022,17.0699999999999,3.));
#4535=CARTESIAN_POINT('',(5.11000000000022,17.57,3.));
#4536=CARTESIAN_POINT('Origin',(5.11000000000021,17.07,3.));
#4537=CARTESIAN_POINT('',(18.1100000000001,17.57,3.));
#4538=CARTESIAN_POINT('',(5.11000000000021,17.5699999999999,3.));
#4539=CARTESIAN_POINT('',(18.6100000000001,17.07,3.));
#4540=CARTESIAN_POINT('Origin',(18.1100000000001,17.07,3.));
#4541=CARTESIAN_POINT('',(18.6100000000001,4.07000000000001,3.));
#4542=CARTESIAN_POINT('',(18.6100000000001,17.07,3.));
#4543=CARTESIAN_POINT('',(18.1100000000001,3.57,3.));
#4544=CARTESIAN_POINT('Origin',(18.1100000000001,4.07000000000001,3.));
#4545=CARTESIAN_POINT('',(5.11000000000022,3.57,3.));
#4546=CARTESIAN_POINT('',(5.11000000000021,3.57,3.));
#4547=CARTESIAN_POINT('',(4.61000000000022,4.07000000000001,3.));
#4548=CARTESIAN_POINT('Origin',(5.11000000000021,4.07,3.));
#4549=CARTESIAN_POINT('',(4.61000000000022,17.07,3.));
#4550=CARTESIAN_POINT('',(42.71,36.1199999999999,3.));
#4551=CARTESIAN_POINT('',(43.21,36.6199999999999,3.));
#4552=CARTESIAN_POINT('Origin',(43.21,36.1199999999999,3.));
#4553=CARTESIAN_POINT('',(56.21,36.6199999999999,3.));
#4554=CARTESIAN_POINT('',(43.21,36.6199999999999,3.));
#4555=CARTESIAN_POINT('',(56.71,36.1199999999999,3.));
#4556=CARTESIAN_POINT('Origin',(56.21,36.1199999999999,3.));
#4557=CARTESIAN_POINT('',(56.71,23.1199999999999,3.));
#4558=CARTESIAN_POINT('',(56.71,36.1199999999999,3.));
#4559=CARTESIAN_POINT('',(56.21,22.6199999999999,3.));
#4560=CARTESIAN_POINT('Origin',(56.21,23.1199999999999,3.));
#4561=CARTESIAN_POINT('',(43.2100000000001,22.6199999999999,3.));
#4562=CARTESIAN_POINT('',(43.2100000000001,22.6199999999999,3.));
#4563=CARTESIAN_POINT('',(42.71,23.1199999999999,3.));
#4564=CARTESIAN_POINT('Origin',(43.2100000000001,23.1199999999999,3.));
#4565=CARTESIAN_POINT('',(42.71,36.1199999999999,3.));
#4566=CARTESIAN_POINT('',(23.6600000000001,17.07,3.));
#4567=CARTESIAN_POINT('',(24.1600000000001,17.57,3.));
#4568=CARTESIAN_POINT('Origin',(24.1600000000001,17.07,3.));
#4569=CARTESIAN_POINT('',(37.1600000000001,17.57,3.));
#4570=CARTESIAN_POINT('',(24.1600000000001,17.57,3.));
#4571=CARTESIAN_POINT('',(37.6600000000001,17.07,3.));
#4572=CARTESIAN_POINT('Origin',(37.1600000000001,17.07,3.));
#4573=CARTESIAN_POINT('',(37.6600000000001,4.07000000000001,3.));
#4574=CARTESIAN_POINT('',(37.6600000000001,17.07,3.));
#4575=CARTESIAN_POINT('',(37.1600000000001,3.57000000000001,3.));
#4576=CARTESIAN_POINT('Origin',(37.1600000000001,4.07000000000001,3.));
#4577=CARTESIAN_POINT('',(24.1600000000001,3.57000000000001,3.));
#4578=CARTESIAN_POINT('',(24.1600000000001,3.57000000000001,3.));
#4579=CARTESIAN_POINT('',(23.6600000000001,4.07000000000001,3.));
#4580=CARTESIAN_POINT('Origin',(24.1600000000001,4.07000000000001,3.));
#4581=CARTESIAN_POINT('',(23.6600000000001,17.07,3.));
#4582=CARTESIAN_POINT('',(42.71,4.07000000000001,3.));
#4583=CARTESIAN_POINT('',(42.7100000000001,17.07,3.));
#4584=CARTESIAN_POINT('',(42.71,17.07,3.));
#4585=CARTESIAN_POINT('',(43.2100000000001,17.57,3.));
#4586=CARTESIAN_POINT('Origin',(43.2100000000001,17.07,3.));
#4587=CARTESIAN_POINT('',(56.21,17.57,3.));
#4588=CARTESIAN_POINT('',(43.2100000000001,17.57,3.));
#4589=CARTESIAN_POINT('',(56.71,17.07,3.));
#4590=CARTESIAN_POINT('Origin',(56.21,17.07,3.));
#4591=CARTESIAN_POINT('',(56.71,4.07000000000001,3.));
#4592=CARTESIAN_POINT('',(56.71,17.07,3.));
#4593=CARTESIAN_POINT('',(56.21,3.57000000000001,3.));
#4594=CARTESIAN_POINT('Origin',(56.21,4.07000000000001,3.));
#4595=CARTESIAN_POINT('',(43.2100000000001,3.57000000000001,3.));
#4596=CARTESIAN_POINT('',(43.2100000000001,3.57000000000001,3.));
#4597=CARTESIAN_POINT('Origin',(43.2100000000001,4.07000000000001,3.));
#4598=CARTESIAN_POINT('',(23.6600000000001,36.1199999999999,3.));
#4599=CARTESIAN_POINT('',(24.1600000000001,36.6199999999999,3.));
#4600=CARTESIAN_POINT('Origin',(24.1600000000001,36.1199999999999,3.));
#4601=CARTESIAN_POINT('',(37.1600000000001,36.6199999999999,3.));
#4602=CARTESIAN_POINT('',(24.1600000000001,36.6199999999999,3.));
#4603=CARTESIAN_POINT('',(37.6600000000001,36.1199999999999,3.));
#4604=CARTESIAN_POINT('Origin',(37.1600000000001,36.1199999999999,3.));
#4605=CARTESIAN_POINT('',(37.6600000000001,23.1199999999999,3.));
#4606=CARTESIAN_POINT('',(37.6600000000001,36.1199999999999,3.));
#4607=CARTESIAN_POINT('',(37.1600000000001,22.6199999999999,3.));
#4608=CARTESIAN_POINT('Origin',(37.1600000000001,23.1199999999999,3.));
#4609=CARTESIAN_POINT('',(24.1600000000001,22.6199999999999,3.));
#4610=CARTESIAN_POINT('',(24.1600000000001,22.6199999999999,3.));
#4611=CARTESIAN_POINT('',(23.6600000000001,23.1199999999999,3.));
#4612=CARTESIAN_POINT('Origin',(24.1600000000001,23.1199999999999,3.));
#4613=CARTESIAN_POINT('',(23.6600000000001,36.1199999999999,3.));
#4614=CARTESIAN_POINT('',(4.61000000000022,42.8,3.));
#4615=CARTESIAN_POINT('',(4.61000000000022,53.8,3.));
#4616=CARTESIAN_POINT('',(4.61000000000022,54.8,3.));
#4617=CARTESIAN_POINT('',(5.61000000000022,54.8,3.));
#4618=CARTESIAN_POINT('Origin',(5.61000000000022,53.8,3.));
#4619=CARTESIAN_POINT('',(39.6100000000002,54.8,3.));
#4620=CARTESIAN_POINT('',(40.6100000000002,54.8,3.));
#4621=CARTESIAN_POINT('',(40.6100000000002,53.8,3.));
#4622=CARTESIAN_POINT('Origin',(39.6100000000002,53.8,3.));
#4623=CARTESIAN_POINT('',(40.6100000000002,42.8,3.));
#4624=CARTESIAN_POINT('',(40.6100000000002,41.8,3.));
#4625=CARTESIAN_POINT('',(39.6100000000002,41.8,3.));
#4626=CARTESIAN_POINT('Origin',(39.6100000000002,42.8,3.));
#4627=CARTESIAN_POINT('',(5.61000000000022,41.8,3.));
#4628=CARTESIAN_POINT('',(4.61000000000022,41.8,3.));
#4629=CARTESIAN_POINT('Origin',(5.61000000000022,42.8,3.));
#4630=CARTESIAN_POINT('Origin',(62.405,35.6199999999999,0.));
#4631=CARTESIAN_POINT('',(61.405,35.6199999999999,0.));
#4632=CARTESIAN_POINT('',(62.405,36.6199999999999,0.));
#4633=CARTESIAN_POINT('Origin',(62.405,35.6199999999999,0.));
#4634=CARTESIAN_POINT('',(62.405,36.6199999999999,0.));
#4635=CARTESIAN_POINT('',(61.405,35.6199999999999,0.));
#4636=CARTESIAN_POINT('Origin',(61.405,36.6199999999999,0.));
#4637=CARTESIAN_POINT('',(81.4,36.6199999999999,0.));
#4638=CARTESIAN_POINT('',(82.4,36.6199999999999,0.));
#4639=CARTESIAN_POINT('',(81.4,36.6199999999999,0.));
#4640=CARTESIAN_POINT('Origin',(62.405,4.57000000000002,0.));
#4641=CARTESIAN_POINT('',(62.405,3.57000000000002,0.));
#4642=CARTESIAN_POINT('',(61.405,4.57000000000002,0.));
#4643=CARTESIAN_POINT('Origin',(62.405,4.57000000000002,0.));
#4644=CARTESIAN_POINT('',(61.405,4.57000000000002,0.));
#4645=CARTESIAN_POINT('',(62.405,3.57000000000002,0.));
#4646=CARTESIAN_POINT('Origin',(61.405,3.57000000000002,0.));
#4647=CARTESIAN_POINT('',(61.405,36.6199999999999,0.));
#4648=CARTESIAN_POINT('Origin',(81.4,4.57000000000002,0.));
#4649=CARTESIAN_POINT('',(82.4,4.57000000000002,0.));
#4650=CARTESIAN_POINT('',(81.4,3.57000000000002,0.));
#4651=CARTESIAN_POINT('Origin',(81.4,4.57000000000002,0.));
#4652=CARTESIAN_POINT('',(81.4,3.57000000000002,0.));
#4653=CARTESIAN_POINT('',(82.4,4.57000000000002,0.));
#4654=CARTESIAN_POINT('Origin',(82.4,3.57000000000002,0.));
#4655=CARTESIAN_POINT('',(61.405,3.57000000000002,0.));
#4656=CARTESIAN_POINT('Origin',(81.4,35.6199999999999,0.));
#4657=CARTESIAN_POINT('',(82.4,35.6199999999999,0.));
#4658=CARTESIAN_POINT('Origin',(81.4,35.6199999999999,0.));
#4659=CARTESIAN_POINT('',(82.4,35.6199999999999,0.));
#4660=CARTESIAN_POINT('Origin',(82.4,36.6199999999999,0.));
#4661=CARTESIAN_POINT('',(82.4,3.57000000000002,0.));
#4662=CARTESIAN_POINT('Origin',(5.61000000000022,42.8,0.));
#4663=CARTESIAN_POINT('',(5.61000000000022,41.8,0.));
#4664=CARTESIAN_POINT('',(4.61000000000022,42.8,0.));
#4665=CARTESIAN_POINT('Origin',(5.61000000000022,42.8,0.));
#4666=CARTESIAN_POINT('',(4.61000000000022,42.8,0.));
#4667=CARTESIAN_POINT('',(5.61000000000022,41.8,0.));
#4668=CARTESIAN_POINT('Origin',(4.61000000000022,41.8,0.));
#4669=CARTESIAN_POINT('',(4.61000000000022,53.8,0.));
#4670=CARTESIAN_POINT('',(4.61000000000022,54.8,0.));
#4671=CARTESIAN_POINT('',(4.61000000000022,53.8,0.));
#4672=CARTESIAN_POINT('Origin',(39.6100000000002,42.8,0.));
#4673=CARTESIAN_POINT('',(40.6100000000002,42.8,0.));
#4674=CARTESIAN_POINT('',(39.6100000000002,41.8,0.));
#4675=CARTESIAN_POINT('Origin',(39.6100000000002,42.8,0.));
#4676=CARTESIAN_POINT('',(39.6100000000002,41.8,0.));
#4677=CARTESIAN_POINT('',(40.6100000000002,42.8,0.));
#4678=CARTESIAN_POINT('Origin',(40.6100000000002,41.8,0.));
#4679=CARTESIAN_POINT('',(4.61000000000022,41.8,0.));
#4680=CARTESIAN_POINT('Origin',(39.6100000000002,53.8,0.));
#4681=CARTESIAN_POINT('',(39.6100000000002,54.8,0.));
#4682=CARTESIAN_POINT('',(40.6100000000002,53.8,0.));
#4683=CARTESIAN_POINT('Origin',(39.6100000000002,53.8,0.));
#4684=CARTESIAN_POINT('',(40.6100000000002,53.8,0.));
#4685=CARTESIAN_POINT('',(39.6100000000002,54.8,0.));
#4686=CARTESIAN_POINT('Origin',(40.6100000000002,54.8,0.));
#4687=CARTESIAN_POINT('',(40.6100000000002,41.8,0.));
#4688=CARTESIAN_POINT('Origin',(5.61000000000022,53.8,0.));
#4689=CARTESIAN_POINT('',(5.61000000000022,54.8,0.));
#4690=CARTESIAN_POINT('Origin',(5.61000000000022,53.8,0.));
#4691=CARTESIAN_POINT('',(5.61000000000022,54.8,0.));
#4692=CARTESIAN_POINT('Origin',(4.61000000000022,54.8,0.));
#4693=CARTESIAN_POINT('',(40.6100000000002,54.8,0.));
#4694=CARTESIAN_POINT('Origin',(5.11000000000021,23.1199999999999,0.));
#4695=CARTESIAN_POINT('',(5.11000000000021,22.6199999999999,0.));
#4696=CARTESIAN_POINT('',(4.61000000000022,23.1199999999999,0.));
#4697=CARTESIAN_POINT('Origin',(5.11000000000021,23.1199999999999,0.));
#4698=CARTESIAN_POINT('',(4.61000000000022,23.1199999999999,0.));
#4699=CARTESIAN_POINT('',(5.11000000000021,22.6199999999999,0.));
#4700=CARTESIAN_POINT('Origin',(18.1100000000001,22.6199999999999,0.));
#4701=CARTESIAN_POINT('',(18.1100000000001,22.6199999999999,0.));
#4702=CARTESIAN_POINT('',(5.11000000000021,22.6199999999999,0.));
#4703=CARTESIAN_POINT('',(18.1100000000001,22.6199999999999,0.));
#4704=CARTESIAN_POINT('Origin',(18.1100000000001,23.1199999999999,0.));
#4705=CARTESIAN_POINT('',(18.6100000000001,23.1199999999999,0.));
#4706=CARTESIAN_POINT('Origin',(18.1100000000001,23.1199999999999,0.));
#4707=CARTESIAN_POINT('',(18.6100000000001,23.1199999999999,0.));
#4708=CARTESIAN_POINT('Origin',(18.6100000000001,36.1199999999999,0.));
#4709=CARTESIAN_POINT('',(18.6100000000001,36.1199999999999,0.));
#4710=CARTESIAN_POINT('',(18.6100000000001,36.1199999999999,0.));
#4711=CARTESIAN_POINT('',(18.6100000000001,36.1199999999999,0.));
#4712=CARTESIAN_POINT('Origin',(18.1100000000001,36.1199999999999,0.));
#4713=CARTESIAN_POINT('',(18.1100000000001,36.6199999999999,0.));
#4714=CARTESIAN_POINT('Origin',(18.1100000000001,36.1199999999999,0.));
#4715=CARTESIAN_POINT('',(18.1100000000001,36.6199999999999,0.));
#4716=CARTESIAN_POINT('Origin',(5.11000000000021,36.6199999999999,0.));
#4717=CARTESIAN_POINT('',(5.11000000000021,36.6199999999999,0.));
#4718=CARTESIAN_POINT('',(5.11000000000021,36.6199999999999,0.));
#4719=CARTESIAN_POINT('',(5.11000000000021,36.6199999999999,0.));
#4720=CARTESIAN_POINT('Origin',(5.11000000000021,36.1199999999999,0.));
#4721=CARTESIAN_POINT('',(4.61000000000022,36.1199999999999,0.));
#4722=CARTESIAN_POINT('Origin',(5.11000000000021,36.1199999999999,0.));
#4723=CARTESIAN_POINT('',(4.61000000000022,36.1199999999999,0.));
#4724=CARTESIAN_POINT('Origin',(4.61000000000022,23.1199999999999,0.));
#4725=CARTESIAN_POINT('',(4.61000000000022,36.1199999999999,0.));
#4726=CARTESIAN_POINT('Origin',(4.61000000000022,4.07,0.));
#4727=CARTESIAN_POINT('',(4.61000000000022,4.07,0.));
#4728=CARTESIAN_POINT('',(4.61000000000022,17.07,0.));
#4729=CARTESIAN_POINT('',(4.61000000000022,17.07,0.));
#4730=CARTESIAN_POINT('',(4.61000000000022,17.07,0.));
#4731=CARTESIAN_POINT('',(4.61000000000022,4.07,0.));
#4732=CARTESIAN_POINT('Origin',(5.11000000000021,4.07,0.));
#4733=CARTESIAN_POINT('',(5.11000000000021,3.57,0.));
#4734=CARTESIAN_POINT('Origin',(5.11000000000021,4.07,0.));
#4735=CARTESIAN_POINT('',(5.11000000000021,3.57,0.));
#4736=CARTESIAN_POINT('Origin',(18.1100000000001,3.57000000000001,0.));
#4737=CARTESIAN_POINT('',(18.1100000000001,3.57000000000001,0.));
#4738=CARTESIAN_POINT('',(5.11000000000021,3.57,0.));
#4739=CARTESIAN_POINT('',(18.1100000000001,3.57000000000001,0.));
#4740=CARTESIAN_POINT('Origin',(18.1100000000001,4.07000000000001,0.));
#4741=CARTESIAN_POINT('',(18.6100000000002,4.07000000000001,0.));
#4742=CARTESIAN_POINT('Origin',(18.1100000000001,4.07000000000001,0.));
#4743=CARTESIAN_POINT('',(18.6100000000002,4.07000000000001,0.));
#4744=CARTESIAN_POINT('Origin',(18.6100000000001,17.07,0.));
#4745=CARTESIAN_POINT('',(18.6100000000001,17.07,0.));
#4746=CARTESIAN_POINT('',(18.6100000000001,17.07,0.));
#4747=CARTESIAN_POINT('',(18.6100000000001,17.07,0.));
#4748=CARTESIAN_POINT('Origin',(18.1100000000001,17.07,0.));
#4749=CARTESIAN_POINT('',(18.1100000000001,17.57,0.));
#4750=CARTESIAN_POINT('Origin',(18.1100000000001,17.07,0.));
#4751=CARTESIAN_POINT('',(18.1100000000001,17.57,0.));
#4752=CARTESIAN_POINT('Origin',(5.11000000000021,17.5699999999999,0.));
#4753=CARTESIAN_POINT('',(5.11000000000021,17.5699999999999,0.));
#4754=CARTESIAN_POINT('',(5.11000000000021,17.5699999999999,0.));
#4755=CARTESIAN_POINT('',(5.11000000000021,17.5699999999999,0.));
#4756=CARTESIAN_POINT('Origin',(5.11000000000021,17.07,0.));
#4757=CARTESIAN_POINT('Origin',(5.11000000000021,17.07,0.));
#4758=CARTESIAN_POINT('Origin',(42.71,23.1199999999999,0.));
#4759=CARTESIAN_POINT('',(42.71,23.1199999999999,0.));
#4760=CARTESIAN_POINT('',(42.71,36.1199999999999,0.));
#4761=CARTESIAN_POINT('',(42.71,36.1199999999999,0.));
#4762=CARTESIAN_POINT('',(42.71,36.1199999999999,0.));
#4763=CARTESIAN_POINT('',(42.71,23.1199999999999,0.));
#4764=CARTESIAN_POINT('Origin',(43.2100000000001,23.1199999999999,0.));
#4765=CARTESIAN_POINT('',(43.2100000000001,22.6199999999999,0.));
#4766=CARTESIAN_POINT('Origin',(43.2100000000001,23.1199999999999,0.));
#4767=CARTESIAN_POINT('',(43.2100000000001,22.6199999999999,0.));
#4768=CARTESIAN_POINT('Origin',(56.21,22.6199999999999,0.));
#4769=CARTESIAN_POINT('',(56.21,22.6199999999999,0.));
#4770=CARTESIAN_POINT('',(43.2100000000001,22.6199999999999,0.));
#4771=CARTESIAN_POINT('',(56.21,22.6199999999999,0.));
#4772=CARTESIAN_POINT('Origin',(56.21,23.1199999999999,0.));
#4773=CARTESIAN_POINT('',(56.71,23.1199999999999,0.));
#4774=CARTESIAN_POINT('Origin',(56.21,23.1199999999999,0.));
#4775=CARTESIAN_POINT('',(56.71,23.1199999999999,0.));
#4776=CARTESIAN_POINT('Origin',(56.71,36.1199999999999,0.));
#4777=CARTESIAN_POINT('',(56.71,36.1199999999999,0.));
#4778=CARTESIAN_POINT('',(56.71,36.1199999999999,0.));
#4779=CARTESIAN_POINT('',(56.71,36.1199999999999,0.));
#4780=CARTESIAN_POINT('Origin',(56.21,36.1199999999999,0.));
#4781=CARTESIAN_POINT('',(56.21,36.6199999999999,0.));
#4782=CARTESIAN_POINT('Origin',(56.21,36.1199999999999,0.));
#4783=CARTESIAN_POINT('',(56.21,36.6199999999999,0.));
#4784=CARTESIAN_POINT('Origin',(43.21,36.6199999999999,0.));
#4785=CARTESIAN_POINT('',(43.21,36.6199999999999,0.));
#4786=CARTESIAN_POINT('',(43.21,36.6199999999999,0.));
#4787=CARTESIAN_POINT('',(43.21,36.6199999999999,0.));
#4788=CARTESIAN_POINT('Origin',(43.21,36.1199999999999,0.));
#4789=CARTESIAN_POINT('Origin',(43.21,36.1199999999999,0.));
#4790=CARTESIAN_POINT('Origin',(23.6600000000001,4.07000000000001,0.));
#4791=CARTESIAN_POINT('',(23.6600000000001,4.07000000000001,0.));
#4792=CARTESIAN_POINT('',(23.6600000000001,17.07,0.));
#4793=CARTESIAN_POINT('',(23.6600000000001,17.07,0.));
#4794=CARTESIAN_POINT('',(23.6600000000001,17.07,0.));
#4795=CARTESIAN_POINT('',(23.6600000000001,4.07000000000001,0.));
#4796=CARTESIAN_POINT('Origin',(24.1600000000001,4.07000000000001,0.));
#4797=CARTESIAN_POINT('',(24.1600000000001,3.57000000000001,0.));
#4798=CARTESIAN_POINT('Origin',(24.1600000000001,4.07000000000001,0.));
#4799=CARTESIAN_POINT('',(24.1600000000001,3.57000000000001,0.));
#4800=CARTESIAN_POINT('Origin',(37.1600000000001,3.57000000000001,0.));
#4801=CARTESIAN_POINT('',(37.1600000000001,3.57000000000001,0.));
#4802=CARTESIAN_POINT('',(24.1600000000001,3.57000000000001,0.));
#4803=CARTESIAN_POINT('',(37.1600000000001,3.57000000000001,0.));
#4804=CARTESIAN_POINT('Origin',(37.1600000000001,4.07000000000001,0.));
#4805=CARTESIAN_POINT('',(37.6600000000001,4.07000000000001,0.));
#4806=CARTESIAN_POINT('Origin',(37.1600000000001,4.07000000000001,0.));
#4807=CARTESIAN_POINT('',(37.6600000000001,4.07000000000001,0.));
#4808=CARTESIAN_POINT('Origin',(37.6600000000001,17.07,0.));
#4809=CARTESIAN_POINT('',(37.6600000000001,17.07,0.));
#4810=CARTESIAN_POINT('',(37.6600000000001,17.07,0.));
#4811=CARTESIAN_POINT('',(37.6600000000001,17.07,0.));
#4812=CARTESIAN_POINT('Origin',(37.1600000000001,17.07,0.));
#4813=CARTESIAN_POINT('',(37.1600000000001,17.57,0.));
#4814=CARTESIAN_POINT('Origin',(37.1600000000001,17.07,0.));
#4815=CARTESIAN_POINT('',(37.1600000000001,17.57,0.));
#4816=CARTESIAN_POINT('Origin',(24.1600000000001,17.57,0.));
#4817=CARTESIAN_POINT('',(24.1600000000001,17.57,0.));
#4818=CARTESIAN_POINT('',(24.1600000000001,17.57,0.));
#4819=CARTESIAN_POINT('',(24.1600000000001,17.57,0.));
#4820=CARTESIAN_POINT('Origin',(24.1600000000001,17.07,0.));
#4821=CARTESIAN_POINT('Origin',(24.1600000000001,17.07,0.));
#4822=CARTESIAN_POINT('Origin',(43.2100000000001,4.07000000000001,0.));
#4823=CARTESIAN_POINT('',(43.2100000000001,3.57000000000001,0.));
#4824=CARTESIAN_POINT('',(42.71,4.07000000000001,0.));
#4825=CARTESIAN_POINT('Origin',(43.2100000000001,4.07000000000001,0.));
#4826=CARTESIAN_POINT('',(42.71,4.07000000000001,0.));
#4827=CARTESIAN_POINT('',(43.2100000000001,3.57000000000001,0.));
#4828=CARTESIAN_POINT('Origin',(56.21,3.57000000000001,0.));
#4829=CARTESIAN_POINT('',(56.21,3.57000000000001,0.));
#4830=CARTESIAN_POINT('',(43.2100000000001,3.57000000000001,0.));
#4831=CARTESIAN_POINT('',(56.21,3.57000000000001,0.));
#4832=CARTESIAN_POINT('Origin',(56.21,4.07000000000001,0.));
#4833=CARTESIAN_POINT('',(56.71,4.07000000000001,0.));
#4834=CARTESIAN_POINT('Origin',(56.21,4.07000000000001,0.));
#4835=CARTESIAN_POINT('',(56.71,4.07000000000001,0.));
#4836=CARTESIAN_POINT('Origin',(56.71,17.07,0.));
#4837=CARTESIAN_POINT('',(56.71,17.07,0.));
#4838=CARTESIAN_POINT('',(56.71,17.07,0.));
#4839=CARTESIAN_POINT('',(56.71,17.07,0.));
#4840=CARTESIAN_POINT('Origin',(56.21,17.07,0.));
#4841=CARTESIAN_POINT('',(56.21,17.57,0.));
#4842=CARTESIAN_POINT('Origin',(56.21,17.07,0.));
#4843=CARTESIAN_POINT('',(56.21,17.57,0.));
#4844=CARTESIAN_POINT('Origin',(43.2100000000001,17.57,0.));
#4845=CARTESIAN_POINT('',(43.2100000000001,17.57,0.));
#4846=CARTESIAN_POINT('',(43.2100000000001,17.57,0.));
#4847=CARTESIAN_POINT('',(43.2100000000001,17.57,0.));
#4848=CARTESIAN_POINT('Origin',(43.2100000000001,17.07,0.));
#4849=CARTESIAN_POINT('',(42.7100000000001,17.07,0.));
#4850=CARTESIAN_POINT('Origin',(43.2100000000001,17.07,0.));
#4851=CARTESIAN_POINT('',(42.7100000000001,17.07,0.));
#4852=CARTESIAN_POINT('Origin',(42.71,4.07000000000001,0.));
#4853=CARTESIAN_POINT('',(42.71,17.07,0.));
#4854=CARTESIAN_POINT('Origin',(23.6600000000001,23.1199999999999,0.));
#4855=CARTESIAN_POINT('',(23.6600000000001,23.1199999999999,0.));
#4856=CARTESIAN_POINT('',(23.6600000000001,36.1199999999999,0.));
#4857=CARTESIAN_POINT('',(23.6600000000001,36.1199999999999,0.));
#4858=CARTESIAN_POINT('',(23.6600000000001,36.1199999999999,0.));
#4859=CARTESIAN_POINT('',(23.6600000000001,23.1199999999999,0.));
#4860=CARTESIAN_POINT('Origin',(24.1600000000001,23.1199999999999,0.));
#4861=CARTESIAN_POINT('',(24.1600000000001,22.6199999999999,0.));
#4862=CARTESIAN_POINT('Origin',(24.1600000000001,23.1199999999999,0.));
#4863=CARTESIAN_POINT('',(24.1600000000001,22.6199999999999,0.));
#4864=CARTESIAN_POINT('Origin',(37.1600000000001,22.6199999999999,0.));
#4865=CARTESIAN_POINT('',(37.1600000000001,22.6199999999999,0.));
#4866=CARTESIAN_POINT('',(24.1600000000001,22.6199999999999,0.));
#4867=CARTESIAN_POINT('',(37.1600000000001,22.6199999999999,0.));
#4868=CARTESIAN_POINT('Origin',(37.1600000000001,23.1199999999999,0.));
#4869=CARTESIAN_POINT('',(37.6600000000001,23.1199999999999,0.));
#4870=CARTESIAN_POINT('Origin',(37.1600000000001,23.1199999999999,0.));
#4871=CARTESIAN_POINT('',(37.6600000000001,23.1199999999999,0.));
#4872=CARTESIAN_POINT('Origin',(37.6600000000001,36.1199999999999,0.));
#4873=CARTESIAN_POINT('',(37.6600000000001,36.1199999999999,0.));
#4874=CARTESIAN_POINT('',(37.6600000000001,36.1199999999999,0.));
#4875=CARTESIAN_POINT('',(37.6600000000001,36.1199999999999,0.));
#4876=CARTESIAN_POINT('Origin',(37.1600000000001,36.1199999999999,0.));
#4877=CARTESIAN_POINT('',(37.1600000000001,36.6199999999999,0.));
#4878=CARTESIAN_POINT('Origin',(37.1600000000001,36.1199999999999,0.));
#4879=CARTESIAN_POINT('',(37.1600000000001,36.6199999999999,0.));
#4880=CARTESIAN_POINT('Origin',(24.1600000000001,36.6199999999999,0.));
#4881=CARTESIAN_POINT('',(24.1600000000001,36.6199999999999,0.));
#4882=CARTESIAN_POINT('',(24.1600000000001,36.6199999999999,0.));
#4883=CARTESIAN_POINT('',(24.1600000000001,36.6199999999999,0.));
#4884=CARTESIAN_POINT('Origin',(24.1600000000001,36.1199999999999,0.));
#4885=CARTESIAN_POINT('Origin',(24.1600000000001,36.1199999999999,0.));
#4886=CARTESIAN_POINT('Origin',(92.8,-1.99999999999998,0.));
#4887=CARTESIAN_POINT('',(92.8,-1.99999999999998,0.));
#4888=CARTESIAN_POINT('',(92.8,-1.99999999999998,0.));
#4889=CARTESIAN_POINT('',(92.8,58.8,0.));
#4890=CARTESIAN_POINT('Origin',(87.8,-1.99999999999998,0.));
#4891=CARTESIAN_POINT('',(87.8,-7.,0.));
#4892=CARTESIAN_POINT('',(87.8,-7.,0.));
#4893=CARTESIAN_POINT('Origin',(87.8,-1.99999999999998,0.));
#4894=CARTESIAN_POINT('Origin',(-2.00000000000001,-7.,0.));
#4895=CARTESIAN_POINT('',(-2.00000000000001,-7.,0.));
#4896=CARTESIAN_POINT('',(-2.00000000000001,-7.,0.));
#4897=CARTESIAN_POINT('',(87.8,-7.,0.));
#4898=CARTESIAN_POINT('Origin',(-2.00000000000001,-2.00000000000001,0.));
#4899=CARTESIAN_POINT('Origin',(-2.00000000000001,-2.00000000000001,0.));
#4900=CARTESIAN_POINT('Origin',(42.9,28.4,0.));
#4901=CARTESIAN_POINT('',(0.,0.,0.));
#4902=CARTESIAN_POINT('',(85.7921631165777,56.8214229390917,13.));
#4903=UNCERTAINTY_MEASURE_WITH_UNIT(LENGTH_MEASURE(0.01),#4911,
'DISTANCE_ACCURACY_VALUE',
'Maximum model space distance between geometric entities at asserted c
onnectivities');
#4904=UNCERTAINTY_MEASURE_WITH_UNIT(LENGTH_MEASURE(0.01),#4911,
'DISTANCE_ACCURACY_VALUE',
'Maximum model space distance between geometric entities at asserted c
onnectivities');
#4905=UNCERTAINTY_MEASURE_WITH_UNIT(LENGTH_MEASURE(0.01),#4911,
'DISTANCE_ACCURACY_VALUE',
'Maximum model space distance between geometric entities at asserted c
onnectivities');
#4906=UNCERTAINTY_MEASURE_WITH_UNIT(LENGTH_MEASURE(0.01),#4911,
'DISTANCE_ACCURACY_VALUE',
'Maximum model space distance between geometric entities at asserted c
onnectivities');
#4907=(
GEOMETRIC_REPRESENTATION_CONTEXT(3)
GLOBAL_UNCERTAINTY_ASSIGNED_CONTEXT((#4903))
GLOBAL_UNIT_ASSIGNED_CONTEXT((#4911,#4913,#4914))
REPRESENTATION_CONTEXT('','3D')
);
#4908=(
GEOMETRIC_REPRESENTATION_CONTEXT(3)
GLOBAL_UNCERTAINTY_ASSIGNED_CONTEXT((#4904))
GLOBAL_UNIT_ASSIGNED_CONTEXT((#4911,#4913,#4914))
REPRESENTATION_CONTEXT('','3D')
);
#4909=(
GEOMETRIC_REPRESENTATION_CONTEXT(3)
GLOBAL_UNCERTAINTY_ASSIGNED_CONTEXT((#4905))
GLOBAL_UNIT_ASSIGNED_CONTEXT((#4911,#4913,#4914))
REPRESENTATION_CONTEXT('','3D')
);
#4910=(
GEOMETRIC_REPRESENTATION_CONTEXT(3)
GLOBAL_UNCERTAINTY_ASSIGNED_CONTEXT((#4906))
GLOBAL_UNIT_ASSIGNED_CONTEXT((#4911,#4913,#4914))
REPRESENTATION_CONTEXT('','3D')
);
#4911=(
LENGTH_UNIT()
NAMED_UNIT(*)
SI_UNIT(.MILLI.,.METRE.)
);
#4912=(
LENGTH_UNIT()
NAMED_UNIT(*)
SI_UNIT($,.METRE.)
);
#4913=(
NAMED_UNIT(*)
PLANE_ANGLE_UNIT()
SI_UNIT($,.RADIAN.)
);
#4914=(
NAMED_UNIT(*)
SI_UNIT($,.STERADIAN.)
SOLID_ANGLE_UNIT()
);
#4915=SHAPE_DEFINITION_REPRESENTATION(#4918,#4923);
#4916=SHAPE_DEFINITION_REPRESENTATION(#4919,#4924);
#4917=SHAPE_DEFINITION_REPRESENTATION(#4920,#4925);
#4918=PRODUCT_DEFINITION_SHAPE('',$,#4927);
#4919=PRODUCT_DEFINITION_SHAPE('',$,#4928);
#4920=PRODUCT_DEFINITION_SHAPE('',$,#4929);
#4921=PRODUCT_DEFINITION_SHAPE($,$,#17);
#4922=PRODUCT_DEFINITION_SHAPE($,$,#18);
#4923=SHAPE_REPRESENTATION('',(#2867,#3183,#3184),#4907);
#4924=SHAPE_REPRESENTATION('',(#2868),#4908);
#4925=SHAPE_REPRESENTATION('',(#3004),#4909);
#4926=PRODUCT_DEFINITION_CONTEXT('part definition',#4937,'design');
#4927=PRODUCT_DEFINITION('2026-06-05-00-10-59-705','hydropad_assembly',
#4930,#4926);
#4928=PRODUCT_DEFINITION('2026-06-03-18-23-16-218','hydropad_top',#4931,
#4926);
#4929=PRODUCT_DEFINITION('2026-06-03-18-55-10-814','hydropad_top',#4932,
#4926);
#4930=PRODUCT_DEFINITION_FORMATION('',$,#4939);
#4931=PRODUCT_DEFINITION_FORMATION('',$,#4940);
#4932=PRODUCT_DEFINITION_FORMATION('',$,#4941);
#4933=PRODUCT_RELATED_PRODUCT_CATEGORY('hydropad_assembly',
'hydropad_assembly',(#4939));
#4934=PRODUCT_RELATED_PRODUCT_CATEGORY('hydropad_top','hydropad_top',(#4940));
#4935=PRODUCT_RELATED_PRODUCT_CATEGORY('hydropad_top','hydropad_top',(#4941));
#4936=APPLICATION_PROTOCOL_DEFINITION('international standard',
'automotive_design',2009,#4937);
#4937=APPLICATION_CONTEXT(
'Core Data for Automotive Mechanical Design Process');
#4938=PRODUCT_CONTEXT('part definition',#4937,'mechanical');
#4939=PRODUCT('2026-06-05-00-10-59-705','hydropad_assembly',$,(#4938));
#4940=PRODUCT('2026-06-03-18-23-16-218','hydropad_top',$,(#4938));
#4941=PRODUCT('2026-06-03-18-55-10-814','hydropad_top',$,(#4938));
#4942=PRESENTATION_STYLE_ASSIGNMENT((#4943));
#4943=SURFACE_STYLE_USAGE(.BOTH.,#4944);
#4944=SURFACE_SIDE_STYLE('',(#4945));
#4945=SURFACE_STYLE_FILL_AREA(#4946);
#4946=FILL_AREA_STYLE('Steel - Satin',(#4947));
#4947=FILL_AREA_STYLE_COLOUR('Steel - Satin',#4948);
#4948=COLOUR_RGB('Steel - Satin',0.627450980392157,0.627450980392157,0.627450980392157);
ENDSEC;
END-ISO-10303-21;
