ISO-10303-21;
HEADER;
FILE_DESCRIPTION(('KiCad electronic assembly'),'2;1');
FILE_NAME('.step','2026-06-05T00:49:14',('Pcbnew'),('Kicad'),
  'Open CASCADE STEP processor 7.9','KiCad to STEP converter','Unknown'
  );
FILE_SCHEMA(('AUTOMOTIVE_DESIGN { 1 0 10303 214 1 1 1 1 }'));
ENDSEC;
DATA;
#1 = APPLICATION_PROTOCOL_DEFINITION('international standard',
  'automotive_design',2000,#2);
#2 = APPLICATION_CONTEXT(
  'core data for automotive mechanical design processes');
#3 = SHAPE_DEFINITION_REPRESENTATION(#4,#10);
#4 = PRODUCT_DEFINITION_SHAPE('','',#5);
#5 = PRODUCT_DEFINITION('design','',#6,#9);
#6 = PRODUCT_DEFINITION_FORMATION('','',#7);
#7 = PRODUCT('.step 1','.step 1','',(#8));
#8 = PRODUCT_CONTEXT('',#2,'mechanical');
#9 = PRODUCT_DEFINITION_CONTEXT('part definition',#2,'design');
#10 = SHAPE_REPRESENTATION('',(#11,#15,#19,#23,#27,#31,#35,#39,#43),#47
  );
#11 = AXIS2_PLACEMENT_3D('',#12,#13,#14);
#12 = CARTESIAN_POINT('',(0.,0.,0.));
#13 = DIRECTION('',(0.,0.,1.));
#14 = DIRECTION('',(1.,0.,-0.));
#15 = AXIS2_PLACEMENT_3D('',#16,#17,#18);
#16 = CARTESIAN_POINT('',(159.,-95.,1.595));
#17 = DIRECTION('',(-0.,0.,1.));
#18 = DIRECTION('',(1.110223024625E-16,-1.,0.));
#19 = AXIS2_PLACEMENT_3D('',#20,#21,#22);
#20 = CARTESIAN_POINT('',(143.,-95.,1.595));
#21 = DIRECTION('',(-0.,0.,1.));
#22 = DIRECTION('',(1.110223024625E-16,-1.,0.));
#23 = AXIS2_PLACEMENT_3D('',#24,#25,#26);
#24 = CARTESIAN_POINT('',(147.,-95.,1.595));
#25 = DIRECTION('',(-0.,0.,1.));
#26 = DIRECTION('',(1.110223024625E-16,-1.,0.));
#27 = AXIS2_PLACEMENT_3D('',#28,#29,#30);
#28 = CARTESIAN_POINT('',(163.,-95.,1.595));
#29 = DIRECTION('',(-0.,0.,1.));
#30 = DIRECTION('',(1.110223024625E-16,-1.,0.));
#31 = AXIS2_PLACEMENT_3D('',#32,#33,#34);
#32 = CARTESIAN_POINT('',(87.,-59.,1.595));
#33 = DIRECTION('',(0.,0.,1.));
#34 = DIRECTION('',(1.,0.,0.));
#35 = AXIS2_PLACEMENT_3D('',#36,#37,#38);
#36 = CARTESIAN_POINT('',(155.,-95.,1.595));
#37 = DIRECTION('',(-0.,0.,1.));
#38 = DIRECTION('',(1.110223024625E-16,-1.,0.));
#39 = AXIS2_PLACEMENT_3D('',#40,#41,#42);
#40 = CARTESIAN_POINT('',(151.,-95.,1.595));
#41 = DIRECTION('',(-0.,0.,1.));
#42 = DIRECTION('',(1.110223024625E-16,-1.,0.));
#43 = AXIS2_PLACEMENT_3D('',#44,#45,#46);
#44 = CARTESIAN_POINT('',(0.,0.,0.));
#45 = DIRECTION('',(0.,0.,1.));
#46 = DIRECTION('',(1.,0.,-0.));
#47 = ( GEOMETRIC_REPRESENTATION_CONTEXT(3) 
GLOBAL_UNCERTAINTY_ASSIGNED_CONTEXT((#51)) GLOBAL_UNIT_ASSIGNED_CONTEXT(
(#48,#49,#50)) REPRESENTATION_CONTEXT('Context #1',
  '3D Context with UNIT and UNCERTAINTY') );
#48 = ( LENGTH_UNIT() NAMED_UNIT(*) SI_UNIT(.MILLI.,.METRE.) );
#49 = ( NAMED_UNIT(*) PLANE_ANGLE_UNIT() SI_UNIT($,.RADIAN.) );
#50 = ( NAMED_UNIT(*) SI_UNIT($,.STERADIAN.) SOLID_ANGLE_UNIT() );
#51 = UNCERTAINTY_MEASURE_WITH_UNIT(LENGTH_MEASURE(1.E-07),#48,
  'distance_accuracy_value','confusion accuracy');
#52 = PRODUCT_RELATED_PRODUCT_CATEGORY('part',$,(#7));
#53 = SHAPE_DEFINITION_REPRESENTATION(#54,#60);
#54 = PRODUCT_DEFINITION_SHAPE('','',#55);
#55 = PRODUCT_DEFINITION('design','',#56,#59);
#56 = PRODUCT_DEFINITION_FORMATION('','',#57);
#57 = PRODUCT('D_DO-35_SOD27_P7.62mm_Horizontal',
  'D_DO-35_SOD27_P7.62mm_Horizontal','',(#58));
#58 = PRODUCT_CONTEXT('',#2,'mechanical');
#59 = PRODUCT_DEFINITION_CONTEXT('part definition',#2,'design');
#60 = SHAPE_REPRESENTATION('',(#11,#61),#65);
#61 = AXIS2_PLACEMENT_3D('',#62,#63,#64);
#62 = CARTESIAN_POINT('',(0.,0.,0.));
#63 = DIRECTION('',(0.,0.,1.));
#64 = DIRECTION('',(1.,0.,-0.));
#65 = ( GEOMETRIC_REPRESENTATION_CONTEXT(3) 
GLOBAL_UNCERTAINTY_ASSIGNED_CONTEXT((#69)) GLOBAL_UNIT_ASSIGNED_CONTEXT(
(#66,#67,#68)) REPRESENTATION_CONTEXT('Context #1',
  '3D Context with UNIT and UNCERTAINTY') );
#66 = ( LENGTH_UNIT() NAMED_UNIT(*) SI_UNIT(.MILLI.,.METRE.) );
#67 = ( NAMED_UNIT(*) PLANE_ANGLE_UNIT() SI_UNIT($,.RADIAN.) );
#68 = ( NAMED_UNIT(*) SI_UNIT($,.STERADIAN.) SOLID_ANGLE_UNIT() );
#69 = UNCERTAINTY_MEASURE_WITH_UNIT(LENGTH_MEASURE(1.E-07),#66,
  'distance_accuracy_value','confusion accuracy');
#70 = CONTEXT_DEPENDENT_SHAPE_REPRESENTATION(#71,#73);
#71 = ( REPRESENTATION_RELATIONSHIP('','',#60,#10) 
REPRESENTATION_RELATIONSHIP_WITH_TRANSFORMATION(#72) 
SHAPE_REPRESENTATION_RELATIONSHIP() );
#72 = ITEM_DEFINED_TRANSFORMATION('','',#11,#15);
#73 = PRODUCT_DEFINITION_SHAPE('Placement','Placement of an item',#74);
#74 = NEXT_ASSEMBLY_USAGE_OCCURRENCE('2','D1','',#5,#55,$);
#75 = PRODUCT_RELATED_PRODUCT_CATEGORY('part',$,(#57));
#76 = SHAPE_DEFINITION_REPRESENTATION(#77,#83);
#77 = PRODUCT_DEFINITION_SHAPE('','',#78);
#78 = PRODUCT_DEFINITION('design','',#79,#82);
#79 = PRODUCT_DEFINITION_FORMATION('','',#80);
#80 = PRODUCT('D_DO-35_SOD27_P7.62mm_Horizontal',
  'D_DO-35_SOD27_P7.62mm_Horizontal','',(#81));
#81 = PRODUCT_CONTEXT('',#2,'mechanical');
#82 = PRODUCT_DEFINITION_CONTEXT('part definition',#2,'design');
#83 = SHAPE_REPRESENTATION('',(#11,#84,#239),#434);
#84 = MANIFOLD_SOLID_BREP('',#85);
#85 = CLOSED_SHELL('',(#86,#119,#145,#170,#196,#221,#230));
#86 = ADVANCED_FACE('',(#87),#114,.T.);
#87 = FACE_BOUND('',#88,.T.);
#88 = EDGE_LOOP('',(#89,#99,#106,#107));
#89 = ORIENTED_EDGE('',*,*,#90,.T.);
#90 = EDGE_CURVE('',#91,#93,#95,.T.);
#91 = VERTEX_POINT('',#92);
#92 = CARTESIAN_POINT('',(0.25,0.,-2.5));
#93 = VERTEX_POINT('',#94);
#94 = CARTESIAN_POINT('',(0.25,1.E-15,1.));
#95 = LINE('',#96,#97);
#96 = CARTESIAN_POINT('',(0.25,6.7E-16,1.));
#97 = VECTOR('',#98,1.);
#98 = DIRECTION('',(0.,2.2E-16,1.));
#99 = ORIENTED_EDGE('',*,*,#100,.F.);
#100 = EDGE_CURVE('',#93,#93,#101,.T.);
#101 = CIRCLE('',#102,0.25);
#102 = AXIS2_PLACEMENT_3D('',#103,#104,#105);
#103 = CARTESIAN_POINT('',(0.,6.7E-16,1.));
#104 = DIRECTION('',(-0.,2.2E-16,1.));
#105 = DIRECTION('',(1.,0.,0.));
#106 = ORIENTED_EDGE('',*,*,#90,.F.);
#107 = ORIENTED_EDGE('',*,*,#108,.T.);
#108 = EDGE_CURVE('',#91,#91,#109,.T.);
#109 = CIRCLE('',#110,0.25);
#110 = AXIS2_PLACEMENT_3D('',#111,#112,#113);
#111 = CARTESIAN_POINT('',(0.,-1.1E-16,-2.5));
#112 = DIRECTION('',(-0.,2.2E-16,1.));
#113 = DIRECTION('',(1.,0.,0.));
#114 = CYLINDRICAL_SURFACE('',#115,0.25);
#115 = AXIS2_PLACEMENT_3D('',#116,#117,#118);
#116 = CARTESIAN_POINT('',(0.,6.7E-16,1.));
#117 = DIRECTION('',(0.,2.2E-16,1.));
#118 = DIRECTION('',(1.,0.,-0.));
#119 = ADVANCED_FACE('',(#120),#140,.T.);
#120 = FACE_BOUND('',#121,.T.);
#121 = EDGE_LOOP('',(#122,#131,#138,#139));
#122 = ORIENTED_EDGE('',*,*,#123,.T.);
#123 = EDGE_CURVE('',#93,#124,#126,.T.);
#124 = VERTEX_POINT('',#125);
#125 = CARTESIAN_POINT('',(0.5,1.E-15,1.25));
#126 = CIRCLE('',#127,0.25);
#127 = AXIS2_PLACEMENT_3D('',#128,#129,#130);
#128 = CARTESIAN_POINT('',(0.5,7.6E-16,1.));
#129 = DIRECTION('',(0.,1.,-2.2E-16));
#130 = DIRECTION('',(1.,0.,0.));
#131 = ORIENTED_EDGE('',*,*,#132,.T.);
#132 = EDGE_CURVE('',#124,#124,#133,.T.);
#133 = CIRCLE('',#134,0.25);
#134 = AXIS2_PLACEMENT_3D('',#135,#136,#137);
#135 = CARTESIAN_POINT('',(0.5,7.8E-16,1.5));
#136 = DIRECTION('',(-1.,0.,-1.8E-16));
#137 = DIRECTION('',(-1.8E-16,2.2E-16,1.));
#138 = ORIENTED_EDGE('',*,*,#123,.F.);
#139 = ORIENTED_EDGE('',*,*,#100,.T.);
#140 = TOROIDAL_SURFACE('',#141,0.5,0.25);
#141 = AXIS2_PLACEMENT_3D('',#142,#143,#144);
#142 = CARTESIAN_POINT('',(0.5,6.7E-16,1.));
#143 = DIRECTION('',(0.,1.,-2.2E-16));
#144 = DIRECTION('',(1.,0.,0.));
#145 = ADVANCED_FACE('',(#146),#165,.T.);
#146 = FACE_BOUND('',#147,.T.);
#147 = EDGE_LOOP('',(#148,#156,#163,#164));
#148 = ORIENTED_EDGE('',*,*,#149,.T.);
#149 = EDGE_CURVE('',#124,#150,#152,.T.);
#150 = VERTEX_POINT('',#151);
#151 = CARTESIAN_POINT('',(7.12,1.E-15,1.25));
#152 = LINE('',#153,#154);
#153 = CARTESIAN_POINT('',(0.5,7.2E-16,1.25));
#154 = VECTOR('',#155,1.);
#155 = DIRECTION('',(1.,0.,0.));
#156 = ORIENTED_EDGE('',*,*,#157,.F.);
#157 = EDGE_CURVE('',#150,#150,#158,.T.);
#158 = CIRCLE('',#159,0.25);
#159 = AXIS2_PLACEMENT_3D('',#160,#161,#162);
#160 = CARTESIAN_POINT('',(7.12,7.8E-16,1.5));
#161 = DIRECTION('',(1.,0.,0.));
#162 = DIRECTION('',(0.,-2.2E-16,-1.));
#163 = ORIENTED_EDGE('',*,*,#149,.F.);
#164 = ORIENTED_EDGE('',*,*,#132,.F.);
#165 = CYLINDRICAL_SURFACE('',#166,0.25);
#166 = AXIS2_PLACEMENT_3D('',#167,#168,#169);
#167 = CARTESIAN_POINT('',(0.5,7.8E-16,1.5));
#168 = DIRECTION('',(1.,0.,0.));
#169 = DIRECTION('',(0.,-2.2E-16,-1.));
#170 = ADVANCED_FACE('',(#171),#191,.T.);
#171 = FACE_BOUND('',#172,.T.);
#172 = EDGE_LOOP('',(#173,#182,#189,#190));
#173 = ORIENTED_EDGE('',*,*,#174,.T.);
#174 = EDGE_CURVE('',#150,#175,#177,.T.);
#175 = VERTEX_POINT('',#176);
#176 = CARTESIAN_POINT('',(7.37,1.E-15,1.));
#177 = CIRCLE('',#178,0.25);
#178 = AXIS2_PLACEMENT_3D('',#179,#180,#181);
#179 = CARTESIAN_POINT('',(7.12,7.6E-16,1.));
#180 = DIRECTION('',(0.,1.,-2.2E-16));
#181 = DIRECTION('',(1.,0.,0.));
#182 = ORIENTED_EDGE('',*,*,#183,.T.);
#183 = EDGE_CURVE('',#175,#175,#184,.T.);
#184 = CIRCLE('',#185,0.25);
#185 = AXIS2_PLACEMENT_3D('',#186,#187,#188);
#186 = CARTESIAN_POINT('',(7.62,6.7E-16,1.));
#187 = DIRECTION('',(-2.4E-16,2.2E-16,1.));
#188 = DIRECTION('',(1.,0.,2.4E-16));
#189 = ORIENTED_EDGE('',*,*,#174,.F.);
#190 = ORIENTED_EDGE('',*,*,#157,.T.);
#191 = TOROIDAL_SURFACE('',#192,0.5,0.25);
#192 = AXIS2_PLACEMENT_3D('',#193,#194,#195);
#193 = CARTESIAN_POINT('',(7.12,6.7E-16,1.));
#194 = DIRECTION('',(0.,1.,-2.2E-16));
#195 = DIRECTION('',(1.,0.,0.));
#196 = ADVANCED_FACE('',(#197),#216,.T.);
#197 = FACE_BOUND('',#198,.T.);
#198 = EDGE_LOOP('',(#199,#207,#214,#215));
#199 = ORIENTED_EDGE('',*,*,#200,.T.);
#200 = EDGE_CURVE('',#175,#201,#203,.T.);
#201 = VERTEX_POINT('',#202);
#202 = CARTESIAN_POINT('',(7.37,0.,-2.5));
#203 = LINE('',#204,#205);
#204 = CARTESIAN_POINT('',(7.37,6.7E-16,1.));
#205 = VECTOR('',#206,1.);
#206 = DIRECTION('',(0.,-2.2E-16,-1.));
#207 = ORIENTED_EDGE('',*,*,#208,.F.);
#208 = EDGE_CURVE('',#201,#201,#209,.T.);
#209 = CIRCLE('',#210,0.25);
#210 = AXIS2_PLACEMENT_3D('',#211,#212,#213);
#211 = CARTESIAN_POINT('',(7.62,-1.1E-16,-2.5));
#212 = DIRECTION('',(-0.,-2.2E-16,-1.));
#213 = DIRECTION('',(-1.,0.,0.));
#214 = ORIENTED_EDGE('',*,*,#200,.F.);
#215 = ORIENTED_EDGE('',*,*,#183,.F.);
#216 = CYLINDRICAL_SURFACE('',#217,0.25);
#217 = AXIS2_PLACEMENT_3D('',#218,#219,#220);
#218 = CARTESIAN_POINT('',(7.62,6.7E-16,1.));
#219 = DIRECTION('',(0.,-2.2E-16,-1.));
#220 = DIRECTION('',(-1.,-0.,0.));
#221 = ADVANCED_FACE('',(#222),#225,.T.);
#222 = FACE_BOUND('',#223,.F.);
#223 = EDGE_LOOP('',(#224));
#224 = ORIENTED_EDGE('',*,*,#108,.T.);
#225 = PLANE('',#226);
#226 = AXIS2_PLACEMENT_3D('',#227,#228,#229);
#227 = CARTESIAN_POINT('',(0.25,-1.1E-16,-2.5));
#228 = DIRECTION('',(0.,0.,-1.));
#229 = DIRECTION('',(-1.,0.,0.));
#230 = ADVANCED_FACE('',(#231),#234,.F.);
#231 = FACE_BOUND('',#232,.T.);
#232 = EDGE_LOOP('',(#233));
#233 = ORIENTED_EDGE('',*,*,#208,.T.);
#234 = PLANE('',#235);
#235 = AXIS2_PLACEMENT_3D('',#236,#237,#238);
#236 = CARTESIAN_POINT('',(7.37,-1.1E-16,-2.5));
#237 = DIRECTION('',(0.,0.,1.));
#238 = DIRECTION('',(1.,0.,-0.));
#239 = MANIFOLD_SOLID_BREP('',#240);
#240 = CLOSED_SHELL('',(#241,#274,#294,#314,#339,#364,#390,#416,#425));
#241 = ADVANCED_FACE('',(#242),#269,.T.);
#242 = FACE_BOUND('',#243,.T.);
#243 = EDGE_LOOP('',(#244,#253,#261,#268));
#244 = ORIENTED_EDGE('',*,*,#245,.T.);
#245 = EDGE_CURVE('',#246,#246,#248,.T.);
#246 = VERTEX_POINT('',#247);
#247 = CARTESIAN_POINT('',(2.41,3.557331958362E-15,2.51));
#248 = CIRCLE('',#249,1.01);
#249 = AXIS2_PLACEMENT_3D('',#250,#251,#252);
#250 = CARTESIAN_POINT('',(2.41,6.630669073875E-16,1.5));
#251 = DIRECTION('',(1.,0.,-0.));
#252 = DIRECTION('',(0.,9.92044604925E-16,1.));
#253 = ORIENTED_EDGE('',*,*,#254,.T.);
#254 = EDGE_CURVE('',#246,#255,#257,.T.);
#255 = VERTEX_POINT('',#256);
#256 = CARTESIAN_POINT('',(3.41,3.557331958362E-15,2.51));
#257 = LINE('',#258,#259);
#258 = CARTESIAN_POINT('',(2.41,5.573319583618E-16,2.51));
#259 = VECTOR('',#260,1.);
#260 = DIRECTION('',(1.,0.,0.));
#261 = ORIENTED_EDGE('',*,*,#262,.F.);
#262 = EDGE_CURVE('',#255,#255,#263,.T.);
#263 = CIRCLE('',#264,1.01);
#264 = AXIS2_PLACEMENT_3D('',#265,#266,#267);
#265 = CARTESIAN_POINT('',(3.41,6.630669073875E-16,1.5));
#266 = DIRECTION('',(1.,0.,-0.));
#267 = DIRECTION('',(0.,9.92044604925E-16,1.));
#268 = ORIENTED_EDGE('',*,*,#254,.F.);
#269 = CYLINDRICAL_SURFACE('',#270,1.01);
#270 = AXIS2_PLACEMENT_3D('',#271,#272,#273);
#271 = CARTESIAN_POINT('',(2.41,6.630669073875E-16,1.5));
#272 = DIRECTION('',(1.,0.,0.));
#273 = DIRECTION('',(-0.,9.92044604925E-16,1.));
#274 = ADVANCED_FACE('',(#275,#278),#289,.F.);
#275 = FACE_BOUND('',#276,.T.);
#276 = EDGE_LOOP('',(#277));
#277 = ORIENTED_EDGE('',*,*,#245,.F.);
#278 = FACE_BOUND('',#279,.T.);
#279 = EDGE_LOOP('',(#280));
#280 = ORIENTED_EDGE('',*,*,#281,.T.);
#281 = EDGE_CURVE('',#282,#282,#284,.T.);
#282 = VERTEX_POINT('',#283);
#283 = CARTESIAN_POINT('',(2.41,5.551115123126E-16,2.5));
#284 = CIRCLE('',#285,1.);
#285 = AXIS2_PLACEMENT_3D('',#286,#287,#288);
#286 = CARTESIAN_POINT('',(2.41,6.630669073875E-16,1.5));
#287 = DIRECTION('',(1.,0.,-0.));
#288 = DIRECTION('',(0.,1.002044604925E-15,1.));
#289 = PLANE('',#290);
#290 = AXIS2_PLACEMENT_3D('',#291,#292,#293);
#291 = CARTESIAN_POINT('',(2.41,6.630669073875E-16,1.5));
#292 = DIRECTION('',(1.,0.,0.));
#293 = DIRECTION('',(-0.,1.002044604925E-15,1.));
#294 = ADVANCED_FACE('',(#295,#298),#309,.T.);
#295 = FACE_BOUND('',#296,.T.);
#296 = EDGE_LOOP('',(#297));
#297 = ORIENTED_EDGE('',*,*,#262,.T.);
#298 = FACE_BOUND('',#299,.T.);
#299 = EDGE_LOOP('',(#300));
#300 = ORIENTED_EDGE('',*,*,#301,.F.);
#301 = EDGE_CURVE('',#302,#302,#304,.T.);
#302 = VERTEX_POINT('',#303);
#303 = CARTESIAN_POINT('',(3.41,5.551115123126E-16,2.5));
#304 = CIRCLE('',#305,1.);
#305 = AXIS2_PLACEMENT_3D('',#306,#307,#308);
#306 = CARTESIAN_POINT('',(3.41,6.630669073875E-16,1.5));
#307 = DIRECTION('',(1.,0.,-0.));
#308 = DIRECTION('',(0.,1.002044604925E-15,1.));
#309 = PLANE('',#310);
#310 = AXIS2_PLACEMENT_3D('',#311,#312,#313);
#311 = CARTESIAN_POINT('',(3.41,6.630669073875E-16,1.5));
#312 = DIRECTION('',(1.,0.,0.));
#313 = DIRECTION('',(-0.,9.92044604925E-16,1.));
#314 = ADVANCED_FACE('',(#315),#334,.T.);
#315 = FACE_BOUND('',#316,.T.);
#316 = EDGE_LOOP('',(#317,#326,#332,#333));
#317 = ORIENTED_EDGE('',*,*,#318,.T.);
#318 = EDGE_CURVE('',#319,#319,#321,.T.);
#319 = VERTEX_POINT('',#320);
#320 = CARTESIAN_POINT('',(2.21,3.555111512313E-15,2.5));
#321 = CIRCLE('',#322,1.);
#322 = AXIS2_PLACEMENT_3D('',#323,#324,#325);
#323 = CARTESIAN_POINT('',(2.21,6.630669073875E-16,1.5));
#324 = DIRECTION('',(1.,0.,-0.));
#325 = DIRECTION('',(0.,1.002044604925E-15,1.));
#326 = ORIENTED_EDGE('',*,*,#327,.T.);
#327 = EDGE_CURVE('',#319,#282,#328,.T.);
#328 = LINE('',#329,#330);
#329 = CARTESIAN_POINT('',(1.81,5.551115123126E-16,2.5));
#330 = VECTOR('',#331,1.);
#331 = DIRECTION('',(1.,0.,0.));
#332 = ORIENTED_EDGE('',*,*,#281,.F.);
#333 = ORIENTED_EDGE('',*,*,#327,.F.);
#334 = CYLINDRICAL_SURFACE('',#335,1.);
#335 = AXIS2_PLACEMENT_3D('',#336,#337,#338);
#336 = CARTESIAN_POINT('',(1.81,6.630669073875E-16,1.5));
#337 = DIRECTION('',(1.,0.,0.));
#338 = DIRECTION('',(-0.,1.002044604925E-15,1.));
#339 = ADVANCED_FACE('',(#340),#359,.T.);
#340 = FACE_BOUND('',#341,.T.);
#341 = EDGE_LOOP('',(#342,#343,#351,#358));
#342 = ORIENTED_EDGE('',*,*,#301,.T.);
#343 = ORIENTED_EDGE('',*,*,#344,.T.);
#344 = EDGE_CURVE('',#302,#345,#347,.T.);
#345 = VERTEX_POINT('',#346);
#346 = CARTESIAN_POINT('',(5.41,3.555111512313E-15,2.5));
#347 = LINE('',#348,#349);
#348 = CARTESIAN_POINT('',(1.81,5.551115123126E-16,2.5));
#349 = VECTOR('',#350,1.);
#350 = DIRECTION('',(1.,0.,0.));
#351 = ORIENTED_EDGE('',*,*,#352,.F.);
#352 = EDGE_CURVE('',#345,#345,#353,.T.);
#353 = CIRCLE('',#354,1.);
#354 = AXIS2_PLACEMENT_3D('',#355,#356,#357);
#355 = CARTESIAN_POINT('',(5.41,6.630669073875E-16,1.5));
#356 = DIRECTION('',(1.,0.,-0.));
#357 = DIRECTION('',(0.,1.002044604925E-15,1.));
#358 = ORIENTED_EDGE('',*,*,#344,.F.);
#359 = CYLINDRICAL_SURFACE('',#360,1.);
#360 = AXIS2_PLACEMENT_3D('',#361,#362,#363);
#361 = CARTESIAN_POINT('',(1.81,6.630669073875E-16,1.5));
#362 = DIRECTION('',(1.,0.,0.));
#363 = DIRECTION('',(-0.,1.002044604925E-15,1.));
#364 = ADVANCED_FACE('',(#365),#385,.T.);
#365 = FACE_BOUND('',#366,.T.);
#366 = EDGE_LOOP('',(#367,#376,#383,#384));
#367 = ORIENTED_EDGE('',*,*,#368,.T.);
#368 = EDGE_CURVE('',#369,#369,#371,.T.);
#369 = VERTEX_POINT('',#370);
#370 = CARTESIAN_POINT('',(1.81,1.466293670343E-15,2.1));
#371 = CIRCLE('',#372,0.6);
#372 = AXIS2_PLACEMENT_3D('',#373,#374,#375);
#373 = CARTESIAN_POINT('',(1.81,6.630669073875E-16,1.5));
#374 = DIRECTION('',(1.,0.,-0.));
#375 = DIRECTION('',(0.,1.002044604925E-15,1.));
#376 = ORIENTED_EDGE('',*,*,#377,.F.);
#377 = EDGE_CURVE('',#319,#369,#378,.T.);
#378 = CIRCLE('',#379,0.4);
#379 = AXIS2_PLACEMENT_3D('',#380,#381,#382);
#380 = CARTESIAN_POINT('',(2.21,1.266293670343E-15,2.1));
#381 = DIRECTION('',(0.,-1.,1.002044604925E-15));
#382 = DIRECTION('',(0.,1.002044604925E-15,1.));
#383 = ORIENTED_EDGE('',*,*,#318,.F.);
#384 = ORIENTED_EDGE('',*,*,#377,.T.);
#385 = TOROIDAL_SURFACE('',#386,0.6,0.4);
#386 = AXIS2_PLACEMENT_3D('',#387,#388,#389);
#387 = CARTESIAN_POINT('',(2.21,6.630669073875E-16,1.5));
#388 = DIRECTION('',(-1.,0.,0.));
#389 = DIRECTION('',(0.,1.002044604925E-15,1.));
#390 = ADVANCED_FACE('',(#391),#411,.T.);
#391 = FACE_BOUND('',#392,.T.);
#392 = EDGE_LOOP('',(#393,#394,#403,#410));
#393 = ORIENTED_EDGE('',*,*,#352,.T.);
#394 = ORIENTED_EDGE('',*,*,#395,.F.);
#395 = EDGE_CURVE('',#396,#345,#398,.T.);
#396 = VERTEX_POINT('',#397);
#397 = CARTESIAN_POINT('',(5.81,1.466293670343E-15,2.1));
#398 = CIRCLE('',#399,0.4);
#399 = AXIS2_PLACEMENT_3D('',#400,#401,#402);
#400 = CARTESIAN_POINT('',(5.41,1.266293670343E-15,2.1));
#401 = DIRECTION('',(0.,-1.,1.002044604925E-15));
#402 = DIRECTION('',(0.,1.002044604925E-15,1.));
#403 = ORIENTED_EDGE('',*,*,#404,.F.);
#404 = EDGE_CURVE('',#396,#396,#405,.T.);
#405 = CIRCLE('',#406,0.6);
#406 = AXIS2_PLACEMENT_3D('',#407,#408,#409);
#407 = CARTESIAN_POINT('',(5.81,6.630669073875E-16,1.5));
#408 = DIRECTION('',(1.,0.,-0.));
#409 = DIRECTION('',(0.,1.002044604925E-15,1.));
#410 = ORIENTED_EDGE('',*,*,#395,.T.);
#411 = TOROIDAL_SURFACE('',#412,0.6,0.4);
#412 = AXIS2_PLACEMENT_3D('',#413,#414,#415);
#413 = CARTESIAN_POINT('',(5.41,6.630669073875E-16,1.5));
#414 = DIRECTION('',(-1.,0.,0.));
#415 = DIRECTION('',(0.,1.002044604925E-15,1.));
#416 = ADVANCED_FACE('',(#417),#420,.F.);
#417 = FACE_BOUND('',#418,.T.);
#418 = EDGE_LOOP('',(#419));
#419 = ORIENTED_EDGE('',*,*,#368,.F.);
#420 = PLANE('',#421);
#421 = AXIS2_PLACEMENT_3D('',#422,#423,#424);
#422 = CARTESIAN_POINT('',(1.81,6.630669073875E-16,1.5));
#423 = DIRECTION('',(1.,0.,0.));
#424 = DIRECTION('',(-0.,1.002044604925E-15,1.));
#425 = ADVANCED_FACE('',(#426),#429,.T.);
#426 = FACE_BOUND('',#427,.F.);
#427 = EDGE_LOOP('',(#428));
#428 = ORIENTED_EDGE('',*,*,#404,.F.);
#429 = PLANE('',#430);
#430 = AXIS2_PLACEMENT_3D('',#431,#432,#433);
#431 = CARTESIAN_POINT('',(5.81,6.630669073875E-16,1.5));
#432 = DIRECTION('',(1.,0.,0.));
#433 = DIRECTION('',(-0.,1.002044604925E-15,1.));
#434 = ( GEOMETRIC_REPRESENTATION_CONTEXT(3) 
GLOBAL_UNCERTAINTY_ASSIGNED_CONTEXT((#438)) GLOBAL_UNIT_ASSIGNED_CONTEXT
((#435,#436,#437)) REPRESENTATION_CONTEXT('Context #1',
  '3D Context with UNIT and UNCERTAINTY') );
#435 = ( LENGTH_UNIT() NAMED_UNIT(*) SI_UNIT(.MILLI.,.METRE.) );
#436 = ( NAMED_UNIT(*) PLANE_ANGLE_UNIT() SI_UNIT($,.RADIAN.) );
#437 = ( NAMED_UNIT(*) SI_UNIT($,.STERADIAN.) SOLID_ANGLE_UNIT() );
#438 = UNCERTAINTY_MEASURE_WITH_UNIT(LENGTH_MEASURE(1.E-07),#435,
  'distance_accuracy_value','confusion accuracy');
#439 = CONTEXT_DEPENDENT_SHAPE_REPRESENTATION(#440,#442);
#440 = ( REPRESENTATION_RELATIONSHIP('','',#83,#60) 
REPRESENTATION_RELATIONSHIP_WITH_TRANSFORMATION(#441) 
SHAPE_REPRESENTATION_RELATIONSHIP() );
#441 = ITEM_DEFINED_TRANSFORMATION('','',#11,#61);
#442 = PRODUCT_DEFINITION_SHAPE('Placement','Placement of an item',#443
  );
#443 = NEXT_ASSEMBLY_USAGE_OCCURRENCE('1','=>[0:1:1:3]','',#55,#78,$);
#444 = PRODUCT_RELATED_PRODUCT_CATEGORY('part',$,(#80));
#445 = CONTEXT_DEPENDENT_SHAPE_REPRESENTATION(#446,#448);
#446 = ( REPRESENTATION_RELATIONSHIP('','',#60,#10) 
REPRESENTATION_RELATIONSHIP_WITH_TRANSFORMATION(#447) 
SHAPE_REPRESENTATION_RELATIONSHIP() );
#447 = ITEM_DEFINED_TRANSFORMATION('','',#11,#19);
#448 = PRODUCT_DEFINITION_SHAPE('Placement','Placement of an item',#449
  );
#449 = NEXT_ASSEMBLY_USAGE_OCCURRENCE('3','D3','',#5,#55,$);
#450 = CONTEXT_DEPENDENT_SHAPE_REPRESENTATION(#451,#453);
#451 = ( REPRESENTATION_RELATIONSHIP('','',#60,#10) 
REPRESENTATION_RELATIONSHIP_WITH_TRANSFORMATION(#452) 
SHAPE_REPRESENTATION_RELATIONSHIP() );
#452 = ITEM_DEFINED_TRANSFORMATION('','',#11,#23);
#453 = PRODUCT_DEFINITION_SHAPE('Placement','Placement of an item',#454
  );
#454 = NEXT_ASSEMBLY_USAGE_OCCURRENCE('4','D6','',#5,#55,$);
#455 = CONTEXT_DEPENDENT_SHAPE_REPRESENTATION(#456,#458);
#456 = ( REPRESENTATION_RELATIONSHIP('','',#60,#10) 
REPRESENTATION_RELATIONSHIP_WITH_TRANSFORMATION(#457) 
SHAPE_REPRESENTATION_RELATIONSHIP() );
#457 = ITEM_DEFINED_TRANSFORMATION('','',#11,#27);
#458 = PRODUCT_DEFINITION_SHAPE('Placement','Placement of an item',#459
  );
#459 = NEXT_ASSEMBLY_USAGE_OCCURRENCE('5','D4','',#5,#55,$);
#460 = SHAPE_DEFINITION_REPRESENTATION(#461,#467);
#461 = PRODUCT_DEFINITION_SHAPE('','',#462);
#462 = PRODUCT_DEFINITION('design','',#463,#466);
#463 = PRODUCT_DEFINITION_FORMATION('','',#464);
#464 = PRODUCT('PinHeader_1x04_P2.54mm_Vertical',
  'PinHeader_1x04_P2.54mm_Vertical','',(#465));
#465 = PRODUCT_CONTEXT('',#2,'mechanical');
#466 = PRODUCT_DEFINITION_CONTEXT('part definition',#2,'design');
#467 = SHAPE_REPRESENTATION('',(#11,#468),#472);
#468 = AXIS2_PLACEMENT_3D('',#469,#470,#471);
#469 = CARTESIAN_POINT('',(0.,0.,0.));
#470 = DIRECTION('',(0.,0.,1.));
#471 = DIRECTION('',(1.,0.,-0.));
#472 = ( GEOMETRIC_REPRESENTATION_CONTEXT(3) 
GLOBAL_UNCERTAINTY_ASSIGNED_CONTEXT((#476)) GLOBAL_UNIT_ASSIGNED_CONTEXT
((#473,#474,#475)) REPRESENTATION_CONTEXT('Context #1',
  '3D Context with UNIT and UNCERTAINTY') );
#473 = ( LENGTH_UNIT() NAMED_UNIT(*) SI_UNIT(.MILLI.,.METRE.) );
#474 = ( NAMED_UNIT(*) PLANE_ANGLE_UNIT() SI_UNIT($,.RADIAN.) );
#475 = ( NAMED_UNIT(*) SI_UNIT($,.STERADIAN.) SOLID_ANGLE_UNIT() );
#476 = UNCERTAINTY_MEASURE_WITH_UNIT(LENGTH_MEASURE(1.E-07),#473,
  'distance_accuracy_value','confusion accuracy');
#477 = CONTEXT_DEPENDENT_SHAPE_REPRESENTATION(#478,#480);
#478 = ( REPRESENTATION_RELATIONSHIP('','',#467,#10) 
REPRESENTATION_RELATIONSHIP_WITH_TRANSFORMATION(#479) 
SHAPE_REPRESENTATION_RELATIONSHIP() );
#479 = ITEM_DEFINED_TRANSFORMATION('','',#11,#31);
#480 = PRODUCT_DEFINITION_SHAPE('Placement','Placement of an item',#481
  );
#481 = NEXT_ASSEMBLY_USAGE_OCCURRENCE('7','DISPLAY','',#5,#462,$);
#482 = PRODUCT_RELATED_PRODUCT_CATEGORY('part',$,(#464));
#483 = SHAPE_DEFINITION_REPRESENTATION(#484,#490);
#484 = PRODUCT_DEFINITION_SHAPE('','',#485);
#485 = PRODUCT_DEFINITION('design','',#486,#489);
#486 = PRODUCT_DEFINITION_FORMATION('','',#487);
#487 = PRODUCT('PinHeader_1x04_P254mm_Vertical',
  'PinHeader_1x04_P254mm_Vertical','',(#488));
#488 = PRODUCT_CONTEXT('',#2,'mechanical');
#489 = PRODUCT_DEFINITION_CONTEXT('part definition',#2,'design');
#490 = ADVANCED_BREP_SHAPE_REPRESENTATION('',(#11,#491),#3271);
#491 = MANIFOLD_SOLID_BREP('',#492);
#492 = CLOSED_SHELL('',(#493,#533,#564,#595,#924,#1253,#1270,#1287,#1304
    ,#1321,#1338,#1355,#1372,#1389,#1406,#1423,#1440,#1457,#1474,#1491,
    #1508,#1525,#1542,#1559,#1576,#1593,#1610,#1627,#1639,#1670,#1694,
    #1718,#1735,#1766,#1790,#1814,#1831,#1862,#1886,#1910,#1927,#1958,
    #1982,#2006,#2023,#2054,#2078,#2102,#2119,#2150,#2174,#2198,#2215,
    #2246,#2270,#2294,#2311,#2342,#2366,#2390,#2407,#2438,#2462,#2486,
    #2503,#2534,#2558,#2582,#2599,#2630,#2654,#2678,#2695,#2726,#2750,
    #2774,#2791,#2822,#2846,#2870,#2887,#2918,#2942,#2966,#2983,#3014,
    #3038,#3062,#3079,#3110,#3134,#3158,#3175,#3187,#3199,#3211,#3223,
    #3235,#3247,#3259));
#493 = ADVANCED_FACE('',(#494),#528,.F.);
#494 = FACE_BOUND('',#495,.F.);
#495 = EDGE_LOOP('',(#496,#506,#514,#522));
#496 = ORIENTED_EDGE('',*,*,#497,.T.);
#497 = EDGE_CURVE('',#498,#500,#502,.T.);
#498 = VERTEX_POINT('',#499);
#499 = CARTESIAN_POINT('',(-1.016,1.27,0.));
#500 = VERTEX_POINT('',#501);
#501 = CARTESIAN_POINT('',(-1.016,1.27,2.54));
#502 = LINE('',#503,#504);
#503 = CARTESIAN_POINT('',(-1.016,1.27,0.));
#504 = VECTOR('',#505,1.);
#505 = DIRECTION('',(0.,0.,1.));
#506 = ORIENTED_EDGE('',*,*,#507,.T.);
#507 = EDGE_CURVE('',#500,#508,#510,.T.);
#508 = VERTEX_POINT('',#509);
#509 = CARTESIAN_POINT('',(-1.27,1.016,2.54));
#510 = LINE('',#511,#512);
#511 = CARTESIAN_POINT('',(-1.016,1.27,2.54));
#512 = VECTOR('',#513,1.);
#513 = DIRECTION('',(-0.707106781187,-0.707106781187,0.));
#514 = ORIENTED_EDGE('',*,*,#515,.F.);
#515 = EDGE_CURVE('',#516,#508,#518,.T.);
#516 = VERTEX_POINT('',#517);
#517 = CARTESIAN_POINT('',(-1.27,1.016,0.));
#518 = LINE('',#519,#520);
#519 = CARTESIAN_POINT('',(-1.27,1.016,0.));
#520 = VECTOR('',#521,1.);
#521 = DIRECTION('',(0.,0.,1.));
#522 = ORIENTED_EDGE('',*,*,#523,.F.);
#523 = EDGE_CURVE('',#498,#516,#524,.T.);
#524 = LINE('',#525,#526);
#525 = CARTESIAN_POINT('',(-1.016,1.27,0.));
#526 = VECTOR('',#527,1.);
#527 = DIRECTION('',(-0.707106781187,-0.707106781187,0.));
#528 = PLANE('',#529);
#529 = AXIS2_PLACEMENT_3D('',#530,#531,#532);
#530 = CARTESIAN_POINT('',(-1.016,1.27,0.));
#531 = DIRECTION('',(0.707106781187,-0.707106781187,0.));
#532 = DIRECTION('',(-0.707106781187,-0.707106781187,0.));
#533 = ADVANCED_FACE('',(#534),#559,.F.);
#534 = FACE_BOUND('',#535,.F.);
#535 = EDGE_LOOP('',(#536,#546,#552,#553));
#536 = ORIENTED_EDGE('',*,*,#537,.T.);
#537 = EDGE_CURVE('',#538,#540,#542,.T.);
#538 = VERTEX_POINT('',#539);
#539 = CARTESIAN_POINT('',(1.016,1.27,0.));
#540 = VERTEX_POINT('',#541);
#541 = CARTESIAN_POINT('',(1.016,1.27,2.54));
#542 = LINE('',#543,#544);
#543 = CARTESIAN_POINT('',(1.016,1.27,0.));
#544 = VECTOR('',#545,1.);
#545 = DIRECTION('',(0.,0.,1.));
#546 = ORIENTED_EDGE('',*,*,#547,.T.);
#547 = EDGE_CURVE('',#540,#500,#548,.T.);
#548 = LINE('',#549,#550);
#549 = CARTESIAN_POINT('',(1.016,1.27,2.54));
#550 = VECTOR('',#551,1.);
#551 = DIRECTION('',(-1.,0.,0.));
#552 = ORIENTED_EDGE('',*,*,#497,.F.);
#553 = ORIENTED_EDGE('',*,*,#554,.F.);
#554 = EDGE_CURVE('',#538,#498,#555,.T.);
#555 = LINE('',#556,#557);
#556 = CARTESIAN_POINT('',(1.016,1.27,0.));
#557 = VECTOR('',#558,1.);
#558 = DIRECTION('',(-1.,0.,0.));
#559 = PLANE('',#560);
#560 = AXIS2_PLACEMENT_3D('',#561,#562,#563);
#561 = CARTESIAN_POINT('',(1.016,1.27,0.));
#562 = DIRECTION('',(0.,-1.,0.));
#563 = DIRECTION('',(-1.,0.,0.));
#564 = ADVANCED_FACE('',(#565),#590,.F.);
#565 = FACE_BOUND('',#566,.F.);
#566 = EDGE_LOOP('',(#567,#568,#576,#584));
#567 = ORIENTED_EDGE('',*,*,#515,.T.);
#568 = ORIENTED_EDGE('',*,*,#569,.T.);
#569 = EDGE_CURVE('',#508,#570,#572,.T.);
#570 = VERTEX_POINT('',#571);
#571 = CARTESIAN_POINT('',(-1.27,-1.016,2.54));
#572 = LINE('',#573,#574);
#573 = CARTESIAN_POINT('',(-1.27,1.016,2.54));
#574 = VECTOR('',#575,1.);
#575 = DIRECTION('',(0.,-1.,0.));
#576 = ORIENTED_EDGE('',*,*,#577,.F.);
#577 = EDGE_CURVE('',#578,#570,#580,.T.);
#578 = VERTEX_POINT('',#579);
#579 = CARTESIAN_POINT('',(-1.27,-1.016,0.));
#580 = LINE('',#581,#582);
#581 = CARTESIAN_POINT('',(-1.27,-1.016,0.));
#582 = VECTOR('',#583,1.);
#583 = DIRECTION('',(0.,0.,1.));
#584 = ORIENTED_EDGE('',*,*,#585,.F.);
#585 = EDGE_CURVE('',#516,#578,#586,.T.);
#586 = LINE('',#587,#588);
#587 = CARTESIAN_POINT('',(-1.27,1.016,0.));
#588 = VECTOR('',#589,1.);
#589 = DIRECTION('',(0.,-1.,0.));
#590 = PLANE('',#591);
#591 = AXIS2_PLACEMENT_3D('',#592,#593,#594);
#592 = CARTESIAN_POINT('',(-1.27,1.016,0.));
#593 = DIRECTION('',(1.,0.,0.));
#594 = DIRECTION('',(0.,-1.,0.));
#595 = ADVANCED_FACE('',(#596,#783,#817,#851,#885),#919,.F.);
#596 = FACE_BOUND('',#597,.F.);
#597 = EDGE_LOOP('',(#598,#599,#600,#608,#616,#624,#632,#640,#648,#656,
    #664,#672,#680,#688,#696,#704,#712,#720,#728,#736,#744,#752,#760,
    #768,#776,#782));
#598 = ORIENTED_EDGE('',*,*,#523,.T.);
#599 = ORIENTED_EDGE('',*,*,#585,.T.);
#600 = ORIENTED_EDGE('',*,*,#601,.T.);
#601 = EDGE_CURVE('',#578,#602,#604,.T.);
#602 = VERTEX_POINT('',#603);
#603 = CARTESIAN_POINT('',(-1.016,-1.27,0.));
#604 = LINE('',#605,#606);
#605 = CARTESIAN_POINT('',(-1.27,-1.016,0.));
#606 = VECTOR('',#607,1.);
#607 = DIRECTION('',(0.707106781187,-0.707106781187,0.));
#608 = ORIENTED_EDGE('',*,*,#609,.T.);
#609 = EDGE_CURVE('',#602,#610,#612,.T.);
#610 = VERTEX_POINT('',#611);
#611 = CARTESIAN_POINT('',(-1.27,-1.524,0.));
#612 = LINE('',#613,#614);
#613 = CARTESIAN_POINT('',(-1.016,-1.27,0.));
#614 = VECTOR('',#615,1.);
#615 = DIRECTION('',(-0.707106781187,-0.707106781187,0.));
#616 = ORIENTED_EDGE('',*,*,#617,.T.);
#617 = EDGE_CURVE('',#610,#618,#620,.T.);
#618 = VERTEX_POINT('',#619);
#619 = CARTESIAN_POINT('',(-1.27,-3.556,0.));
#620 = LINE('',#621,#622);
#621 = CARTESIAN_POINT('',(-1.27,-1.524,0.));
#622 = VECTOR('',#623,1.);
#623 = DIRECTION('',(0.,-1.,0.));
#624 = ORIENTED_EDGE('',*,*,#625,.T.);
#625 = EDGE_CURVE('',#618,#626,#628,.T.);
#626 = VERTEX_POINT('',#627);
#627 = CARTESIAN_POINT('',(-1.016,-3.81,0.));
#628 = LINE('',#629,#630);
#629 = CARTESIAN_POINT('',(-1.27,-3.556,0.));
#630 = VECTOR('',#631,1.);
#631 = DIRECTION('',(0.707106781187,-0.707106781187,0.));
#632 = ORIENTED_EDGE('',*,*,#633,.T.);
#633 = EDGE_CURVE('',#626,#634,#636,.T.);
#634 = VERTEX_POINT('',#635);
#635 = CARTESIAN_POINT('',(-1.27,-4.064,0.));
#636 = LINE('',#637,#638);
#637 = CARTESIAN_POINT('',(-1.016,-3.81,0.));
#638 = VECTOR('',#639,1.);
#639 = DIRECTION('',(-0.707106781187,-0.707106781187,0.));
#640 = ORIENTED_EDGE('',*,*,#641,.T.);
#641 = EDGE_CURVE('',#634,#642,#644,.T.);
#642 = VERTEX_POINT('',#643);
#643 = CARTESIAN_POINT('',(-1.27,-6.096,0.));
#644 = LINE('',#645,#646);
#645 = CARTESIAN_POINT('',(-1.27,-4.064,0.));
#646 = VECTOR('',#647,1.);
#647 = DIRECTION('',(0.,-1.,0.));
#648 = ORIENTED_EDGE('',*,*,#649,.T.);
#649 = EDGE_CURVE('',#642,#650,#652,.T.);
#650 = VERTEX_POINT('',#651);
#651 = CARTESIAN_POINT('',(-1.016,-6.35,0.));
#652 = LINE('',#653,#654);
#653 = CARTESIAN_POINT('',(-1.27,-6.096,0.));
#654 = VECTOR('',#655,1.);
#655 = DIRECTION('',(0.707106781187,-0.707106781187,0.));
#656 = ORIENTED_EDGE('',*,*,#657,.T.);
#657 = EDGE_CURVE('',#650,#658,#660,.T.);
#658 = VERTEX_POINT('',#659);
#659 = CARTESIAN_POINT('',(-1.27,-6.604,0.));
#660 = LINE('',#661,#662);
#661 = CARTESIAN_POINT('',(-1.016,-6.35,0.));
#662 = VECTOR('',#663,1.);
#663 = DIRECTION('',(-0.707106781187,-0.707106781187,0.));
#664 = ORIENTED_EDGE('',*,*,#665,.T.);
#665 = EDGE_CURVE('',#658,#666,#668,.T.);
#666 = VERTEX_POINT('',#667);
#667 = CARTESIAN_POINT('',(-1.27,-8.636,0.));
#668 = LINE('',#669,#670);
#669 = CARTESIAN_POINT('',(-1.27,-6.604,0.));
#670 = VECTOR('',#671,1.);
#671 = DIRECTION('',(0.,-1.,0.));
#672 = ORIENTED_EDGE('',*,*,#673,.T.);
#673 = EDGE_CURVE('',#666,#674,#676,.T.);
#674 = VERTEX_POINT('',#675);
#675 = CARTESIAN_POINT('',(-1.016,-8.89,0.));
#676 = LINE('',#677,#678);
#677 = CARTESIAN_POINT('',(-1.27,-8.636,0.));
#678 = VECTOR('',#679,1.);
#679 = DIRECTION('',(0.707106781187,-0.707106781187,0.));
#680 = ORIENTED_EDGE('',*,*,#681,.T.);
#681 = EDGE_CURVE('',#674,#682,#684,.T.);
#682 = VERTEX_POINT('',#683);
#683 = CARTESIAN_POINT('',(1.016,-8.89,0.));
#684 = LINE('',#685,#686);
#685 = CARTESIAN_POINT('',(-1.016,-8.89,0.));
#686 = VECTOR('',#687,1.);
#687 = DIRECTION('',(1.,0.,0.));
#688 = ORIENTED_EDGE('',*,*,#689,.T.);
#689 = EDGE_CURVE('',#682,#690,#692,.T.);
#690 = VERTEX_POINT('',#691);
#691 = CARTESIAN_POINT('',(1.27,-8.636,0.));
#692 = LINE('',#693,#694);
#693 = CARTESIAN_POINT('',(1.016,-8.89,0.));
#694 = VECTOR('',#695,1.);
#695 = DIRECTION('',(0.707106781187,0.707106781187,0.));
#696 = ORIENTED_EDGE('',*,*,#697,.T.);
#697 = EDGE_CURVE('',#690,#698,#700,.T.);
#698 = VERTEX_POINT('',#699);
#699 = CARTESIAN_POINT('',(1.27,-6.604,0.));
#700 = LINE('',#701,#702);
#701 = CARTESIAN_POINT('',(1.27,-8.636,0.));
#702 = VECTOR('',#703,1.);
#703 = DIRECTION('',(0.,1.,0.));
#704 = ORIENTED_EDGE('',*,*,#705,.T.);
#705 = EDGE_CURVE('',#698,#706,#708,.T.);
#706 = VERTEX_POINT('',#707);
#707 = CARTESIAN_POINT('',(1.016,-6.35,0.));
#708 = LINE('',#709,#710);
#709 = CARTESIAN_POINT('',(1.27,-6.604,0.));
#710 = VECTOR('',#711,1.);
#711 = DIRECTION('',(-0.707106781187,0.707106781187,0.));
#712 = ORIENTED_EDGE('',*,*,#713,.T.);
#713 = EDGE_CURVE('',#706,#714,#716,.T.);
#714 = VERTEX_POINT('',#715);
#715 = CARTESIAN_POINT('',(1.27,-6.096,0.));
#716 = LINE('',#717,#718);
#717 = CARTESIAN_POINT('',(1.016,-6.35,0.));
#718 = VECTOR('',#719,1.);
#719 = DIRECTION('',(0.707106781187,0.707106781187,0.));
#720 = ORIENTED_EDGE('',*,*,#721,.T.);
#721 = EDGE_CURVE('',#714,#722,#724,.T.);
#722 = VERTEX_POINT('',#723);
#723 = CARTESIAN_POINT('',(1.27,-4.064,0.));
#724 = LINE('',#725,#726);
#725 = CARTESIAN_POINT('',(1.27,-6.096,0.));
#726 = VECTOR('',#727,1.);
#727 = DIRECTION('',(0.,1.,0.));
#728 = ORIENTED_EDGE('',*,*,#729,.T.);
#729 = EDGE_CURVE('',#722,#730,#732,.T.);
#730 = VERTEX_POINT('',#731);
#731 = CARTESIAN_POINT('',(1.016,-3.81,0.));
#732 = LINE('',#733,#734);
#733 = CARTESIAN_POINT('',(1.27,-4.064,0.));
#734 = VECTOR('',#735,1.);
#735 = DIRECTION('',(-0.707106781187,0.707106781187,0.));
#736 = ORIENTED_EDGE('',*,*,#737,.T.);
#737 = EDGE_CURVE('',#730,#738,#740,.T.);
#738 = VERTEX_POINT('',#739);
#739 = CARTESIAN_POINT('',(1.27,-3.556,0.));
#740 = LINE('',#741,#742);
#741 = CARTESIAN_POINT('',(1.016,-3.81,0.));
#742 = VECTOR('',#743,1.);
#743 = DIRECTION('',(0.707106781187,0.707106781187,0.));
#744 = ORIENTED_EDGE('',*,*,#745,.T.);
#745 = EDGE_CURVE('',#738,#746,#748,.T.);
#746 = VERTEX_POINT('',#747);
#747 = CARTESIAN_POINT('',(1.27,-1.524,0.));
#748 = LINE('',#749,#750);
#749 = CARTESIAN_POINT('',(1.27,-3.556,0.));
#750 = VECTOR('',#751,1.);
#751 = DIRECTION('',(0.,1.,0.));
#752 = ORIENTED_EDGE('',*,*,#753,.T.);
#753 = EDGE_CURVE('',#746,#754,#756,.T.);
#754 = VERTEX_POINT('',#755);
#755 = CARTESIAN_POINT('',(1.016,-1.27,0.));
#756 = LINE('',#757,#758);
#757 = CARTESIAN_POINT('',(1.27,-1.524,0.));
#758 = VECTOR('',#759,1.);
#759 = DIRECTION('',(-0.707106781187,0.707106781187,0.));
#760 = ORIENTED_EDGE('',*,*,#761,.T.);
#761 = EDGE_CURVE('',#754,#762,#764,.T.);
#762 = VERTEX_POINT('',#763);
#763 = CARTESIAN_POINT('',(1.27,-1.016,0.));
#764 = LINE('',#765,#766);
#765 = CARTESIAN_POINT('',(1.016,-1.27,0.));
#766 = VECTOR('',#767,1.);
#767 = DIRECTION('',(0.707106781187,0.707106781187,0.));
#768 = ORIENTED_EDGE('',*,*,#769,.T.);
#769 = EDGE_CURVE('',#762,#770,#772,.T.);
#770 = VERTEX_POINT('',#771);
#771 = CARTESIAN_POINT('',(1.27,1.016,0.));
#772 = LINE('',#773,#774);
#773 = CARTESIAN_POINT('',(1.27,-1.016,0.));
#774 = VECTOR('',#775,1.);
#775 = DIRECTION('',(0.,1.,0.));
#776 = ORIENTED_EDGE('',*,*,#777,.T.);
#777 = EDGE_CURVE('',#770,#538,#778,.T.);
#778 = LINE('',#779,#780);
#779 = CARTESIAN_POINT('',(1.27,1.016,0.));
#780 = VECTOR('',#781,1.);
#781 = DIRECTION('',(-0.707106781187,0.707106781187,0.));
#782 = ORIENTED_EDGE('',*,*,#554,.T.);
#783 = FACE_BOUND('',#784,.F.);
#784 = EDGE_LOOP('',(#785,#795,#803,#811));
#785 = ORIENTED_EDGE('',*,*,#786,.F.);
#786 = EDGE_CURVE('',#787,#789,#791,.T.);
#787 = VERTEX_POINT('',#788);
#788 = CARTESIAN_POINT('',(0.32,-4.76,0.));
#789 = VERTEX_POINT('',#790);
#790 = CARTESIAN_POINT('',(-0.32,-4.76,0.));
#791 = LINE('',#792,#793);
#792 = CARTESIAN_POINT('',(-0.16,-4.76,0.));
#793 = VECTOR('',#794,1.);
#794 = DIRECTION('',(-1.,0.,0.));
#795 = ORIENTED_EDGE('',*,*,#796,.F.);
#796 = EDGE_CURVE('',#797,#787,#799,.T.);
#797 = VERTEX_POINT('',#798);
#798 = CARTESIAN_POINT('',(0.32,-5.4,0.));
#799 = LINE('',#800,#801);
#800 = CARTESIAN_POINT('',(0.32,-4.605,0.));
#801 = VECTOR('',#802,1.);
#802 = DIRECTION('',(0.,1.,0.));
#803 = ORIENTED_EDGE('',*,*,#804,.T.);
#804 = EDGE_CURVE('',#797,#805,#807,.T.);
#805 = VERTEX_POINT('',#806);
#806 = CARTESIAN_POINT('',(-0.32,-5.4,0.));
#807 = LINE('',#808,#809);
#808 = CARTESIAN_POINT('',(-0.16,-5.4,0.));
#809 = VECTOR('',#810,1.);
#810 = DIRECTION('',(-1.,0.,0.));
#811 = ORIENTED_EDGE('',*,*,#812,.T.);
#812 = EDGE_CURVE('',#805,#789,#813,.T.);
#813 = LINE('',#814,#815);
#814 = CARTESIAN_POINT('',(-0.32,-4.605,0.));
#815 = VECTOR('',#816,1.);
#816 = DIRECTION('',(0.,1.,0.));
#817 = FACE_BOUND('',#818,.F.);
#818 = EDGE_LOOP('',(#819,#829,#837,#845));
#819 = ORIENTED_EDGE('',*,*,#820,.F.);
#820 = EDGE_CURVE('',#821,#823,#825,.T.);
#821 = VERTEX_POINT('',#822);
#822 = CARTESIAN_POINT('',(0.32,-7.94,0.));
#823 = VERTEX_POINT('',#824);
#824 = CARTESIAN_POINT('',(0.32,-7.3,0.));
#825 = LINE('',#826,#827);
#826 = CARTESIAN_POINT('',(0.32,-5.875,0.));
#827 = VECTOR('',#828,1.);
#828 = DIRECTION('',(0.,1.,0.));
#829 = ORIENTED_EDGE('',*,*,#830,.T.);
#830 = EDGE_CURVE('',#821,#831,#833,.T.);
#831 = VERTEX_POINT('',#832);
#832 = CARTESIAN_POINT('',(-0.32,-7.94,0.));
#833 = LINE('',#834,#835);
#834 = CARTESIAN_POINT('',(-0.16,-7.94,0.));
#835 = VECTOR('',#836,1.);
#836 = DIRECTION('',(-1.,0.,0.));
#837 = ORIENTED_EDGE('',*,*,#838,.T.);
#838 = EDGE_CURVE('',#831,#839,#841,.T.);
#839 = VERTEX_POINT('',#840);
#840 = CARTESIAN_POINT('',(-0.32,-7.3,0.));
#841 = LINE('',#842,#843);
#842 = CARTESIAN_POINT('',(-0.32,-5.875,0.));
#843 = VECTOR('',#844,1.);
#844 = DIRECTION('',(0.,1.,0.));
#845 = ORIENTED_EDGE('',*,*,#846,.F.);
#846 = EDGE_CURVE('',#823,#839,#847,.T.);
#847 = LINE('',#848,#849);
#848 = CARTESIAN_POINT('',(-0.16,-7.3,0.));
#849 = VECTOR('',#850,1.);
#850 = DIRECTION('',(-1.,0.,0.));
#851 = FACE_BOUND('',#852,.F.);
#852 = EDGE_LOOP('',(#853,#863,#871,#879));
#853 = ORIENTED_EDGE('',*,*,#854,.F.);
#854 = EDGE_CURVE('',#855,#857,#859,.T.);
#855 = VERTEX_POINT('',#856);
#856 = CARTESIAN_POINT('',(0.32,-0.32,0.));
#857 = VERTEX_POINT('',#858);
#858 = CARTESIAN_POINT('',(0.32,0.32,0.));
#859 = LINE('',#860,#861);
#860 = CARTESIAN_POINT('',(0.32,-2.065,0.));
#861 = VECTOR('',#862,1.);
#862 = DIRECTION('',(0.,1.,0.));
#863 = ORIENTED_EDGE('',*,*,#864,.T.);
#864 = EDGE_CURVE('',#855,#865,#867,.T.);
#865 = VERTEX_POINT('',#866);
#866 = CARTESIAN_POINT('',(-0.32,-0.32,0.));
#867 = LINE('',#868,#869);
#868 = CARTESIAN_POINT('',(-0.16,-0.32,0.));
#869 = VECTOR('',#870,1.);
#870 = DIRECTION('',(-1.,0.,0.));
#871 = ORIENTED_EDGE('',*,*,#872,.T.);
#872 = EDGE_CURVE('',#865,#873,#875,.T.);
#873 = VERTEX_POINT('',#874);
#874 = CARTESIAN_POINT('',(-0.32,0.32,0.));
#875 = LINE('',#876,#877);
#876 = CARTESIAN_POINT('',(-0.32,-2.065,0.));
#877 = VECTOR('',#878,1.);
#878 = DIRECTION('',(0.,1.,0.));
#879 = ORIENTED_EDGE('',*,*,#880,.F.);
#880 = EDGE_CURVE('',#857,#873,#881,.T.);
#881 = LINE('',#882,#883);
#882 = CARTESIAN_POINT('',(-0.16,0.32,0.));
#883 = VECTOR('',#884,1.);
#884 = DIRECTION('',(-1.,0.,0.));
#885 = FACE_BOUND('',#886,.F.);
#886 = EDGE_LOOP('',(#887,#897,#905,#913));
#887 = ORIENTED_EDGE('',*,*,#888,.F.);
#888 = EDGE_CURVE('',#889,#891,#893,.T.);
#889 = VERTEX_POINT('',#890);
#890 = CARTESIAN_POINT('',(0.32,-2.22,0.));
#891 = VERTEX_POINT('',#892);
#892 = CARTESIAN_POINT('',(-0.32,-2.22,0.));
#893 = LINE('',#894,#895);
#894 = CARTESIAN_POINT('',(-0.16,-2.22,0.));
#895 = VECTOR('',#896,1.);
#896 = DIRECTION('',(-1.,0.,0.));
#897 = ORIENTED_EDGE('',*,*,#898,.F.);
#898 = EDGE_CURVE('',#899,#889,#901,.T.);
#899 = VERTEX_POINT('',#900);
#900 = CARTESIAN_POINT('',(0.32,-2.86,0.));
#901 = LINE('',#902,#903);
#902 = CARTESIAN_POINT('',(0.32,-3.335,0.));
#903 = VECTOR('',#904,1.);
#904 = DIRECTION('',(0.,1.,0.));
#905 = ORIENTED_EDGE('',*,*,#906,.T.);
#906 = EDGE_CURVE('',#899,#907,#909,.T.);
#907 = VERTEX_POINT('',#908);
#908 = CARTESIAN_POINT('',(-0.32,-2.86,0.));
#909 = LINE('',#910,#911);
#910 = CARTESIAN_POINT('',(-0.16,-2.86,0.));
#911 = VECTOR('',#912,1.);
#912 = DIRECTION('',(-1.,0.,0.));
#913 = ORIENTED_EDGE('',*,*,#914,.T.);
#914 = EDGE_CURVE('',#907,#891,#915,.T.);
#915 = LINE('',#916,#917);
#916 = CARTESIAN_POINT('',(-0.32,-3.335,0.));
#917 = VECTOR('',#918,1.);
#918 = DIRECTION('',(0.,1.,0.));
#919 = PLANE('',#920);
#920 = AXIS2_PLACEMENT_3D('',#921,#922,#923);
#921 = CARTESIAN_POINT('',(4.259053689278E-17,-3.81,0.));
#922 = DIRECTION('',(0.,0.,1.));
#923 = DIRECTION('',(1.,0.,-0.));
#924 = ADVANCED_FACE('',(#925,#1112,#1146,#1180,#1214),#1248,.T.);
#925 = FACE_BOUND('',#926,.T.);
#926 = EDGE_LOOP('',(#927,#928,#929,#937,#945,#953,#961,#969,#977,#985,
    #993,#1001,#1009,#1017,#1025,#1033,#1041,#1049,#1057,#1065,#1073,
    #1081,#1089,#1097,#1105,#1111));
#927 = ORIENTED_EDGE('',*,*,#507,.T.);
#928 = ORIENTED_EDGE('',*,*,#569,.T.);
#929 = ORIENTED_EDGE('',*,*,#930,.T.);
#930 = EDGE_CURVE('',#570,#931,#933,.T.);
#931 = VERTEX_POINT('',#932);
#932 = CARTESIAN_POINT('',(-1.016,-1.27,2.54));
#933 = LINE('',#934,#935);
#934 = CARTESIAN_POINT('',(-1.27,-1.016,2.54));
#935 = VECTOR('',#936,1.);
#936 = DIRECTION('',(0.707106781187,-0.707106781187,0.));
#937 = ORIENTED_EDGE('',*,*,#938,.T.);
#938 = EDGE_CURVE('',#931,#939,#941,.T.);
#939 = VERTEX_POINT('',#940);
#940 = CARTESIAN_POINT('',(-1.27,-1.524,2.54));
#941 = LINE('',#942,#943);
#942 = CARTESIAN_POINT('',(-1.016,-1.27,2.54));
#943 = VECTOR('',#944,1.);
#944 = DIRECTION('',(-0.707106781187,-0.707106781187,0.));
#945 = ORIENTED_EDGE('',*,*,#946,.T.);
#946 = EDGE_CURVE('',#939,#947,#949,.T.);
#947 = VERTEX_POINT('',#948);
#948 = CARTESIAN_POINT('',(-1.27,-3.556,2.54));
#949 = LINE('',#950,#951);
#950 = CARTESIAN_POINT('',(-1.27,-1.524,2.54));
#951 = VECTOR('',#952,1.);
#952 = DIRECTION('',(0.,-1.,0.));
#953 = ORIENTED_EDGE('',*,*,#954,.T.);
#954 = EDGE_CURVE('',#947,#955,#957,.T.);
#955 = VERTEX_POINT('',#956);
#956 = CARTESIAN_POINT('',(-1.016,-3.81,2.54));
#957 = LINE('',#958,#959);
#958 = CARTESIAN_POINT('',(-1.27,-3.556,2.54));
#959 = VECTOR('',#960,1.);
#960 = DIRECTION('',(0.707106781187,-0.707106781187,0.));
#961 = ORIENTED_EDGE('',*,*,#962,.T.);
#962 = EDGE_CURVE('',#955,#963,#965,.T.);
#963 = VERTEX_POINT('',#964);
#964 = CARTESIAN_POINT('',(-1.27,-4.064,2.54));
#965 = LINE('',#966,#967);
#966 = CARTESIAN_POINT('',(-1.016,-3.81,2.54));
#967 = VECTOR('',#968,1.);
#968 = DIRECTION('',(-0.707106781187,-0.707106781187,0.));
#969 = ORIENTED_EDGE('',*,*,#970,.T.);
#970 = EDGE_CURVE('',#963,#971,#973,.T.);
#971 = VERTEX_POINT('',#972);
#972 = CARTESIAN_POINT('',(-1.27,-6.096,2.54));
#973 = LINE('',#974,#975);
#974 = CARTESIAN_POINT('',(-1.27,-4.064,2.54));
#975 = VECTOR('',#976,1.);
#976 = DIRECTION('',(0.,-1.,0.));
#977 = ORIENTED_EDGE('',*,*,#978,.T.);
#978 = EDGE_CURVE('',#971,#979,#981,.T.);
#979 = VERTEX_POINT('',#980);
#980 = CARTESIAN_POINT('',(-1.016,-6.35,2.54));
#981 = LINE('',#982,#983);
#982 = CARTESIAN_POINT('',(-1.27,-6.096,2.54));
#983 = VECTOR('',#984,1.);
#984 = DIRECTION('',(0.707106781187,-0.707106781187,0.));
#985 = ORIENTED_EDGE('',*,*,#986,.T.);
#986 = EDGE_CURVE('',#979,#987,#989,.T.);
#987 = VERTEX_POINT('',#988);
#988 = CARTESIAN_POINT('',(-1.27,-6.604,2.54));
#989 = LINE('',#990,#991);
#990 = CARTESIAN_POINT('',(-1.016,-6.35,2.54));
#991 = VECTOR('',#992,1.);
#992 = DIRECTION('',(-0.707106781187,-0.707106781187,0.));
#993 = ORIENTED_EDGE('',*,*,#994,.T.);
#994 = EDGE_CURVE('',#987,#995,#997,.T.);
#995 = VERTEX_POINT('',#996);
#996 = CARTESIAN_POINT('',(-1.27,-8.636,2.54));
#997 = LINE('',#998,#999);
#998 = CARTESIAN_POINT('',(-1.27,-6.604,2.54));
#999 = VECTOR('',#1000,1.);
#1000 = DIRECTION('',(0.,-1.,0.));
#1001 = ORIENTED_EDGE('',*,*,#1002,.T.);
#1002 = EDGE_CURVE('',#995,#1003,#1005,.T.);
#1003 = VERTEX_POINT('',#1004);
#1004 = CARTESIAN_POINT('',(-1.016,-8.89,2.54));
#1005 = LINE('',#1006,#1007);
#1006 = CARTESIAN_POINT('',(-1.27,-8.636,2.54));
#1007 = VECTOR('',#1008,1.);
#1008 = DIRECTION('',(0.707106781187,-0.707106781187,0.));
#1009 = ORIENTED_EDGE('',*,*,#1010,.T.);
#1010 = EDGE_CURVE('',#1003,#1011,#1013,.T.);
#1011 = VERTEX_POINT('',#1012);
#1012 = CARTESIAN_POINT('',(1.016,-8.89,2.54));
#1013 = LINE('',#1014,#1015);
#1014 = CARTESIAN_POINT('',(-1.016,-8.89,2.54));
#1015 = VECTOR('',#1016,1.);
#1016 = DIRECTION('',(1.,0.,0.));
#1017 = ORIENTED_EDGE('',*,*,#1018,.T.);
#1018 = EDGE_CURVE('',#1011,#1019,#1021,.T.);
#1019 = VERTEX_POINT('',#1020);
#1020 = CARTESIAN_POINT('',(1.27,-8.636,2.54));
#1021 = LINE('',#1022,#1023);
#1022 = CARTESIAN_POINT('',(1.016,-8.89,2.54));
#1023 = VECTOR('',#1024,1.);
#1024 = DIRECTION('',(0.707106781187,0.707106781187,0.));
#1025 = ORIENTED_EDGE('',*,*,#1026,.T.);
#1026 = EDGE_CURVE('',#1019,#1027,#1029,.T.);
#1027 = VERTEX_POINT('',#1028);
#1028 = CARTESIAN_POINT('',(1.27,-6.604,2.54));
#1029 = LINE('',#1030,#1031);
#1030 = CARTESIAN_POINT('',(1.27,-8.636,2.54));
#1031 = VECTOR('',#1032,1.);
#1032 = DIRECTION('',(0.,1.,0.));
#1033 = ORIENTED_EDGE('',*,*,#1034,.T.);
#1034 = EDGE_CURVE('',#1027,#1035,#1037,.T.);
#1035 = VERTEX_POINT('',#1036);
#1036 = CARTESIAN_POINT('',(1.016,-6.35,2.54));
#1037 = LINE('',#1038,#1039);
#1038 = CARTESIAN_POINT('',(1.27,-6.604,2.54));
#1039 = VECTOR('',#1040,1.);
#1040 = DIRECTION('',(-0.707106781187,0.707106781187,0.));
#1041 = ORIENTED_EDGE('',*,*,#1042,.T.);
#1042 = EDGE_CURVE('',#1035,#1043,#1045,.T.);
#1043 = VERTEX_POINT('',#1044);
#1044 = CARTESIAN_POINT('',(1.27,-6.096,2.54));
#1045 = LINE('',#1046,#1047);
#1046 = CARTESIAN_POINT('',(1.016,-6.35,2.54));
#1047 = VECTOR('',#1048,1.);
#1048 = DIRECTION('',(0.707106781187,0.707106781187,0.));
#1049 = ORIENTED_EDGE('',*,*,#1050,.T.);
#1050 = EDGE_CURVE('',#1043,#1051,#1053,.T.);
#1051 = VERTEX_POINT('',#1052);
#1052 = CARTESIAN_POINT('',(1.27,-4.064,2.54));
#1053 = LINE('',#1054,#1055);
#1054 = CARTESIAN_POINT('',(1.27,-6.096,2.54));
#1055 = VECTOR('',#1056,1.);
#1056 = DIRECTION('',(0.,1.,0.));
#1057 = ORIENTED_EDGE('',*,*,#1058,.T.);
#1058 = EDGE_CURVE('',#1051,#1059,#1061,.T.);
#1059 = VERTEX_POINT('',#1060);
#1060 = CARTESIAN_POINT('',(1.016,-3.81,2.54));
#1061 = LINE('',#1062,#1063);
#1062 = CARTESIAN_POINT('',(1.27,-4.064,2.54));
#1063 = VECTOR('',#1064,1.);
#1064 = DIRECTION('',(-0.707106781187,0.707106781187,0.));
#1065 = ORIENTED_EDGE('',*,*,#1066,.T.);
#1066 = EDGE_CURVE('',#1059,#1067,#1069,.T.);
#1067 = VERTEX_POINT('',#1068);
#1068 = CARTESIAN_POINT('',(1.27,-3.556,2.54));
#1069 = LINE('',#1070,#1071);
#1070 = CARTESIAN_POINT('',(1.016,-3.81,2.54));
#1071 = VECTOR('',#1072,1.);
#1072 = DIRECTION('',(0.707106781187,0.707106781187,0.));
#1073 = ORIENTED_EDGE('',*,*,#1074,.T.);
#1074 = EDGE_CURVE('',#1067,#1075,#1077,.T.);
#1075 = VERTEX_POINT('',#1076);
#1076 = CARTESIAN_POINT('',(1.27,-1.524,2.54));
#1077 = LINE('',#1078,#1079);
#1078 = CARTESIAN_POINT('',(1.27,-3.556,2.54));
#1079 = VECTOR('',#1080,1.);
#1080 = DIRECTION('',(0.,1.,0.));
#1081 = ORIENTED_EDGE('',*,*,#1082,.T.);
#1082 = EDGE_CURVE('',#1075,#1083,#1085,.T.);
#1083 = VERTEX_POINT('',#1084);
#1084 = CARTESIAN_POINT('',(1.016,-1.27,2.54));
#1085 = LINE('',#1086,#1087);
#1086 = CARTESIAN_POINT('',(1.27,-1.524,2.54));
#1087 = VECTOR('',#1088,1.);
#1088 = DIRECTION('',(-0.707106781187,0.707106781187,0.));
#1089 = ORIENTED_EDGE('',*,*,#1090,.T.);
#1090 = EDGE_CURVE('',#1083,#1091,#1093,.T.);
#1091 = VERTEX_POINT('',#1092);
#1092 = CARTESIAN_POINT('',(1.27,-1.016,2.54));
#1093 = LINE('',#1094,#1095);
#1094 = CARTESIAN_POINT('',(1.016,-1.27,2.54));
#1095 = VECTOR('',#1096,1.);
#1096 = DIRECTION('',(0.707106781187,0.707106781187,0.));
#1097 = ORIENTED_EDGE('',*,*,#1098,.T.);
#1098 = EDGE_CURVE('',#1091,#1099,#1101,.T.);
#1099 = VERTEX_POINT('',#1100);
#1100 = CARTESIAN_POINT('',(1.27,1.016,2.54));
#1101 = LINE('',#1102,#1103);
#1102 = CARTESIAN_POINT('',(1.27,-1.016,2.54));
#1103 = VECTOR('',#1104,1.);
#1104 = DIRECTION('',(0.,1.,0.));
#1105 = ORIENTED_EDGE('',*,*,#1106,.T.);
#1106 = EDGE_CURVE('',#1099,#540,#1107,.T.);
#1107 = LINE('',#1108,#1109);
#1108 = CARTESIAN_POINT('',(1.27,1.016,2.54));
#1109 = VECTOR('',#1110,1.);
#1110 = DIRECTION('',(-0.707106781187,0.707106781187,0.));
#1111 = ORIENTED_EDGE('',*,*,#547,.T.);
#1112 = FACE_BOUND('',#1113,.T.);
#1113 = EDGE_LOOP('',(#1114,#1124,#1132,#1140));
#1114 = ORIENTED_EDGE('',*,*,#1115,.F.);
#1115 = EDGE_CURVE('',#1116,#1118,#1120,.T.);
#1116 = VERTEX_POINT('',#1117);
#1117 = CARTESIAN_POINT('',(0.32,-4.76,2.54));
#1118 = VERTEX_POINT('',#1119);
#1119 = CARTESIAN_POINT('',(-0.32,-4.76,2.54));
#1120 = LINE('',#1121,#1122);
#1121 = CARTESIAN_POINT('',(-0.16,-4.76,2.54));
#1122 = VECTOR('',#1123,1.);
#1123 = DIRECTION('',(-1.,0.,0.));
#1124 = ORIENTED_EDGE('',*,*,#1125,.F.);
#1125 = EDGE_CURVE('',#1126,#1116,#1128,.T.);
#1126 = VERTEX_POINT('',#1127);
#1127 = CARTESIAN_POINT('',(0.32,-5.4,2.54));
#1128 = LINE('',#1129,#1130);
#1129 = CARTESIAN_POINT('',(0.32,-4.605,2.54));
#1130 = VECTOR('',#1131,1.);
#1131 = DIRECTION('',(0.,1.,0.));
#1132 = ORIENTED_EDGE('',*,*,#1133,.T.);
#1133 = EDGE_CURVE('',#1126,#1134,#1136,.T.);
#1134 = VERTEX_POINT('',#1135);
#1135 = CARTESIAN_POINT('',(-0.32,-5.4,2.54));
#1136 = LINE('',#1137,#1138);
#1137 = CARTESIAN_POINT('',(-0.16,-5.4,2.54));
#1138 = VECTOR('',#1139,1.);
#1139 = DIRECTION('',(-1.,0.,0.));
#1140 = ORIENTED_EDGE('',*,*,#1141,.T.);
#1141 = EDGE_CURVE('',#1134,#1118,#1142,.T.);
#1142 = LINE('',#1143,#1144);
#1143 = CARTESIAN_POINT('',(-0.32,-4.605,2.54));
#1144 = VECTOR('',#1145,1.);
#1145 = DIRECTION('',(0.,1.,0.));
#1146 = FACE_BOUND('',#1147,.T.);
#1147 = EDGE_LOOP('',(#1148,#1158,#1166,#1174));
#1148 = ORIENTED_EDGE('',*,*,#1149,.F.);
#1149 = EDGE_CURVE('',#1150,#1152,#1154,.T.);
#1150 = VERTEX_POINT('',#1151);
#1151 = CARTESIAN_POINT('',(0.32,-7.94,2.54));
#1152 = VERTEX_POINT('',#1153);
#1153 = CARTESIAN_POINT('',(0.32,-7.3,2.54));
#1154 = LINE('',#1155,#1156);
#1155 = CARTESIAN_POINT('',(0.32,-5.875,2.54));
#1156 = VECTOR('',#1157,1.);
#1157 = DIRECTION('',(0.,1.,0.));
#1158 = ORIENTED_EDGE('',*,*,#1159,.T.);
#1159 = EDGE_CURVE('',#1150,#1160,#1162,.T.);
#1160 = VERTEX_POINT('',#1161);
#1161 = CARTESIAN_POINT('',(-0.32,-7.94,2.54));
#1162 = LINE('',#1163,#1164);
#1163 = CARTESIAN_POINT('',(-0.16,-7.94,2.54));
#1164 = VECTOR('',#1165,1.);
#1165 = DIRECTION('',(-1.,0.,0.));
#1166 = ORIENTED_EDGE('',*,*,#1167,.T.);
#1167 = EDGE_CURVE('',#1160,#1168,#1170,.T.);
#1168 = VERTEX_POINT('',#1169);
#1169 = CARTESIAN_POINT('',(-0.32,-7.3,2.54));
#1170 = LINE('',#1171,#1172);
#1171 = CARTESIAN_POINT('',(-0.32,-5.875,2.54));
#1172 = VECTOR('',#1173,1.);
#1173 = DIRECTION('',(0.,1.,0.));
#1174 = ORIENTED_EDGE('',*,*,#1175,.F.);
#1175 = EDGE_CURVE('',#1152,#1168,#1176,.T.);
#1176 = LINE('',#1177,#1178);
#1177 = CARTESIAN_POINT('',(-0.16,-7.3,2.54));
#1178 = VECTOR('',#1179,1.);
#1179 = DIRECTION('',(-1.,0.,0.));
#1180 = FACE_BOUND('',#1181,.T.);
#1181 = EDGE_LOOP('',(#1182,#1192,#1200,#1208));
#1182 = ORIENTED_EDGE('',*,*,#1183,.F.);
#1183 = EDGE_CURVE('',#1184,#1186,#1188,.T.);
#1184 = VERTEX_POINT('',#1185);
#1185 = CARTESIAN_POINT('',(0.32,-0.32,2.54));
#1186 = VERTEX_POINT('',#1187);
#1187 = CARTESIAN_POINT('',(0.32,0.32,2.54));
#1188 = LINE('',#1189,#1190);
#1189 = CARTESIAN_POINT('',(0.32,-2.065,2.54));
#1190 = VECTOR('',#1191,1.);
#1191 = DIRECTION('',(0.,1.,0.));
#1192 = ORIENTED_EDGE('',*,*,#1193,.T.);
#1193 = EDGE_CURVE('',#1184,#1194,#1196,.T.);
#1194 = VERTEX_POINT('',#1195);
#1195 = CARTESIAN_POINT('',(-0.32,-0.32,2.54));
#1196 = LINE('',#1197,#1198);
#1197 = CARTESIAN_POINT('',(-0.16,-0.32,2.54));
#1198 = VECTOR('',#1199,1.);
#1199 = DIRECTION('',(-1.,0.,0.));
#1200 = ORIENTED_EDGE('',*,*,#1201,.T.);
#1201 = EDGE_CURVE('',#1194,#1202,#1204,.T.);
#1202 = VERTEX_POINT('',#1203);
#1203 = CARTESIAN_POINT('',(-0.32,0.32,2.54));
#1204 = LINE('',#1205,#1206);
#1205 = CARTESIAN_POINT('',(-0.32,-2.065,2.54));
#1206 = VECTOR('',#1207,1.);
#1207 = DIRECTION('',(0.,1.,0.));
#1208 = ORIENTED_EDGE('',*,*,#1209,.F.);
#1209 = EDGE_CURVE('',#1186,#1202,#1210,.T.);
#1210 = LINE('',#1211,#1212);
#1211 = CARTESIAN_POINT('',(-0.16,0.32,2.54));
#1212 = VECTOR('',#1213,1.);
#1213 = DIRECTION('',(-1.,0.,0.));
#1214 = FACE_BOUND('',#1215,.T.);
#1215 = EDGE_LOOP('',(#1216,#1226,#1234,#1242));
#1216 = ORIENTED_EDGE('',*,*,#1217,.F.);
#1217 = EDGE_CURVE('',#1218,#1220,#1222,.T.);
#1218 = VERTEX_POINT('',#1219);
#1219 = CARTESIAN_POINT('',(0.32,-2.22,2.54));
#1220 = VERTEX_POINT('',#1221);
#1221 = CARTESIAN_POINT('',(-0.32,-2.22,2.54));
#1222 = LINE('',#1223,#1224);
#1223 = CARTESIAN_POINT('',(-0.16,-2.22,2.54));
#1224 = VECTOR('',#1225,1.);
#1225 = DIRECTION('',(-1.,0.,0.));
#1226 = ORIENTED_EDGE('',*,*,#1227,.F.);
#1227 = EDGE_CURVE('',#1228,#1218,#1230,.T.);
#1228 = VERTEX_POINT('',#1229);
#1229 = CARTESIAN_POINT('',(0.32,-2.86,2.54));
#1230 = LINE('',#1231,#1232);
#1231 = CARTESIAN_POINT('',(0.32,-3.335,2.54));
#1232 = VECTOR('',#1233,1.);
#1233 = DIRECTION('',(0.,1.,0.));
#1234 = ORIENTED_EDGE('',*,*,#1235,.T.);
#1235 = EDGE_CURVE('',#1228,#1236,#1238,.T.);
#1236 = VERTEX_POINT('',#1237);
#1237 = CARTESIAN_POINT('',(-0.32,-2.86,2.54));
#1238 = LINE('',#1239,#1240);
#1239 = CARTESIAN_POINT('',(-0.16,-2.86,2.54));
#1240 = VECTOR('',#1241,1.);
#1241 = DIRECTION('',(-1.,0.,0.));
#1242 = ORIENTED_EDGE('',*,*,#1243,.T.);
#1243 = EDGE_CURVE('',#1236,#1220,#1244,.T.);
#1244 = LINE('',#1245,#1246);
#1245 = CARTESIAN_POINT('',(-0.32,-3.335,2.54));
#1246 = VECTOR('',#1247,1.);
#1247 = DIRECTION('',(0.,1.,0.));
#1248 = PLANE('',#1249);
#1249 = AXIS2_PLACEMENT_3D('',#1250,#1251,#1252);
#1250 = CARTESIAN_POINT('',(4.259053689278E-17,-3.81,2.54));
#1251 = DIRECTION('',(0.,0.,1.));
#1252 = DIRECTION('',(1.,0.,-0.));
#1253 = ADVANCED_FACE('',(#1254),#1265,.F.);
#1254 = FACE_BOUND('',#1255,.F.);
#1255 = EDGE_LOOP('',(#1256,#1262,#1263,#1264));
#1256 = ORIENTED_EDGE('',*,*,#1257,.T.);
#1257 = EDGE_CURVE('',#770,#1099,#1258,.T.);
#1258 = LINE('',#1259,#1260);
#1259 = CARTESIAN_POINT('',(1.27,1.016,0.));
#1260 = VECTOR('',#1261,1.);
#1261 = DIRECTION('',(0.,0.,1.));
#1262 = ORIENTED_EDGE('',*,*,#1106,.T.);
#1263 = ORIENTED_EDGE('',*,*,#537,.F.);
#1264 = ORIENTED_EDGE('',*,*,#777,.F.);
#1265 = PLANE('',#1266);
#1266 = AXIS2_PLACEMENT_3D('',#1267,#1268,#1269);
#1267 = CARTESIAN_POINT('',(1.27,1.016,0.));
#1268 = DIRECTION('',(-0.707106781187,-0.707106781187,0.));
#1269 = DIRECTION('',(-0.707106781187,0.707106781187,0.));
#1270 = ADVANCED_FACE('',(#1271),#1282,.F.);
#1271 = FACE_BOUND('',#1272,.F.);
#1272 = EDGE_LOOP('',(#1273,#1274,#1275,#1281));
#1273 = ORIENTED_EDGE('',*,*,#577,.T.);
#1274 = ORIENTED_EDGE('',*,*,#930,.T.);
#1275 = ORIENTED_EDGE('',*,*,#1276,.F.);
#1276 = EDGE_CURVE('',#602,#931,#1277,.T.);
#1277 = LINE('',#1278,#1279);
#1278 = CARTESIAN_POINT('',(-1.016,-1.27,0.));
#1279 = VECTOR('',#1280,1.);
#1280 = DIRECTION('',(0.,0.,1.));
#1281 = ORIENTED_EDGE('',*,*,#601,.F.);
#1282 = PLANE('',#1283);
#1283 = AXIS2_PLACEMENT_3D('',#1284,#1285,#1286);
#1284 = CARTESIAN_POINT('',(-1.27,-1.016,0.));
#1285 = DIRECTION('',(0.707106781187,0.707106781187,0.));
#1286 = DIRECTION('',(0.707106781187,-0.707106781187,0.));
#1287 = ADVANCED_FACE('',(#1288),#1299,.F.);
#1288 = FACE_BOUND('',#1289,.F.);
#1289 = EDGE_LOOP('',(#1290,#1296,#1297,#1298));
#1290 = ORIENTED_EDGE('',*,*,#1291,.T.);
#1291 = EDGE_CURVE('',#762,#1091,#1292,.T.);
#1292 = LINE('',#1293,#1294);
#1293 = CARTESIAN_POINT('',(1.27,-1.016,0.));
#1294 = VECTOR('',#1295,1.);
#1295 = DIRECTION('',(0.,0.,1.));
#1296 = ORIENTED_EDGE('',*,*,#1098,.T.);
#1297 = ORIENTED_EDGE('',*,*,#1257,.F.);
#1298 = ORIENTED_EDGE('',*,*,#769,.F.);
#1299 = PLANE('',#1300);
#1300 = AXIS2_PLACEMENT_3D('',#1301,#1302,#1303);
#1301 = CARTESIAN_POINT('',(1.27,-1.016,0.));
#1302 = DIRECTION('',(-1.,0.,0.));
#1303 = DIRECTION('',(0.,1.,0.));
#1304 = ADVANCED_FACE('',(#1305),#1316,.F.);
#1305 = FACE_BOUND('',#1306,.F.);
#1306 = EDGE_LOOP('',(#1307,#1308,#1309,#1315));
#1307 = ORIENTED_EDGE('',*,*,#1276,.T.);
#1308 = ORIENTED_EDGE('',*,*,#938,.T.);
#1309 = ORIENTED_EDGE('',*,*,#1310,.F.);
#1310 = EDGE_CURVE('',#610,#939,#1311,.T.);
#1311 = LINE('',#1312,#1313);
#1312 = CARTESIAN_POINT('',(-1.27,-1.524,0.));
#1313 = VECTOR('',#1314,1.);
#1314 = DIRECTION('',(0.,0.,1.));
#1315 = ORIENTED_EDGE('',*,*,#609,.F.);
#1316 = PLANE('',#1317);
#1317 = AXIS2_PLACEMENT_3D('',#1318,#1319,#1320);
#1318 = CARTESIAN_POINT('',(-1.016,-1.27,0.));
#1319 = DIRECTION('',(0.707106781187,-0.707106781187,0.));
#1320 = DIRECTION('',(-0.707106781187,-0.707106781187,0.));
#1321 = ADVANCED_FACE('',(#1322),#1333,.F.);
#1322 = FACE_BOUND('',#1323,.F.);
#1323 = EDGE_LOOP('',(#1324,#1330,#1331,#1332));
#1324 = ORIENTED_EDGE('',*,*,#1325,.T.);
#1325 = EDGE_CURVE('',#754,#1083,#1326,.T.);
#1326 = LINE('',#1327,#1328);
#1327 = CARTESIAN_POINT('',(1.016,-1.27,0.));
#1328 = VECTOR('',#1329,1.);
#1329 = DIRECTION('',(0.,0.,1.));
#1330 = ORIENTED_EDGE('',*,*,#1090,.T.);
#1331 = ORIENTED_EDGE('',*,*,#1291,.F.);
#1332 = ORIENTED_EDGE('',*,*,#761,.F.);
#1333 = PLANE('',#1334);
#1334 = AXIS2_PLACEMENT_3D('',#1335,#1336,#1337);
#1335 = CARTESIAN_POINT('',(1.016,-1.27,0.));
#1336 = DIRECTION('',(-0.707106781187,0.707106781187,0.));
#1337 = DIRECTION('',(0.707106781187,0.707106781187,0.));
#1338 = ADVANCED_FACE('',(#1339),#1350,.F.);
#1339 = FACE_BOUND('',#1340,.F.);
#1340 = EDGE_LOOP('',(#1341,#1342,#1343,#1349));
#1341 = ORIENTED_EDGE('',*,*,#1310,.T.);
#1342 = ORIENTED_EDGE('',*,*,#946,.T.);
#1343 = ORIENTED_EDGE('',*,*,#1344,.F.);
#1344 = EDGE_CURVE('',#618,#947,#1345,.T.);
#1345 = LINE('',#1346,#1347);
#1346 = CARTESIAN_POINT('',(-1.27,-3.556,0.));
#1347 = VECTOR('',#1348,1.);
#1348 = DIRECTION('',(0.,0.,1.));
#1349 = ORIENTED_EDGE('',*,*,#617,.F.);
#1350 = PLANE('',#1351);
#1351 = AXIS2_PLACEMENT_3D('',#1352,#1353,#1354);
#1352 = CARTESIAN_POINT('',(-1.27,-1.524,0.));
#1353 = DIRECTION('',(1.,0.,0.));
#1354 = DIRECTION('',(0.,-1.,0.));
#1355 = ADVANCED_FACE('',(#1356),#1367,.F.);
#1356 = FACE_BOUND('',#1357,.F.);
#1357 = EDGE_LOOP('',(#1358,#1364,#1365,#1366));
#1358 = ORIENTED_EDGE('',*,*,#1359,.T.);
#1359 = EDGE_CURVE('',#746,#1075,#1360,.T.);
#1360 = LINE('',#1361,#1362);
#1361 = CARTESIAN_POINT('',(1.27,-1.524,0.));
#1362 = VECTOR('',#1363,1.);
#1363 = DIRECTION('',(0.,0.,1.));
#1364 = ORIENTED_EDGE('',*,*,#1082,.T.);
#1365 = ORIENTED_EDGE('',*,*,#1325,.F.);
#1366 = ORIENTED_EDGE('',*,*,#753,.F.);
#1367 = PLANE('',#1368);
#1368 = AXIS2_PLACEMENT_3D('',#1369,#1370,#1371);
#1369 = CARTESIAN_POINT('',(1.27,-1.524,0.));
#1370 = DIRECTION('',(-0.707106781187,-0.707106781187,0.));
#1371 = DIRECTION('',(-0.707106781187,0.707106781187,0.));
#1372 = ADVANCED_FACE('',(#1373),#1384,.F.);
#1373 = FACE_BOUND('',#1374,.F.);
#1374 = EDGE_LOOP('',(#1375,#1376,#1377,#1383));
#1375 = ORIENTED_EDGE('',*,*,#1344,.T.);
#1376 = ORIENTED_EDGE('',*,*,#954,.T.);
#1377 = ORIENTED_EDGE('',*,*,#1378,.F.);
#1378 = EDGE_CURVE('',#626,#955,#1379,.T.);
#1379 = LINE('',#1380,#1381);
#1380 = CARTESIAN_POINT('',(-1.016,-3.81,0.));
#1381 = VECTOR('',#1382,1.);
#1382 = DIRECTION('',(0.,0.,1.));
#1383 = ORIENTED_EDGE('',*,*,#625,.F.);
#1384 = PLANE('',#1385);
#1385 = AXIS2_PLACEMENT_3D('',#1386,#1387,#1388);
#1386 = CARTESIAN_POINT('',(-1.27,-3.556,0.));
#1387 = DIRECTION('',(0.707106781187,0.707106781187,0.));
#1388 = DIRECTION('',(0.707106781187,-0.707106781187,0.));
#1389 = ADVANCED_FACE('',(#1390),#1401,.F.);
#1390 = FACE_BOUND('',#1391,.F.);
#1391 = EDGE_LOOP('',(#1392,#1398,#1399,#1400));
#1392 = ORIENTED_EDGE('',*,*,#1393,.T.);
#1393 = EDGE_CURVE('',#738,#1067,#1394,.T.);
#1394 = LINE('',#1395,#1396);
#1395 = CARTESIAN_POINT('',(1.27,-3.556,0.));
#1396 = VECTOR('',#1397,1.);
#1397 = DIRECTION('',(0.,0.,1.));
#1398 = ORIENTED_EDGE('',*,*,#1074,.T.);
#1399 = ORIENTED_EDGE('',*,*,#1359,.F.);
#1400 = ORIENTED_EDGE('',*,*,#745,.F.);
#1401 = PLANE('',#1402);
#1402 = AXIS2_PLACEMENT_3D('',#1403,#1404,#1405);
#1403 = CARTESIAN_POINT('',(1.27,-3.556,0.));
#1404 = DIRECTION('',(-1.,0.,0.));
#1405 = DIRECTION('',(0.,1.,0.));
#1406 = ADVANCED_FACE('',(#1407),#1418,.F.);
#1407 = FACE_BOUND('',#1408,.F.);
#1408 = EDGE_LOOP('',(#1409,#1410,#1411,#1417));
#1409 = ORIENTED_EDGE('',*,*,#1378,.T.);
#1410 = ORIENTED_EDGE('',*,*,#962,.T.);
#1411 = ORIENTED_EDGE('',*,*,#1412,.F.);
#1412 = EDGE_CURVE('',#634,#963,#1413,.T.);
#1413 = LINE('',#1414,#1415);
#1414 = CARTESIAN_POINT('',(-1.27,-4.064,0.));
#1415 = VECTOR('',#1416,1.);
#1416 = DIRECTION('',(0.,0.,1.));
#1417 = ORIENTED_EDGE('',*,*,#633,.F.);
#1418 = PLANE('',#1419);
#1419 = AXIS2_PLACEMENT_3D('',#1420,#1421,#1422);
#1420 = CARTESIAN_POINT('',(-1.016,-3.81,0.));
#1421 = DIRECTION('',(0.707106781187,-0.707106781187,0.));
#1422 = DIRECTION('',(-0.707106781187,-0.707106781187,0.));
#1423 = ADVANCED_FACE('',(#1424),#1435,.F.);
#1424 = FACE_BOUND('',#1425,.F.);
#1425 = EDGE_LOOP('',(#1426,#1432,#1433,#1434));
#1426 = ORIENTED_EDGE('',*,*,#1427,.T.);
#1427 = EDGE_CURVE('',#730,#1059,#1428,.T.);
#1428 = LINE('',#1429,#1430);
#1429 = CARTESIAN_POINT('',(1.016,-3.81,0.));
#1430 = VECTOR('',#1431,1.);
#1431 = DIRECTION('',(0.,0.,1.));
#1432 = ORIENTED_EDGE('',*,*,#1066,.T.);
#1433 = ORIENTED_EDGE('',*,*,#1393,.F.);
#1434 = ORIENTED_EDGE('',*,*,#737,.F.);
#1435 = PLANE('',#1436);
#1436 = AXIS2_PLACEMENT_3D('',#1437,#1438,#1439);
#1437 = CARTESIAN_POINT('',(1.016,-3.81,0.));
#1438 = DIRECTION('',(-0.707106781187,0.707106781187,0.));
#1439 = DIRECTION('',(0.707106781187,0.707106781187,0.));
#1440 = ADVANCED_FACE('',(#1441),#1452,.F.);
#1441 = FACE_BOUND('',#1442,.F.);
#1442 = EDGE_LOOP('',(#1443,#1444,#1445,#1451));
#1443 = ORIENTED_EDGE('',*,*,#1412,.T.);
#1444 = ORIENTED_EDGE('',*,*,#970,.T.);
#1445 = ORIENTED_EDGE('',*,*,#1446,.F.);
#1446 = EDGE_CURVE('',#642,#971,#1447,.T.);
#1447 = LINE('',#1448,#1449);
#1448 = CARTESIAN_POINT('',(-1.27,-6.096,0.));
#1449 = VECTOR('',#1450,1.);
#1450 = DIRECTION('',(0.,0.,1.));
#1451 = ORIENTED_EDGE('',*,*,#641,.F.);
#1452 = PLANE('',#1453);
#1453 = AXIS2_PLACEMENT_3D('',#1454,#1455,#1456);
#1454 = CARTESIAN_POINT('',(-1.27,-4.064,0.));
#1455 = DIRECTION('',(1.,0.,0.));
#1456 = DIRECTION('',(0.,-1.,0.));
#1457 = ADVANCED_FACE('',(#1458),#1469,.F.);
#1458 = FACE_BOUND('',#1459,.F.);
#1459 = EDGE_LOOP('',(#1460,#1466,#1467,#1468));
#1460 = ORIENTED_EDGE('',*,*,#1461,.T.);
#1461 = EDGE_CURVE('',#722,#1051,#1462,.T.);
#1462 = LINE('',#1463,#1464);
#1463 = CARTESIAN_POINT('',(1.27,-4.064,0.));
#1464 = VECTOR('',#1465,1.);
#1465 = DIRECTION('',(0.,0.,1.));
#1466 = ORIENTED_EDGE('',*,*,#1058,.T.);
#1467 = ORIENTED_EDGE('',*,*,#1427,.F.);
#1468 = ORIENTED_EDGE('',*,*,#729,.F.);
#1469 = PLANE('',#1470);
#1470 = AXIS2_PLACEMENT_3D('',#1471,#1472,#1473);
#1471 = CARTESIAN_POINT('',(1.27,-4.064,0.));
#1472 = DIRECTION('',(-0.707106781187,-0.707106781187,0.));
#1473 = DIRECTION('',(-0.707106781187,0.707106781187,0.));
#1474 = ADVANCED_FACE('',(#1475),#1486,.F.);
#1475 = FACE_BOUND('',#1476,.F.);
#1476 = EDGE_LOOP('',(#1477,#1478,#1479,#1485));
#1477 = ORIENTED_EDGE('',*,*,#1446,.T.);
#1478 = ORIENTED_EDGE('',*,*,#978,.T.);
#1479 = ORIENTED_EDGE('',*,*,#1480,.F.);
#1480 = EDGE_CURVE('',#650,#979,#1481,.T.);
#1481 = LINE('',#1482,#1483);
#1482 = CARTESIAN_POINT('',(-1.016,-6.35,0.));
#1483 = VECTOR('',#1484,1.);
#1484 = DIRECTION('',(0.,0.,1.));
#1485 = ORIENTED_EDGE('',*,*,#649,.F.);
#1486 = PLANE('',#1487);
#1487 = AXIS2_PLACEMENT_3D('',#1488,#1489,#1490);
#1488 = CARTESIAN_POINT('',(-1.27,-6.096,0.));
#1489 = DIRECTION('',(0.707106781187,0.707106781187,0.));
#1490 = DIRECTION('',(0.707106781187,-0.707106781187,0.));
#1491 = ADVANCED_FACE('',(#1492),#1503,.F.);
#1492 = FACE_BOUND('',#1493,.F.);
#1493 = EDGE_LOOP('',(#1494,#1500,#1501,#1502));
#1494 = ORIENTED_EDGE('',*,*,#1495,.T.);
#1495 = EDGE_CURVE('',#714,#1043,#1496,.T.);
#1496 = LINE('',#1497,#1498);
#1497 = CARTESIAN_POINT('',(1.27,-6.096,0.));
#1498 = VECTOR('',#1499,1.);
#1499 = DIRECTION('',(0.,0.,1.));
#1500 = ORIENTED_EDGE('',*,*,#1050,.T.);
#1501 = ORIENTED_EDGE('',*,*,#1461,.F.);
#1502 = ORIENTED_EDGE('',*,*,#721,.F.);
#1503 = PLANE('',#1504);
#1504 = AXIS2_PLACEMENT_3D('',#1505,#1506,#1507);
#1505 = CARTESIAN_POINT('',(1.27,-6.096,0.));
#1506 = DIRECTION('',(-1.,0.,0.));
#1507 = DIRECTION('',(0.,1.,0.));
#1508 = ADVANCED_FACE('',(#1509),#1520,.F.);
#1509 = FACE_BOUND('',#1510,.F.);
#1510 = EDGE_LOOP('',(#1511,#1512,#1513,#1519));
#1511 = ORIENTED_EDGE('',*,*,#1480,.T.);
#1512 = ORIENTED_EDGE('',*,*,#986,.T.);
#1513 = ORIENTED_EDGE('',*,*,#1514,.F.);
#1514 = EDGE_CURVE('',#658,#987,#1515,.T.);
#1515 = LINE('',#1516,#1517);
#1516 = CARTESIAN_POINT('',(-1.27,-6.604,0.));
#1517 = VECTOR('',#1518,1.);
#1518 = DIRECTION('',(0.,0.,1.));
#1519 = ORIENTED_EDGE('',*,*,#657,.F.);
#1520 = PLANE('',#1521);
#1521 = AXIS2_PLACEMENT_3D('',#1522,#1523,#1524);
#1522 = CARTESIAN_POINT('',(-1.016,-6.35,0.));
#1523 = DIRECTION('',(0.707106781187,-0.707106781187,0.));
#1524 = DIRECTION('',(-0.707106781187,-0.707106781187,0.));
#1525 = ADVANCED_FACE('',(#1526),#1537,.F.);
#1526 = FACE_BOUND('',#1527,.F.);
#1527 = EDGE_LOOP('',(#1528,#1534,#1535,#1536));
#1528 = ORIENTED_EDGE('',*,*,#1529,.T.);
#1529 = EDGE_CURVE('',#706,#1035,#1530,.T.);
#1530 = LINE('',#1531,#1532);
#1531 = CARTESIAN_POINT('',(1.016,-6.35,0.));
#1532 = VECTOR('',#1533,1.);
#1533 = DIRECTION('',(0.,0.,1.));
#1534 = ORIENTED_EDGE('',*,*,#1042,.T.);
#1535 = ORIENTED_EDGE('',*,*,#1495,.F.);
#1536 = ORIENTED_EDGE('',*,*,#713,.F.);
#1537 = PLANE('',#1538);
#1538 = AXIS2_PLACEMENT_3D('',#1539,#1540,#1541);
#1539 = CARTESIAN_POINT('',(1.016,-6.35,0.));
#1540 = DIRECTION('',(-0.707106781187,0.707106781187,0.));
#1541 = DIRECTION('',(0.707106781187,0.707106781187,0.));
#1542 = ADVANCED_FACE('',(#1543),#1554,.F.);
#1543 = FACE_BOUND('',#1544,.F.);
#1544 = EDGE_LOOP('',(#1545,#1546,#1547,#1553));
#1545 = ORIENTED_EDGE('',*,*,#1514,.T.);
#1546 = ORIENTED_EDGE('',*,*,#994,.T.);
#1547 = ORIENTED_EDGE('',*,*,#1548,.F.);
#1548 = EDGE_CURVE('',#666,#995,#1549,.T.);
#1549 = LINE('',#1550,#1551);
#1550 = CARTESIAN_POINT('',(-1.27,-8.636,0.));
#1551 = VECTOR('',#1552,1.);
#1552 = DIRECTION('',(0.,0.,1.));
#1553 = ORIENTED_EDGE('',*,*,#665,.F.);
#1554 = PLANE('',#1555);
#1555 = AXIS2_PLACEMENT_3D('',#1556,#1557,#1558);
#1556 = CARTESIAN_POINT('',(-1.27,-6.604,0.));
#1557 = DIRECTION('',(1.,0.,0.));
#1558 = DIRECTION('',(0.,-1.,0.));
#1559 = ADVANCED_FACE('',(#1560),#1571,.F.);
#1560 = FACE_BOUND('',#1561,.F.);
#1561 = EDGE_LOOP('',(#1562,#1568,#1569,#1570));
#1562 = ORIENTED_EDGE('',*,*,#1563,.T.);
#1563 = EDGE_CURVE('',#698,#1027,#1564,.T.);
#1564 = LINE('',#1565,#1566);
#1565 = CARTESIAN_POINT('',(1.27,-6.604,0.));
#1566 = VECTOR('',#1567,1.);
#1567 = DIRECTION('',(0.,0.,1.));
#1568 = ORIENTED_EDGE('',*,*,#1034,.T.);
#1569 = ORIENTED_EDGE('',*,*,#1529,.F.);
#1570 = ORIENTED_EDGE('',*,*,#705,.F.);
#1571 = PLANE('',#1572);
#1572 = AXIS2_PLACEMENT_3D('',#1573,#1574,#1575);
#1573 = CARTESIAN_POINT('',(1.27,-6.604,0.));
#1574 = DIRECTION('',(-0.707106781187,-0.707106781187,0.));
#1575 = DIRECTION('',(-0.707106781187,0.707106781187,0.));
#1576 = ADVANCED_FACE('',(#1577),#1588,.F.);
#1577 = FACE_BOUND('',#1578,.F.);
#1578 = EDGE_LOOP('',(#1579,#1580,#1581,#1587));
#1579 = ORIENTED_EDGE('',*,*,#1548,.T.);
#1580 = ORIENTED_EDGE('',*,*,#1002,.T.);
#1581 = ORIENTED_EDGE('',*,*,#1582,.F.);
#1582 = EDGE_CURVE('',#674,#1003,#1583,.T.);
#1583 = LINE('',#1584,#1585);
#1584 = CARTESIAN_POINT('',(-1.016,-8.89,0.));
#1585 = VECTOR('',#1586,1.);
#1586 = DIRECTION('',(0.,0.,1.));
#1587 = ORIENTED_EDGE('',*,*,#673,.F.);
#1588 = PLANE('',#1589);
#1589 = AXIS2_PLACEMENT_3D('',#1590,#1591,#1592);
#1590 = CARTESIAN_POINT('',(-1.27,-8.636,0.));
#1591 = DIRECTION('',(0.707106781187,0.707106781187,0.));
#1592 = DIRECTION('',(0.707106781187,-0.707106781187,0.));
#1593 = ADVANCED_FACE('',(#1594),#1605,.F.);
#1594 = FACE_BOUND('',#1595,.F.);
#1595 = EDGE_LOOP('',(#1596,#1602,#1603,#1604));
#1596 = ORIENTED_EDGE('',*,*,#1597,.T.);
#1597 = EDGE_CURVE('',#690,#1019,#1598,.T.);
#1598 = LINE('',#1599,#1600);
#1599 = CARTESIAN_POINT('',(1.27,-8.636,0.));
#1600 = VECTOR('',#1601,1.);
#1601 = DIRECTION('',(0.,0.,1.));
#1602 = ORIENTED_EDGE('',*,*,#1026,.T.);
#1603 = ORIENTED_EDGE('',*,*,#1563,.F.);
#1604 = ORIENTED_EDGE('',*,*,#697,.F.);
#1605 = PLANE('',#1606);
#1606 = AXIS2_PLACEMENT_3D('',#1607,#1608,#1609);
#1607 = CARTESIAN_POINT('',(1.27,-8.636,0.));
#1608 = DIRECTION('',(-1.,0.,0.));
#1609 = DIRECTION('',(0.,1.,0.));
#1610 = ADVANCED_FACE('',(#1611),#1622,.F.);
#1611 = FACE_BOUND('',#1612,.F.);
#1612 = EDGE_LOOP('',(#1613,#1614,#1615,#1621));
#1613 = ORIENTED_EDGE('',*,*,#1582,.T.);
#1614 = ORIENTED_EDGE('',*,*,#1010,.T.);
#1615 = ORIENTED_EDGE('',*,*,#1616,.F.);
#1616 = EDGE_CURVE('',#682,#1011,#1617,.T.);
#1617 = LINE('',#1618,#1619);
#1618 = CARTESIAN_POINT('',(1.016,-8.89,0.));
#1619 = VECTOR('',#1620,1.);
#1620 = DIRECTION('',(0.,0.,1.));
#1621 = ORIENTED_EDGE('',*,*,#681,.F.);
#1622 = PLANE('',#1623);
#1623 = AXIS2_PLACEMENT_3D('',#1624,#1625,#1626);
#1624 = CARTESIAN_POINT('',(-1.016,-8.89,0.));
#1625 = DIRECTION('',(0.,1.,0.));
#1626 = DIRECTION('',(1.,0.,0.));
#1627 = ADVANCED_FACE('',(#1628),#1634,.F.);
#1628 = FACE_BOUND('',#1629,.F.);
#1629 = EDGE_LOOP('',(#1630,#1631,#1632,#1633));
#1630 = ORIENTED_EDGE('',*,*,#1616,.T.);
#1631 = ORIENTED_EDGE('',*,*,#1018,.T.);
#1632 = ORIENTED_EDGE('',*,*,#1597,.F.);
#1633 = ORIENTED_EDGE('',*,*,#689,.F.);
#1634 = PLANE('',#1635);
#1635 = AXIS2_PLACEMENT_3D('',#1636,#1637,#1638);
#1636 = CARTESIAN_POINT('',(1.016,-8.89,0.));
#1637 = DIRECTION('',(-0.707106781187,0.707106781187,0.));
#1638 = DIRECTION('',(0.707106781187,0.707106781187,0.));
#1639 = ADVANCED_FACE('',(#1640),#1665,.T.);
#1640 = FACE_BOUND('',#1641,.T.);
#1641 = EDGE_LOOP('',(#1642,#1650,#1658,#1664));
#1642 = ORIENTED_EDGE('',*,*,#1643,.F.);
#1643 = EDGE_CURVE('',#1644,#787,#1646,.T.);
#1644 = VERTEX_POINT('',#1645);
#1645 = CARTESIAN_POINT('',(0.32,-4.76,-2.84));
#1646 = LINE('',#1647,#1648);
#1647 = CARTESIAN_POINT('',(0.32,-4.76,-3.));
#1648 = VECTOR('',#1649,1.);
#1649 = DIRECTION('',(0.,0.,1.));
#1650 = ORIENTED_EDGE('',*,*,#1651,.F.);
#1651 = EDGE_CURVE('',#1652,#1644,#1654,.T.);
#1652 = VERTEX_POINT('',#1653);
#1653 = CARTESIAN_POINT('',(-0.32,-4.76,-2.84));
#1654 = LINE('',#1655,#1656);
#1655 = CARTESIAN_POINT('',(-0.32,-4.76,-2.84));
#1656 = VECTOR('',#1657,1.);
#1657 = DIRECTION('',(1.,0.,0.));
#1658 = ORIENTED_EDGE('',*,*,#1659,.T.);
#1659 = EDGE_CURVE('',#1652,#789,#1660,.T.);
#1660 = LINE('',#1661,#1662);
#1661 = CARTESIAN_POINT('',(-0.32,-4.76,-3.));
#1662 = VECTOR('',#1663,1.);
#1663 = DIRECTION('',(0.,0.,1.));
#1664 = ORIENTED_EDGE('',*,*,#786,.F.);
#1665 = PLANE('',#1666);
#1666 = AXIS2_PLACEMENT_3D('',#1667,#1668,#1669);
#1667 = CARTESIAN_POINT('',(-0.32,-4.76,-3.));
#1668 = DIRECTION('',(0.,1.,0.));
#1669 = DIRECTION('',(0.,-0.,1.));
#1670 = ADVANCED_FACE('',(#1671),#1689,.F.);
#1671 = FACE_BOUND('',#1672,.F.);
#1672 = EDGE_LOOP('',(#1673,#1681,#1687,#1688));
#1673 = ORIENTED_EDGE('',*,*,#1674,.F.);
#1674 = EDGE_CURVE('',#1675,#805,#1677,.T.);
#1675 = VERTEX_POINT('',#1676);
#1676 = CARTESIAN_POINT('',(-0.32,-5.4,-2.84));
#1677 = LINE('',#1678,#1679);
#1678 = CARTESIAN_POINT('',(-0.32,-5.4,-3.));
#1679 = VECTOR('',#1680,1.);
#1680 = DIRECTION('',(0.,0.,1.));
#1681 = ORIENTED_EDGE('',*,*,#1682,.T.);
#1682 = EDGE_CURVE('',#1675,#1652,#1683,.T.);
#1683 = LINE('',#1684,#1685);
#1684 = CARTESIAN_POINT('',(-0.32,-5.4,-2.84));
#1685 = VECTOR('',#1686,1.);
#1686 = DIRECTION('',(0.,1.,0.));
#1687 = ORIENTED_EDGE('',*,*,#1659,.T.);
#1688 = ORIENTED_EDGE('',*,*,#812,.F.);
#1689 = PLANE('',#1690);
#1690 = AXIS2_PLACEMENT_3D('',#1691,#1692,#1693);
#1691 = CARTESIAN_POINT('',(-0.32,-5.4,-3.));
#1692 = DIRECTION('',(1.,0.,0.));
#1693 = DIRECTION('',(0.,0.,1.));
#1694 = ADVANCED_FACE('',(#1695),#1713,.F.);
#1695 = FACE_BOUND('',#1696,.F.);
#1696 = EDGE_LOOP('',(#1697,#1705,#1711,#1712));
#1697 = ORIENTED_EDGE('',*,*,#1698,.F.);
#1698 = EDGE_CURVE('',#1699,#797,#1701,.T.);
#1699 = VERTEX_POINT('',#1700);
#1700 = CARTESIAN_POINT('',(0.32,-5.4,-2.84));
#1701 = LINE('',#1702,#1703);
#1702 = CARTESIAN_POINT('',(0.32,-5.4,-3.));
#1703 = VECTOR('',#1704,1.);
#1704 = DIRECTION('',(0.,0.,1.));
#1705 = ORIENTED_EDGE('',*,*,#1706,.F.);
#1706 = EDGE_CURVE('',#1675,#1699,#1707,.T.);
#1707 = LINE('',#1708,#1709);
#1708 = CARTESIAN_POINT('',(-0.32,-5.4,-2.84));
#1709 = VECTOR('',#1710,1.);
#1710 = DIRECTION('',(1.,0.,0.));
#1711 = ORIENTED_EDGE('',*,*,#1674,.T.);
#1712 = ORIENTED_EDGE('',*,*,#804,.F.);
#1713 = PLANE('',#1714);
#1714 = AXIS2_PLACEMENT_3D('',#1715,#1716,#1717);
#1715 = CARTESIAN_POINT('',(-0.32,-5.4,-3.));
#1716 = DIRECTION('',(0.,1.,0.));
#1717 = DIRECTION('',(0.,-0.,1.));
#1718 = ADVANCED_FACE('',(#1719),#1730,.T.);
#1719 = FACE_BOUND('',#1720,.T.);
#1720 = EDGE_LOOP('',(#1721,#1722,#1728,#1729));
#1721 = ORIENTED_EDGE('',*,*,#1698,.F.);
#1722 = ORIENTED_EDGE('',*,*,#1723,.T.);
#1723 = EDGE_CURVE('',#1699,#1644,#1724,.T.);
#1724 = LINE('',#1725,#1726);
#1725 = CARTESIAN_POINT('',(0.32,-5.4,-2.84));
#1726 = VECTOR('',#1727,1.);
#1727 = DIRECTION('',(0.,1.,0.));
#1728 = ORIENTED_EDGE('',*,*,#1643,.T.);
#1729 = ORIENTED_EDGE('',*,*,#796,.F.);
#1730 = PLANE('',#1731);
#1731 = AXIS2_PLACEMENT_3D('',#1732,#1733,#1734);
#1732 = CARTESIAN_POINT('',(0.32,-5.4,-3.));
#1733 = DIRECTION('',(1.,0.,0.));
#1734 = DIRECTION('',(0.,0.,1.));
#1735 = ADVANCED_FACE('',(#1736),#1761,.T.);
#1736 = FACE_BOUND('',#1737,.T.);
#1737 = EDGE_LOOP('',(#1738,#1746,#1754,#1760));
#1738 = ORIENTED_EDGE('',*,*,#1739,.F.);
#1739 = EDGE_CURVE('',#1740,#821,#1742,.T.);
#1740 = VERTEX_POINT('',#1741);
#1741 = CARTESIAN_POINT('',(0.32,-7.94,-2.84));
#1742 = LINE('',#1743,#1744);
#1743 = CARTESIAN_POINT('',(0.32,-7.94,-3.));
#1744 = VECTOR('',#1745,1.);
#1745 = DIRECTION('',(0.,0.,1.));
#1746 = ORIENTED_EDGE('',*,*,#1747,.T.);
#1747 = EDGE_CURVE('',#1740,#1748,#1750,.T.);
#1748 = VERTEX_POINT('',#1749);
#1749 = CARTESIAN_POINT('',(0.32,-7.3,-2.84));
#1750 = LINE('',#1751,#1752);
#1751 = CARTESIAN_POINT('',(0.32,-7.94,-2.84));
#1752 = VECTOR('',#1753,1.);
#1753 = DIRECTION('',(0.,1.,0.));
#1754 = ORIENTED_EDGE('',*,*,#1755,.T.);
#1755 = EDGE_CURVE('',#1748,#823,#1756,.T.);
#1756 = LINE('',#1757,#1758);
#1757 = CARTESIAN_POINT('',(0.32,-7.3,-3.));
#1758 = VECTOR('',#1759,1.);
#1759 = DIRECTION('',(0.,0.,1.));
#1760 = ORIENTED_EDGE('',*,*,#820,.F.);
#1761 = PLANE('',#1762);
#1762 = AXIS2_PLACEMENT_3D('',#1763,#1764,#1765);
#1763 = CARTESIAN_POINT('',(0.32,-7.94,-3.));
#1764 = DIRECTION('',(1.,0.,0.));
#1765 = DIRECTION('',(0.,0.,1.));
#1766 = ADVANCED_FACE('',(#1767),#1785,.T.);
#1767 = FACE_BOUND('',#1768,.T.);
#1768 = EDGE_LOOP('',(#1769,#1770,#1778,#1784));
#1769 = ORIENTED_EDGE('',*,*,#1755,.F.);
#1770 = ORIENTED_EDGE('',*,*,#1771,.F.);
#1771 = EDGE_CURVE('',#1772,#1748,#1774,.T.);
#1772 = VERTEX_POINT('',#1773);
#1773 = CARTESIAN_POINT('',(-0.32,-7.3,-2.84));
#1774 = LINE('',#1775,#1776);
#1775 = CARTESIAN_POINT('',(-0.32,-7.3,-2.84));
#1776 = VECTOR('',#1777,1.);
#1777 = DIRECTION('',(1.,0.,0.));
#1778 = ORIENTED_EDGE('',*,*,#1779,.T.);
#1779 = EDGE_CURVE('',#1772,#839,#1780,.T.);
#1780 = LINE('',#1781,#1782);
#1781 = CARTESIAN_POINT('',(-0.32,-7.3,-3.));
#1782 = VECTOR('',#1783,1.);
#1783 = DIRECTION('',(0.,0.,1.));
#1784 = ORIENTED_EDGE('',*,*,#846,.F.);
#1785 = PLANE('',#1786);
#1786 = AXIS2_PLACEMENT_3D('',#1787,#1788,#1789);
#1787 = CARTESIAN_POINT('',(-0.32,-7.3,-3.));
#1788 = DIRECTION('',(0.,1.,0.));
#1789 = DIRECTION('',(0.,-0.,1.));
#1790 = ADVANCED_FACE('',(#1791),#1809,.F.);
#1791 = FACE_BOUND('',#1792,.F.);
#1792 = EDGE_LOOP('',(#1793,#1801,#1807,#1808));
#1793 = ORIENTED_EDGE('',*,*,#1794,.F.);
#1794 = EDGE_CURVE('',#1795,#831,#1797,.T.);
#1795 = VERTEX_POINT('',#1796);
#1796 = CARTESIAN_POINT('',(-0.32,-7.94,-2.84));
#1797 = LINE('',#1798,#1799);
#1798 = CARTESIAN_POINT('',(-0.32,-7.94,-3.));
#1799 = VECTOR('',#1800,1.);
#1800 = DIRECTION('',(0.,0.,1.));
#1801 = ORIENTED_EDGE('',*,*,#1802,.T.);
#1802 = EDGE_CURVE('',#1795,#1772,#1803,.T.);
#1803 = LINE('',#1804,#1805);
#1804 = CARTESIAN_POINT('',(-0.32,-7.94,-2.84));
#1805 = VECTOR('',#1806,1.);
#1806 = DIRECTION('',(0.,1.,0.));
#1807 = ORIENTED_EDGE('',*,*,#1779,.T.);
#1808 = ORIENTED_EDGE('',*,*,#838,.F.);
#1809 = PLANE('',#1810);
#1810 = AXIS2_PLACEMENT_3D('',#1811,#1812,#1813);
#1811 = CARTESIAN_POINT('',(-0.32,-7.94,-3.));
#1812 = DIRECTION('',(1.,0.,0.));
#1813 = DIRECTION('',(0.,0.,1.));
#1814 = ADVANCED_FACE('',(#1815),#1826,.F.);
#1815 = FACE_BOUND('',#1816,.F.);
#1816 = EDGE_LOOP('',(#1817,#1818,#1824,#1825));
#1817 = ORIENTED_EDGE('',*,*,#1739,.F.);
#1818 = ORIENTED_EDGE('',*,*,#1819,.F.);
#1819 = EDGE_CURVE('',#1795,#1740,#1820,.T.);
#1820 = LINE('',#1821,#1822);
#1821 = CARTESIAN_POINT('',(-0.32,-7.94,-2.84));
#1822 = VECTOR('',#1823,1.);
#1823 = DIRECTION('',(1.,0.,0.));
#1824 = ORIENTED_EDGE('',*,*,#1794,.T.);
#1825 = ORIENTED_EDGE('',*,*,#830,.F.);
#1826 = PLANE('',#1827);
#1827 = AXIS2_PLACEMENT_3D('',#1828,#1829,#1830);
#1828 = CARTESIAN_POINT('',(-0.32,-7.94,-3.));
#1829 = DIRECTION('',(0.,1.,0.));
#1830 = DIRECTION('',(0.,-0.,1.));
#1831 = ADVANCED_FACE('',(#1832),#1857,.T.);
#1832 = FACE_BOUND('',#1833,.T.);
#1833 = EDGE_LOOP('',(#1834,#1842,#1850,#1856));
#1834 = ORIENTED_EDGE('',*,*,#1835,.F.);
#1835 = EDGE_CURVE('',#1836,#855,#1838,.T.);
#1836 = VERTEX_POINT('',#1837);
#1837 = CARTESIAN_POINT('',(0.32,-0.32,-2.84));
#1838 = LINE('',#1839,#1840);
#1839 = CARTESIAN_POINT('',(0.32,-0.32,-3.));
#1840 = VECTOR('',#1841,1.);
#1841 = DIRECTION('',(0.,0.,1.));
#1842 = ORIENTED_EDGE('',*,*,#1843,.T.);
#1843 = EDGE_CURVE('',#1836,#1844,#1846,.T.);
#1844 = VERTEX_POINT('',#1845);
#1845 = CARTESIAN_POINT('',(0.32,0.32,-2.84));
#1846 = LINE('',#1847,#1848);
#1847 = CARTESIAN_POINT('',(0.32,-0.32,-2.84));
#1848 = VECTOR('',#1849,1.);
#1849 = DIRECTION('',(0.,1.,0.));
#1850 = ORIENTED_EDGE('',*,*,#1851,.T.);
#1851 = EDGE_CURVE('',#1844,#857,#1852,.T.);
#1852 = LINE('',#1853,#1854);
#1853 = CARTESIAN_POINT('',(0.32,0.32,-3.));
#1854 = VECTOR('',#1855,1.);
#1855 = DIRECTION('',(0.,0.,1.));
#1856 = ORIENTED_EDGE('',*,*,#854,.F.);
#1857 = PLANE('',#1858);
#1858 = AXIS2_PLACEMENT_3D('',#1859,#1860,#1861);
#1859 = CARTESIAN_POINT('',(0.32,-0.32,-3.));
#1860 = DIRECTION('',(1.,0.,0.));
#1861 = DIRECTION('',(0.,0.,1.));
#1862 = ADVANCED_FACE('',(#1863),#1881,.T.);
#1863 = FACE_BOUND('',#1864,.T.);
#1864 = EDGE_LOOP('',(#1865,#1866,#1874,#1880));
#1865 = ORIENTED_EDGE('',*,*,#1851,.F.);
#1866 = ORIENTED_EDGE('',*,*,#1867,.F.);
#1867 = EDGE_CURVE('',#1868,#1844,#1870,.T.);
#1868 = VERTEX_POINT('',#1869);
#1869 = CARTESIAN_POINT('',(-0.32,0.32,-2.84));
#1870 = LINE('',#1871,#1872);
#1871 = CARTESIAN_POINT('',(-0.32,0.32,-2.84));
#1872 = VECTOR('',#1873,1.);
#1873 = DIRECTION('',(1.,0.,0.));
#1874 = ORIENTED_EDGE('',*,*,#1875,.T.);
#1875 = EDGE_CURVE('',#1868,#873,#1876,.T.);
#1876 = LINE('',#1877,#1878);
#1877 = CARTESIAN_POINT('',(-0.32,0.32,-3.));
#1878 = VECTOR('',#1879,1.);
#1879 = DIRECTION('',(0.,0.,1.));
#1880 = ORIENTED_EDGE('',*,*,#880,.F.);
#1881 = PLANE('',#1882);
#1882 = AXIS2_PLACEMENT_3D('',#1883,#1884,#1885);
#1883 = CARTESIAN_POINT('',(-0.32,0.32,-3.));
#1884 = DIRECTION('',(0.,1.,0.));
#1885 = DIRECTION('',(0.,-0.,1.));
#1886 = ADVANCED_FACE('',(#1887),#1905,.F.);
#1887 = FACE_BOUND('',#1888,.F.);
#1888 = EDGE_LOOP('',(#1889,#1897,#1903,#1904));
#1889 = ORIENTED_EDGE('',*,*,#1890,.F.);
#1890 = EDGE_CURVE('',#1891,#865,#1893,.T.);
#1891 = VERTEX_POINT('',#1892);
#1892 = CARTESIAN_POINT('',(-0.32,-0.32,-2.84));
#1893 = LINE('',#1894,#1895);
#1894 = CARTESIAN_POINT('',(-0.32,-0.32,-3.));
#1895 = VECTOR('',#1896,1.);
#1896 = DIRECTION('',(0.,0.,1.));
#1897 = ORIENTED_EDGE('',*,*,#1898,.T.);
#1898 = EDGE_CURVE('',#1891,#1868,#1899,.T.);
#1899 = LINE('',#1900,#1901);
#1900 = CARTESIAN_POINT('',(-0.32,-0.32,-2.84));
#1901 = VECTOR('',#1902,1.);
#1902 = DIRECTION('',(0.,1.,0.));
#1903 = ORIENTED_EDGE('',*,*,#1875,.T.);
#1904 = ORIENTED_EDGE('',*,*,#872,.F.);
#1905 = PLANE('',#1906);
#1906 = AXIS2_PLACEMENT_3D('',#1907,#1908,#1909);
#1907 = CARTESIAN_POINT('',(-0.32,-0.32,-3.));
#1908 = DIRECTION('',(1.,0.,0.));
#1909 = DIRECTION('',(0.,0.,1.));
#1910 = ADVANCED_FACE('',(#1911),#1922,.F.);
#1911 = FACE_BOUND('',#1912,.F.);
#1912 = EDGE_LOOP('',(#1913,#1914,#1920,#1921));
#1913 = ORIENTED_EDGE('',*,*,#1835,.F.);
#1914 = ORIENTED_EDGE('',*,*,#1915,.F.);
#1915 = EDGE_CURVE('',#1891,#1836,#1916,.T.);
#1916 = LINE('',#1917,#1918);
#1917 = CARTESIAN_POINT('',(-0.32,-0.32,-2.84));
#1918 = VECTOR('',#1919,1.);
#1919 = DIRECTION('',(1.,0.,0.));
#1920 = ORIENTED_EDGE('',*,*,#1890,.T.);
#1921 = ORIENTED_EDGE('',*,*,#864,.F.);
#1922 = PLANE('',#1923);
#1923 = AXIS2_PLACEMENT_3D('',#1924,#1925,#1926);
#1924 = CARTESIAN_POINT('',(-0.32,-0.32,-3.));
#1925 = DIRECTION('',(0.,1.,0.));
#1926 = DIRECTION('',(0.,-0.,1.));
#1927 = ADVANCED_FACE('',(#1928),#1953,.T.);
#1928 = FACE_BOUND('',#1929,.T.);
#1929 = EDGE_LOOP('',(#1930,#1938,#1946,#1952));
#1930 = ORIENTED_EDGE('',*,*,#1931,.F.);
#1931 = EDGE_CURVE('',#1932,#889,#1934,.T.);
#1932 = VERTEX_POINT('',#1933);
#1933 = CARTESIAN_POINT('',(0.32,-2.22,-2.84));
#1934 = LINE('',#1935,#1936);
#1935 = CARTESIAN_POINT('',(0.32,-2.22,-3.));
#1936 = VECTOR('',#1937,1.);
#1937 = DIRECTION('',(0.,0.,1.));
#1938 = ORIENTED_EDGE('',*,*,#1939,.F.);
#1939 = EDGE_CURVE('',#1940,#1932,#1942,.T.);
#1940 = VERTEX_POINT('',#1941);
#1941 = CARTESIAN_POINT('',(-0.32,-2.22,-2.84));
#1942 = LINE('',#1943,#1944);
#1943 = CARTESIAN_POINT('',(-0.32,-2.22,-2.84));
#1944 = VECTOR('',#1945,1.);
#1945 = DIRECTION('',(1.,0.,0.));
#1946 = ORIENTED_EDGE('',*,*,#1947,.T.);
#1947 = EDGE_CURVE('',#1940,#891,#1948,.T.);
#1948 = LINE('',#1949,#1950);
#1949 = CARTESIAN_POINT('',(-0.32,-2.22,-3.));
#1950 = VECTOR('',#1951,1.);
#1951 = DIRECTION('',(0.,0.,1.));
#1952 = ORIENTED_EDGE('',*,*,#888,.F.);
#1953 = PLANE('',#1954);
#1954 = AXIS2_PLACEMENT_3D('',#1955,#1956,#1957);
#1955 = CARTESIAN_POINT('',(-0.32,-2.22,-3.));
#1956 = DIRECTION('',(0.,1.,0.));
#1957 = DIRECTION('',(0.,-0.,1.));
#1958 = ADVANCED_FACE('',(#1959),#1977,.F.);
#1959 = FACE_BOUND('',#1960,.F.);
#1960 = EDGE_LOOP('',(#1961,#1969,#1975,#1976));
#1961 = ORIENTED_EDGE('',*,*,#1962,.F.);
#1962 = EDGE_CURVE('',#1963,#907,#1965,.T.);
#1963 = VERTEX_POINT('',#1964);
#1964 = CARTESIAN_POINT('',(-0.32,-2.86,-2.84));
#1965 = LINE('',#1966,#1967);
#1966 = CARTESIAN_POINT('',(-0.32,-2.86,-3.));
#1967 = VECTOR('',#1968,1.);
#1968 = DIRECTION('',(0.,0.,1.));
#1969 = ORIENTED_EDGE('',*,*,#1970,.T.);
#1970 = EDGE_CURVE('',#1963,#1940,#1971,.T.);
#1971 = LINE('',#1972,#1973);
#1972 = CARTESIAN_POINT('',(-0.32,-2.86,-2.84));
#1973 = VECTOR('',#1974,1.);
#1974 = DIRECTION('',(0.,1.,0.));
#1975 = ORIENTED_EDGE('',*,*,#1947,.T.);
#1976 = ORIENTED_EDGE('',*,*,#914,.F.);
#1977 = PLANE('',#1978);
#1978 = AXIS2_PLACEMENT_3D('',#1979,#1980,#1981);
#1979 = CARTESIAN_POINT('',(-0.32,-2.86,-3.));
#1980 = DIRECTION('',(1.,0.,0.));
#1981 = DIRECTION('',(0.,0.,1.));
#1982 = ADVANCED_FACE('',(#1983),#2001,.F.);
#1983 = FACE_BOUND('',#1984,.F.);
#1984 = EDGE_LOOP('',(#1985,#1993,#1999,#2000));
#1985 = ORIENTED_EDGE('',*,*,#1986,.F.);
#1986 = EDGE_CURVE('',#1987,#899,#1989,.T.);
#1987 = VERTEX_POINT('',#1988);
#1988 = CARTESIAN_POINT('',(0.32,-2.86,-2.84));
#1989 = LINE('',#1990,#1991);
#1990 = CARTESIAN_POINT('',(0.32,-2.86,-3.));
#1991 = VECTOR('',#1992,1.);
#1992 = DIRECTION('',(0.,0.,1.));
#1993 = ORIENTED_EDGE('',*,*,#1994,.F.);
#1994 = EDGE_CURVE('',#1963,#1987,#1995,.T.);
#1995 = LINE('',#1996,#1997);
#1996 = CARTESIAN_POINT('',(-0.32,-2.86,-2.84));
#1997 = VECTOR('',#1998,1.);
#1998 = DIRECTION('',(1.,0.,0.));
#1999 = ORIENTED_EDGE('',*,*,#1962,.T.);
#2000 = ORIENTED_EDGE('',*,*,#906,.F.);
#2001 = PLANE('',#2002);
#2002 = AXIS2_PLACEMENT_3D('',#2003,#2004,#2005);
#2003 = CARTESIAN_POINT('',(-0.32,-2.86,-3.));
#2004 = DIRECTION('',(0.,1.,0.));
#2005 = DIRECTION('',(0.,-0.,1.));
#2006 = ADVANCED_FACE('',(#2007),#2018,.T.);
#2007 = FACE_BOUND('',#2008,.T.);
#2008 = EDGE_LOOP('',(#2009,#2010,#2016,#2017));
#2009 = ORIENTED_EDGE('',*,*,#1986,.F.);
#2010 = ORIENTED_EDGE('',*,*,#2011,.T.);
#2011 = EDGE_CURVE('',#1987,#1932,#2012,.T.);
#2012 = LINE('',#2013,#2014);
#2013 = CARTESIAN_POINT('',(0.32,-2.86,-2.84));
#2014 = VECTOR('',#2015,1.);
#2015 = DIRECTION('',(0.,1.,0.));
#2016 = ORIENTED_EDGE('',*,*,#1931,.T.);
#2017 = ORIENTED_EDGE('',*,*,#898,.F.);
#2018 = PLANE('',#2019);
#2019 = AXIS2_PLACEMENT_3D('',#2020,#2021,#2022);
#2020 = CARTESIAN_POINT('',(0.32,-2.86,-3.));
#2021 = DIRECTION('',(1.,0.,0.));
#2022 = DIRECTION('',(0.,0.,1.));
#2023 = ADVANCED_FACE('',(#2024),#2049,.T.);
#2024 = FACE_BOUND('',#2025,.T.);
#2025 = EDGE_LOOP('',(#2026,#2034,#2035,#2043));
#2026 = ORIENTED_EDGE('',*,*,#2027,.F.);
#2027 = EDGE_CURVE('',#1116,#2028,#2030,.T.);
#2028 = VERTEX_POINT('',#2029);
#2029 = CARTESIAN_POINT('',(0.32,-4.76,8.38));
#2030 = LINE('',#2031,#2032);
#2031 = CARTESIAN_POINT('',(0.32,-4.76,-3.));
#2032 = VECTOR('',#2033,1.);
#2033 = DIRECTION('',(0.,0.,1.));
#2034 = ORIENTED_EDGE('',*,*,#1115,.T.);
#2035 = ORIENTED_EDGE('',*,*,#2036,.T.);
#2036 = EDGE_CURVE('',#1118,#2037,#2039,.T.);
#2037 = VERTEX_POINT('',#2038);
#2038 = CARTESIAN_POINT('',(-0.32,-4.76,8.38));
#2039 = LINE('',#2040,#2041);
#2040 = CARTESIAN_POINT('',(-0.32,-4.76,-3.));
#2041 = VECTOR('',#2042,1.);
#2042 = DIRECTION('',(0.,0.,1.));
#2043 = ORIENTED_EDGE('',*,*,#2044,.T.);
#2044 = EDGE_CURVE('',#2037,#2028,#2045,.T.);
#2045 = LINE('',#2046,#2047);
#2046 = CARTESIAN_POINT('',(-0.32,-4.76,8.38));
#2047 = VECTOR('',#2048,1.);
#2048 = DIRECTION('',(1.,0.,0.));
#2049 = PLANE('',#2050);
#2050 = AXIS2_PLACEMENT_3D('',#2051,#2052,#2053);
#2051 = CARTESIAN_POINT('',(-0.32,-4.76,-3.));
#2052 = DIRECTION('',(0.,1.,0.));
#2053 = DIRECTION('',(0.,-0.,1.));
#2054 = ADVANCED_FACE('',(#2055),#2073,.F.);
#2055 = FACE_BOUND('',#2056,.F.);
#2056 = EDGE_LOOP('',(#2057,#2065,#2066,#2067));
#2057 = ORIENTED_EDGE('',*,*,#2058,.F.);
#2058 = EDGE_CURVE('',#1134,#2059,#2061,.T.);
#2059 = VERTEX_POINT('',#2060);
#2060 = CARTESIAN_POINT('',(-0.32,-5.4,8.38));
#2061 = LINE('',#2062,#2063);
#2062 = CARTESIAN_POINT('',(-0.32,-5.4,-3.));
#2063 = VECTOR('',#2064,1.);
#2064 = DIRECTION('',(0.,0.,1.));
#2065 = ORIENTED_EDGE('',*,*,#1141,.T.);
#2066 = ORIENTED_EDGE('',*,*,#2036,.T.);
#2067 = ORIENTED_EDGE('',*,*,#2068,.F.);
#2068 = EDGE_CURVE('',#2059,#2037,#2069,.T.);
#2069 = LINE('',#2070,#2071);
#2070 = CARTESIAN_POINT('',(-0.32,-5.4,8.38));
#2071 = VECTOR('',#2072,1.);
#2072 = DIRECTION('',(0.,1.,0.));
#2073 = PLANE('',#2074);
#2074 = AXIS2_PLACEMENT_3D('',#2075,#2076,#2077);
#2075 = CARTESIAN_POINT('',(-0.32,-5.4,-3.));
#2076 = DIRECTION('',(1.,0.,0.));
#2077 = DIRECTION('',(0.,0.,1.));
#2078 = ADVANCED_FACE('',(#2079),#2097,.F.);
#2079 = FACE_BOUND('',#2080,.F.);
#2080 = EDGE_LOOP('',(#2081,#2089,#2090,#2091));
#2081 = ORIENTED_EDGE('',*,*,#2082,.F.);
#2082 = EDGE_CURVE('',#1126,#2083,#2085,.T.);
#2083 = VERTEX_POINT('',#2084);
#2084 = CARTESIAN_POINT('',(0.32,-5.4,8.38));
#2085 = LINE('',#2086,#2087);
#2086 = CARTESIAN_POINT('',(0.32,-5.4,-3.));
#2087 = VECTOR('',#2088,1.);
#2088 = DIRECTION('',(0.,0.,1.));
#2089 = ORIENTED_EDGE('',*,*,#1133,.T.);
#2090 = ORIENTED_EDGE('',*,*,#2058,.T.);
#2091 = ORIENTED_EDGE('',*,*,#2092,.T.);
#2092 = EDGE_CURVE('',#2059,#2083,#2093,.T.);
#2093 = LINE('',#2094,#2095);
#2094 = CARTESIAN_POINT('',(-0.32,-5.4,8.38));
#2095 = VECTOR('',#2096,1.);
#2096 = DIRECTION('',(1.,0.,0.));
#2097 = PLANE('',#2098);
#2098 = AXIS2_PLACEMENT_3D('',#2099,#2100,#2101);
#2099 = CARTESIAN_POINT('',(-0.32,-5.4,-3.));
#2100 = DIRECTION('',(0.,1.,0.));
#2101 = DIRECTION('',(0.,-0.,1.));
#2102 = ADVANCED_FACE('',(#2103),#2114,.T.);
#2103 = FACE_BOUND('',#2104,.T.);
#2104 = EDGE_LOOP('',(#2105,#2106,#2107,#2108));
#2105 = ORIENTED_EDGE('',*,*,#2082,.F.);
#2106 = ORIENTED_EDGE('',*,*,#1125,.T.);
#2107 = ORIENTED_EDGE('',*,*,#2027,.T.);
#2108 = ORIENTED_EDGE('',*,*,#2109,.F.);
#2109 = EDGE_CURVE('',#2083,#2028,#2110,.T.);
#2110 = LINE('',#2111,#2112);
#2111 = CARTESIAN_POINT('',(0.32,-5.4,8.38));
#2112 = VECTOR('',#2113,1.);
#2113 = DIRECTION('',(0.,1.,0.));
#2114 = PLANE('',#2115);
#2115 = AXIS2_PLACEMENT_3D('',#2116,#2117,#2118);
#2116 = CARTESIAN_POINT('',(0.32,-5.4,-3.));
#2117 = DIRECTION('',(1.,0.,0.));
#2118 = DIRECTION('',(0.,0.,1.));
#2119 = ADVANCED_FACE('',(#2120),#2145,.T.);
#2120 = FACE_BOUND('',#2121,.T.);
#2121 = EDGE_LOOP('',(#2122,#2130,#2131,#2139));
#2122 = ORIENTED_EDGE('',*,*,#2123,.F.);
#2123 = EDGE_CURVE('',#1150,#2124,#2126,.T.);
#2124 = VERTEX_POINT('',#2125);
#2125 = CARTESIAN_POINT('',(0.32,-7.94,8.38));
#2126 = LINE('',#2127,#2128);
#2127 = CARTESIAN_POINT('',(0.32,-7.94,-3.));
#2128 = VECTOR('',#2129,1.);
#2129 = DIRECTION('',(0.,0.,1.));
#2130 = ORIENTED_EDGE('',*,*,#1149,.T.);
#2131 = ORIENTED_EDGE('',*,*,#2132,.T.);
#2132 = EDGE_CURVE('',#1152,#2133,#2135,.T.);
#2133 = VERTEX_POINT('',#2134);
#2134 = CARTESIAN_POINT('',(0.32,-7.3,8.38));
#2135 = LINE('',#2136,#2137);
#2136 = CARTESIAN_POINT('',(0.32,-7.3,-3.));
#2137 = VECTOR('',#2138,1.);
#2138 = DIRECTION('',(0.,0.,1.));
#2139 = ORIENTED_EDGE('',*,*,#2140,.F.);
#2140 = EDGE_CURVE('',#2124,#2133,#2141,.T.);
#2141 = LINE('',#2142,#2143);
#2142 = CARTESIAN_POINT('',(0.32,-7.94,8.38));
#2143 = VECTOR('',#2144,1.);
#2144 = DIRECTION('',(0.,1.,0.));
#2145 = PLANE('',#2146);
#2146 = AXIS2_PLACEMENT_3D('',#2147,#2148,#2149);
#2147 = CARTESIAN_POINT('',(0.32,-7.94,-3.));
#2148 = DIRECTION('',(1.,0.,0.));
#2149 = DIRECTION('',(0.,0.,1.));
#2150 = ADVANCED_FACE('',(#2151),#2169,.T.);
#2151 = FACE_BOUND('',#2152,.T.);
#2152 = EDGE_LOOP('',(#2153,#2154,#2155,#2163));
#2153 = ORIENTED_EDGE('',*,*,#2132,.F.);
#2154 = ORIENTED_EDGE('',*,*,#1175,.T.);
#2155 = ORIENTED_EDGE('',*,*,#2156,.T.);
#2156 = EDGE_CURVE('',#1168,#2157,#2159,.T.);
#2157 = VERTEX_POINT('',#2158);
#2158 = CARTESIAN_POINT('',(-0.32,-7.3,8.38));
#2159 = LINE('',#2160,#2161);
#2160 = CARTESIAN_POINT('',(-0.32,-7.3,-3.));
#2161 = VECTOR('',#2162,1.);
#2162 = DIRECTION('',(0.,0.,1.));
#2163 = ORIENTED_EDGE('',*,*,#2164,.T.);
#2164 = EDGE_CURVE('',#2157,#2133,#2165,.T.);
#2165 = LINE('',#2166,#2167);
#2166 = CARTESIAN_POINT('',(-0.32,-7.3,8.38));
#2167 = VECTOR('',#2168,1.);
#2168 = DIRECTION('',(1.,0.,0.));
#2169 = PLANE('',#2170);
#2170 = AXIS2_PLACEMENT_3D('',#2171,#2172,#2173);
#2171 = CARTESIAN_POINT('',(-0.32,-7.3,-3.));
#2172 = DIRECTION('',(0.,1.,0.));
#2173 = DIRECTION('',(0.,-0.,1.));
#2174 = ADVANCED_FACE('',(#2175),#2193,.F.);
#2175 = FACE_BOUND('',#2176,.F.);
#2176 = EDGE_LOOP('',(#2177,#2185,#2186,#2187));
#2177 = ORIENTED_EDGE('',*,*,#2178,.F.);
#2178 = EDGE_CURVE('',#1160,#2179,#2181,.T.);
#2179 = VERTEX_POINT('',#2180);
#2180 = CARTESIAN_POINT('',(-0.32,-7.94,8.38));
#2181 = LINE('',#2182,#2183);
#2182 = CARTESIAN_POINT('',(-0.32,-7.94,-3.));
#2183 = VECTOR('',#2184,1.);
#2184 = DIRECTION('',(0.,0.,1.));
#2185 = ORIENTED_EDGE('',*,*,#1167,.T.);
#2186 = ORIENTED_EDGE('',*,*,#2156,.T.);
#2187 = ORIENTED_EDGE('',*,*,#2188,.F.);
#2188 = EDGE_CURVE('',#2179,#2157,#2189,.T.);
#2189 = LINE('',#2190,#2191);
#2190 = CARTESIAN_POINT('',(-0.32,-7.94,8.38));
#2191 = VECTOR('',#2192,1.);
#2192 = DIRECTION('',(0.,1.,0.));
#2193 = PLANE('',#2194);
#2194 = AXIS2_PLACEMENT_3D('',#2195,#2196,#2197);
#2195 = CARTESIAN_POINT('',(-0.32,-7.94,-3.));
#2196 = DIRECTION('',(1.,0.,0.));
#2197 = DIRECTION('',(0.,0.,1.));
#2198 = ADVANCED_FACE('',(#2199),#2210,.F.);
#2199 = FACE_BOUND('',#2200,.F.);
#2200 = EDGE_LOOP('',(#2201,#2202,#2203,#2204));
#2201 = ORIENTED_EDGE('',*,*,#2123,.F.);
#2202 = ORIENTED_EDGE('',*,*,#1159,.T.);
#2203 = ORIENTED_EDGE('',*,*,#2178,.T.);
#2204 = ORIENTED_EDGE('',*,*,#2205,.T.);
#2205 = EDGE_CURVE('',#2179,#2124,#2206,.T.);
#2206 = LINE('',#2207,#2208);
#2207 = CARTESIAN_POINT('',(-0.32,-7.94,8.38));
#2208 = VECTOR('',#2209,1.);
#2209 = DIRECTION('',(1.,0.,0.));
#2210 = PLANE('',#2211);
#2211 = AXIS2_PLACEMENT_3D('',#2212,#2213,#2214);
#2212 = CARTESIAN_POINT('',(-0.32,-7.94,-3.));
#2213 = DIRECTION('',(0.,1.,0.));
#2214 = DIRECTION('',(0.,-0.,1.));
#2215 = ADVANCED_FACE('',(#2216),#2241,.T.);
#2216 = FACE_BOUND('',#2217,.T.);
#2217 = EDGE_LOOP('',(#2218,#2226,#2227,#2235));
#2218 = ORIENTED_EDGE('',*,*,#2219,.F.);
#2219 = EDGE_CURVE('',#1184,#2220,#2222,.T.);
#2220 = VERTEX_POINT('',#2221);
#2221 = CARTESIAN_POINT('',(0.32,-0.32,8.38));
#2222 = LINE('',#2223,#2224);
#2223 = CARTESIAN_POINT('',(0.32,-0.32,-3.));
#2224 = VECTOR('',#2225,1.);
#2225 = DIRECTION('',(0.,0.,1.));
#2226 = ORIENTED_EDGE('',*,*,#1183,.T.);
#2227 = ORIENTED_EDGE('',*,*,#2228,.T.);
#2228 = EDGE_CURVE('',#1186,#2229,#2231,.T.);
#2229 = VERTEX_POINT('',#2230);
#2230 = CARTESIAN_POINT('',(0.32,0.32,8.38));
#2231 = LINE('',#2232,#2233);
#2232 = CARTESIAN_POINT('',(0.32,0.32,-3.));
#2233 = VECTOR('',#2234,1.);
#2234 = DIRECTION('',(0.,0.,1.));
#2235 = ORIENTED_EDGE('',*,*,#2236,.F.);
#2236 = EDGE_CURVE('',#2220,#2229,#2237,.T.);
#2237 = LINE('',#2238,#2239);
#2238 = CARTESIAN_POINT('',(0.32,-0.32,8.38));
#2239 = VECTOR('',#2240,1.);
#2240 = DIRECTION('',(0.,1.,0.));
#2241 = PLANE('',#2242);
#2242 = AXIS2_PLACEMENT_3D('',#2243,#2244,#2245);
#2243 = CARTESIAN_POINT('',(0.32,-0.32,-3.));
#2244 = DIRECTION('',(1.,0.,0.));
#2245 = DIRECTION('',(0.,0.,1.));
#2246 = ADVANCED_FACE('',(#2247),#2265,.T.);
#2247 = FACE_BOUND('',#2248,.T.);
#2248 = EDGE_LOOP('',(#2249,#2250,#2251,#2259));
#2249 = ORIENTED_EDGE('',*,*,#2228,.F.);
#2250 = ORIENTED_EDGE('',*,*,#1209,.T.);
#2251 = ORIENTED_EDGE('',*,*,#2252,.T.);
#2252 = EDGE_CURVE('',#1202,#2253,#2255,.T.);
#2253 = VERTEX_POINT('',#2254);
#2254 = CARTESIAN_POINT('',(-0.32,0.32,8.38));
#2255 = LINE('',#2256,#2257);
#2256 = CARTESIAN_POINT('',(-0.32,0.32,-3.));
#2257 = VECTOR('',#2258,1.);
#2258 = DIRECTION('',(0.,0.,1.));
#2259 = ORIENTED_EDGE('',*,*,#2260,.T.);
#2260 = EDGE_CURVE('',#2253,#2229,#2261,.T.);
#2261 = LINE('',#2262,#2263);
#2262 = CARTESIAN_POINT('',(-0.32,0.32,8.38));
#2263 = VECTOR('',#2264,1.);
#2264 = DIRECTION('',(1.,0.,0.));
#2265 = PLANE('',#2266);
#2266 = AXIS2_PLACEMENT_3D('',#2267,#2268,#2269);
#2267 = CARTESIAN_POINT('',(-0.32,0.32,-3.));
#2268 = DIRECTION('',(0.,1.,0.));
#2269 = DIRECTION('',(0.,-0.,1.));
#2270 = ADVANCED_FACE('',(#2271),#2289,.F.);
#2271 = FACE_BOUND('',#2272,.F.);
#2272 = EDGE_LOOP('',(#2273,#2281,#2282,#2283));
#2273 = ORIENTED_EDGE('',*,*,#2274,.F.);
#2274 = EDGE_CURVE('',#1194,#2275,#2277,.T.);
#2275 = VERTEX_POINT('',#2276);
#2276 = CARTESIAN_POINT('',(-0.32,-0.32,8.38));
#2277 = LINE('',#2278,#2279);
#2278 = CARTESIAN_POINT('',(-0.32,-0.32,-3.));
#2279 = VECTOR('',#2280,1.);
#2280 = DIRECTION('',(0.,0.,1.));
#2281 = ORIENTED_EDGE('',*,*,#1201,.T.);
#2282 = ORIENTED_EDGE('',*,*,#2252,.T.);
#2283 = ORIENTED_EDGE('',*,*,#2284,.F.);
#2284 = EDGE_CURVE('',#2275,#2253,#2285,.T.);
#2285 = LINE('',#2286,#2287);
#2286 = CARTESIAN_POINT('',(-0.32,-0.32,8.38));
#2287 = VECTOR('',#2288,1.);
#2288 = DIRECTION('',(0.,1.,0.));
#2289 = PLANE('',#2290);
#2290 = AXIS2_PLACEMENT_3D('',#2291,#2292,#2293);
#2291 = CARTESIAN_POINT('',(-0.32,-0.32,-3.));
#2292 = DIRECTION('',(1.,0.,0.));
#2293 = DIRECTION('',(0.,0.,1.));
#2294 = ADVANCED_FACE('',(#2295),#2306,.F.);
#2295 = FACE_BOUND('',#2296,.F.);
#2296 = EDGE_LOOP('',(#2297,#2298,#2299,#2300));
#2297 = ORIENTED_EDGE('',*,*,#2219,.F.);
#2298 = ORIENTED_EDGE('',*,*,#1193,.T.);
#2299 = ORIENTED_EDGE('',*,*,#2274,.T.);
#2300 = ORIENTED_EDGE('',*,*,#2301,.T.);
#2301 = EDGE_CURVE('',#2275,#2220,#2302,.T.);
#2302 = LINE('',#2303,#2304);
#2303 = CARTESIAN_POINT('',(-0.32,-0.32,8.38));
#2304 = VECTOR('',#2305,1.);
#2305 = DIRECTION('',(1.,0.,0.));
#2306 = PLANE('',#2307);
#2307 = AXIS2_PLACEMENT_3D('',#2308,#2309,#2310);
#2308 = CARTESIAN_POINT('',(-0.32,-0.32,-3.));
#2309 = DIRECTION('',(0.,1.,0.));
#2310 = DIRECTION('',(0.,-0.,1.));
#2311 = ADVANCED_FACE('',(#2312),#2337,.T.);
#2312 = FACE_BOUND('',#2313,.T.);
#2313 = EDGE_LOOP('',(#2314,#2322,#2323,#2331));
#2314 = ORIENTED_EDGE('',*,*,#2315,.F.);
#2315 = EDGE_CURVE('',#1218,#2316,#2318,.T.);
#2316 = VERTEX_POINT('',#2317);
#2317 = CARTESIAN_POINT('',(0.32,-2.22,8.38));
#2318 = LINE('',#2319,#2320);
#2319 = CARTESIAN_POINT('',(0.32,-2.22,-3.));
#2320 = VECTOR('',#2321,1.);
#2321 = DIRECTION('',(0.,0.,1.));
#2322 = ORIENTED_EDGE('',*,*,#1217,.T.);
#2323 = ORIENTED_EDGE('',*,*,#2324,.T.);
#2324 = EDGE_CURVE('',#1220,#2325,#2327,.T.);
#2325 = VERTEX_POINT('',#2326);
#2326 = CARTESIAN_POINT('',(-0.32,-2.22,8.38));
#2327 = LINE('',#2328,#2329);
#2328 = CARTESIAN_POINT('',(-0.32,-2.22,-3.));
#2329 = VECTOR('',#2330,1.);
#2330 = DIRECTION('',(0.,0.,1.));
#2331 = ORIENTED_EDGE('',*,*,#2332,.T.);
#2332 = EDGE_CURVE('',#2325,#2316,#2333,.T.);
#2333 = LINE('',#2334,#2335);
#2334 = CARTESIAN_POINT('',(-0.32,-2.22,8.38));
#2335 = VECTOR('',#2336,1.);
#2336 = DIRECTION('',(1.,0.,0.));
#2337 = PLANE('',#2338);
#2338 = AXIS2_PLACEMENT_3D('',#2339,#2340,#2341);
#2339 = CARTESIAN_POINT('',(-0.32,-2.22,-3.));
#2340 = DIRECTION('',(0.,1.,0.));
#2341 = DIRECTION('',(0.,-0.,1.));
#2342 = ADVANCED_FACE('',(#2343),#2361,.F.);
#2343 = FACE_BOUND('',#2344,.F.);
#2344 = EDGE_LOOP('',(#2345,#2353,#2354,#2355));
#2345 = ORIENTED_EDGE('',*,*,#2346,.F.);
#2346 = EDGE_CURVE('',#1236,#2347,#2349,.T.);
#2347 = VERTEX_POINT('',#2348);
#2348 = CARTESIAN_POINT('',(-0.32,-2.86,8.38));
#2349 = LINE('',#2350,#2351);
#2350 = CARTESIAN_POINT('',(-0.32,-2.86,-3.));
#2351 = VECTOR('',#2352,1.);
#2352 = DIRECTION('',(0.,0.,1.));
#2353 = ORIENTED_EDGE('',*,*,#1243,.T.);
#2354 = ORIENTED_EDGE('',*,*,#2324,.T.);
#2355 = ORIENTED_EDGE('',*,*,#2356,.F.);
#2356 = EDGE_CURVE('',#2347,#2325,#2357,.T.);
#2357 = LINE('',#2358,#2359);
#2358 = CARTESIAN_POINT('',(-0.32,-2.86,8.38));
#2359 = VECTOR('',#2360,1.);
#2360 = DIRECTION('',(0.,1.,0.));
#2361 = PLANE('',#2362);
#2362 = AXIS2_PLACEMENT_3D('',#2363,#2364,#2365);
#2363 = CARTESIAN_POINT('',(-0.32,-2.86,-3.));
#2364 = DIRECTION('',(1.,0.,0.));
#2365 = DIRECTION('',(0.,0.,1.));
#2366 = ADVANCED_FACE('',(#2367),#2385,.F.);
#2367 = FACE_BOUND('',#2368,.F.);
#2368 = EDGE_LOOP('',(#2369,#2377,#2378,#2379));
#2369 = ORIENTED_EDGE('',*,*,#2370,.F.);
#2370 = EDGE_CURVE('',#1228,#2371,#2373,.T.);
#2371 = VERTEX_POINT('',#2372);
#2372 = CARTESIAN_POINT('',(0.32,-2.86,8.38));
#2373 = LINE('',#2374,#2375);
#2374 = CARTESIAN_POINT('',(0.32,-2.86,-3.));
#2375 = VECTOR('',#2376,1.);
#2376 = DIRECTION('',(0.,0.,1.));
#2377 = ORIENTED_EDGE('',*,*,#1235,.T.);
#2378 = ORIENTED_EDGE('',*,*,#2346,.T.);
#2379 = ORIENTED_EDGE('',*,*,#2380,.T.);
#2380 = EDGE_CURVE('',#2347,#2371,#2381,.T.);
#2381 = LINE('',#2382,#2383);
#2382 = CARTESIAN_POINT('',(-0.32,-2.86,8.38));
#2383 = VECTOR('',#2384,1.);
#2384 = DIRECTION('',(1.,0.,0.));
#2385 = PLANE('',#2386);
#2386 = AXIS2_PLACEMENT_3D('',#2387,#2388,#2389);
#2387 = CARTESIAN_POINT('',(-0.32,-2.86,-3.));
#2388 = DIRECTION('',(0.,1.,0.));
#2389 = DIRECTION('',(0.,-0.,1.));
#2390 = ADVANCED_FACE('',(#2391),#2402,.T.);
#2391 = FACE_BOUND('',#2392,.T.);
#2392 = EDGE_LOOP('',(#2393,#2394,#2395,#2396));
#2393 = ORIENTED_EDGE('',*,*,#2370,.F.);
#2394 = ORIENTED_EDGE('',*,*,#1227,.T.);
#2395 = ORIENTED_EDGE('',*,*,#2315,.T.);
#2396 = ORIENTED_EDGE('',*,*,#2397,.F.);
#2397 = EDGE_CURVE('',#2371,#2316,#2398,.T.);
#2398 = LINE('',#2399,#2400);
#2399 = CARTESIAN_POINT('',(0.32,-2.86,8.38));
#2400 = VECTOR('',#2401,1.);
#2401 = DIRECTION('',(0.,1.,0.));
#2402 = PLANE('',#2403);
#2403 = AXIS2_PLACEMENT_3D('',#2404,#2405,#2406);
#2404 = CARTESIAN_POINT('',(0.32,-2.86,-3.));
#2405 = DIRECTION('',(1.,0.,0.));
#2406 = DIRECTION('',(0.,0.,1.));
#2407 = ADVANCED_FACE('',(#2408),#2433,.F.);
#2408 = FACE_BOUND('',#2409,.T.);
#2409 = EDGE_LOOP('',(#2410,#2418,#2419,#2427));
#2410 = ORIENTED_EDGE('',*,*,#2411,.F.);
#2411 = EDGE_CURVE('',#1652,#2412,#2414,.T.);
#2412 = VERTEX_POINT('',#2413);
#2413 = CARTESIAN_POINT('',(-0.16,-4.92,-3.));
#2414 = LINE('',#2415,#2416);
#2415 = CARTESIAN_POINT('',(-0.16,-4.92,-3.));
#2416 = VECTOR('',#2417,1.);
#2417 = DIRECTION('',(0.57735026919,-0.57735026919,-0.57735026919));
#2418 = ORIENTED_EDGE('',*,*,#1651,.T.);
#2419 = ORIENTED_EDGE('',*,*,#2420,.T.);
#2420 = EDGE_CURVE('',#1644,#2421,#2423,.T.);
#2421 = VERTEX_POINT('',#2422);
#2422 = CARTESIAN_POINT('',(0.16,-4.92,-3.));
#2423 = LINE('',#2424,#2425);
#2424 = CARTESIAN_POINT('',(5.333333333333E-02,-5.026666666667,
    -3.106666666667));
#2425 = VECTOR('',#2426,1.);
#2426 = DIRECTION('',(-0.57735026919,-0.57735026919,-0.57735026919));
#2427 = ORIENTED_EDGE('',*,*,#2428,.F.);
#2428 = EDGE_CURVE('',#2412,#2421,#2429,.T.);
#2429 = LINE('',#2430,#2431);
#2430 = CARTESIAN_POINT('',(-0.32,-4.92,-3.));
#2431 = VECTOR('',#2432,1.);
#2432 = DIRECTION('',(1.,0.,0.));
#2433 = PLANE('',#2434);
#2434 = AXIS2_PLACEMENT_3D('',#2435,#2436,#2437);
#2435 = CARTESIAN_POINT('',(-0.32,-4.84,-2.92));
#2436 = DIRECTION('',(-1.735167508357E-18,-0.707106781187,0.707106781187
    ));
#2437 = DIRECTION('',(-1.,1.226948711654E-18,-1.226948711654E-18));
#2438 = ADVANCED_FACE('',(#2439),#2457,.T.);
#2439 = FACE_BOUND('',#2440,.T.);
#2440 = EDGE_LOOP('',(#2441,#2449,#2450,#2451));
#2441 = ORIENTED_EDGE('',*,*,#2442,.F.);
#2442 = EDGE_CURVE('',#1675,#2443,#2445,.T.);
#2443 = VERTEX_POINT('',#2444);
#2444 = CARTESIAN_POINT('',(-0.16,-5.24,-3.));
#2445 = LINE('',#2446,#2447);
#2446 = CARTESIAN_POINT('',(-0.266666666667,-5.346666666667,
    -2.893333333333));
#2447 = VECTOR('',#2448,1.);
#2448 = DIRECTION('',(0.57735026919,0.57735026919,-0.57735026919));
#2449 = ORIENTED_EDGE('',*,*,#1682,.T.);
#2450 = ORIENTED_EDGE('',*,*,#2411,.T.);
#2451 = ORIENTED_EDGE('',*,*,#2452,.F.);
#2452 = EDGE_CURVE('',#2443,#2412,#2453,.T.);
#2453 = LINE('',#2454,#2455);
#2454 = CARTESIAN_POINT('',(-0.16,-5.4,-3.));
#2455 = VECTOR('',#2456,1.);
#2456 = DIRECTION('',(0.,1.,0.));
#2457 = PLANE('',#2458);
#2458 = AXIS2_PLACEMENT_3D('',#2459,#2460,#2461);
#2459 = CARTESIAN_POINT('',(-0.24,-5.4,-2.92));
#2460 = DIRECTION('',(-0.707106781187,-1.735167508357E-18,
    -0.707106781187));
#2461 = DIRECTION('',(-1.226948711654E-18,1.,-1.226948711654E-18));
#2462 = ADVANCED_FACE('',(#2463),#2481,.T.);
#2463 = FACE_BOUND('',#2464,.F.);
#2464 = EDGE_LOOP('',(#2465,#2466,#2467,#2475));
#2465 = ORIENTED_EDGE('',*,*,#2442,.F.);
#2466 = ORIENTED_EDGE('',*,*,#1706,.T.);
#2467 = ORIENTED_EDGE('',*,*,#2468,.T.);
#2468 = EDGE_CURVE('',#1699,#2469,#2471,.T.);
#2469 = VERTEX_POINT('',#2470);
#2470 = CARTESIAN_POINT('',(0.16,-5.24,-3.));
#2471 = LINE('',#2472,#2473);
#2472 = CARTESIAN_POINT('',(0.16,-5.24,-3.));
#2473 = VECTOR('',#2474,1.);
#2474 = DIRECTION('',(-0.57735026919,0.57735026919,-0.57735026919));
#2475 = ORIENTED_EDGE('',*,*,#2476,.F.);
#2476 = EDGE_CURVE('',#2443,#2469,#2477,.T.);
#2477 = LINE('',#2478,#2479);
#2478 = CARTESIAN_POINT('',(-0.32,-5.24,-3.));
#2479 = VECTOR('',#2480,1.);
#2480 = DIRECTION('',(1.,0.,0.));
#2481 = PLANE('',#2482);
#2482 = AXIS2_PLACEMENT_3D('',#2483,#2484,#2485);
#2483 = CARTESIAN_POINT('',(-0.32,-5.32,-2.92));
#2484 = DIRECTION('',(1.735167508357E-18,-0.707106781187,-0.707106781187
    ));
#2485 = DIRECTION('',(-1.,-1.226948711654E-18,-1.226948711654E-18));
#2486 = ADVANCED_FACE('',(#2487),#2498,.F.);
#2487 = FACE_BOUND('',#2488,.F.);
#2488 = EDGE_LOOP('',(#2489,#2490,#2491,#2492));
#2489 = ORIENTED_EDGE('',*,*,#2468,.F.);
#2490 = ORIENTED_EDGE('',*,*,#1723,.T.);
#2491 = ORIENTED_EDGE('',*,*,#2420,.T.);
#2492 = ORIENTED_EDGE('',*,*,#2493,.F.);
#2493 = EDGE_CURVE('',#2469,#2421,#2494,.T.);
#2494 = LINE('',#2495,#2496);
#2495 = CARTESIAN_POINT('',(0.16,-5.4,-3.));
#2496 = VECTOR('',#2497,1.);
#2497 = DIRECTION('',(0.,1.,0.));
#2498 = PLANE('',#2499);
#2499 = AXIS2_PLACEMENT_3D('',#2500,#2501,#2502);
#2500 = CARTESIAN_POINT('',(0.24,-5.4,-2.92));
#2501 = DIRECTION('',(-0.707106781187,1.735167508357E-18,0.707106781187)
  );
#2502 = DIRECTION('',(1.226948711654E-18,1.,-1.226948711654E-18));
#2503 = ADVANCED_FACE('',(#2504),#2529,.F.);
#2504 = FACE_BOUND('',#2505,.F.);
#2505 = EDGE_LOOP('',(#2506,#2514,#2515,#2523));
#2506 = ORIENTED_EDGE('',*,*,#2507,.F.);
#2507 = EDGE_CURVE('',#1740,#2508,#2510,.T.);
#2508 = VERTEX_POINT('',#2509);
#2509 = CARTESIAN_POINT('',(0.16,-7.78,-3.));
#2510 = LINE('',#2511,#2512);
#2511 = CARTESIAN_POINT('',(0.16,-7.78,-3.));
#2512 = VECTOR('',#2513,1.);
#2513 = DIRECTION('',(-0.57735026919,0.57735026919,-0.57735026919));
#2514 = ORIENTED_EDGE('',*,*,#1747,.T.);
#2515 = ORIENTED_EDGE('',*,*,#2516,.T.);
#2516 = EDGE_CURVE('',#1748,#2517,#2519,.T.);
#2517 = VERTEX_POINT('',#2518);
#2518 = CARTESIAN_POINT('',(0.16,-7.46,-3.));
#2519 = LINE('',#2520,#2521);
#2520 = CARTESIAN_POINT('',(5.333333333333E-02,-7.566666666667,
    -3.106666666667));
#2521 = VECTOR('',#2522,1.);
#2522 = DIRECTION('',(-0.57735026919,-0.57735026919,-0.57735026919));
#2523 = ORIENTED_EDGE('',*,*,#2524,.F.);
#2524 = EDGE_CURVE('',#2508,#2517,#2525,.T.);
#2525 = LINE('',#2526,#2527);
#2526 = CARTESIAN_POINT('',(0.16,-7.94,-3.));
#2527 = VECTOR('',#2528,1.);
#2528 = DIRECTION('',(0.,1.,0.));
#2529 = PLANE('',#2530);
#2530 = AXIS2_PLACEMENT_3D('',#2531,#2532,#2533);
#2531 = CARTESIAN_POINT('',(0.24,-7.94,-2.92));
#2532 = DIRECTION('',(-0.707106781187,1.735167508357E-18,0.707106781187)
  );
#2533 = DIRECTION('',(1.226948711654E-18,1.,-1.226948711654E-18));
#2534 = ADVANCED_FACE('',(#2535),#2553,.F.);
#2535 = FACE_BOUND('',#2536,.T.);
#2536 = EDGE_LOOP('',(#2537,#2545,#2546,#2547));
#2537 = ORIENTED_EDGE('',*,*,#2538,.F.);
#2538 = EDGE_CURVE('',#1772,#2539,#2541,.T.);
#2539 = VERTEX_POINT('',#2540);
#2540 = CARTESIAN_POINT('',(-0.16,-7.46,-3.));
#2541 = LINE('',#2542,#2543);
#2542 = CARTESIAN_POINT('',(-0.16,-7.46,-3.));
#2543 = VECTOR('',#2544,1.);
#2544 = DIRECTION('',(0.57735026919,-0.57735026919,-0.57735026919));
#2545 = ORIENTED_EDGE('',*,*,#1771,.T.);
#2546 = ORIENTED_EDGE('',*,*,#2516,.T.);
#2547 = ORIENTED_EDGE('',*,*,#2548,.F.);
#2548 = EDGE_CURVE('',#2539,#2517,#2549,.T.);
#2549 = LINE('',#2550,#2551);
#2550 = CARTESIAN_POINT('',(-0.32,-7.46,-3.));
#2551 = VECTOR('',#2552,1.);
#2552 = DIRECTION('',(1.,0.,0.));
#2553 = PLANE('',#2554);
#2554 = AXIS2_PLACEMENT_3D('',#2555,#2556,#2557);
#2555 = CARTESIAN_POINT('',(-0.32,-7.38,-2.92));
#2556 = DIRECTION('',(-1.735167508357E-18,-0.707106781187,0.707106781187
    ));
#2557 = DIRECTION('',(-1.,1.226948711654E-18,-1.226948711654E-18));
#2558 = ADVANCED_FACE('',(#2559),#2577,.T.);
#2559 = FACE_BOUND('',#2560,.T.);
#2560 = EDGE_LOOP('',(#2561,#2569,#2570,#2571));
#2561 = ORIENTED_EDGE('',*,*,#2562,.F.);
#2562 = EDGE_CURVE('',#1795,#2563,#2565,.T.);
#2563 = VERTEX_POINT('',#2564);
#2564 = CARTESIAN_POINT('',(-0.16,-7.78,-3.));
#2565 = LINE('',#2566,#2567);
#2566 = CARTESIAN_POINT('',(-0.266666666667,-7.886666666667,
    -2.893333333333));
#2567 = VECTOR('',#2568,1.);
#2568 = DIRECTION('',(0.57735026919,0.57735026919,-0.57735026919));
#2569 = ORIENTED_EDGE('',*,*,#1802,.T.);
#2570 = ORIENTED_EDGE('',*,*,#2538,.T.);
#2571 = ORIENTED_EDGE('',*,*,#2572,.F.);
#2572 = EDGE_CURVE('',#2563,#2539,#2573,.T.);
#2573 = LINE('',#2574,#2575);
#2574 = CARTESIAN_POINT('',(-0.16,-7.94,-3.));
#2575 = VECTOR('',#2576,1.);
#2576 = DIRECTION('',(0.,1.,0.));
#2577 = PLANE('',#2578);
#2578 = AXIS2_PLACEMENT_3D('',#2579,#2580,#2581);
#2579 = CARTESIAN_POINT('',(-0.24,-7.94,-2.92));
#2580 = DIRECTION('',(-0.707106781187,-1.735167508357E-18,
    -0.707106781187));
#2581 = DIRECTION('',(-1.226948711654E-18,1.,-1.226948711654E-18));
#2582 = ADVANCED_FACE('',(#2583),#2594,.T.);
#2583 = FACE_BOUND('',#2584,.F.);
#2584 = EDGE_LOOP('',(#2585,#2586,#2587,#2588));
#2585 = ORIENTED_EDGE('',*,*,#2562,.F.);
#2586 = ORIENTED_EDGE('',*,*,#1819,.T.);
#2587 = ORIENTED_EDGE('',*,*,#2507,.T.);
#2588 = ORIENTED_EDGE('',*,*,#2589,.F.);
#2589 = EDGE_CURVE('',#2563,#2508,#2590,.T.);
#2590 = LINE('',#2591,#2592);
#2591 = CARTESIAN_POINT('',(-0.32,-7.78,-3.));
#2592 = VECTOR('',#2593,1.);
#2593 = DIRECTION('',(1.,0.,0.));
#2594 = PLANE('',#2595);
#2595 = AXIS2_PLACEMENT_3D('',#2596,#2597,#2598);
#2596 = CARTESIAN_POINT('',(-0.32,-7.86,-2.92));
#2597 = DIRECTION('',(1.735167508357E-18,-0.707106781187,-0.707106781187
    ));
#2598 = DIRECTION('',(-1.,-1.226948711654E-18,-1.226948711654E-18));
#2599 = ADVANCED_FACE('',(#2600),#2625,.F.);
#2600 = FACE_BOUND('',#2601,.F.);
#2601 = EDGE_LOOP('',(#2602,#2610,#2611,#2619));
#2602 = ORIENTED_EDGE('',*,*,#2603,.F.);
#2603 = EDGE_CURVE('',#1836,#2604,#2606,.T.);
#2604 = VERTEX_POINT('',#2605);
#2605 = CARTESIAN_POINT('',(0.16,-0.16,-3.));
#2606 = LINE('',#2607,#2608);
#2607 = CARTESIAN_POINT('',(0.16,-0.16,-3.));
#2608 = VECTOR('',#2609,1.);
#2609 = DIRECTION('',(-0.57735026919,0.57735026919,-0.57735026919));
#2610 = ORIENTED_EDGE('',*,*,#1843,.T.);
#2611 = ORIENTED_EDGE('',*,*,#2612,.T.);
#2612 = EDGE_CURVE('',#1844,#2613,#2615,.T.);
#2613 = VERTEX_POINT('',#2614);
#2614 = CARTESIAN_POINT('',(0.16,0.16,-3.));
#2615 = LINE('',#2616,#2617);
#2616 = CARTESIAN_POINT('',(5.333333333333E-02,5.333333333333E-02,
    -3.106666666667));
#2617 = VECTOR('',#2618,1.);
#2618 = DIRECTION('',(-0.57735026919,-0.57735026919,-0.57735026919));
#2619 = ORIENTED_EDGE('',*,*,#2620,.F.);
#2620 = EDGE_CURVE('',#2604,#2613,#2621,.T.);
#2621 = LINE('',#2622,#2623);
#2622 = CARTESIAN_POINT('',(0.16,-0.32,-3.));
#2623 = VECTOR('',#2624,1.);
#2624 = DIRECTION('',(0.,1.,0.));
#2625 = PLANE('',#2626);
#2626 = AXIS2_PLACEMENT_3D('',#2627,#2628,#2629);
#2627 = CARTESIAN_POINT('',(0.24,-0.32,-2.92));
#2628 = DIRECTION('',(-0.707106781187,1.735167508357E-18,0.707106781187)
  );
#2629 = DIRECTION('',(1.226948711654E-18,1.,-1.226948711654E-18));
#2630 = ADVANCED_FACE('',(#2631),#2649,.F.);
#2631 = FACE_BOUND('',#2632,.T.);
#2632 = EDGE_LOOP('',(#2633,#2641,#2642,#2643));
#2633 = ORIENTED_EDGE('',*,*,#2634,.F.);
#2634 = EDGE_CURVE('',#1868,#2635,#2637,.T.);
#2635 = VERTEX_POINT('',#2636);
#2636 = CARTESIAN_POINT('',(-0.16,0.16,-3.));
#2637 = LINE('',#2638,#2639);
#2638 = CARTESIAN_POINT('',(-0.16,0.16,-3.));
#2639 = VECTOR('',#2640,1.);
#2640 = DIRECTION('',(0.57735026919,-0.57735026919,-0.57735026919));
#2641 = ORIENTED_EDGE('',*,*,#1867,.T.);
#2642 = ORIENTED_EDGE('',*,*,#2612,.T.);
#2643 = ORIENTED_EDGE('',*,*,#2644,.F.);
#2644 = EDGE_CURVE('',#2635,#2613,#2645,.T.);
#2645 = LINE('',#2646,#2647);
#2646 = CARTESIAN_POINT('',(-0.32,0.16,-3.));
#2647 = VECTOR('',#2648,1.);
#2648 = DIRECTION('',(1.,0.,0.));
#2649 = PLANE('',#2650);
#2650 = AXIS2_PLACEMENT_3D('',#2651,#2652,#2653);
#2651 = CARTESIAN_POINT('',(-0.32,0.24,-2.92));
#2652 = DIRECTION('',(-1.735167508357E-18,-0.707106781187,0.707106781187
    ));
#2653 = DIRECTION('',(-1.,1.226948711654E-18,-1.226948711654E-18));
#2654 = ADVANCED_FACE('',(#2655),#2673,.T.);
#2655 = FACE_BOUND('',#2656,.T.);
#2656 = EDGE_LOOP('',(#2657,#2665,#2666,#2667));
#2657 = ORIENTED_EDGE('',*,*,#2658,.F.);
#2658 = EDGE_CURVE('',#1891,#2659,#2661,.T.);
#2659 = VERTEX_POINT('',#2660);
#2660 = CARTESIAN_POINT('',(-0.16,-0.16,-3.));
#2661 = LINE('',#2662,#2663);
#2662 = CARTESIAN_POINT('',(-0.266666666667,-0.266666666667,
    -2.893333333333));
#2663 = VECTOR('',#2664,1.);
#2664 = DIRECTION('',(0.57735026919,0.57735026919,-0.57735026919));
#2665 = ORIENTED_EDGE('',*,*,#1898,.T.);
#2666 = ORIENTED_EDGE('',*,*,#2634,.T.);
#2667 = ORIENTED_EDGE('',*,*,#2668,.F.);
#2668 = EDGE_CURVE('',#2659,#2635,#2669,.T.);
#2669 = LINE('',#2670,#2671);
#2670 = CARTESIAN_POINT('',(-0.16,-0.32,-3.));
#2671 = VECTOR('',#2672,1.);
#2672 = DIRECTION('',(0.,1.,0.));
#2673 = PLANE('',#2674);
#2674 = AXIS2_PLACEMENT_3D('',#2675,#2676,#2677);
#2675 = CARTESIAN_POINT('',(-0.24,-0.32,-2.92));
#2676 = DIRECTION('',(-0.707106781187,-1.735167508357E-18,
    -0.707106781187));
#2677 = DIRECTION('',(-1.226948711654E-18,1.,-1.226948711654E-18));
#2678 = ADVANCED_FACE('',(#2679),#2690,.T.);
#2679 = FACE_BOUND('',#2680,.F.);
#2680 = EDGE_LOOP('',(#2681,#2682,#2683,#2684));
#2681 = ORIENTED_EDGE('',*,*,#2658,.F.);
#2682 = ORIENTED_EDGE('',*,*,#1915,.T.);
#2683 = ORIENTED_EDGE('',*,*,#2603,.T.);
#2684 = ORIENTED_EDGE('',*,*,#2685,.F.);
#2685 = EDGE_CURVE('',#2659,#2604,#2686,.T.);
#2686 = LINE('',#2687,#2688);
#2687 = CARTESIAN_POINT('',(-0.32,-0.16,-3.));
#2688 = VECTOR('',#2689,1.);
#2689 = DIRECTION('',(1.,0.,0.));
#2690 = PLANE('',#2691);
#2691 = AXIS2_PLACEMENT_3D('',#2692,#2693,#2694);
#2692 = CARTESIAN_POINT('',(-0.32,-0.24,-2.92));
#2693 = DIRECTION('',(1.735167508357E-18,-0.707106781187,-0.707106781187
    ));
#2694 = DIRECTION('',(-1.,-1.226948711654E-18,-1.226948711654E-18));
#2695 = ADVANCED_FACE('',(#2696),#2721,.F.);
#2696 = FACE_BOUND('',#2697,.T.);
#2697 = EDGE_LOOP('',(#2698,#2706,#2707,#2715));
#2698 = ORIENTED_EDGE('',*,*,#2699,.F.);
#2699 = EDGE_CURVE('',#1940,#2700,#2702,.T.);
#2700 = VERTEX_POINT('',#2701);
#2701 = CARTESIAN_POINT('',(-0.16,-2.38,-3.));
#2702 = LINE('',#2703,#2704);
#2703 = CARTESIAN_POINT('',(-0.16,-2.38,-3.));
#2704 = VECTOR('',#2705,1.);
#2705 = DIRECTION('',(0.57735026919,-0.57735026919,-0.57735026919));
#2706 = ORIENTED_EDGE('',*,*,#1939,.T.);
#2707 = ORIENTED_EDGE('',*,*,#2708,.T.);
#2708 = EDGE_CURVE('',#1932,#2709,#2711,.T.);
#2709 = VERTEX_POINT('',#2710);
#2710 = CARTESIAN_POINT('',(0.16,-2.38,-3.));
#2711 = LINE('',#2712,#2713);
#2712 = CARTESIAN_POINT('',(5.333333333333E-02,-2.486666666667,
    -3.106666666667));
#2713 = VECTOR('',#2714,1.);
#2714 = DIRECTION('',(-0.57735026919,-0.57735026919,-0.57735026919));
#2715 = ORIENTED_EDGE('',*,*,#2716,.F.);
#2716 = EDGE_CURVE('',#2700,#2709,#2717,.T.);
#2717 = LINE('',#2718,#2719);
#2718 = CARTESIAN_POINT('',(-0.32,-2.38,-3.));
#2719 = VECTOR('',#2720,1.);
#2720 = DIRECTION('',(1.,0.,0.));
#2721 = PLANE('',#2722);
#2722 = AXIS2_PLACEMENT_3D('',#2723,#2724,#2725);
#2723 = CARTESIAN_POINT('',(-0.32,-2.3,-2.92));
#2724 = DIRECTION('',(-1.735167508357E-18,-0.707106781187,0.707106781187
    ));
#2725 = DIRECTION('',(-1.,1.226948711654E-18,-1.226948711654E-18));
#2726 = ADVANCED_FACE('',(#2727),#2745,.T.);
#2727 = FACE_BOUND('',#2728,.T.);
#2728 = EDGE_LOOP('',(#2729,#2737,#2738,#2739));
#2729 = ORIENTED_EDGE('',*,*,#2730,.F.);
#2730 = EDGE_CURVE('',#1963,#2731,#2733,.T.);
#2731 = VERTEX_POINT('',#2732);
#2732 = CARTESIAN_POINT('',(-0.16,-2.7,-3.));
#2733 = LINE('',#2734,#2735);
#2734 = CARTESIAN_POINT('',(-0.266666666667,-2.806666666667,
    -2.893333333333));
#2735 = VECTOR('',#2736,1.);
#2736 = DIRECTION('',(0.57735026919,0.57735026919,-0.57735026919));
#2737 = ORIENTED_EDGE('',*,*,#1970,.T.);
#2738 = ORIENTED_EDGE('',*,*,#2699,.T.);
#2739 = ORIENTED_EDGE('',*,*,#2740,.F.);
#2740 = EDGE_CURVE('',#2731,#2700,#2741,.T.);
#2741 = LINE('',#2742,#2743);
#2742 = CARTESIAN_POINT('',(-0.16,-2.86,-3.));
#2743 = VECTOR('',#2744,1.);
#2744 = DIRECTION('',(0.,1.,0.));
#2745 = PLANE('',#2746);
#2746 = AXIS2_PLACEMENT_3D('',#2747,#2748,#2749);
#2747 = CARTESIAN_POINT('',(-0.24,-2.86,-2.92));
#2748 = DIRECTION('',(-0.707106781187,-1.735167508357E-18,
    -0.707106781187));
#2749 = DIRECTION('',(-1.226948711654E-18,1.,-1.226948711654E-18));
#2750 = ADVANCED_FACE('',(#2751),#2769,.T.);
#2751 = FACE_BOUND('',#2752,.F.);
#2752 = EDGE_LOOP('',(#2753,#2754,#2755,#2763));
#2753 = ORIENTED_EDGE('',*,*,#2730,.F.);
#2754 = ORIENTED_EDGE('',*,*,#1994,.T.);
#2755 = ORIENTED_EDGE('',*,*,#2756,.T.);
#2756 = EDGE_CURVE('',#1987,#2757,#2759,.T.);
#2757 = VERTEX_POINT('',#2758);
#2758 = CARTESIAN_POINT('',(0.16,-2.7,-3.));
#2759 = LINE('',#2760,#2761);
#2760 = CARTESIAN_POINT('',(0.16,-2.7,-3.));
#2761 = VECTOR('',#2762,1.);
#2762 = DIRECTION('',(-0.57735026919,0.57735026919,-0.57735026919));
#2763 = ORIENTED_EDGE('',*,*,#2764,.F.);
#2764 = EDGE_CURVE('',#2731,#2757,#2765,.T.);
#2765 = LINE('',#2766,#2767);
#2766 = CARTESIAN_POINT('',(-0.32,-2.7,-3.));
#2767 = VECTOR('',#2768,1.);
#2768 = DIRECTION('',(1.,0.,0.));
#2769 = PLANE('',#2770);
#2770 = AXIS2_PLACEMENT_3D('',#2771,#2772,#2773);
#2771 = CARTESIAN_POINT('',(-0.32,-2.78,-2.92));
#2772 = DIRECTION('',(1.735167508357E-18,-0.707106781187,-0.707106781187
    ));
#2773 = DIRECTION('',(-1.,-1.226948711654E-18,-1.226948711654E-18));
#2774 = ADVANCED_FACE('',(#2775),#2786,.F.);
#2775 = FACE_BOUND('',#2776,.F.);
#2776 = EDGE_LOOP('',(#2777,#2778,#2779,#2780));
#2777 = ORIENTED_EDGE('',*,*,#2756,.F.);
#2778 = ORIENTED_EDGE('',*,*,#2011,.T.);
#2779 = ORIENTED_EDGE('',*,*,#2708,.T.);
#2780 = ORIENTED_EDGE('',*,*,#2781,.F.);
#2781 = EDGE_CURVE('',#2757,#2709,#2782,.T.);
#2782 = LINE('',#2783,#2784);
#2783 = CARTESIAN_POINT('',(0.16,-2.86,-3.));
#2784 = VECTOR('',#2785,1.);
#2785 = DIRECTION('',(0.,1.,0.));
#2786 = PLANE('',#2787);
#2787 = AXIS2_PLACEMENT_3D('',#2788,#2789,#2790);
#2788 = CARTESIAN_POINT('',(0.24,-2.86,-2.92));
#2789 = DIRECTION('',(-0.707106781187,1.735167508357E-18,0.707106781187)
  );
#2790 = DIRECTION('',(1.226948711654E-18,1.,-1.226948711654E-18));
#2791 = ADVANCED_FACE('',(#2792),#2817,.T.);
#2792 = FACE_BOUND('',#2793,.F.);
#2793 = EDGE_LOOP('',(#2794,#2802,#2803,#2811));
#2794 = ORIENTED_EDGE('',*,*,#2795,.F.);
#2795 = EDGE_CURVE('',#2037,#2796,#2798,.T.);
#2796 = VERTEX_POINT('',#2797);
#2797 = CARTESIAN_POINT('',(-0.16,-4.92,8.54));
#2798 = LINE('',#2799,#2800);
#2799 = CARTESIAN_POINT('',(-0.16,-4.92,8.54));
#2800 = VECTOR('',#2801,1.);
#2801 = DIRECTION('',(0.57735026919,-0.57735026919,0.57735026919));
#2802 = ORIENTED_EDGE('',*,*,#2044,.T.);
#2803 = ORIENTED_EDGE('',*,*,#2804,.T.);
#2804 = EDGE_CURVE('',#2028,#2805,#2807,.T.);
#2805 = VERTEX_POINT('',#2806);
#2806 = CARTESIAN_POINT('',(0.16,-4.92,8.54));
#2807 = LINE('',#2808,#2809);
#2808 = CARTESIAN_POINT('',(5.333333333333E-02,-5.026666666667,
    8.646666666667));
#2809 = VECTOR('',#2810,1.);
#2810 = DIRECTION('',(-0.57735026919,-0.57735026919,0.57735026919));
#2811 = ORIENTED_EDGE('',*,*,#2812,.F.);
#2812 = EDGE_CURVE('',#2796,#2805,#2813,.T.);
#2813 = LINE('',#2814,#2815);
#2814 = CARTESIAN_POINT('',(-0.32,-4.92,8.54));
#2815 = VECTOR('',#2816,1.);
#2816 = DIRECTION('',(1.,0.,0.));
#2817 = PLANE('',#2818);
#2818 = AXIS2_PLACEMENT_3D('',#2819,#2820,#2821);
#2819 = CARTESIAN_POINT('',(-0.32,-4.84,8.46));
#2820 = DIRECTION('',(1.735167508357E-18,0.707106781187,0.707106781187)
  );
#2821 = DIRECTION('',(-1.,1.226948711654E-18,1.226948711654E-18));
#2822 = ADVANCED_FACE('',(#2823),#2841,.F.);
#2823 = FACE_BOUND('',#2824,.F.);
#2824 = EDGE_LOOP('',(#2825,#2833,#2834,#2835));
#2825 = ORIENTED_EDGE('',*,*,#2826,.F.);
#2826 = EDGE_CURVE('',#2059,#2827,#2829,.T.);
#2827 = VERTEX_POINT('',#2828);
#2828 = CARTESIAN_POINT('',(-0.16,-5.24,8.54));
#2829 = LINE('',#2830,#2831);
#2830 = CARTESIAN_POINT('',(-0.266666666667,-5.346666666667,
    8.433333333333));
#2831 = VECTOR('',#2832,1.);
#2832 = DIRECTION('',(0.57735026919,0.57735026919,0.57735026919));
#2833 = ORIENTED_EDGE('',*,*,#2068,.T.);
#2834 = ORIENTED_EDGE('',*,*,#2795,.T.);
#2835 = ORIENTED_EDGE('',*,*,#2836,.F.);
#2836 = EDGE_CURVE('',#2827,#2796,#2837,.T.);
#2837 = LINE('',#2838,#2839);
#2838 = CARTESIAN_POINT('',(-0.16,-5.4,8.54));
#2839 = VECTOR('',#2840,1.);
#2840 = DIRECTION('',(0.,1.,0.));
#2841 = PLANE('',#2842);
#2842 = AXIS2_PLACEMENT_3D('',#2843,#2844,#2845);
#2843 = CARTESIAN_POINT('',(-0.24,-5.4,8.46));
#2844 = DIRECTION('',(0.707106781187,1.735167508357E-18,-0.707106781187)
  );
#2845 = DIRECTION('',(-1.226948711654E-18,1.,1.226948711654E-18));
#2846 = ADVANCED_FACE('',(#2847),#2865,.F.);
#2847 = FACE_BOUND('',#2848,.T.);
#2848 = EDGE_LOOP('',(#2849,#2850,#2851,#2859));
#2849 = ORIENTED_EDGE('',*,*,#2826,.F.);
#2850 = ORIENTED_EDGE('',*,*,#2092,.T.);
#2851 = ORIENTED_EDGE('',*,*,#2852,.T.);
#2852 = EDGE_CURVE('',#2083,#2853,#2855,.T.);
#2853 = VERTEX_POINT('',#2854);
#2854 = CARTESIAN_POINT('',(0.16,-5.24,8.54));
#2855 = LINE('',#2856,#2857);
#2856 = CARTESIAN_POINT('',(0.16,-5.24,8.54));
#2857 = VECTOR('',#2858,1.);
#2858 = DIRECTION('',(-0.57735026919,0.57735026919,0.57735026919));
#2859 = ORIENTED_EDGE('',*,*,#2860,.F.);
#2860 = EDGE_CURVE('',#2827,#2853,#2861,.T.);
#2861 = LINE('',#2862,#2863);
#2862 = CARTESIAN_POINT('',(-0.32,-5.24,8.54));
#2863 = VECTOR('',#2864,1.);
#2864 = DIRECTION('',(1.,0.,0.));
#2865 = PLANE('',#2866);
#2866 = AXIS2_PLACEMENT_3D('',#2867,#2868,#2869);
#2867 = CARTESIAN_POINT('',(-0.32,-5.32,8.46));
#2868 = DIRECTION('',(-1.735167508357E-18,0.707106781187,-0.707106781187
    ));
#2869 = DIRECTION('',(-1.,-1.226948711654E-18,1.226948711654E-18));
#2870 = ADVANCED_FACE('',(#2871),#2882,.T.);
#2871 = FACE_BOUND('',#2872,.T.);
#2872 = EDGE_LOOP('',(#2873,#2874,#2875,#2876));
#2873 = ORIENTED_EDGE('',*,*,#2852,.F.);
#2874 = ORIENTED_EDGE('',*,*,#2109,.T.);
#2875 = ORIENTED_EDGE('',*,*,#2804,.T.);
#2876 = ORIENTED_EDGE('',*,*,#2877,.F.);
#2877 = EDGE_CURVE('',#2853,#2805,#2878,.T.);
#2878 = LINE('',#2879,#2880);
#2879 = CARTESIAN_POINT('',(0.16,-5.4,8.54));
#2880 = VECTOR('',#2881,1.);
#2881 = DIRECTION('',(0.,1.,0.));
#2882 = PLANE('',#2883);
#2883 = AXIS2_PLACEMENT_3D('',#2884,#2885,#2886);
#2884 = CARTESIAN_POINT('',(0.24,-5.4,8.46));
#2885 = DIRECTION('',(0.707106781187,-1.735167508357E-18,0.707106781187)
  );
#2886 = DIRECTION('',(1.226948711654E-18,1.,1.226948711654E-18));
#2887 = ADVANCED_FACE('',(#2888),#2913,.T.);
#2888 = FACE_BOUND('',#2889,.T.);
#2889 = EDGE_LOOP('',(#2890,#2898,#2899,#2907));
#2890 = ORIENTED_EDGE('',*,*,#2891,.F.);
#2891 = EDGE_CURVE('',#2124,#2892,#2894,.T.);
#2892 = VERTEX_POINT('',#2893);
#2893 = CARTESIAN_POINT('',(0.16,-7.78,8.54));
#2894 = LINE('',#2895,#2896);
#2895 = CARTESIAN_POINT('',(0.16,-7.78,8.54));
#2896 = VECTOR('',#2897,1.);
#2897 = DIRECTION('',(-0.57735026919,0.57735026919,0.57735026919));
#2898 = ORIENTED_EDGE('',*,*,#2140,.T.);
#2899 = ORIENTED_EDGE('',*,*,#2900,.T.);
#2900 = EDGE_CURVE('',#2133,#2901,#2903,.T.);
#2901 = VERTEX_POINT('',#2902);
#2902 = CARTESIAN_POINT('',(0.16,-7.46,8.54));
#2903 = LINE('',#2904,#2905);
#2904 = CARTESIAN_POINT('',(5.333333333333E-02,-7.566666666667,
    8.646666666667));
#2905 = VECTOR('',#2906,1.);
#2906 = DIRECTION('',(-0.57735026919,-0.57735026919,0.57735026919));
#2907 = ORIENTED_EDGE('',*,*,#2908,.F.);
#2908 = EDGE_CURVE('',#2892,#2901,#2909,.T.);
#2909 = LINE('',#2910,#2911);
#2910 = CARTESIAN_POINT('',(0.16,-7.94,8.54));
#2911 = VECTOR('',#2912,1.);
#2912 = DIRECTION('',(0.,1.,0.));
#2913 = PLANE('',#2914);
#2914 = AXIS2_PLACEMENT_3D('',#2915,#2916,#2917);
#2915 = CARTESIAN_POINT('',(0.24,-7.94,8.46));
#2916 = DIRECTION('',(0.707106781187,-1.735167508357E-18,0.707106781187)
  );
#2917 = DIRECTION('',(1.226948711654E-18,1.,1.226948711654E-18));
#2918 = ADVANCED_FACE('',(#2919),#2937,.T.);
#2919 = FACE_BOUND('',#2920,.F.);
#2920 = EDGE_LOOP('',(#2921,#2929,#2930,#2931));
#2921 = ORIENTED_EDGE('',*,*,#2922,.F.);
#2922 = EDGE_CURVE('',#2157,#2923,#2925,.T.);
#2923 = VERTEX_POINT('',#2924);
#2924 = CARTESIAN_POINT('',(-0.16,-7.46,8.54));
#2925 = LINE('',#2926,#2927);
#2926 = CARTESIAN_POINT('',(-0.16,-7.46,8.54));
#2927 = VECTOR('',#2928,1.);
#2928 = DIRECTION('',(0.57735026919,-0.57735026919,0.57735026919));
#2929 = ORIENTED_EDGE('',*,*,#2164,.T.);
#2930 = ORIENTED_EDGE('',*,*,#2900,.T.);
#2931 = ORIENTED_EDGE('',*,*,#2932,.F.);
#2932 = EDGE_CURVE('',#2923,#2901,#2933,.T.);
#2933 = LINE('',#2934,#2935);
#2934 = CARTESIAN_POINT('',(-0.32,-7.46,8.54));
#2935 = VECTOR('',#2936,1.);
#2936 = DIRECTION('',(1.,0.,0.));
#2937 = PLANE('',#2938);
#2938 = AXIS2_PLACEMENT_3D('',#2939,#2940,#2941);
#2939 = CARTESIAN_POINT('',(-0.32,-7.38,8.46));
#2940 = DIRECTION('',(1.735167508357E-18,0.707106781187,0.707106781187)
  );
#2941 = DIRECTION('',(-1.,1.226948711654E-18,1.226948711654E-18));
#2942 = ADVANCED_FACE('',(#2943),#2961,.F.);
#2943 = FACE_BOUND('',#2944,.F.);
#2944 = EDGE_LOOP('',(#2945,#2953,#2954,#2955));
#2945 = ORIENTED_EDGE('',*,*,#2946,.F.);
#2946 = EDGE_CURVE('',#2179,#2947,#2949,.T.);
#2947 = VERTEX_POINT('',#2948);
#2948 = CARTESIAN_POINT('',(-0.16,-7.78,8.54));
#2949 = LINE('',#2950,#2951);
#2950 = CARTESIAN_POINT('',(-0.266666666667,-7.886666666667,
    8.433333333333));
#2951 = VECTOR('',#2952,1.);
#2952 = DIRECTION('',(0.57735026919,0.57735026919,0.57735026919));
#2953 = ORIENTED_EDGE('',*,*,#2188,.T.);
#2954 = ORIENTED_EDGE('',*,*,#2922,.T.);
#2955 = ORIENTED_EDGE('',*,*,#2956,.F.);
#2956 = EDGE_CURVE('',#2947,#2923,#2957,.T.);
#2957 = LINE('',#2958,#2959);
#2958 = CARTESIAN_POINT('',(-0.16,-7.94,8.54));
#2959 = VECTOR('',#2960,1.);
#2960 = DIRECTION('',(0.,1.,0.));
#2961 = PLANE('',#2962);
#2962 = AXIS2_PLACEMENT_3D('',#2963,#2964,#2965);
#2963 = CARTESIAN_POINT('',(-0.24,-7.94,8.46));
#2964 = DIRECTION('',(0.707106781187,1.735167508357E-18,-0.707106781187)
  );
#2965 = DIRECTION('',(-1.226948711654E-18,1.,1.226948711654E-18));
#2966 = ADVANCED_FACE('',(#2967),#2978,.F.);
#2967 = FACE_BOUND('',#2968,.T.);
#2968 = EDGE_LOOP('',(#2969,#2970,#2971,#2972));
#2969 = ORIENTED_EDGE('',*,*,#2946,.F.);
#2970 = ORIENTED_EDGE('',*,*,#2205,.T.);
#2971 = ORIENTED_EDGE('',*,*,#2891,.T.);
#2972 = ORIENTED_EDGE('',*,*,#2973,.F.);
#2973 = EDGE_CURVE('',#2947,#2892,#2974,.T.);
#2974 = LINE('',#2975,#2976);
#2975 = CARTESIAN_POINT('',(-0.32,-7.78,8.54));
#2976 = VECTOR('',#2977,1.);
#2977 = DIRECTION('',(1.,0.,0.));
#2978 = PLANE('',#2979);
#2979 = AXIS2_PLACEMENT_3D('',#2980,#2981,#2982);
#2980 = CARTESIAN_POINT('',(-0.32,-7.86,8.46));
#2981 = DIRECTION('',(-1.735167508357E-18,0.707106781187,-0.707106781187
    ));
#2982 = DIRECTION('',(-1.,-1.226948711654E-18,1.226948711654E-18));
#2983 = ADVANCED_FACE('',(#2984),#3009,.T.);
#2984 = FACE_BOUND('',#2985,.T.);
#2985 = EDGE_LOOP('',(#2986,#2994,#2995,#3003));
#2986 = ORIENTED_EDGE('',*,*,#2987,.F.);
#2987 = EDGE_CURVE('',#2220,#2988,#2990,.T.);
#2988 = VERTEX_POINT('',#2989);
#2989 = CARTESIAN_POINT('',(0.16,-0.16,8.54));
#2990 = LINE('',#2991,#2992);
#2991 = CARTESIAN_POINT('',(0.16,-0.16,8.54));
#2992 = VECTOR('',#2993,1.);
#2993 = DIRECTION('',(-0.57735026919,0.57735026919,0.57735026919));
#2994 = ORIENTED_EDGE('',*,*,#2236,.T.);
#2995 = ORIENTED_EDGE('',*,*,#2996,.T.);
#2996 = EDGE_CURVE('',#2229,#2997,#2999,.T.);
#2997 = VERTEX_POINT('',#2998);
#2998 = CARTESIAN_POINT('',(0.16,0.16,8.54));
#2999 = LINE('',#3000,#3001);
#3000 = CARTESIAN_POINT('',(5.333333333333E-02,5.333333333333E-02,
    8.646666666667));
#3001 = VECTOR('',#3002,1.);
#3002 = DIRECTION('',(-0.57735026919,-0.57735026919,0.57735026919));
#3003 = ORIENTED_EDGE('',*,*,#3004,.F.);
#3004 = EDGE_CURVE('',#2988,#2997,#3005,.T.);
#3005 = LINE('',#3006,#3007);
#3006 = CARTESIAN_POINT('',(0.16,-0.32,8.54));
#3007 = VECTOR('',#3008,1.);
#3008 = DIRECTION('',(0.,1.,0.));
#3009 = PLANE('',#3010);
#3010 = AXIS2_PLACEMENT_3D('',#3011,#3012,#3013);
#3011 = CARTESIAN_POINT('',(0.24,-0.32,8.46));
#3012 = DIRECTION('',(0.707106781187,-1.735167508357E-18,0.707106781187)
  );
#3013 = DIRECTION('',(1.226948711654E-18,1.,1.226948711654E-18));
#3014 = ADVANCED_FACE('',(#3015),#3033,.T.);
#3015 = FACE_BOUND('',#3016,.F.);
#3016 = EDGE_LOOP('',(#3017,#3025,#3026,#3027));
#3017 = ORIENTED_EDGE('',*,*,#3018,.F.);
#3018 = EDGE_CURVE('',#2253,#3019,#3021,.T.);
#3019 = VERTEX_POINT('',#3020);
#3020 = CARTESIAN_POINT('',(-0.16,0.16,8.54));
#3021 = LINE('',#3022,#3023);
#3022 = CARTESIAN_POINT('',(-0.16,0.16,8.54));
#3023 = VECTOR('',#3024,1.);
#3024 = DIRECTION('',(0.57735026919,-0.57735026919,0.57735026919));
#3025 = ORIENTED_EDGE('',*,*,#2260,.T.);
#3026 = ORIENTED_EDGE('',*,*,#2996,.T.);
#3027 = ORIENTED_EDGE('',*,*,#3028,.F.);
#3028 = EDGE_CURVE('',#3019,#2997,#3029,.T.);
#3029 = LINE('',#3030,#3031);
#3030 = CARTESIAN_POINT('',(-0.32,0.16,8.54));
#3031 = VECTOR('',#3032,1.);
#3032 = DIRECTION('',(1.,0.,0.));
#3033 = PLANE('',#3034);
#3034 = AXIS2_PLACEMENT_3D('',#3035,#3036,#3037);
#3035 = CARTESIAN_POINT('',(-0.32,0.24,8.46));
#3036 = DIRECTION('',(1.735167508357E-18,0.707106781187,0.707106781187)
  );
#3037 = DIRECTION('',(-1.,1.226948711654E-18,1.226948711654E-18));
#3038 = ADVANCED_FACE('',(#3039),#3057,.F.);
#3039 = FACE_BOUND('',#3040,.F.);
#3040 = EDGE_LOOP('',(#3041,#3049,#3050,#3051));
#3041 = ORIENTED_EDGE('',*,*,#3042,.F.);
#3042 = EDGE_CURVE('',#2275,#3043,#3045,.T.);
#3043 = VERTEX_POINT('',#3044);
#3044 = CARTESIAN_POINT('',(-0.16,-0.16,8.54));
#3045 = LINE('',#3046,#3047);
#3046 = CARTESIAN_POINT('',(-0.266666666667,-0.266666666667,
    8.433333333333));
#3047 = VECTOR('',#3048,1.);
#3048 = DIRECTION('',(0.57735026919,0.57735026919,0.57735026919));
#3049 = ORIENTED_EDGE('',*,*,#2284,.T.);
#3050 = ORIENTED_EDGE('',*,*,#3018,.T.);
#3051 = ORIENTED_EDGE('',*,*,#3052,.F.);
#3052 = EDGE_CURVE('',#3043,#3019,#3053,.T.);
#3053 = LINE('',#3054,#3055);
#3054 = CARTESIAN_POINT('',(-0.16,-0.32,8.54));
#3055 = VECTOR('',#3056,1.);
#3056 = DIRECTION('',(0.,1.,0.));
#3057 = PLANE('',#3058);
#3058 = AXIS2_PLACEMENT_3D('',#3059,#3060,#3061);
#3059 = CARTESIAN_POINT('',(-0.24,-0.32,8.46));
#3060 = DIRECTION('',(0.707106781187,1.735167508357E-18,-0.707106781187)
  );
#3061 = DIRECTION('',(-1.226948711654E-18,1.,1.226948711654E-18));
#3062 = ADVANCED_FACE('',(#3063),#3074,.F.);
#3063 = FACE_BOUND('',#3064,.T.);
#3064 = EDGE_LOOP('',(#3065,#3066,#3067,#3068));
#3065 = ORIENTED_EDGE('',*,*,#3042,.F.);
#3066 = ORIENTED_EDGE('',*,*,#2301,.T.);
#3067 = ORIENTED_EDGE('',*,*,#2987,.T.);
#3068 = ORIENTED_EDGE('',*,*,#3069,.F.);
#3069 = EDGE_CURVE('',#3043,#2988,#3070,.T.);
#3070 = LINE('',#3071,#3072);
#3071 = CARTESIAN_POINT('',(-0.32,-0.16,8.54));
#3072 = VECTOR('',#3073,1.);
#3073 = DIRECTION('',(1.,0.,0.));
#3074 = PLANE('',#3075);
#3075 = AXIS2_PLACEMENT_3D('',#3076,#3077,#3078);
#3076 = CARTESIAN_POINT('',(-0.32,-0.24,8.46));
#3077 = DIRECTION('',(-1.735167508357E-18,0.707106781187,-0.707106781187
    ));
#3078 = DIRECTION('',(-1.,-1.226948711654E-18,1.226948711654E-18));
#3079 = ADVANCED_FACE('',(#3080),#3105,.T.);
#3080 = FACE_BOUND('',#3081,.F.);
#3081 = EDGE_LOOP('',(#3082,#3090,#3091,#3099));
#3082 = ORIENTED_EDGE('',*,*,#3083,.F.);
#3083 = EDGE_CURVE('',#2325,#3084,#3086,.T.);
#3084 = VERTEX_POINT('',#3085);
#3085 = CARTESIAN_POINT('',(-0.16,-2.38,8.54));
#3086 = LINE('',#3087,#3088);
#3087 = CARTESIAN_POINT('',(-0.16,-2.38,8.54));
#3088 = VECTOR('',#3089,1.);
#3089 = DIRECTION('',(0.57735026919,-0.57735026919,0.57735026919));
#3090 = ORIENTED_EDGE('',*,*,#2332,.T.);
#3091 = ORIENTED_EDGE('',*,*,#3092,.T.);
#3092 = EDGE_CURVE('',#2316,#3093,#3095,.T.);
#3093 = VERTEX_POINT('',#3094);
#3094 = CARTESIAN_POINT('',(0.16,-2.38,8.54));
#3095 = LINE('',#3096,#3097);
#3096 = CARTESIAN_POINT('',(5.333333333333E-02,-2.486666666667,
    8.646666666667));
#3097 = VECTOR('',#3098,1.);
#3098 = DIRECTION('',(-0.57735026919,-0.57735026919,0.57735026919));
#3099 = ORIENTED_EDGE('',*,*,#3100,.F.);
#3100 = EDGE_CURVE('',#3084,#3093,#3101,.T.);
#3101 = LINE('',#3102,#3103);
#3102 = CARTESIAN_POINT('',(-0.32,-2.38,8.54));
#3103 = VECTOR('',#3104,1.);
#3104 = DIRECTION('',(1.,0.,0.));
#3105 = PLANE('',#3106);
#3106 = AXIS2_PLACEMENT_3D('',#3107,#3108,#3109);
#3107 = CARTESIAN_POINT('',(-0.32,-2.3,8.46));
#3108 = DIRECTION('',(1.735167508357E-18,0.707106781187,0.707106781187)
  );
#3109 = DIRECTION('',(-1.,1.226948711654E-18,1.226948711654E-18));
#3110 = ADVANCED_FACE('',(#3111),#3129,.F.);
#3111 = FACE_BOUND('',#3112,.F.);
#3112 = EDGE_LOOP('',(#3113,#3121,#3122,#3123));
#3113 = ORIENTED_EDGE('',*,*,#3114,.F.);
#3114 = EDGE_CURVE('',#2347,#3115,#3117,.T.);
#3115 = VERTEX_POINT('',#3116);
#3116 = CARTESIAN_POINT('',(-0.16,-2.7,8.54));
#3117 = LINE('',#3118,#3119);
#3118 = CARTESIAN_POINT('',(-0.266666666667,-2.806666666667,
    8.433333333333));
#3119 = VECTOR('',#3120,1.);
#3120 = DIRECTION('',(0.57735026919,0.57735026919,0.57735026919));
#3121 = ORIENTED_EDGE('',*,*,#2356,.T.);
#3122 = ORIENTED_EDGE('',*,*,#3083,.T.);
#3123 = ORIENTED_EDGE('',*,*,#3124,.F.);
#3124 = EDGE_CURVE('',#3115,#3084,#3125,.T.);
#3125 = LINE('',#3126,#3127);
#3126 = CARTESIAN_POINT('',(-0.16,-2.86,8.54));
#3127 = VECTOR('',#3128,1.);
#3128 = DIRECTION('',(0.,1.,0.));
#3129 = PLANE('',#3130);
#3130 = AXIS2_PLACEMENT_3D('',#3131,#3132,#3133);
#3131 = CARTESIAN_POINT('',(-0.24,-2.86,8.46));
#3132 = DIRECTION('',(0.707106781187,1.735167508357E-18,-0.707106781187)
  );
#3133 = DIRECTION('',(-1.226948711654E-18,1.,1.226948711654E-18));
#3134 = ADVANCED_FACE('',(#3135),#3153,.F.);
#3135 = FACE_BOUND('',#3136,.T.);
#3136 = EDGE_LOOP('',(#3137,#3138,#3139,#3147));
#3137 = ORIENTED_EDGE('',*,*,#3114,.F.);
#3138 = ORIENTED_EDGE('',*,*,#2380,.T.);
#3139 = ORIENTED_EDGE('',*,*,#3140,.T.);
#3140 = EDGE_CURVE('',#2371,#3141,#3143,.T.);
#3141 = VERTEX_POINT('',#3142);
#3142 = CARTESIAN_POINT('',(0.16,-2.7,8.54));
#3143 = LINE('',#3144,#3145);
#3144 = CARTESIAN_POINT('',(0.16,-2.7,8.54));
#3145 = VECTOR('',#3146,1.);
#3146 = DIRECTION('',(-0.57735026919,0.57735026919,0.57735026919));
#3147 = ORIENTED_EDGE('',*,*,#3148,.F.);
#3148 = EDGE_CURVE('',#3115,#3141,#3149,.T.);
#3149 = LINE('',#3150,#3151);
#3150 = CARTESIAN_POINT('',(-0.32,-2.7,8.54));
#3151 = VECTOR('',#3152,1.);
#3152 = DIRECTION('',(1.,0.,0.));
#3153 = PLANE('',#3154);
#3154 = AXIS2_PLACEMENT_3D('',#3155,#3156,#3157);
#3155 = CARTESIAN_POINT('',(-0.32,-2.78,8.46));
#3156 = DIRECTION('',(-1.735167508357E-18,0.707106781187,-0.707106781187
    ));
#3157 = DIRECTION('',(-1.,-1.226948711654E-18,1.226948711654E-18));
#3158 = ADVANCED_FACE('',(#3159),#3170,.T.);
#3159 = FACE_BOUND('',#3160,.T.);
#3160 = EDGE_LOOP('',(#3161,#3162,#3163,#3164));
#3161 = ORIENTED_EDGE('',*,*,#3140,.F.);
#3162 = ORIENTED_EDGE('',*,*,#2397,.T.);
#3163 = ORIENTED_EDGE('',*,*,#3092,.T.);
#3164 = ORIENTED_EDGE('',*,*,#3165,.F.);
#3165 = EDGE_CURVE('',#3141,#3093,#3166,.T.);
#3166 = LINE('',#3167,#3168);
#3167 = CARTESIAN_POINT('',(0.16,-2.86,8.54));
#3168 = VECTOR('',#3169,1.);
#3169 = DIRECTION('',(0.,1.,0.));
#3170 = PLANE('',#3171);
#3171 = AXIS2_PLACEMENT_3D('',#3172,#3173,#3174);
#3172 = CARTESIAN_POINT('',(0.24,-2.86,8.46));
#3173 = DIRECTION('',(0.707106781187,-1.735167508357E-18,0.707106781187)
  );
#3174 = DIRECTION('',(1.226948711654E-18,1.,1.226948711654E-18));
#3175 = ADVANCED_FACE('',(#3176),#3182,.F.);
#3176 = FACE_BOUND('',#3177,.F.);
#3177 = EDGE_LOOP('',(#3178,#3179,#3180,#3181));
#3178 = ORIENTED_EDGE('',*,*,#2493,.T.);
#3179 = ORIENTED_EDGE('',*,*,#2428,.F.);
#3180 = ORIENTED_EDGE('',*,*,#2452,.F.);
#3181 = ORIENTED_EDGE('',*,*,#2476,.T.);
#3182 = PLANE('',#3183);
#3183 = AXIS2_PLACEMENT_3D('',#3184,#3185,#3186);
#3184 = CARTESIAN_POINT('',(-0.32,-5.4,-3.));
#3185 = DIRECTION('',(0.,0.,1.));
#3186 = DIRECTION('',(1.,0.,-0.));
#3187 = ADVANCED_FACE('',(#3188),#3194,.F.);
#3188 = FACE_BOUND('',#3189,.F.);
#3189 = EDGE_LOOP('',(#3190,#3191,#3192,#3193));
#3190 = ORIENTED_EDGE('',*,*,#2524,.T.);
#3191 = ORIENTED_EDGE('',*,*,#2548,.F.);
#3192 = ORIENTED_EDGE('',*,*,#2572,.F.);
#3193 = ORIENTED_EDGE('',*,*,#2589,.T.);
#3194 = PLANE('',#3195);
#3195 = AXIS2_PLACEMENT_3D('',#3196,#3197,#3198);
#3196 = CARTESIAN_POINT('',(-0.32,-7.94,-3.));
#3197 = DIRECTION('',(0.,0.,1.));
#3198 = DIRECTION('',(1.,0.,-0.));
#3199 = ADVANCED_FACE('',(#3200),#3206,.F.);
#3200 = FACE_BOUND('',#3201,.F.);
#3201 = EDGE_LOOP('',(#3202,#3203,#3204,#3205));
#3202 = ORIENTED_EDGE('',*,*,#2620,.T.);
#3203 = ORIENTED_EDGE('',*,*,#2644,.F.);
#3204 = ORIENTED_EDGE('',*,*,#2668,.F.);
#3205 = ORIENTED_EDGE('',*,*,#2685,.T.);
#3206 = PLANE('',#3207);
#3207 = AXIS2_PLACEMENT_3D('',#3208,#3209,#3210);
#3208 = CARTESIAN_POINT('',(-0.32,-0.32,-3.));
#3209 = DIRECTION('',(0.,0.,1.));
#3210 = DIRECTION('',(1.,0.,-0.));
#3211 = ADVANCED_FACE('',(#3212),#3218,.F.);
#3212 = FACE_BOUND('',#3213,.F.);
#3213 = EDGE_LOOP('',(#3214,#3215,#3216,#3217));
#3214 = ORIENTED_EDGE('',*,*,#2781,.T.);
#3215 = ORIENTED_EDGE('',*,*,#2716,.F.);
#3216 = ORIENTED_EDGE('',*,*,#2740,.F.);
#3217 = ORIENTED_EDGE('',*,*,#2764,.T.);
#3218 = PLANE('',#3219);
#3219 = AXIS2_PLACEMENT_3D('',#3220,#3221,#3222);
#3220 = CARTESIAN_POINT('',(-0.32,-2.86,-3.));
#3221 = DIRECTION('',(0.,0.,1.));
#3222 = DIRECTION('',(1.,0.,-0.));
#3223 = ADVANCED_FACE('',(#3224),#3230,.T.);
#3224 = FACE_BOUND('',#3225,.T.);
#3225 = EDGE_LOOP('',(#3226,#3227,#3228,#3229));
#3226 = ORIENTED_EDGE('',*,*,#2877,.T.);
#3227 = ORIENTED_EDGE('',*,*,#2812,.F.);
#3228 = ORIENTED_EDGE('',*,*,#2836,.F.);
#3229 = ORIENTED_EDGE('',*,*,#2860,.T.);
#3230 = PLANE('',#3231);
#3231 = AXIS2_PLACEMENT_3D('',#3232,#3233,#3234);
#3232 = CARTESIAN_POINT('',(-0.32,-5.4,8.54));
#3233 = DIRECTION('',(0.,0.,1.));
#3234 = DIRECTION('',(1.,0.,-0.));
#3235 = ADVANCED_FACE('',(#3236),#3242,.T.);
#3236 = FACE_BOUND('',#3237,.T.);
#3237 = EDGE_LOOP('',(#3238,#3239,#3240,#3241));
#3238 = ORIENTED_EDGE('',*,*,#2908,.T.);
#3239 = ORIENTED_EDGE('',*,*,#2932,.F.);
#3240 = ORIENTED_EDGE('',*,*,#2956,.F.);
#3241 = ORIENTED_EDGE('',*,*,#2973,.T.);
#3242 = PLANE('',#3243);
#3243 = AXIS2_PLACEMENT_3D('',#3244,#3245,#3246);
#3244 = CARTESIAN_POINT('',(-0.32,-7.94,8.54));
#3245 = DIRECTION('',(0.,0.,1.));
#3246 = DIRECTION('',(1.,0.,-0.));
#3247 = ADVANCED_FACE('',(#3248),#3254,.T.);
#3248 = FACE_BOUND('',#3249,.T.);
#3249 = EDGE_LOOP('',(#3250,#3251,#3252,#3253));
#3250 = ORIENTED_EDGE('',*,*,#3004,.T.);
#3251 = ORIENTED_EDGE('',*,*,#3028,.F.);
#3252 = ORIENTED_EDGE('',*,*,#3052,.F.);
#3253 = ORIENTED_EDGE('',*,*,#3069,.T.);
#3254 = PLANE('',#3255);
#3255 = AXIS2_PLACEMENT_3D('',#3256,#3257,#3258);
#3256 = CARTESIAN_POINT('',(-0.32,-0.32,8.54));
#3257 = DIRECTION('',(0.,0.,1.));
#3258 = DIRECTION('',(1.,0.,-0.));
#3259 = ADVANCED_FACE('',(#3260),#3266,.T.);
#3260 = FACE_BOUND('',#3261,.T.);
#3261 = EDGE_LOOP('',(#3262,#3263,#3264,#3265));
#3262 = ORIENTED_EDGE('',*,*,#3165,.T.);
#3263 = ORIENTED_EDGE('',*,*,#3100,.F.);
#3264 = ORIENTED_EDGE('',*,*,#3124,.F.);
#3265 = ORIENTED_EDGE('',*,*,#3148,.T.);
#3266 = PLANE('',#3267);
#3267 = AXIS2_PLACEMENT_3D('',#3268,#3269,#3270);
#3268 = CARTESIAN_POINT('',(-0.32,-2.86,8.54));
#3269 = DIRECTION('',(0.,0.,1.));
#3270 = DIRECTION('',(1.,0.,-0.));
#3271 = ( GEOMETRIC_REPRESENTATION_CONTEXT(3) 
GLOBAL_UNCERTAINTY_ASSIGNED_CONTEXT((#3275)) 
GLOBAL_UNIT_ASSIGNED_CONTEXT((#3272,#3273,#3274)) REPRESENTATION_CONTEXT
('Context #1','3D Context with UNIT and UNCERTAINTY') );
#3272 = ( LENGTH_UNIT() NAMED_UNIT(*) SI_UNIT(.MILLI.,.METRE.) );
#3273 = ( NAMED_UNIT(*) PLANE_ANGLE_UNIT() SI_UNIT($,.RADIAN.) );
#3274 = ( NAMED_UNIT(*) SI_UNIT($,.STERADIAN.) SOLID_ANGLE_UNIT() );
#3275 = UNCERTAINTY_MEASURE_WITH_UNIT(LENGTH_MEASURE(1.E-07),#3272,
  'distance_accuracy_value','confusion accuracy');
#3276 = CONTEXT_DEPENDENT_SHAPE_REPRESENTATION(#3277,#3279);
#3277 = ( REPRESENTATION_RELATIONSHIP('','',#490,#467) 
REPRESENTATION_RELATIONSHIP_WITH_TRANSFORMATION(#3278) 
SHAPE_REPRESENTATION_RELATIONSHIP() );
#3278 = ITEM_DEFINED_TRANSFORMATION('','',#11,#468);
#3279 = PRODUCT_DEFINITION_SHAPE('Placement','Placement of an item',
  #3280);
#3280 = NEXT_ASSEMBLY_USAGE_OCCURRENCE('6','=>[0:1:1:5]','',#462,#485,$
  );
#3281 = PRODUCT_RELATED_PRODUCT_CATEGORY('part',$,(#487));
#3282 = CONTEXT_DEPENDENT_SHAPE_REPRESENTATION(#3283,#3285);
#3283 = ( REPRESENTATION_RELATIONSHIP('','',#60,#10) 
REPRESENTATION_RELATIONSHIP_WITH_TRANSFORMATION(#3284) 
SHAPE_REPRESENTATION_RELATIONSHIP() );
#3284 = ITEM_DEFINED_TRANSFORMATION('','',#11,#35);
#3285 = PRODUCT_DEFINITION_SHAPE('Placement','Placement of an item',
  #3286);
#3286 = NEXT_ASSEMBLY_USAGE_OCCURRENCE('8','D5','',#5,#55,$);
#3287 = CONTEXT_DEPENDENT_SHAPE_REPRESENTATION(#3288,#3290);
#3288 = ( REPRESENTATION_RELATIONSHIP('','',#60,#10) 
REPRESENTATION_RELATIONSHIP_WITH_TRANSFORMATION(#3289) 
SHAPE_REPRESENTATION_RELATIONSHIP() );
#3289 = ITEM_DEFINED_TRANSFORMATION('','',#11,#39);
#3290 = PRODUCT_DEFINITION_SHAPE('Placement','Placement of an item',
  #3291);
#3291 = NEXT_ASSEMBLY_USAGE_OCCURRENCE('9','D2','',#5,#55,$);
#3292 = SHAPE_DEFINITION_REPRESENTATION(#3293,#3299);
#3293 = PRODUCT_DEFINITION_SHAPE('','',#3294);
#3294 = PRODUCT_DEFINITION('design','',#3295,#3298);
#3295 = PRODUCT_DEFINITION_FORMATION('','',#3296);
#3296 = PRODUCT('hydropad_PCB','hydropad_PCB','',(#3297));
#3297 = PRODUCT_CONTEXT('',#2,'mechanical');
#3298 = PRODUCT_DEFINITION_CONTEXT('part definition',#2,'design');
#3299 = ADVANCED_BREP_SHAPE_REPRESENTATION('',(#11,#3300),#6342);
#3300 = MANIFOLD_SOLID_BREP('',#3301);
#3301 = CLOSED_SHELL('',(#3302,#3342,#3373,#3404,#4221,#5038,#5050,#5067
    ,#5084,#5101,#5118,#5135,#5152,#5169,#5186,#5203,#5220,#5237,#5254,
    #5271,#5293,#5310,#5327,#5339,#5361,#5378,#5395,#5407,#5424,#5441,
    #5463,#5480,#5497,#5509,#5526,#5543,#5560,#5577,#5594,#5611,#5628,
    #5645,#5662,#5679,#5696,#5713,#5730,#5747,#5764,#5781,#5798,#5815,
    #5832,#5849,#5866,#5883,#5900,#5917,#5939,#5956,#5973,#5985,#6002,
    #6019,#6036,#6053,#6070,#6087,#6104,#6121,#6138,#6155,#6172,#6189,
    #6206,#6223,#6240,#6257,#6274,#6291,#6308,#6325));
#3302 = ADVANCED_FACE('',(#3303),#3337,.T.);
#3303 = FACE_BOUND('',#3304,.T.);
#3304 = EDGE_LOOP('',(#3305,#3315,#3323,#3331));
#3305 = ORIENTED_EDGE('',*,*,#3306,.T.);
#3306 = EDGE_CURVE('',#3307,#3309,#3311,.T.);
#3307 = VERTEX_POINT('',#3308);
#3308 = CARTESIAN_POINT('',(166.5,-110.5,0.));
#3309 = VERTEX_POINT('',#3310);
#3310 = CARTESIAN_POINT('',(166.5,-110.5,1.51));
#3311 = LINE('',#3312,#3313);
#3312 = CARTESIAN_POINT('',(166.5,-110.5,0.));
#3313 = VECTOR('',#3314,1.);
#3314 = DIRECTION('',(0.,0.,1.));
#3315 = ORIENTED_EDGE('',*,*,#3316,.T.);
#3316 = EDGE_CURVE('',#3309,#3317,#3319,.T.);
#3317 = VERTEX_POINT('',#3318);
#3318 = CARTESIAN_POINT('',(81.5,-110.5,1.51));
#3319 = LINE('',#3320,#3321);
#3320 = CARTESIAN_POINT('',(166.5,-110.5,1.51));
#3321 = VECTOR('',#3322,1.);
#3322 = DIRECTION('',(-1.,0.,0.));
#3323 = ORIENTED_EDGE('',*,*,#3324,.F.);
#3324 = EDGE_CURVE('',#3325,#3317,#3327,.T.);
#3325 = VERTEX_POINT('',#3326);
#3326 = CARTESIAN_POINT('',(81.5,-110.5,0.));
#3327 = LINE('',#3328,#3329);
#3328 = CARTESIAN_POINT('',(81.5,-110.5,0.));
#3329 = VECTOR('',#3330,1.);
#3330 = DIRECTION('',(0.,0.,1.));
#3331 = ORIENTED_EDGE('',*,*,#3332,.F.);
#3332 = EDGE_CURVE('',#3307,#3325,#3333,.T.);
#3333 = LINE('',#3334,#3335);
#3334 = CARTESIAN_POINT('',(166.5,-110.5,0.));
#3335 = VECTOR('',#3336,1.);
#3336 = DIRECTION('',(-1.,0.,0.));
#3337 = PLANE('',#3338);
#3338 = AXIS2_PLACEMENT_3D('',#3339,#3340,#3341);
#3339 = CARTESIAN_POINT('',(166.5,-110.5,0.));
#3340 = DIRECTION('',(0.,-1.,0.));
#3341 = DIRECTION('',(-1.,0.,0.));
#3342 = ADVANCED_FACE('',(#3343),#3368,.T.);
#3343 = FACE_BOUND('',#3344,.T.);
#3344 = EDGE_LOOP('',(#3345,#3355,#3361,#3362));
#3345 = ORIENTED_EDGE('',*,*,#3346,.T.);
#3346 = EDGE_CURVE('',#3347,#3349,#3351,.T.);
#3347 = VERTEX_POINT('',#3348);
#3348 = CARTESIAN_POINT('',(166.5,-54.5,0.));
#3349 = VERTEX_POINT('',#3350);
#3350 = CARTESIAN_POINT('',(166.5,-54.5,1.51));
#3351 = LINE('',#3352,#3353);
#3352 = CARTESIAN_POINT('',(166.5,-54.5,0.));
#3353 = VECTOR('',#3354,1.);
#3354 = DIRECTION('',(0.,0.,1.));
#3355 = ORIENTED_EDGE('',*,*,#3356,.T.);
#3356 = EDGE_CURVE('',#3349,#3309,#3357,.T.);
#3357 = LINE('',#3358,#3359);
#3358 = CARTESIAN_POINT('',(166.5,-54.5,1.51));
#3359 = VECTOR('',#3360,1.);
#3360 = DIRECTION('',(0.,-1.,0.));
#3361 = ORIENTED_EDGE('',*,*,#3306,.F.);
#3362 = ORIENTED_EDGE('',*,*,#3363,.F.);
#3363 = EDGE_CURVE('',#3347,#3307,#3364,.T.);
#3364 = LINE('',#3365,#3366);
#3365 = CARTESIAN_POINT('',(166.5,-54.5,0.));
#3366 = VECTOR('',#3367,1.);
#3367 = DIRECTION('',(0.,-1.,0.));
#3368 = PLANE('',#3369);
#3369 = AXIS2_PLACEMENT_3D('',#3370,#3371,#3372);
#3370 = CARTESIAN_POINT('',(166.5,-54.5,0.));
#3371 = DIRECTION('',(1.,0.,-0.));
#3372 = DIRECTION('',(0.,-1.,0.));
#3373 = ADVANCED_FACE('',(#3374),#3399,.T.);
#3374 = FACE_BOUND('',#3375,.T.);
#3375 = EDGE_LOOP('',(#3376,#3377,#3385,#3393));
#3376 = ORIENTED_EDGE('',*,*,#3324,.T.);
#3377 = ORIENTED_EDGE('',*,*,#3378,.T.);
#3378 = EDGE_CURVE('',#3317,#3379,#3381,.T.);
#3379 = VERTEX_POINT('',#3380);
#3380 = CARTESIAN_POINT('',(81.5,-54.5,1.51));
#3381 = LINE('',#3382,#3383);
#3382 = CARTESIAN_POINT('',(81.5,-110.5,1.51));
#3383 = VECTOR('',#3384,1.);
#3384 = DIRECTION('',(0.,1.,0.));
#3385 = ORIENTED_EDGE('',*,*,#3386,.F.);
#3386 = EDGE_CURVE('',#3387,#3379,#3389,.T.);
#3387 = VERTEX_POINT('',#3388);
#3388 = CARTESIAN_POINT('',(81.5,-54.5,0.));
#3389 = LINE('',#3390,#3391);
#3390 = CARTESIAN_POINT('',(81.5,-54.5,0.));
#3391 = VECTOR('',#3392,1.);
#3392 = DIRECTION('',(0.,0.,1.));
#3393 = ORIENTED_EDGE('',*,*,#3394,.F.);
#3394 = EDGE_CURVE('',#3325,#3387,#3395,.T.);
#3395 = LINE('',#3396,#3397);
#3396 = CARTESIAN_POINT('',(81.5,-110.5,0.));
#3397 = VECTOR('',#3398,1.);
#3398 = DIRECTION('',(0.,1.,0.));
#3399 = PLANE('',#3400);
#3400 = AXIS2_PLACEMENT_3D('',#3401,#3402,#3403);
#3401 = CARTESIAN_POINT('',(81.5,-110.5,0.));
#3402 = DIRECTION('',(-1.,0.,0.));
#3403 = DIRECTION('',(0.,1.,0.));
#3404 = ADVANCED_FACE('',(#3405,#3416,#3427,#3438,#3449,#3460,#3471,
    #3482,#3493,#3504,#3515,#3526,#3537,#3548,#3559,#3593,#3629,#3640,
    #3651,#3687,#3698,#3709,#3720,#3731,#3742,#3753,#3764,#3775,#3786,
    #3797,#3808,#3819,#3830,#3841,#3852,#3863,#3874,#3885,#3896,#3907,
    #3918,#3929,#3940,#3951,#3985,#3996,#4007,#4018,#4029,#4040,#4051,
    #4062,#4073,#4084,#4095,#4106,#4117,#4128,#4139,#4150,#4161,#4172,
    #4183,#4194,#4205),#4216,.F.);
#3405 = FACE_BOUND('',#3406,.F.);
#3406 = EDGE_LOOP('',(#3407,#3408,#3409,#3415));
#3407 = ORIENTED_EDGE('',*,*,#3332,.F.);
#3408 = ORIENTED_EDGE('',*,*,#3363,.F.);
#3409 = ORIENTED_EDGE('',*,*,#3410,.F.);
#3410 = EDGE_CURVE('',#3387,#3347,#3411,.T.);
#3411 = LINE('',#3412,#3413);
#3412 = CARTESIAN_POINT('',(81.5,-54.5,0.));
#3413 = VECTOR('',#3414,1.);
#3414 = DIRECTION('',(1.,0.,0.));
#3415 = ORIENTED_EDGE('',*,*,#3394,.F.);
#3416 = FACE_BOUND('',#3417,.F.);
#3417 = EDGE_LOOP('',(#3418));
#3418 = ORIENTED_EDGE('',*,*,#3419,.T.);
#3419 = EDGE_CURVE('',#3420,#3420,#3422,.T.);
#3420 = VERTEX_POINT('',#3421);
#3421 = CARTESIAN_POINT('',(87.63,-101.18,0.));
#3422 = CIRCLE('',#3423,0.85);
#3423 = AXIS2_PLACEMENT_3D('',#3424,#3425,#3426);
#3424 = CARTESIAN_POINT('',(87.63,-100.33,0.));
#3425 = DIRECTION('',(-0.,0.,-1.));
#3426 = DIRECTION('',(-0.,-1.,0.));
#3427 = FACE_BOUND('',#3428,.F.);
#3428 = EDGE_LOOP('',(#3429));
#3429 = ORIENTED_EDGE('',*,*,#3430,.T.);
#3430 = EDGE_CURVE('',#3431,#3431,#3433,.T.);
#3431 = VERTEX_POINT('',#3432);
#3432 = CARTESIAN_POINT('',(88.9,-98.54,0.));
#3433 = CIRCLE('',#3434,0.75);
#3434 = AXIS2_PLACEMENT_3D('',#3435,#3436,#3437);
#3435 = CARTESIAN_POINT('',(88.9,-97.79,0.));
#3436 = DIRECTION('',(-0.,0.,-1.));
#3437 = DIRECTION('',(-0.,-1.,0.));
#3438 = FACE_BOUND('',#3439,.F.);
#3439 = EDGE_LOOP('',(#3440));
#3440 = ORIENTED_EDGE('',*,*,#3441,.T.);
#3441 = EDGE_CURVE('',#3442,#3442,#3444,.T.);
#3442 = VERTEX_POINT('',#3443);
#3443 = CARTESIAN_POINT('',(92.71,-102.33,0.));
#3444 = CIRCLE('',#3445,2.);
#3445 = AXIS2_PLACEMENT_3D('',#3446,#3447,#3448);
#3446 = CARTESIAN_POINT('',(92.71,-100.33,0.));
#3447 = DIRECTION('',(-0.,0.,-1.));
#3448 = DIRECTION('',(-0.,-1.,0.));
#3449 = FACE_BOUND('',#3450,.F.);
#3450 = EDGE_LOOP('',(#3451));
#3451 = ORIENTED_EDGE('',*,*,#3452,.T.);
#3452 = EDGE_CURVE('',#3453,#3453,#3455,.T.);
#3453 = VERTEX_POINT('',#3454);
#3454 = CARTESIAN_POINT('',(95.25,-96.,0.));
#3455 = CIRCLE('',#3456,0.75);
#3456 = AXIS2_PLACEMENT_3D('',#3457,#3458,#3459);
#3457 = CARTESIAN_POINT('',(95.25,-95.25,0.));
#3458 = DIRECTION('',(-0.,0.,-1.));
#3459 = DIRECTION('',(-0.,-1.,0.));
#3460 = FACE_BOUND('',#3461,.F.);
#3461 = EDGE_LOOP('',(#3462));
#3462 = ORIENTED_EDGE('',*,*,#3463,.T.);
#3463 = EDGE_CURVE('',#3464,#3464,#3466,.T.);
#3464 = VERTEX_POINT('',#3465);
#3465 = CARTESIAN_POINT('',(97.79,-101.18,0.));
#3466 = CIRCLE('',#3467,0.85);
#3467 = AXIS2_PLACEMENT_3D('',#3468,#3469,#3470);
#3468 = CARTESIAN_POINT('',(97.79,-100.33,0.));
#3469 = DIRECTION('',(-0.,0.,-1.));
#3470 = DIRECTION('',(1.671865260612E-14,-1.,-0.));
#3471 = FACE_BOUND('',#3472,.F.);
#3472 = EDGE_LOOP('',(#3473));
#3473 = ORIENTED_EDGE('',*,*,#3474,.T.);
#3474 = EDGE_CURVE('',#3475,#3475,#3477,.T.);
#3475 = VERTEX_POINT('',#3476);
#3476 = CARTESIAN_POINT('',(123.825,-103.5,0.));
#3477 = CIRCLE('',#3478,0.5);
#3478 = AXIS2_PLACEMENT_3D('',#3479,#3480,#3481);
#3479 = CARTESIAN_POINT('',(123.825,-103.,0.));
#3480 = DIRECTION('',(-0.,0.,-1.));
#3481 = DIRECTION('',(-0.,-1.,0.));
#3482 = FACE_BOUND('',#3483,.F.);
#3483 = EDGE_LOOP('',(#3484));
#3484 = ORIENTED_EDGE('',*,*,#3485,.T.);
#3485 = EDGE_CURVE('',#3486,#3486,#3488,.T.);
#3486 = VERTEX_POINT('',#3487);
#3487 = CARTESIAN_POINT('',(106.68,-101.18,0.));
#3488 = CIRCLE('',#3489,0.85);
#3489 = AXIS2_PLACEMENT_3D('',#3490,#3491,#3492);
#3490 = CARTESIAN_POINT('',(106.68,-100.33,0.));
#3491 = DIRECTION('',(-0.,0.,-1.));
#3492 = DIRECTION('',(-0.,-1.,0.));
#3493 = FACE_BOUND('',#3494,.F.);
#3494 = EDGE_LOOP('',(#3495));
#3495 = ORIENTED_EDGE('',*,*,#3496,.T.);
#3496 = EDGE_CURVE('',#3497,#3497,#3499,.T.);
#3497 = VERTEX_POINT('',#3498);
#3498 = CARTESIAN_POINT('',(107.95,-98.54,0.));
#3499 = CIRCLE('',#3500,0.75);
#3500 = AXIS2_PLACEMENT_3D('',#3501,#3502,#3503);
#3501 = CARTESIAN_POINT('',(107.95,-97.79,0.));
#3502 = DIRECTION('',(-0.,0.,-1.));
#3503 = DIRECTION('',(-0.,-1.,0.));
#3504 = FACE_BOUND('',#3505,.F.);
#3505 = EDGE_LOOP('',(#3506));
#3506 = ORIENTED_EDGE('',*,*,#3507,.T.);
#3507 = EDGE_CURVE('',#3508,#3508,#3510,.T.);
#3508 = VERTEX_POINT('',#3509);
#3509 = CARTESIAN_POINT('',(111.76,-102.33,0.));
#3510 = CIRCLE('',#3511,2.);
#3511 = AXIS2_PLACEMENT_3D('',#3512,#3513,#3514);
#3512 = CARTESIAN_POINT('',(111.76,-100.33,0.));
#3513 = DIRECTION('',(-0.,0.,-1.));
#3514 = DIRECTION('',(-0.,-1.,0.));
#3515 = FACE_BOUND('',#3516,.F.);
#3516 = EDGE_LOOP('',(#3517));
#3517 = ORIENTED_EDGE('',*,*,#3518,.T.);
#3518 = EDGE_CURVE('',#3519,#3519,#3521,.T.);
#3519 = VERTEX_POINT('',#3520);
#3520 = CARTESIAN_POINT('',(114.3,-96.,0.));
#3521 = CIRCLE('',#3522,0.75);
#3522 = AXIS2_PLACEMENT_3D('',#3523,#3524,#3525);
#3523 = CARTESIAN_POINT('',(114.3,-95.25,0.));
#3524 = DIRECTION('',(-0.,0.,-1.));
#3525 = DIRECTION('',(-0.,-1.,0.));
#3526 = FACE_BOUND('',#3527,.F.);
#3527 = EDGE_LOOP('',(#3528));
#3528 = ORIENTED_EDGE('',*,*,#3529,.T.);
#3529 = EDGE_CURVE('',#3530,#3530,#3532,.T.);
#3530 = VERTEX_POINT('',#3531);
#3531 = CARTESIAN_POINT('',(116.84,-101.18,0.));
#3532 = CIRCLE('',#3533,0.85);
#3533 = AXIS2_PLACEMENT_3D('',#3534,#3535,#3536);
#3534 = CARTESIAN_POINT('',(116.84,-100.33,0.));
#3535 = DIRECTION('',(-0.,0.,-1.));
#3536 = DIRECTION('',(-0.,-1.,0.));
#3537 = FACE_BOUND('',#3538,.F.);
#3538 = EDGE_LOOP('',(#3539));
#3539 = ORIENTED_EDGE('',*,*,#3540,.T.);
#3540 = EDGE_CURVE('',#3541,#3541,#3543,.T.);
#3541 = VERTEX_POINT('',#3542);
#3542 = CARTESIAN_POINT('',(123.825,-101.,0.));
#3543 = CIRCLE('',#3544,0.5);
#3544 = AXIS2_PLACEMENT_3D('',#3545,#3546,#3547);
#3545 = CARTESIAN_POINT('',(123.825,-100.5,0.));
#3546 = DIRECTION('',(-0.,0.,-1.));
#3547 = DIRECTION('',(-0.,-1.,0.));
#3548 = FACE_BOUND('',#3549,.F.);
#3549 = EDGE_LOOP('',(#3550));
#3550 = ORIENTED_EDGE('',*,*,#3551,.T.);
#3551 = EDGE_CURVE('',#3552,#3552,#3554,.T.);
#3552 = VERTEX_POINT('',#3553);
#3553 = CARTESIAN_POINT('',(123.825,-98.5,0.));
#3554 = CIRCLE('',#3555,0.5);
#3555 = AXIS2_PLACEMENT_3D('',#3556,#3557,#3558);
#3556 = CARTESIAN_POINT('',(123.825,-98.,0.));
#3557 = DIRECTION('',(-0.,0.,-1.));
#3558 = DIRECTION('',(-0.,-1.,0.));
#3559 = FACE_BOUND('',#3560,.F.);
#3560 = EDGE_LOOP('',(#3561,#3571,#3579,#3587));
#3561 = ORIENTED_EDGE('',*,*,#3562,.F.);
#3562 = EDGE_CURVE('',#3563,#3565,#3567,.T.);
#3563 = VERTEX_POINT('',#3564);
#3564 = CARTESIAN_POINT('',(86.,-92.,0.));
#3565 = VERTEX_POINT('',#3566);
#3566 = CARTESIAN_POINT('',(112.,-92.,0.));
#3567 = LINE('',#3568,#3569);
#3568 = CARTESIAN_POINT('',(86.,-92.,0.));
#3569 = VECTOR('',#3570,1.);
#3570 = DIRECTION('',(1.,0.,0.));
#3571 = ORIENTED_EDGE('',*,*,#3572,.F.);
#3572 = EDGE_CURVE('',#3573,#3563,#3575,.T.);
#3573 = VERTEX_POINT('',#3574);
#3574 = CARTESIAN_POINT('',(86.,-89.,0.));
#3575 = LINE('',#3576,#3577);
#3576 = CARTESIAN_POINT('',(86.,-89.,0.));
#3577 = VECTOR('',#3578,1.);
#3578 = DIRECTION('',(0.,-1.,0.));
#3579 = ORIENTED_EDGE('',*,*,#3580,.F.);
#3580 = EDGE_CURVE('',#3581,#3573,#3583,.T.);
#3581 = VERTEX_POINT('',#3582);
#3582 = CARTESIAN_POINT('',(112.,-89.,0.));
#3583 = LINE('',#3584,#3585);
#3584 = CARTESIAN_POINT('',(112.,-89.,0.));
#3585 = VECTOR('',#3586,1.);
#3586 = DIRECTION('',(-1.,0.,0.));
#3587 = ORIENTED_EDGE('',*,*,#3588,.F.);
#3588 = EDGE_CURVE('',#3565,#3581,#3589,.T.);
#3589 = LINE('',#3590,#3591);
#3590 = CARTESIAN_POINT('',(112.,-92.,0.));
#3591 = VECTOR('',#3592,1.);
#3592 = DIRECTION('',(0.,1.,0.));
#3593 = FACE_BOUND('',#3594,.F.);
#3594 = EDGE_LOOP('',(#3595,#3606,#3614,#3623));
#3595 = ORIENTED_EDGE('',*,*,#3596,.T.);
#3596 = EDGE_CURVE('',#3597,#3599,#3601,.T.);
#3597 = VERTEX_POINT('',#3598);
#3598 = CARTESIAN_POINT('',(131.975,-105.35,0.));
#3599 = VERTEX_POINT('',#3600);
#3600 = CARTESIAN_POINT('',(131.975,-106.85,0.));
#3601 = CIRCLE('',#3602,0.75);
#3602 = AXIS2_PLACEMENT_3D('',#3603,#3604,#3605);
#3603 = CARTESIAN_POINT('',(131.975,-106.1,0.));
#3604 = DIRECTION('',(-0.,0.,-1.));
#3605 = DIRECTION('',(-0.,-1.,0.));
#3606 = ORIENTED_EDGE('',*,*,#3607,.T.);
#3607 = EDGE_CURVE('',#3599,#3608,#3610,.T.);
#3608 = VERTEX_POINT('',#3609);
#3609 = CARTESIAN_POINT('',(130.675,-106.85,0.));
#3610 = LINE('',#3611,#3612);
#3611 = CARTESIAN_POINT('',(65.3375,-106.85,0.));
#3612 = VECTOR('',#3613,1.);
#3613 = DIRECTION('',(-1.,0.,0.));
#3614 = ORIENTED_EDGE('',*,*,#3615,.T.);
#3615 = EDGE_CURVE('',#3608,#3616,#3618,.T.);
#3616 = VERTEX_POINT('',#3617);
#3617 = CARTESIAN_POINT('',(130.675,-105.35,0.));
#3618 = CIRCLE('',#3619,0.75);
#3619 = AXIS2_PLACEMENT_3D('',#3620,#3621,#3622);
#3620 = CARTESIAN_POINT('',(130.675,-106.1,0.));
#3621 = DIRECTION('',(-0.,0.,-1.));
#3622 = DIRECTION('',(0.,1.,0.));
#3623 = ORIENTED_EDGE('',*,*,#3624,.T.);
#3624 = EDGE_CURVE('',#3616,#3597,#3625,.T.);
#3625 = LINE('',#3626,#3627);
#3626 = CARTESIAN_POINT('',(65.9875,-105.35,0.));
#3627 = VECTOR('',#3628,1.);
#3628 = DIRECTION('',(1.,0.,-0.));
#3629 = FACE_BOUND('',#3630,.F.);
#3630 = EDGE_LOOP('',(#3631));
#3631 = ORIENTED_EDGE('',*,*,#3632,.T.);
#3632 = EDGE_CURVE('',#3633,#3633,#3635,.T.);
#3633 = VERTEX_POINT('',#3634);
#3634 = CARTESIAN_POINT('',(138.325,-103.5,0.));
#3635 = CIRCLE('',#3636,0.5);
#3636 = AXIS2_PLACEMENT_3D('',#3637,#3638,#3639);
#3637 = CARTESIAN_POINT('',(138.325,-103.,0.));
#3638 = DIRECTION('',(-0.,0.,-1.));
#3639 = DIRECTION('',(-0.,-1.,0.));
#3640 = FACE_BOUND('',#3641,.F.);
#3641 = EDGE_LOOP('',(#3642));
#3642 = ORIENTED_EDGE('',*,*,#3643,.T.);
#3643 = EDGE_CURVE('',#3644,#3644,#3646,.T.);
#3644 = VERTEX_POINT('',#3645);
#3645 = CARTESIAN_POINT('',(143.,-103.02,0.));
#3646 = CIRCLE('',#3647,0.4);
#3647 = AXIS2_PLACEMENT_3D('',#3648,#3649,#3650);
#3648 = CARTESIAN_POINT('',(143.,-102.62,0.));
#3649 = DIRECTION('',(-0.,0.,-1.));
#3650 = DIRECTION('',(-0.,-1.,0.));
#3651 = FACE_BOUND('',#3652,.F.);
#3652 = EDGE_LOOP('',(#3653,#3664,#3672,#3681));
#3653 = ORIENTED_EDGE('',*,*,#3654,.T.);
#3654 = EDGE_CURVE('',#3655,#3657,#3659,.T.);
#3655 = VERTEX_POINT('',#3656);
#3656 = CARTESIAN_POINT('',(131.975,-94.15,0.));
#3657 = VERTEX_POINT('',#3658);
#3658 = CARTESIAN_POINT('',(131.975,-95.65,0.));
#3659 = CIRCLE('',#3660,0.75);
#3660 = AXIS2_PLACEMENT_3D('',#3661,#3662,#3663);
#3661 = CARTESIAN_POINT('',(131.975,-94.9,0.));
#3662 = DIRECTION('',(-0.,0.,-1.));
#3663 = DIRECTION('',(-0.,-1.,0.));
#3664 = ORIENTED_EDGE('',*,*,#3665,.T.);
#3665 = EDGE_CURVE('',#3657,#3666,#3668,.T.);
#3666 = VERTEX_POINT('',#3667);
#3667 = CARTESIAN_POINT('',(130.675,-95.65,0.));
#3668 = LINE('',#3669,#3670);
#3669 = CARTESIAN_POINT('',(65.3375,-95.65,0.));
#3670 = VECTOR('',#3671,1.);
#3671 = DIRECTION('',(-1.,0.,0.));
#3672 = ORIENTED_EDGE('',*,*,#3673,.T.);
#3673 = EDGE_CURVE('',#3666,#3674,#3676,.T.);
#3674 = VERTEX_POINT('',#3675);
#3675 = CARTESIAN_POINT('',(130.675,-94.15,0.));
#3676 = CIRCLE('',#3677,0.75);
#3677 = AXIS2_PLACEMENT_3D('',#3678,#3679,#3680);
#3678 = CARTESIAN_POINT('',(130.675,-94.9,0.));
#3679 = DIRECTION('',(-0.,0.,-1.));
#3680 = DIRECTION('',(0.,1.,0.));
#3681 = ORIENTED_EDGE('',*,*,#3682,.T.);
#3682 = EDGE_CURVE('',#3674,#3655,#3683,.T.);
#3683 = LINE('',#3684,#3685);
#3684 = CARTESIAN_POINT('',(65.9875,-94.15,0.));
#3685 = VECTOR('',#3686,1.);
#3686 = DIRECTION('',(1.,0.,-0.));
#3687 = FACE_BOUND('',#3688,.F.);
#3688 = EDGE_LOOP('',(#3689));
#3689 = ORIENTED_EDGE('',*,*,#3690,.T.);
#3690 = EDGE_CURVE('',#3691,#3691,#3693,.T.);
#3691 = VERTEX_POINT('',#3692);
#3692 = CARTESIAN_POINT('',(138.325,-98.5,0.));
#3693 = CIRCLE('',#3694,0.5);
#3694 = AXIS2_PLACEMENT_3D('',#3695,#3696,#3697);
#3695 = CARTESIAN_POINT('',(138.325,-98.,0.));
#3696 = DIRECTION('',(-0.,0.,-1.));
#3697 = DIRECTION('',(-0.,-1.,0.));
#3698 = FACE_BOUND('',#3699,.F.);
#3699 = EDGE_LOOP('',(#3700));
#3700 = ORIENTED_EDGE('',*,*,#3701,.T.);
#3701 = EDGE_CURVE('',#3702,#3702,#3704,.T.);
#3702 = VERTEX_POINT('',#3703);
#3703 = CARTESIAN_POINT('',(143.,-95.4,0.));
#3704 = CIRCLE('',#3705,0.4);
#3705 = AXIS2_PLACEMENT_3D('',#3706,#3707,#3708);
#3706 = CARTESIAN_POINT('',(143.,-95.,0.));
#3707 = DIRECTION('',(-0.,0.,-1.));
#3708 = DIRECTION('',(-0.,-1.,0.));
#3709 = FACE_BOUND('',#3710,.F.);
#3710 = EDGE_LOOP('',(#3711));
#3711 = ORIENTED_EDGE('',*,*,#3712,.T.);
#3712 = EDGE_CURVE('',#3713,#3713,#3715,.T.);
#3713 = VERTEX_POINT('',#3714);
#3714 = CARTESIAN_POINT('',(147.,-103.02,0.));
#3715 = CIRCLE('',#3716,0.4);
#3716 = AXIS2_PLACEMENT_3D('',#3717,#3718,#3719);
#3717 = CARTESIAN_POINT('',(147.,-102.62,0.));
#3718 = DIRECTION('',(-0.,0.,-1.));
#3719 = DIRECTION('',(-0.,-1.,0.));
#3720 = FACE_BOUND('',#3721,.F.);
#3721 = EDGE_LOOP('',(#3722));
#3722 = ORIENTED_EDGE('',*,*,#3723,.T.);
#3723 = EDGE_CURVE('',#3724,#3724,#3726,.T.);
#3724 = VERTEX_POINT('',#3725);
#3725 = CARTESIAN_POINT('',(151.,-103.02,0.));
#3726 = CIRCLE('',#3727,0.4);
#3727 = AXIS2_PLACEMENT_3D('',#3728,#3729,#3730);
#3728 = CARTESIAN_POINT('',(151.,-102.62,0.));
#3729 = DIRECTION('',(-0.,0.,-1.));
#3730 = DIRECTION('',(-0.,-1.,0.));
#3731 = FACE_BOUND('',#3732,.F.);
#3732 = EDGE_LOOP('',(#3733));
#3733 = ORIENTED_EDGE('',*,*,#3734,.T.);
#3734 = EDGE_CURVE('',#3735,#3735,#3737,.T.);
#3735 = VERTEX_POINT('',#3736);
#3736 = CARTESIAN_POINT('',(155.,-103.02,0.));
#3737 = CIRCLE('',#3738,0.4);
#3738 = AXIS2_PLACEMENT_3D('',#3739,#3740,#3741);
#3739 = CARTESIAN_POINT('',(155.,-102.62,0.));
#3740 = DIRECTION('',(-0.,0.,-1.));
#3741 = DIRECTION('',(-0.,-1.,0.));
#3742 = FACE_BOUND('',#3743,.F.);
#3743 = EDGE_LOOP('',(#3744));
#3744 = ORIENTED_EDGE('',*,*,#3745,.T.);
#3745 = EDGE_CURVE('',#3746,#3746,#3748,.T.);
#3746 = VERTEX_POINT('',#3747);
#3747 = CARTESIAN_POINT('',(159.,-103.02,0.));
#3748 = CIRCLE('',#3749,0.4);
#3749 = AXIS2_PLACEMENT_3D('',#3750,#3751,#3752);
#3750 = CARTESIAN_POINT('',(159.,-102.62,0.));
#3751 = DIRECTION('',(-0.,0.,-1.));
#3752 = DIRECTION('',(-0.,-1.,0.));
#3753 = FACE_BOUND('',#3754,.F.);
#3754 = EDGE_LOOP('',(#3755));
#3755 = ORIENTED_EDGE('',*,*,#3756,.T.);
#3756 = EDGE_CURVE('',#3757,#3757,#3759,.T.);
#3757 = VERTEX_POINT('',#3758);
#3758 = CARTESIAN_POINT('',(163.,-103.02,0.));
#3759 = CIRCLE('',#3760,0.4);
#3760 = AXIS2_PLACEMENT_3D('',#3761,#3762,#3763);
#3761 = CARTESIAN_POINT('',(163.,-102.62,0.));
#3762 = DIRECTION('',(-0.,0.,-1.));
#3763 = DIRECTION('',(-0.,-1.,0.));
#3764 = FACE_BOUND('',#3765,.F.);
#3765 = EDGE_LOOP('',(#3766));
#3766 = ORIENTED_EDGE('',*,*,#3767,.T.);
#3767 = EDGE_CURVE('',#3768,#3768,#3770,.T.);
#3768 = VERTEX_POINT('',#3769);
#3769 = CARTESIAN_POINT('',(147.,-95.4,0.));
#3770 = CIRCLE('',#3771,0.4);
#3771 = AXIS2_PLACEMENT_3D('',#3772,#3773,#3774);
#3772 = CARTESIAN_POINT('',(147.,-95.,0.));
#3773 = DIRECTION('',(-0.,0.,-1.));
#3774 = DIRECTION('',(-0.,-1.,0.));
#3775 = FACE_BOUND('',#3776,.F.);
#3776 = EDGE_LOOP('',(#3777));
#3777 = ORIENTED_EDGE('',*,*,#3778,.T.);
#3778 = EDGE_CURVE('',#3779,#3779,#3781,.T.);
#3779 = VERTEX_POINT('',#3780);
#3780 = CARTESIAN_POINT('',(151.,-95.4,0.));
#3781 = CIRCLE('',#3782,0.4);
#3782 = AXIS2_PLACEMENT_3D('',#3783,#3784,#3785);
#3783 = CARTESIAN_POINT('',(151.,-95.,0.));
#3784 = DIRECTION('',(-0.,0.,-1.));
#3785 = DIRECTION('',(-0.,-1.,0.));
#3786 = FACE_BOUND('',#3787,.F.);
#3787 = EDGE_LOOP('',(#3788));
#3788 = ORIENTED_EDGE('',*,*,#3789,.T.);
#3789 = EDGE_CURVE('',#3790,#3790,#3792,.T.);
#3790 = VERTEX_POINT('',#3791);
#3791 = CARTESIAN_POINT('',(155.,-95.4,0.));
#3792 = CIRCLE('',#3793,0.4);
#3793 = AXIS2_PLACEMENT_3D('',#3794,#3795,#3796);
#3794 = CARTESIAN_POINT('',(155.,-95.,0.));
#3795 = DIRECTION('',(-0.,0.,-1.));
#3796 = DIRECTION('',(-0.,-1.,0.));
#3797 = FACE_BOUND('',#3798,.F.);
#3798 = EDGE_LOOP('',(#3799));
#3799 = ORIENTED_EDGE('',*,*,#3800,.T.);
#3800 = EDGE_CURVE('',#3801,#3801,#3803,.T.);
#3801 = VERTEX_POINT('',#3802);
#3802 = CARTESIAN_POINT('',(159.,-95.4,0.));
#3803 = CIRCLE('',#3804,0.4);
#3804 = AXIS2_PLACEMENT_3D('',#3805,#3806,#3807);
#3805 = CARTESIAN_POINT('',(159.,-95.,0.));
#3806 = DIRECTION('',(-0.,0.,-1.));
#3807 = DIRECTION('',(-0.,-1.,0.));
#3808 = FACE_BOUND('',#3809,.F.);
#3809 = EDGE_LOOP('',(#3810));
#3810 = ORIENTED_EDGE('',*,*,#3811,.T.);
#3811 = EDGE_CURVE('',#3812,#3812,#3814,.T.);
#3812 = VERTEX_POINT('',#3813);
#3813 = CARTESIAN_POINT('',(163.,-95.4,0.));
#3814 = CIRCLE('',#3815,0.4);
#3815 = AXIS2_PLACEMENT_3D('',#3816,#3817,#3818);
#3816 = CARTESIAN_POINT('',(163.,-95.,0.));
#3817 = DIRECTION('',(-0.,0.,-1.));
#3818 = DIRECTION('',(-0.,-1.,0.));
#3819 = FACE_BOUND('',#3820,.F.);
#3820 = EDGE_LOOP('',(#3821));
#3821 = ORIENTED_EDGE('',*,*,#3822,.T.);
#3822 = EDGE_CURVE('',#3823,#3823,#3825,.T.);
#3823 = VERTEX_POINT('',#3824);
#3824 = CARTESIAN_POINT('',(145.38,-89.125,0.));
#3825 = CIRCLE('',#3826,0.5);
#3826 = AXIS2_PLACEMENT_3D('',#3827,#3828,#3829);
#3827 = CARTESIAN_POINT('',(145.38,-88.625,0.));
#3828 = DIRECTION('',(-0.,0.,-1.));
#3829 = DIRECTION('',(-0.,-1.,0.));
#3830 = FACE_BOUND('',#3831,.F.);
#3831 = EDGE_LOOP('',(#3832));
#3832 = ORIENTED_EDGE('',*,*,#3833,.T.);
#3833 = EDGE_CURVE('',#3834,#3834,#3836,.T.);
#3834 = VERTEX_POINT('',#3835);
#3835 = CARTESIAN_POINT('',(147.92,-89.125,0.));
#3836 = CIRCLE('',#3837,0.5);
#3837 = AXIS2_PLACEMENT_3D('',#3838,#3839,#3840);
#3838 = CARTESIAN_POINT('',(147.92,-88.625,0.));
#3839 = DIRECTION('',(-0.,0.,-1.));
#3840 = DIRECTION('',(-0.,-1.,0.));
#3841 = FACE_BOUND('',#3842,.F.);
#3842 = EDGE_LOOP('',(#3843));
#3843 = ORIENTED_EDGE('',*,*,#3844,.T.);
#3844 = EDGE_CURVE('',#3845,#3845,#3847,.T.);
#3845 = VERTEX_POINT('',#3846);
#3846 = CARTESIAN_POINT('',(150.46,-89.125,0.));
#3847 = CIRCLE('',#3848,0.5);
#3848 = AXIS2_PLACEMENT_3D('',#3849,#3850,#3851);
#3849 = CARTESIAN_POINT('',(150.46,-88.625,0.));
#3850 = DIRECTION('',(-0.,0.,-1.));
#3851 = DIRECTION('',(-0.,-1.,0.));
#3852 = FACE_BOUND('',#3853,.F.);
#3853 = EDGE_LOOP('',(#3854));
#3854 = ORIENTED_EDGE('',*,*,#3855,.T.);
#3855 = EDGE_CURVE('',#3856,#3856,#3858,.T.);
#3856 = VERTEX_POINT('',#3857);
#3857 = CARTESIAN_POINT('',(153.,-89.125,0.));
#3858 = CIRCLE('',#3859,0.5);
#3859 = AXIS2_PLACEMENT_3D('',#3860,#3861,#3862);
#3860 = CARTESIAN_POINT('',(153.,-88.625,0.));
#3861 = DIRECTION('',(-0.,0.,-1.));
#3862 = DIRECTION('',(-0.,-1.,0.));
#3863 = FACE_BOUND('',#3864,.F.);
#3864 = EDGE_LOOP('',(#3865));
#3865 = ORIENTED_EDGE('',*,*,#3866,.T.);
#3866 = EDGE_CURVE('',#3867,#3867,#3869,.T.);
#3867 = VERTEX_POINT('',#3868);
#3868 = CARTESIAN_POINT('',(155.54,-89.125,0.));
#3869 = CIRCLE('',#3870,0.5);
#3870 = AXIS2_PLACEMENT_3D('',#3871,#3872,#3873);
#3871 = CARTESIAN_POINT('',(155.54,-88.625,0.));
#3872 = DIRECTION('',(-0.,0.,-1.));
#3873 = DIRECTION('',(-0.,-1.,0.));
#3874 = FACE_BOUND('',#3875,.F.);
#3875 = EDGE_LOOP('',(#3876));
#3876 = ORIENTED_EDGE('',*,*,#3877,.T.);
#3877 = EDGE_CURVE('',#3878,#3878,#3880,.T.);
#3878 = VERTEX_POINT('',#3879);
#3879 = CARTESIAN_POINT('',(158.08,-89.125,0.));
#3880 = CIRCLE('',#3881,0.5);
#3881 = AXIS2_PLACEMENT_3D('',#3882,#3883,#3884);
#3882 = CARTESIAN_POINT('',(158.08,-88.625,0.));
#3883 = DIRECTION('',(-0.,0.,-1.));
#3884 = DIRECTION('',(-0.,-1.,0.));
#3885 = FACE_BOUND('',#3886,.F.);
#3886 = EDGE_LOOP('',(#3887));
#3887 = ORIENTED_EDGE('',*,*,#3888,.T.);
#3888 = EDGE_CURVE('',#3889,#3889,#3891,.T.);
#3889 = VERTEX_POINT('',#3890);
#3890 = CARTESIAN_POINT('',(160.62,-89.125,0.));
#3891 = CIRCLE('',#3892,0.5);
#3892 = AXIS2_PLACEMENT_3D('',#3893,#3894,#3895);
#3893 = CARTESIAN_POINT('',(160.62,-88.625,0.));
#3894 = DIRECTION('',(-0.,0.,-1.));
#3895 = DIRECTION('',(-0.,-1.,0.));
#3896 = FACE_BOUND('',#3897,.F.);
#3897 = EDGE_LOOP('',(#3898));
#3898 = ORIENTED_EDGE('',*,*,#3899,.T.);
#3899 = EDGE_CURVE('',#3900,#3900,#3902,.T.);
#3900 = VERTEX_POINT('',#3901);
#3901 = CARTESIAN_POINT('',(87.63,-82.13,0.));
#3902 = CIRCLE('',#3903,0.85);
#3903 = AXIS2_PLACEMENT_3D('',#3904,#3905,#3906);
#3904 = CARTESIAN_POINT('',(87.63,-81.28,0.));
#3905 = DIRECTION('',(-0.,0.,-1.));
#3906 = DIRECTION('',(-0.,-1.,0.));
#3907 = FACE_BOUND('',#3908,.F.);
#3908 = EDGE_LOOP('',(#3909));
#3909 = ORIENTED_EDGE('',*,*,#3910,.T.);
#3910 = EDGE_CURVE('',#3911,#3911,#3913,.T.);
#3911 = VERTEX_POINT('',#3912);
#3912 = CARTESIAN_POINT('',(92.71,-83.28,0.));
#3913 = CIRCLE('',#3914,2.);
#3914 = AXIS2_PLACEMENT_3D('',#3915,#3916,#3917);
#3915 = CARTESIAN_POINT('',(92.71,-81.28,0.));
#3916 = DIRECTION('',(-0.,0.,-1.));
#3917 = DIRECTION('',(-0.,-1.,0.));
#3918 = FACE_BOUND('',#3919,.F.);
#3919 = EDGE_LOOP('',(#3920));
#3920 = ORIENTED_EDGE('',*,*,#3921,.T.);
#3921 = EDGE_CURVE('',#3922,#3922,#3924,.T.);
#3922 = VERTEX_POINT('',#3923);
#3923 = CARTESIAN_POINT('',(88.9,-79.49,0.));
#3924 = CIRCLE('',#3925,0.75);
#3925 = AXIS2_PLACEMENT_3D('',#3926,#3927,#3928);
#3926 = CARTESIAN_POINT('',(88.9,-78.74,0.));
#3927 = DIRECTION('',(-0.,0.,-1.));
#3928 = DIRECTION('',(-0.,-1.,0.));
#3929 = FACE_BOUND('',#3930,.F.);
#3930 = EDGE_LOOP('',(#3931));
#3931 = ORIENTED_EDGE('',*,*,#3932,.T.);
#3932 = EDGE_CURVE('',#3933,#3933,#3935,.T.);
#3933 = VERTEX_POINT('',#3934);
#3934 = CARTESIAN_POINT('',(97.79,-82.13,0.));
#3935 = CIRCLE('',#3936,0.85);
#3936 = AXIS2_PLACEMENT_3D('',#3937,#3938,#3939);
#3937 = CARTESIAN_POINT('',(97.79,-81.28,0.));
#3938 = DIRECTION('',(-0.,0.,-1.));
#3939 = DIRECTION('',(1.671865260612E-14,-1.,-0.));
#3940 = FACE_BOUND('',#3941,.F.);
#3941 = EDGE_LOOP('',(#3942));
#3942 = ORIENTED_EDGE('',*,*,#3943,.T.);
#3943 = EDGE_CURVE('',#3944,#3944,#3946,.T.);
#3944 = VERTEX_POINT('',#3945);
#3945 = CARTESIAN_POINT('',(95.25,-76.95,0.));
#3946 = CIRCLE('',#3947,0.75);
#3947 = AXIS2_PLACEMENT_3D('',#3948,#3949,#3950);
#3948 = CARTESIAN_POINT('',(95.25,-76.2,0.));
#3949 = DIRECTION('',(-0.,0.,-1.));
#3950 = DIRECTION('',(-0.,-1.,0.));
#3951 = FACE_BOUND('',#3952,.F.);
#3952 = EDGE_LOOP('',(#3953,#3963,#3971,#3979));
#3953 = ORIENTED_EDGE('',*,*,#3954,.F.);
#3954 = EDGE_CURVE('',#3955,#3957,#3959,.T.);
#3955 = VERTEX_POINT('',#3956);
#3956 = CARTESIAN_POINT('',(86.,-72.5,0.));
#3957 = VERTEX_POINT('',#3958);
#3958 = CARTESIAN_POINT('',(121.,-72.5,0.));
#3959 = LINE('',#3960,#3961);
#3960 = CARTESIAN_POINT('',(86.,-72.5,0.));
#3961 = VECTOR('',#3962,1.);
#3962 = DIRECTION('',(1.,0.,0.));
#3963 = ORIENTED_EDGE('',*,*,#3964,.F.);
#3964 = EDGE_CURVE('',#3965,#3955,#3967,.T.);
#3965 = VERTEX_POINT('',#3966);
#3966 = CARTESIAN_POINT('',(86.,-70.,0.));
#3967 = LINE('',#3968,#3969);
#3968 = CARTESIAN_POINT('',(86.,-70.,0.));
#3969 = VECTOR('',#3970,1.);
#3970 = DIRECTION('',(0.,-1.,0.));
#3971 = ORIENTED_EDGE('',*,*,#3972,.F.);
#3972 = EDGE_CURVE('',#3973,#3965,#3975,.T.);
#3973 = VERTEX_POINT('',#3974);
#3974 = CARTESIAN_POINT('',(121.,-70.,0.));
#3975 = LINE('',#3976,#3977);
#3976 = CARTESIAN_POINT('',(121.,-70.,0.));
#3977 = VECTOR('',#3978,1.);
#3978 = DIRECTION('',(-1.,0.,0.));
#3979 = ORIENTED_EDGE('',*,*,#3980,.F.);
#3980 = EDGE_CURVE('',#3957,#3973,#3981,.T.);
#3981 = LINE('',#3982,#3983);
#3982 = CARTESIAN_POINT('',(121.,-72.5,0.));
#3983 = VECTOR('',#3984,1.);
#3984 = DIRECTION('',(0.,1.,0.));
#3985 = FACE_BOUND('',#3986,.F.);
#3986 = EDGE_LOOP('',(#3987));
#3987 = ORIENTED_EDGE('',*,*,#3988,.T.);
#3988 = EDGE_CURVE('',#3989,#3989,#3991,.T.);
#3989 = VERTEX_POINT('',#3990);
#3990 = CARTESIAN_POINT('',(106.68,-82.13,0.));
#3991 = CIRCLE('',#3992,0.85);
#3992 = AXIS2_PLACEMENT_3D('',#3993,#3994,#3995);
#3993 = CARTESIAN_POINT('',(106.68,-81.28,0.));
#3994 = DIRECTION('',(-0.,0.,-1.));
#3995 = DIRECTION('',(-0.,-1.,0.));
#3996 = FACE_BOUND('',#3997,.F.);
#3997 = EDGE_LOOP('',(#3998));
#3998 = ORIENTED_EDGE('',*,*,#3999,.T.);
#3999 = EDGE_CURVE('',#4000,#4000,#4002,.T.);
#4000 = VERTEX_POINT('',#4001);
#4001 = CARTESIAN_POINT('',(111.76,-83.28,0.));
#4002 = CIRCLE('',#4003,2.);
#4003 = AXIS2_PLACEMENT_3D('',#4004,#4005,#4006);
#4004 = CARTESIAN_POINT('',(111.76,-81.28,0.));
#4005 = DIRECTION('',(-0.,0.,-1.));
#4006 = DIRECTION('',(-0.,-1.,0.));
#4007 = FACE_BOUND('',#4008,.F.);
#4008 = EDGE_LOOP('',(#4009));
#4009 = ORIENTED_EDGE('',*,*,#4010,.T.);
#4010 = EDGE_CURVE('',#4011,#4011,#4013,.T.);
#4011 = VERTEX_POINT('',#4012);
#4012 = CARTESIAN_POINT('',(107.95,-79.49,0.));
#4013 = CIRCLE('',#4014,0.75);
#4014 = AXIS2_PLACEMENT_3D('',#4015,#4016,#4017);
#4015 = CARTESIAN_POINT('',(107.95,-78.74,0.));
#4016 = DIRECTION('',(-0.,0.,-1.));
#4017 = DIRECTION('',(-0.,-1.,0.));
#4018 = FACE_BOUND('',#4019,.F.);
#4019 = EDGE_LOOP('',(#4020));
#4020 = ORIENTED_EDGE('',*,*,#4021,.T.);
#4021 = EDGE_CURVE('',#4022,#4022,#4024,.T.);
#4022 = VERTEX_POINT('',#4023);
#4023 = CARTESIAN_POINT('',(116.84,-82.13,0.));
#4024 = CIRCLE('',#4025,0.85);
#4025 = AXIS2_PLACEMENT_3D('',#4026,#4027,#4028);
#4026 = CARTESIAN_POINT('',(116.84,-81.28,0.));
#4027 = DIRECTION('',(-0.,0.,-1.));
#4028 = DIRECTION('',(-0.,-1.,0.));
#4029 = FACE_BOUND('',#4030,.F.);
#4030 = EDGE_LOOP('',(#4031));
#4031 = ORIENTED_EDGE('',*,*,#4032,.T.);
#4032 = EDGE_CURVE('',#4033,#4033,#4035,.T.);
#4033 = VERTEX_POINT('',#4034);
#4034 = CARTESIAN_POINT('',(114.3,-76.95,0.));
#4035 = CIRCLE('',#4036,0.75);
#4036 = AXIS2_PLACEMENT_3D('',#4037,#4038,#4039);
#4037 = CARTESIAN_POINT('',(114.3,-76.2,0.));
#4038 = DIRECTION('',(-0.,0.,-1.));
#4039 = DIRECTION('',(-0.,-1.,0.));
#4040 = FACE_BOUND('',#4041,.F.);
#4041 = EDGE_LOOP('',(#4042));
#4042 = ORIENTED_EDGE('',*,*,#4043,.T.);
#4043 = EDGE_CURVE('',#4044,#4044,#4046,.T.);
#4044 = VERTEX_POINT('',#4045);
#4045 = CARTESIAN_POINT('',(87.,-67.12,0.));
#4046 = CIRCLE('',#4047,0.5);
#4047 = AXIS2_PLACEMENT_3D('',#4048,#4049,#4050);
#4048 = CARTESIAN_POINT('',(87.,-66.62,0.));
#4049 = DIRECTION('',(-0.,0.,-1.));
#4050 = DIRECTION('',(-0.,-1.,0.));
#4051 = FACE_BOUND('',#4052,.F.);
#4052 = EDGE_LOOP('',(#4053));
#4053 = ORIENTED_EDGE('',*,*,#4054,.T.);
#4054 = EDGE_CURVE('',#4055,#4055,#4057,.T.);
#4055 = VERTEX_POINT('',#4056);
#4056 = CARTESIAN_POINT('',(87.,-64.58,0.));
#4057 = CIRCLE('',#4058,0.5);
#4058 = AXIS2_PLACEMENT_3D('',#4059,#4060,#4061);
#4059 = CARTESIAN_POINT('',(87.,-64.08,0.));
#4060 = DIRECTION('',(-0.,0.,-1.));
#4061 = DIRECTION('',(-0.,-1.,0.));
#4062 = FACE_BOUND('',#4063,.F.);
#4063 = EDGE_LOOP('',(#4064));
#4064 = ORIENTED_EDGE('',*,*,#4065,.T.);
#4065 = EDGE_CURVE('',#4066,#4066,#4068,.T.);
#4066 = VERTEX_POINT('',#4067);
#4067 = CARTESIAN_POINT('',(87.,-62.04,0.));
#4068 = CIRCLE('',#4069,0.5);
#4069 = AXIS2_PLACEMENT_3D('',#4070,#4071,#4072);
#4070 = CARTESIAN_POINT('',(87.,-61.54,0.));
#4071 = DIRECTION('',(-0.,0.,-1.));
#4072 = DIRECTION('',(-0.,-1.,0.));
#4073 = FACE_BOUND('',#4074,.F.);
#4074 = EDGE_LOOP('',(#4075));
#4075 = ORIENTED_EDGE('',*,*,#4076,.T.);
#4076 = EDGE_CURVE('',#4077,#4077,#4079,.T.);
#4077 = VERTEX_POINT('',#4078);
#4078 = CARTESIAN_POINT('',(87.,-59.5,0.));
#4079 = CIRCLE('',#4080,0.5);
#4080 = AXIS2_PLACEMENT_3D('',#4081,#4082,#4083);
#4081 = CARTESIAN_POINT('',(87.,-59.,0.));
#4082 = DIRECTION('',(-0.,0.,-1.));
#4083 = DIRECTION('',(-0.,-1.,0.));
#4084 = FACE_BOUND('',#4085,.F.);
#4085 = EDGE_LOOP('',(#4086));
#4086 = ORIENTED_EDGE('',*,*,#4087,.T.);
#4087 = EDGE_CURVE('',#4088,#4088,#4090,.T.);
#4088 = VERTEX_POINT('',#4089);
#4089 = CARTESIAN_POINT('',(125.73,-82.13,0.));
#4090 = CIRCLE('',#4091,0.85);
#4091 = AXIS2_PLACEMENT_3D('',#4092,#4093,#4094);
#4092 = CARTESIAN_POINT('',(125.73,-81.28,0.));
#4093 = DIRECTION('',(-0.,0.,-1.));
#4094 = DIRECTION('',(1.671865260612E-14,-1.,-0.));
#4095 = FACE_BOUND('',#4096,.F.);
#4096 = EDGE_LOOP('',(#4097));
#4097 = ORIENTED_EDGE('',*,*,#4098,.T.);
#4098 = EDGE_CURVE('',#4099,#4099,#4101,.T.);
#4099 = VERTEX_POINT('',#4100);
#4100 = CARTESIAN_POINT('',(130.81,-83.28,0.));
#4101 = CIRCLE('',#4102,2.);
#4102 = AXIS2_PLACEMENT_3D('',#4103,#4104,#4105);
#4103 = CARTESIAN_POINT('',(130.81,-81.28,0.));
#4104 = DIRECTION('',(-0.,0.,-1.));
#4105 = DIRECTION('',(-0.,-1.,0.));
#4106 = FACE_BOUND('',#4107,.F.);
#4107 = EDGE_LOOP('',(#4108));
#4108 = ORIENTED_EDGE('',*,*,#4109,.T.);
#4109 = EDGE_CURVE('',#4110,#4110,#4112,.T.);
#4110 = VERTEX_POINT('',#4111);
#4111 = CARTESIAN_POINT('',(127.,-79.49,0.));
#4112 = CIRCLE('',#4113,0.75);
#4113 = AXIS2_PLACEMENT_3D('',#4114,#4115,#4116);
#4114 = CARTESIAN_POINT('',(127.,-78.74,0.));
#4115 = DIRECTION('',(-0.,0.,-1.));
#4116 = DIRECTION('',(-0.,-1.,0.));
#4117 = FACE_BOUND('',#4118,.F.);
#4118 = EDGE_LOOP('',(#4119));
#4119 = ORIENTED_EDGE('',*,*,#4120,.T.);
#4120 = EDGE_CURVE('',#4121,#4121,#4123,.T.);
#4121 = VERTEX_POINT('',#4122);
#4122 = CARTESIAN_POINT('',(135.89,-82.13,0.));
#4123 = CIRCLE('',#4124,0.85);
#4124 = AXIS2_PLACEMENT_3D('',#4125,#4126,#4127);
#4125 = CARTESIAN_POINT('',(135.89,-81.28,0.));
#4126 = DIRECTION('',(-0.,0.,-1.));
#4127 = DIRECTION('',(-0.,-1.,0.));
#4128 = FACE_BOUND('',#4129,.F.);
#4129 = EDGE_LOOP('',(#4130));
#4130 = ORIENTED_EDGE('',*,*,#4131,.T.);
#4131 = EDGE_CURVE('',#4132,#4132,#4134,.T.);
#4132 = VERTEX_POINT('',#4133);
#4133 = CARTESIAN_POINT('',(133.35,-76.95,0.));
#4134 = CIRCLE('',#4135,0.75);
#4135 = AXIS2_PLACEMENT_3D('',#4136,#4137,#4138);
#4136 = CARTESIAN_POINT('',(133.35,-76.2,0.));
#4137 = DIRECTION('',(-0.,0.,-1.));
#4138 = DIRECTION('',(-0.,-1.,0.));
#4139 = FACE_BOUND('',#4140,.F.);
#4140 = EDGE_LOOP('',(#4141));
#4141 = ORIENTED_EDGE('',*,*,#4142,.T.);
#4142 = EDGE_CURVE('',#4143,#4143,#4145,.T.);
#4143 = VERTEX_POINT('',#4144);
#4144 = CARTESIAN_POINT('',(145.38,-73.875,0.));
#4145 = CIRCLE('',#4146,0.5);
#4146 = AXIS2_PLACEMENT_3D('',#4147,#4148,#4149);
#4147 = CARTESIAN_POINT('',(145.38,-73.375,0.));
#4148 = DIRECTION('',(-0.,0.,-1.));
#4149 = DIRECTION('',(-0.,-1.,0.));
#4150 = FACE_BOUND('',#4151,.F.);
#4151 = EDGE_LOOP('',(#4152));
#4152 = ORIENTED_EDGE('',*,*,#4153,.T.);
#4153 = EDGE_CURVE('',#4154,#4154,#4156,.T.);
#4154 = VERTEX_POINT('',#4155);
#4155 = CARTESIAN_POINT('',(147.92,-73.875,0.));
#4156 = CIRCLE('',#4157,0.5);
#4157 = AXIS2_PLACEMENT_3D('',#4158,#4159,#4160);
#4158 = CARTESIAN_POINT('',(147.92,-73.375,0.));
#4159 = DIRECTION('',(-0.,0.,-1.));
#4160 = DIRECTION('',(-0.,-1.,0.));
#4161 = FACE_BOUND('',#4162,.F.);
#4162 = EDGE_LOOP('',(#4163));
#4163 = ORIENTED_EDGE('',*,*,#4164,.T.);
#4164 = EDGE_CURVE('',#4165,#4165,#4167,.T.);
#4165 = VERTEX_POINT('',#4166);
#4166 = CARTESIAN_POINT('',(150.46,-73.875,0.));
#4167 = CIRCLE('',#4168,0.5);
#4168 = AXIS2_PLACEMENT_3D('',#4169,#4170,#4171);
#4169 = CARTESIAN_POINT('',(150.46,-73.375,0.));
#4170 = DIRECTION('',(-0.,0.,-1.));
#4171 = DIRECTION('',(-0.,-1.,0.));
#4172 = FACE_BOUND('',#4173,.F.);
#4173 = EDGE_LOOP('',(#4174));
#4174 = ORIENTED_EDGE('',*,*,#4175,.T.);
#4175 = EDGE_CURVE('',#4176,#4176,#4178,.T.);
#4176 = VERTEX_POINT('',#4177);
#4177 = CARTESIAN_POINT('',(153.,-73.875,0.));
#4178 = CIRCLE('',#4179,0.5);
#4179 = AXIS2_PLACEMENT_3D('',#4180,#4181,#4182);
#4180 = CARTESIAN_POINT('',(153.,-73.375,0.));
#4181 = DIRECTION('',(-0.,0.,-1.));
#4182 = DIRECTION('',(-0.,-1.,0.));
#4183 = FACE_BOUND('',#4184,.F.);
#4184 = EDGE_LOOP('',(#4185));
#4185 = ORIENTED_EDGE('',*,*,#4186,.T.);
#4186 = EDGE_CURVE('',#4187,#4187,#4189,.T.);
#4187 = VERTEX_POINT('',#4188);
#4188 = CARTESIAN_POINT('',(155.54,-73.875,0.));
#4189 = CIRCLE('',#4190,0.5);
#4190 = AXIS2_PLACEMENT_3D('',#4191,#4192,#4193);
#4191 = CARTESIAN_POINT('',(155.54,-73.375,0.));
#4192 = DIRECTION('',(-0.,0.,-1.));
#4193 = DIRECTION('',(-0.,-1.,0.));
#4194 = FACE_BOUND('',#4195,.F.);
#4195 = EDGE_LOOP('',(#4196));
#4196 = ORIENTED_EDGE('',*,*,#4197,.T.);
#4197 = EDGE_CURVE('',#4198,#4198,#4200,.T.);
#4198 = VERTEX_POINT('',#4199);
#4199 = CARTESIAN_POINT('',(158.08,-73.875,0.));
#4200 = CIRCLE('',#4201,0.5);
#4201 = AXIS2_PLACEMENT_3D('',#4202,#4203,#4204);
#4202 = CARTESIAN_POINT('',(158.08,-73.375,0.));
#4203 = DIRECTION('',(-0.,0.,-1.));
#4204 = DIRECTION('',(-0.,-1.,0.));
#4205 = FACE_BOUND('',#4206,.F.);
#4206 = EDGE_LOOP('',(#4207));
#4207 = ORIENTED_EDGE('',*,*,#4208,.T.);
#4208 = EDGE_CURVE('',#4209,#4209,#4211,.T.);
#4209 = VERTEX_POINT('',#4210);
#4210 = CARTESIAN_POINT('',(160.62,-73.875,0.));
#4211 = CIRCLE('',#4212,0.5);
#4212 = AXIS2_PLACEMENT_3D('',#4213,#4214,#4215);
#4213 = CARTESIAN_POINT('',(160.62,-73.375,0.));
#4214 = DIRECTION('',(-0.,0.,-1.));
#4215 = DIRECTION('',(-0.,-1.,0.));
#4216 = PLANE('',#4217);
#4217 = AXIS2_PLACEMENT_3D('',#4218,#4219,#4220);
#4218 = CARTESIAN_POINT('',(0.,0.,0.));
#4219 = DIRECTION('',(0.,0.,1.));
#4220 = DIRECTION('',(1.,0.,-0.));
#4221 = ADVANCED_FACE('',(#4222,#4233,#4244,#4255,#4266,#4277,#4288,
    #4299,#4310,#4321,#4332,#4343,#4354,#4365,#4376,#4410,#4446,#4457,
    #4468,#4504,#4515,#4526,#4537,#4548,#4559,#4570,#4581,#4592,#4603,
    #4614,#4625,#4636,#4647,#4658,#4669,#4680,#4691,#4702,#4713,#4724,
    #4735,#4746,#4757,#4768,#4802,#4813,#4824,#4835,#4846,#4857,#4868,
    #4879,#4890,#4901,#4912,#4923,#4934,#4945,#4956,#4967,#4978,#4989,
    #5000,#5011,#5022),#5033,.T.);
#4222 = FACE_BOUND('',#4223,.T.);
#4223 = EDGE_LOOP('',(#4224,#4225,#4226,#4232));
#4224 = ORIENTED_EDGE('',*,*,#3316,.F.);
#4225 = ORIENTED_EDGE('',*,*,#3356,.F.);
#4226 = ORIENTED_EDGE('',*,*,#4227,.F.);
#4227 = EDGE_CURVE('',#3379,#3349,#4228,.T.);
#4228 = LINE('',#4229,#4230);
#4229 = CARTESIAN_POINT('',(81.5,-54.5,1.51));
#4230 = VECTOR('',#4231,1.);
#4231 = DIRECTION('',(1.,0.,0.));
#4232 = ORIENTED_EDGE('',*,*,#3378,.F.);
#4233 = FACE_BOUND('',#4234,.T.);
#4234 = EDGE_LOOP('',(#4235));
#4235 = ORIENTED_EDGE('',*,*,#4236,.T.);
#4236 = EDGE_CURVE('',#4237,#4237,#4239,.T.);
#4237 = VERTEX_POINT('',#4238);
#4238 = CARTESIAN_POINT('',(87.63,-101.18,1.51));
#4239 = CIRCLE('',#4240,0.85);
#4240 = AXIS2_PLACEMENT_3D('',#4241,#4242,#4243);
#4241 = CARTESIAN_POINT('',(87.63,-100.33,1.51));
#4242 = DIRECTION('',(-0.,0.,-1.));
#4243 = DIRECTION('',(-0.,-1.,0.));
#4244 = FACE_BOUND('',#4245,.T.);
#4245 = EDGE_LOOP('',(#4246));
#4246 = ORIENTED_EDGE('',*,*,#4247,.T.);
#4247 = EDGE_CURVE('',#4248,#4248,#4250,.T.);
#4248 = VERTEX_POINT('',#4249);
#4249 = CARTESIAN_POINT('',(88.9,-98.54,1.51));
#4250 = CIRCLE('',#4251,0.75);
#4251 = AXIS2_PLACEMENT_3D('',#4252,#4253,#4254);
#4252 = CARTESIAN_POINT('',(88.9,-97.79,1.51));
#4253 = DIRECTION('',(-0.,0.,-1.));
#4254 = DIRECTION('',(-0.,-1.,0.));
#4255 = FACE_BOUND('',#4256,.T.);
#4256 = EDGE_LOOP('',(#4257));
#4257 = ORIENTED_EDGE('',*,*,#4258,.T.);
#4258 = EDGE_CURVE('',#4259,#4259,#4261,.T.);
#4259 = VERTEX_POINT('',#4260);
#4260 = CARTESIAN_POINT('',(92.71,-102.33,1.51));
#4261 = CIRCLE('',#4262,2.);
#4262 = AXIS2_PLACEMENT_3D('',#4263,#4264,#4265);
#4263 = CARTESIAN_POINT('',(92.71,-100.33,1.51));
#4264 = DIRECTION('',(-0.,0.,-1.));
#4265 = DIRECTION('',(-0.,-1.,0.));
#4266 = FACE_BOUND('',#4267,.T.);
#4267 = EDGE_LOOP('',(#4268));
#4268 = ORIENTED_EDGE('',*,*,#4269,.T.);
#4269 = EDGE_CURVE('',#4270,#4270,#4272,.T.);
#4270 = VERTEX_POINT('',#4271);
#4271 = CARTESIAN_POINT('',(95.25,-96.,1.51));
#4272 = CIRCLE('',#4273,0.75);
#4273 = AXIS2_PLACEMENT_3D('',#4274,#4275,#4276);
#4274 = CARTESIAN_POINT('',(95.25,-95.25,1.51));
#4275 = DIRECTION('',(-0.,0.,-1.));
#4276 = DIRECTION('',(-0.,-1.,0.));
#4277 = FACE_BOUND('',#4278,.T.);
#4278 = EDGE_LOOP('',(#4279));
#4279 = ORIENTED_EDGE('',*,*,#4280,.T.);
#4280 = EDGE_CURVE('',#4281,#4281,#4283,.T.);
#4281 = VERTEX_POINT('',#4282);
#4282 = CARTESIAN_POINT('',(97.79,-101.18,1.51));
#4283 = CIRCLE('',#4284,0.85);
#4284 = AXIS2_PLACEMENT_3D('',#4285,#4286,#4287);
#4285 = CARTESIAN_POINT('',(97.79,-100.33,1.51));
#4286 = DIRECTION('',(-0.,0.,-1.));
#4287 = DIRECTION('',(1.671865260612E-14,-1.,-0.));
#4288 = FACE_BOUND('',#4289,.T.);
#4289 = EDGE_LOOP('',(#4290));
#4290 = ORIENTED_EDGE('',*,*,#4291,.T.);
#4291 = EDGE_CURVE('',#4292,#4292,#4294,.T.);
#4292 = VERTEX_POINT('',#4293);
#4293 = CARTESIAN_POINT('',(123.825,-103.5,1.51));
#4294 = CIRCLE('',#4295,0.5);
#4295 = AXIS2_PLACEMENT_3D('',#4296,#4297,#4298);
#4296 = CARTESIAN_POINT('',(123.825,-103.,1.51));
#4297 = DIRECTION('',(-0.,0.,-1.));
#4298 = DIRECTION('',(-0.,-1.,0.));
#4299 = FACE_BOUND('',#4300,.T.);
#4300 = EDGE_LOOP('',(#4301));
#4301 = ORIENTED_EDGE('',*,*,#4302,.T.);
#4302 = EDGE_CURVE('',#4303,#4303,#4305,.T.);
#4303 = VERTEX_POINT('',#4304);
#4304 = CARTESIAN_POINT('',(106.68,-101.18,1.51));
#4305 = CIRCLE('',#4306,0.85);
#4306 = AXIS2_PLACEMENT_3D('',#4307,#4308,#4309);
#4307 = CARTESIAN_POINT('',(106.68,-100.33,1.51));
#4308 = DIRECTION('',(-0.,0.,-1.));
#4309 = DIRECTION('',(-0.,-1.,0.));
#4310 = FACE_BOUND('',#4311,.T.);
#4311 = EDGE_LOOP('',(#4312));
#4312 = ORIENTED_EDGE('',*,*,#4313,.T.);
#4313 = EDGE_CURVE('',#4314,#4314,#4316,.T.);
#4314 = VERTEX_POINT('',#4315);
#4315 = CARTESIAN_POINT('',(107.95,-98.54,1.51));
#4316 = CIRCLE('',#4317,0.75);
#4317 = AXIS2_PLACEMENT_3D('',#4318,#4319,#4320);
#4318 = CARTESIAN_POINT('',(107.95,-97.79,1.51));
#4319 = DIRECTION('',(-0.,0.,-1.));
#4320 = DIRECTION('',(-0.,-1.,0.));
#4321 = FACE_BOUND('',#4322,.T.);
#4322 = EDGE_LOOP('',(#4323));
#4323 = ORIENTED_EDGE('',*,*,#4324,.T.);
#4324 = EDGE_CURVE('',#4325,#4325,#4327,.T.);
#4325 = VERTEX_POINT('',#4326);
#4326 = CARTESIAN_POINT('',(111.76,-102.33,1.51));
#4327 = CIRCLE('',#4328,2.);
#4328 = AXIS2_PLACEMENT_3D('',#4329,#4330,#4331);
#4329 = CARTESIAN_POINT('',(111.76,-100.33,1.51));
#4330 = DIRECTION('',(-0.,0.,-1.));
#4331 = DIRECTION('',(-0.,-1.,0.));
#4332 = FACE_BOUND('',#4333,.T.);
#4333 = EDGE_LOOP('',(#4334));
#4334 = ORIENTED_EDGE('',*,*,#4335,.T.);
#4335 = EDGE_CURVE('',#4336,#4336,#4338,.T.);
#4336 = VERTEX_POINT('',#4337);
#4337 = CARTESIAN_POINT('',(114.3,-96.,1.51));
#4338 = CIRCLE('',#4339,0.75);
#4339 = AXIS2_PLACEMENT_3D('',#4340,#4341,#4342);
#4340 = CARTESIAN_POINT('',(114.3,-95.25,1.51));
#4341 = DIRECTION('',(-0.,0.,-1.));
#4342 = DIRECTION('',(-0.,-1.,0.));
#4343 = FACE_BOUND('',#4344,.T.);
#4344 = EDGE_LOOP('',(#4345));
#4345 = ORIENTED_EDGE('',*,*,#4346,.T.);
#4346 = EDGE_CURVE('',#4347,#4347,#4349,.T.);
#4347 = VERTEX_POINT('',#4348);
#4348 = CARTESIAN_POINT('',(116.84,-101.18,1.51));
#4349 = CIRCLE('',#4350,0.85);
#4350 = AXIS2_PLACEMENT_3D('',#4351,#4352,#4353);
#4351 = CARTESIAN_POINT('',(116.84,-100.33,1.51));
#4352 = DIRECTION('',(-0.,0.,-1.));
#4353 = DIRECTION('',(-0.,-1.,0.));
#4354 = FACE_BOUND('',#4355,.T.);
#4355 = EDGE_LOOP('',(#4356));
#4356 = ORIENTED_EDGE('',*,*,#4357,.T.);
#4357 = EDGE_CURVE('',#4358,#4358,#4360,.T.);
#4358 = VERTEX_POINT('',#4359);
#4359 = CARTESIAN_POINT('',(123.825,-101.,1.51));
#4360 = CIRCLE('',#4361,0.5);
#4361 = AXIS2_PLACEMENT_3D('',#4362,#4363,#4364);
#4362 = CARTESIAN_POINT('',(123.825,-100.5,1.51));
#4363 = DIRECTION('',(-0.,0.,-1.));
#4364 = DIRECTION('',(-0.,-1.,0.));
#4365 = FACE_BOUND('',#4366,.T.);
#4366 = EDGE_LOOP('',(#4367));
#4367 = ORIENTED_EDGE('',*,*,#4368,.T.);
#4368 = EDGE_CURVE('',#4369,#4369,#4371,.T.);
#4369 = VERTEX_POINT('',#4370);
#4370 = CARTESIAN_POINT('',(123.825,-98.5,1.51));
#4371 = CIRCLE('',#4372,0.5);
#4372 = AXIS2_PLACEMENT_3D('',#4373,#4374,#4375);
#4373 = CARTESIAN_POINT('',(123.825,-98.,1.51));
#4374 = DIRECTION('',(-0.,0.,-1.));
#4375 = DIRECTION('',(-0.,-1.,0.));
#4376 = FACE_BOUND('',#4377,.T.);
#4377 = EDGE_LOOP('',(#4378,#4388,#4396,#4404));
#4378 = ORIENTED_EDGE('',*,*,#4379,.F.);
#4379 = EDGE_CURVE('',#4380,#4382,#4384,.T.);
#4380 = VERTEX_POINT('',#4381);
#4381 = CARTESIAN_POINT('',(86.,-92.,1.51));
#4382 = VERTEX_POINT('',#4383);
#4383 = CARTESIAN_POINT('',(112.,-92.,1.51));
#4384 = LINE('',#4385,#4386);
#4385 = CARTESIAN_POINT('',(86.,-92.,1.51));
#4386 = VECTOR('',#4387,1.);
#4387 = DIRECTION('',(1.,0.,0.));
#4388 = ORIENTED_EDGE('',*,*,#4389,.F.);
#4389 = EDGE_CURVE('',#4390,#4380,#4392,.T.);
#4390 = VERTEX_POINT('',#4391);
#4391 = CARTESIAN_POINT('',(86.,-89.,1.51));
#4392 = LINE('',#4393,#4394);
#4393 = CARTESIAN_POINT('',(86.,-89.,1.51));
#4394 = VECTOR('',#4395,1.);
#4395 = DIRECTION('',(0.,-1.,0.));
#4396 = ORIENTED_EDGE('',*,*,#4397,.F.);
#4397 = EDGE_CURVE('',#4398,#4390,#4400,.T.);
#4398 = VERTEX_POINT('',#4399);
#4399 = CARTESIAN_POINT('',(112.,-89.,1.51));
#4400 = LINE('',#4401,#4402);
#4401 = CARTESIAN_POINT('',(112.,-89.,1.51));
#4402 = VECTOR('',#4403,1.);
#4403 = DIRECTION('',(-1.,0.,0.));
#4404 = ORIENTED_EDGE('',*,*,#4405,.F.);
#4405 = EDGE_CURVE('',#4382,#4398,#4406,.T.);
#4406 = LINE('',#4407,#4408);
#4407 = CARTESIAN_POINT('',(112.,-92.,1.51));
#4408 = VECTOR('',#4409,1.);
#4409 = DIRECTION('',(0.,1.,0.));
#4410 = FACE_BOUND('',#4411,.T.);
#4411 = EDGE_LOOP('',(#4412,#4423,#4431,#4440));
#4412 = ORIENTED_EDGE('',*,*,#4413,.T.);
#4413 = EDGE_CURVE('',#4414,#4416,#4418,.T.);
#4414 = VERTEX_POINT('',#4415);
#4415 = CARTESIAN_POINT('',(131.975,-105.35,1.51));
#4416 = VERTEX_POINT('',#4417);
#4417 = CARTESIAN_POINT('',(131.975,-106.85,1.51));
#4418 = CIRCLE('',#4419,0.75);
#4419 = AXIS2_PLACEMENT_3D('',#4420,#4421,#4422);
#4420 = CARTESIAN_POINT('',(131.975,-106.1,1.51));
#4421 = DIRECTION('',(-0.,0.,-1.));
#4422 = DIRECTION('',(-0.,-1.,0.));
#4423 = ORIENTED_EDGE('',*,*,#4424,.T.);
#4424 = EDGE_CURVE('',#4416,#4425,#4427,.T.);
#4425 = VERTEX_POINT('',#4426);
#4426 = CARTESIAN_POINT('',(130.675,-106.85,1.51));
#4427 = LINE('',#4428,#4429);
#4428 = CARTESIAN_POINT('',(65.3375,-106.85,1.51));
#4429 = VECTOR('',#4430,1.);
#4430 = DIRECTION('',(-1.,0.,0.));
#4431 = ORIENTED_EDGE('',*,*,#4432,.T.);
#4432 = EDGE_CURVE('',#4425,#4433,#4435,.T.);
#4433 = VERTEX_POINT('',#4434);
#4434 = CARTESIAN_POINT('',(130.675,-105.35,1.51));
#4435 = CIRCLE('',#4436,0.75);
#4436 = AXIS2_PLACEMENT_3D('',#4437,#4438,#4439);
#4437 = CARTESIAN_POINT('',(130.675,-106.1,1.51));
#4438 = DIRECTION('',(-0.,0.,-1.));
#4439 = DIRECTION('',(0.,1.,0.));
#4440 = ORIENTED_EDGE('',*,*,#4441,.T.);
#4441 = EDGE_CURVE('',#4433,#4414,#4442,.T.);
#4442 = LINE('',#4443,#4444);
#4443 = CARTESIAN_POINT('',(65.9875,-105.35,1.51));
#4444 = VECTOR('',#4445,1.);
#4445 = DIRECTION('',(1.,0.,-0.));
#4446 = FACE_BOUND('',#4447,.T.);
#4447 = EDGE_LOOP('',(#4448));
#4448 = ORIENTED_EDGE('',*,*,#4449,.T.);
#4449 = EDGE_CURVE('',#4450,#4450,#4452,.T.);
#4450 = VERTEX_POINT('',#4451);
#4451 = CARTESIAN_POINT('',(138.325,-103.5,1.51));
#4452 = CIRCLE('',#4453,0.5);
#4453 = AXIS2_PLACEMENT_3D('',#4454,#4455,#4456);
#4454 = CARTESIAN_POINT('',(138.325,-103.,1.51));
#4455 = DIRECTION('',(-0.,0.,-1.));
#4456 = DIRECTION('',(-0.,-1.,0.));
#4457 = FACE_BOUND('',#4458,.T.);
#4458 = EDGE_LOOP('',(#4459));
#4459 = ORIENTED_EDGE('',*,*,#4460,.T.);
#4460 = EDGE_CURVE('',#4461,#4461,#4463,.T.);
#4461 = VERTEX_POINT('',#4462);
#4462 = CARTESIAN_POINT('',(143.,-103.02,1.51));
#4463 = CIRCLE('',#4464,0.4);
#4464 = AXIS2_PLACEMENT_3D('',#4465,#4466,#4467);
#4465 = CARTESIAN_POINT('',(143.,-102.62,1.51));
#4466 = DIRECTION('',(-0.,0.,-1.));
#4467 = DIRECTION('',(-0.,-1.,0.));
#4468 = FACE_BOUND('',#4469,.T.);
#4469 = EDGE_LOOP('',(#4470,#4481,#4489,#4498));
#4470 = ORIENTED_EDGE('',*,*,#4471,.T.);
#4471 = EDGE_CURVE('',#4472,#4474,#4476,.T.);
#4472 = VERTEX_POINT('',#4473);
#4473 = CARTESIAN_POINT('',(131.975,-94.15,1.51));
#4474 = VERTEX_POINT('',#4475);
#4475 = CARTESIAN_POINT('',(131.975,-95.65,1.51));
#4476 = CIRCLE('',#4477,0.75);
#4477 = AXIS2_PLACEMENT_3D('',#4478,#4479,#4480);
#4478 = CARTESIAN_POINT('',(131.975,-94.9,1.51));
#4479 = DIRECTION('',(-0.,0.,-1.));
#4480 = DIRECTION('',(-0.,-1.,0.));
#4481 = ORIENTED_EDGE('',*,*,#4482,.T.);
#4482 = EDGE_CURVE('',#4474,#4483,#4485,.T.);
#4483 = VERTEX_POINT('',#4484);
#4484 = CARTESIAN_POINT('',(130.675,-95.65,1.51));
#4485 = LINE('',#4486,#4487);
#4486 = CARTESIAN_POINT('',(65.3375,-95.65,1.51));
#4487 = VECTOR('',#4488,1.);
#4488 = DIRECTION('',(-1.,0.,0.));
#4489 = ORIENTED_EDGE('',*,*,#4490,.T.);
#4490 = EDGE_CURVE('',#4483,#4491,#4493,.T.);
#4491 = VERTEX_POINT('',#4492);
#4492 = CARTESIAN_POINT('',(130.675,-94.15,1.51));
#4493 = CIRCLE('',#4494,0.75);
#4494 = AXIS2_PLACEMENT_3D('',#4495,#4496,#4497);
#4495 = CARTESIAN_POINT('',(130.675,-94.9,1.51));
#4496 = DIRECTION('',(-0.,0.,-1.));
#4497 = DIRECTION('',(0.,1.,0.));
#4498 = ORIENTED_EDGE('',*,*,#4499,.T.);
#4499 = EDGE_CURVE('',#4491,#4472,#4500,.T.);
#4500 = LINE('',#4501,#4502);
#4501 = CARTESIAN_POINT('',(65.9875,-94.15,1.51));
#4502 = VECTOR('',#4503,1.);
#4503 = DIRECTION('',(1.,0.,-0.));
#4504 = FACE_BOUND('',#4505,.T.);
#4505 = EDGE_LOOP('',(#4506));
#4506 = ORIENTED_EDGE('',*,*,#4507,.T.);
#4507 = EDGE_CURVE('',#4508,#4508,#4510,.T.);
#4508 = VERTEX_POINT('',#4509);
#4509 = CARTESIAN_POINT('',(138.325,-98.5,1.51));
#4510 = CIRCLE('',#4511,0.5);
#4511 = AXIS2_PLACEMENT_3D('',#4512,#4513,#4514);
#4512 = CARTESIAN_POINT('',(138.325,-98.,1.51));
#4513 = DIRECTION('',(-0.,0.,-1.));
#4514 = DIRECTION('',(-0.,-1.,0.));
#4515 = FACE_BOUND('',#4516,.T.);
#4516 = EDGE_LOOP('',(#4517));
#4517 = ORIENTED_EDGE('',*,*,#4518,.T.);
#4518 = EDGE_CURVE('',#4519,#4519,#4521,.T.);
#4519 = VERTEX_POINT('',#4520);
#4520 = CARTESIAN_POINT('',(143.,-95.4,1.51));
#4521 = CIRCLE('',#4522,0.4);
#4522 = AXIS2_PLACEMENT_3D('',#4523,#4524,#4525);
#4523 = CARTESIAN_POINT('',(143.,-95.,1.51));
#4524 = DIRECTION('',(-0.,0.,-1.));
#4525 = DIRECTION('',(-0.,-1.,0.));
#4526 = FACE_BOUND('',#4527,.T.);
#4527 = EDGE_LOOP('',(#4528));
#4528 = ORIENTED_EDGE('',*,*,#4529,.T.);
#4529 = EDGE_CURVE('',#4530,#4530,#4532,.T.);
#4530 = VERTEX_POINT('',#4531);
#4531 = CARTESIAN_POINT('',(147.,-103.02,1.51));
#4532 = CIRCLE('',#4533,0.4);
#4533 = AXIS2_PLACEMENT_3D('',#4534,#4535,#4536);
#4534 = CARTESIAN_POINT('',(147.,-102.62,1.51));
#4535 = DIRECTION('',(-0.,0.,-1.));
#4536 = DIRECTION('',(-0.,-1.,0.));
#4537 = FACE_BOUND('',#4538,.T.);
#4538 = EDGE_LOOP('',(#4539));
#4539 = ORIENTED_EDGE('',*,*,#4540,.T.);
#4540 = EDGE_CURVE('',#4541,#4541,#4543,.T.);
#4541 = VERTEX_POINT('',#4542);
#4542 = CARTESIAN_POINT('',(151.,-103.02,1.51));
#4543 = CIRCLE('',#4544,0.4);
#4544 = AXIS2_PLACEMENT_3D('',#4545,#4546,#4547);
#4545 = CARTESIAN_POINT('',(151.,-102.62,1.51));
#4546 = DIRECTION('',(-0.,0.,-1.));
#4547 = DIRECTION('',(-0.,-1.,0.));
#4548 = FACE_BOUND('',#4549,.T.);
#4549 = EDGE_LOOP('',(#4550));
#4550 = ORIENTED_EDGE('',*,*,#4551,.T.);
#4551 = EDGE_CURVE('',#4552,#4552,#4554,.T.);
#4552 = VERTEX_POINT('',#4553);
#4553 = CARTESIAN_POINT('',(155.,-103.02,1.51));
#4554 = CIRCLE('',#4555,0.4);
#4555 = AXIS2_PLACEMENT_3D('',#4556,#4557,#4558);
#4556 = CARTESIAN_POINT('',(155.,-102.62,1.51));
#4557 = DIRECTION('',(-0.,0.,-1.));
#4558 = DIRECTION('',(-0.,-1.,0.));
#4559 = FACE_BOUND('',#4560,.T.);
#4560 = EDGE_LOOP('',(#4561));
#4561 = ORIENTED_EDGE('',*,*,#4562,.T.);
#4562 = EDGE_CURVE('',#4563,#4563,#4565,.T.);
#4563 = VERTEX_POINT('',#4564);
#4564 = CARTESIAN_POINT('',(159.,-103.02,1.51));
#4565 = CIRCLE('',#4566,0.4);
#4566 = AXIS2_PLACEMENT_3D('',#4567,#4568,#4569);
#4567 = CARTESIAN_POINT('',(159.,-102.62,1.51));
#4568 = DIRECTION('',(-0.,0.,-1.));
#4569 = DIRECTION('',(-0.,-1.,0.));
#4570 = FACE_BOUND('',#4571,.T.);
#4571 = EDGE_LOOP('',(#4572));
#4572 = ORIENTED_EDGE('',*,*,#4573,.T.);
#4573 = EDGE_CURVE('',#4574,#4574,#4576,.T.);
#4574 = VERTEX_POINT('',#4575);
#4575 = CARTESIAN_POINT('',(163.,-103.02,1.51));
#4576 = CIRCLE('',#4577,0.4);
#4577 = AXIS2_PLACEMENT_3D('',#4578,#4579,#4580);
#4578 = CARTESIAN_POINT('',(163.,-102.62,1.51));
#4579 = DIRECTION('',(-0.,0.,-1.));
#4580 = DIRECTION('',(-0.,-1.,0.));
#4581 = FACE_BOUND('',#4582,.T.);
#4582 = EDGE_LOOP('',(#4583));
#4583 = ORIENTED_EDGE('',*,*,#4584,.T.);
#4584 = EDGE_CURVE('',#4585,#4585,#4587,.T.);
#4585 = VERTEX_POINT('',#4586);
#4586 = CARTESIAN_POINT('',(147.,-95.4,1.51));
#4587 = CIRCLE('',#4588,0.4);
#4588 = AXIS2_PLACEMENT_3D('',#4589,#4590,#4591);
#4589 = CARTESIAN_POINT('',(147.,-95.,1.51));
#4590 = DIRECTION('',(-0.,0.,-1.));
#4591 = DIRECTION('',(-0.,-1.,0.));
#4592 = FACE_BOUND('',#4593,.T.);
#4593 = EDGE_LOOP('',(#4594));
#4594 = ORIENTED_EDGE('',*,*,#4595,.T.);
#4595 = EDGE_CURVE('',#4596,#4596,#4598,.T.);
#4596 = VERTEX_POINT('',#4597);
#4597 = CARTESIAN_POINT('',(151.,-95.4,1.51));
#4598 = CIRCLE('',#4599,0.4);
#4599 = AXIS2_PLACEMENT_3D('',#4600,#4601,#4602);
#4600 = CARTESIAN_POINT('',(151.,-95.,1.51));
#4601 = DIRECTION('',(-0.,0.,-1.));
#4602 = DIRECTION('',(-0.,-1.,0.));
#4603 = FACE_BOUND('',#4604,.T.);
#4604 = EDGE_LOOP('',(#4605));
#4605 = ORIENTED_EDGE('',*,*,#4606,.T.);
#4606 = EDGE_CURVE('',#4607,#4607,#4609,.T.);
#4607 = VERTEX_POINT('',#4608);
#4608 = CARTESIAN_POINT('',(155.,-95.4,1.51));
#4609 = CIRCLE('',#4610,0.4);
#4610 = AXIS2_PLACEMENT_3D('',#4611,#4612,#4613);
#4611 = CARTESIAN_POINT('',(155.,-95.,1.51));
#4612 = DIRECTION('',(-0.,0.,-1.));
#4613 = DIRECTION('',(-0.,-1.,0.));
#4614 = FACE_BOUND('',#4615,.T.);
#4615 = EDGE_LOOP('',(#4616));
#4616 = ORIENTED_EDGE('',*,*,#4617,.T.);
#4617 = EDGE_CURVE('',#4618,#4618,#4620,.T.);
#4618 = VERTEX_POINT('',#4619);
#4619 = CARTESIAN_POINT('',(159.,-95.4,1.51));
#4620 = CIRCLE('',#4621,0.4);
#4621 = AXIS2_PLACEMENT_3D('',#4622,#4623,#4624);
#4622 = CARTESIAN_POINT('',(159.,-95.,1.51));
#4623 = DIRECTION('',(-0.,0.,-1.));
#4624 = DIRECTION('',(-0.,-1.,0.));
#4625 = FACE_BOUND('',#4626,.T.);
#4626 = EDGE_LOOP('',(#4627));
#4627 = ORIENTED_EDGE('',*,*,#4628,.T.);
#4628 = EDGE_CURVE('',#4629,#4629,#4631,.T.);
#4629 = VERTEX_POINT('',#4630);
#4630 = CARTESIAN_POINT('',(163.,-95.4,1.51));
#4631 = CIRCLE('',#4632,0.4);
#4632 = AXIS2_PLACEMENT_3D('',#4633,#4634,#4635);
#4633 = CARTESIAN_POINT('',(163.,-95.,1.51));
#4634 = DIRECTION('',(-0.,0.,-1.));
#4635 = DIRECTION('',(-0.,-1.,0.));
#4636 = FACE_BOUND('',#4637,.T.);
#4637 = EDGE_LOOP('',(#4638));
#4638 = ORIENTED_EDGE('',*,*,#4639,.T.);
#4639 = EDGE_CURVE('',#4640,#4640,#4642,.T.);
#4640 = VERTEX_POINT('',#4641);
#4641 = CARTESIAN_POINT('',(145.38,-89.125,1.51));
#4642 = CIRCLE('',#4643,0.5);
#4643 = AXIS2_PLACEMENT_3D('',#4644,#4645,#4646);
#4644 = CARTESIAN_POINT('',(145.38,-88.625,1.51));
#4645 = DIRECTION('',(-0.,0.,-1.));
#4646 = DIRECTION('',(-0.,-1.,0.));
#4647 = FACE_BOUND('',#4648,.T.);
#4648 = EDGE_LOOP('',(#4649));
#4649 = ORIENTED_EDGE('',*,*,#4650,.T.);
#4650 = EDGE_CURVE('',#4651,#4651,#4653,.T.);
#4651 = VERTEX_POINT('',#4652);
#4652 = CARTESIAN_POINT('',(147.92,-89.125,1.51));
#4653 = CIRCLE('',#4654,0.5);
#4654 = AXIS2_PLACEMENT_3D('',#4655,#4656,#4657);
#4655 = CARTESIAN_POINT('',(147.92,-88.625,1.51));
#4656 = DIRECTION('',(-0.,0.,-1.));
#4657 = DIRECTION('',(-0.,-1.,0.));
#4658 = FACE_BOUND('',#4659,.T.);
#4659 = EDGE_LOOP('',(#4660));
#4660 = ORIENTED_EDGE('',*,*,#4661,.T.);
#4661 = EDGE_CURVE('',#4662,#4662,#4664,.T.);
#4662 = VERTEX_POINT('',#4663);
#4663 = CARTESIAN_POINT('',(150.46,-89.125,1.51));
#4664 = CIRCLE('',#4665,0.5);
#4665 = AXIS2_PLACEMENT_3D('',#4666,#4667,#4668);
#4666 = CARTESIAN_POINT('',(150.46,-88.625,1.51));
#4667 = DIRECTION('',(-0.,0.,-1.));
#4668 = DIRECTION('',(-0.,-1.,0.));
#4669 = FACE_BOUND('',#4670,.T.);
#4670 = EDGE_LOOP('',(#4671));
#4671 = ORIENTED_EDGE('',*,*,#4672,.T.);
#4672 = EDGE_CURVE('',#4673,#4673,#4675,.T.);
#4673 = VERTEX_POINT('',#4674);
#4674 = CARTESIAN_POINT('',(153.,-89.125,1.51));
#4675 = CIRCLE('',#4676,0.5);
#4676 = AXIS2_PLACEMENT_3D('',#4677,#4678,#4679);
#4677 = CARTESIAN_POINT('',(153.,-88.625,1.51));
#4678 = DIRECTION('',(-0.,0.,-1.));
#4679 = DIRECTION('',(-0.,-1.,0.));
#4680 = FACE_BOUND('',#4681,.T.);
#4681 = EDGE_LOOP('',(#4682));
#4682 = ORIENTED_EDGE('',*,*,#4683,.T.);
#4683 = EDGE_CURVE('',#4684,#4684,#4686,.T.);
#4684 = VERTEX_POINT('',#4685);
#4685 = CARTESIAN_POINT('',(155.54,-89.125,1.51));
#4686 = CIRCLE('',#4687,0.5);
#4687 = AXIS2_PLACEMENT_3D('',#4688,#4689,#4690);
#4688 = CARTESIAN_POINT('',(155.54,-88.625,1.51));
#4689 = DIRECTION('',(-0.,0.,-1.));
#4690 = DIRECTION('',(-0.,-1.,0.));
#4691 = FACE_BOUND('',#4692,.T.);
#4692 = EDGE_LOOP('',(#4693));
#4693 = ORIENTED_EDGE('',*,*,#4694,.T.);
#4694 = EDGE_CURVE('',#4695,#4695,#4697,.T.);
#4695 = VERTEX_POINT('',#4696);
#4696 = CARTESIAN_POINT('',(158.08,-89.125,1.51));
#4697 = CIRCLE('',#4698,0.5);
#4698 = AXIS2_PLACEMENT_3D('',#4699,#4700,#4701);
#4699 = CARTESIAN_POINT('',(158.08,-88.625,1.51));
#4700 = DIRECTION('',(-0.,0.,-1.));
#4701 = DIRECTION('',(-0.,-1.,0.));
#4702 = FACE_BOUND('',#4703,.T.);
#4703 = EDGE_LOOP('',(#4704));
#4704 = ORIENTED_EDGE('',*,*,#4705,.T.);
#4705 = EDGE_CURVE('',#4706,#4706,#4708,.T.);
#4706 = VERTEX_POINT('',#4707);
#4707 = CARTESIAN_POINT('',(160.62,-89.125,1.51));
#4708 = CIRCLE('',#4709,0.5);
#4709 = AXIS2_PLACEMENT_3D('',#4710,#4711,#4712);
#4710 = CARTESIAN_POINT('',(160.62,-88.625,1.51));
#4711 = DIRECTION('',(-0.,0.,-1.));
#4712 = DIRECTION('',(-0.,-1.,0.));
#4713 = FACE_BOUND('',#4714,.T.);
#4714 = EDGE_LOOP('',(#4715));
#4715 = ORIENTED_EDGE('',*,*,#4716,.T.);
#4716 = EDGE_CURVE('',#4717,#4717,#4719,.T.);
#4717 = VERTEX_POINT('',#4718);
#4718 = CARTESIAN_POINT('',(87.63,-82.13,1.51));
#4719 = CIRCLE('',#4720,0.85);
#4720 = AXIS2_PLACEMENT_3D('',#4721,#4722,#4723);
#4721 = CARTESIAN_POINT('',(87.63,-81.28,1.51));
#4722 = DIRECTION('',(-0.,0.,-1.));
#4723 = DIRECTION('',(-0.,-1.,0.));
#4724 = FACE_BOUND('',#4725,.T.);
#4725 = EDGE_LOOP('',(#4726));
#4726 = ORIENTED_EDGE('',*,*,#4727,.T.);
#4727 = EDGE_CURVE('',#4728,#4728,#4730,.T.);
#4728 = VERTEX_POINT('',#4729);
#4729 = CARTESIAN_POINT('',(92.71,-83.28,1.51));
#4730 = CIRCLE('',#4731,2.);
#4731 = AXIS2_PLACEMENT_3D('',#4732,#4733,#4734);
#4732 = CARTESIAN_POINT('',(92.71,-81.28,1.51));
#4733 = DIRECTION('',(-0.,0.,-1.));
#4734 = DIRECTION('',(-0.,-1.,0.));
#4735 = FACE_BOUND('',#4736,.T.);
#4736 = EDGE_LOOP('',(#4737));
#4737 = ORIENTED_EDGE('',*,*,#4738,.T.);
#4738 = EDGE_CURVE('',#4739,#4739,#4741,.T.);
#4739 = VERTEX_POINT('',#4740);
#4740 = CARTESIAN_POINT('',(88.9,-79.49,1.51));
#4741 = CIRCLE('',#4742,0.75);
#4742 = AXIS2_PLACEMENT_3D('',#4743,#4744,#4745);
#4743 = CARTESIAN_POINT('',(88.9,-78.74,1.51));
#4744 = DIRECTION('',(-0.,0.,-1.));
#4745 = DIRECTION('',(-0.,-1.,0.));
#4746 = FACE_BOUND('',#4747,.T.);
#4747 = EDGE_LOOP('',(#4748));
#4748 = ORIENTED_EDGE('',*,*,#4749,.T.);
#4749 = EDGE_CURVE('',#4750,#4750,#4752,.T.);
#4750 = VERTEX_POINT('',#4751);
#4751 = CARTESIAN_POINT('',(97.79,-82.13,1.51));
#4752 = CIRCLE('',#4753,0.85);
#4753 = AXIS2_PLACEMENT_3D('',#4754,#4755,#4756);
#4754 = CARTESIAN_POINT('',(97.79,-81.28,1.51));
#4755 = DIRECTION('',(-0.,0.,-1.));
#4756 = DIRECTION('',(1.671865260612E-14,-1.,-0.));
#4757 = FACE_BOUND('',#4758,.T.);
#4758 = EDGE_LOOP('',(#4759));
#4759 = ORIENTED_EDGE('',*,*,#4760,.T.);
#4760 = EDGE_CURVE('',#4761,#4761,#4763,.T.);
#4761 = VERTEX_POINT('',#4762);
#4762 = CARTESIAN_POINT('',(95.25,-76.95,1.51));
#4763 = CIRCLE('',#4764,0.75);
#4764 = AXIS2_PLACEMENT_3D('',#4765,#4766,#4767);
#4765 = CARTESIAN_POINT('',(95.25,-76.2,1.51));
#4766 = DIRECTION('',(-0.,0.,-1.));
#4767 = DIRECTION('',(-0.,-1.,0.));
#4768 = FACE_BOUND('',#4769,.T.);
#4769 = EDGE_LOOP('',(#4770,#4780,#4788,#4796));
#4770 = ORIENTED_EDGE('',*,*,#4771,.F.);
#4771 = EDGE_CURVE('',#4772,#4774,#4776,.T.);
#4772 = VERTEX_POINT('',#4773);
#4773 = CARTESIAN_POINT('',(86.,-72.5,1.51));
#4774 = VERTEX_POINT('',#4775);
#4775 = CARTESIAN_POINT('',(121.,-72.5,1.51));
#4776 = LINE('',#4777,#4778);
#4777 = CARTESIAN_POINT('',(86.,-72.5,1.51));
#4778 = VECTOR('',#4779,1.);
#4779 = DIRECTION('',(1.,0.,0.));
#4780 = ORIENTED_EDGE('',*,*,#4781,.F.);
#4781 = EDGE_CURVE('',#4782,#4772,#4784,.T.);
#4782 = VERTEX_POINT('',#4783);
#4783 = CARTESIAN_POINT('',(86.,-70.,1.51));
#4784 = LINE('',#4785,#4786);
#4785 = CARTESIAN_POINT('',(86.,-70.,1.51));
#4786 = VECTOR('',#4787,1.);
#4787 = DIRECTION('',(0.,-1.,0.));
#4788 = ORIENTED_EDGE('',*,*,#4789,.F.);
#4789 = EDGE_CURVE('',#4790,#4782,#4792,.T.);
#4790 = VERTEX_POINT('',#4791);
#4791 = CARTESIAN_POINT('',(121.,-70.,1.51));
#4792 = LINE('',#4793,#4794);
#4793 = CARTESIAN_POINT('',(121.,-70.,1.51));
#4794 = VECTOR('',#4795,1.);
#4795 = DIRECTION('',(-1.,0.,0.));
#4796 = ORIENTED_EDGE('',*,*,#4797,.F.);
#4797 = EDGE_CURVE('',#4774,#4790,#4798,.T.);
#4798 = LINE('',#4799,#4800);
#4799 = CARTESIAN_POINT('',(121.,-72.5,1.51));
#4800 = VECTOR('',#4801,1.);
#4801 = DIRECTION('',(0.,1.,0.));
#4802 = FACE_BOUND('',#4803,.T.);
#4803 = EDGE_LOOP('',(#4804));
#4804 = ORIENTED_EDGE('',*,*,#4805,.T.);
#4805 = EDGE_CURVE('',#4806,#4806,#4808,.T.);
#4806 = VERTEX_POINT('',#4807);
#4807 = CARTESIAN_POINT('',(106.68,-82.13,1.51));
#4808 = CIRCLE('',#4809,0.85);
#4809 = AXIS2_PLACEMENT_3D('',#4810,#4811,#4812);
#4810 = CARTESIAN_POINT('',(106.68,-81.28,1.51));
#4811 = DIRECTION('',(-0.,0.,-1.));
#4812 = DIRECTION('',(-0.,-1.,0.));
#4813 = FACE_BOUND('',#4814,.T.);
#4814 = EDGE_LOOP('',(#4815));
#4815 = ORIENTED_EDGE('',*,*,#4816,.T.);
#4816 = EDGE_CURVE('',#4817,#4817,#4819,.T.);
#4817 = VERTEX_POINT('',#4818);
#4818 = CARTESIAN_POINT('',(111.76,-83.28,1.51));
#4819 = CIRCLE('',#4820,2.);
#4820 = AXIS2_PLACEMENT_3D('',#4821,#4822,#4823);
#4821 = CARTESIAN_POINT('',(111.76,-81.28,1.51));
#4822 = DIRECTION('',(-0.,0.,-1.));
#4823 = DIRECTION('',(-0.,-1.,0.));
#4824 = FACE_BOUND('',#4825,.T.);
#4825 = EDGE_LOOP('',(#4826));
#4826 = ORIENTED_EDGE('',*,*,#4827,.T.);
#4827 = EDGE_CURVE('',#4828,#4828,#4830,.T.);
#4828 = VERTEX_POINT('',#4829);
#4829 = CARTESIAN_POINT('',(107.95,-79.49,1.51));
#4830 = CIRCLE('',#4831,0.75);
#4831 = AXIS2_PLACEMENT_3D('',#4832,#4833,#4834);
#4832 = CARTESIAN_POINT('',(107.95,-78.74,1.51));
#4833 = DIRECTION('',(-0.,0.,-1.));
#4834 = DIRECTION('',(-0.,-1.,0.));
#4835 = FACE_BOUND('',#4836,.T.);
#4836 = EDGE_LOOP('',(#4837));
#4837 = ORIENTED_EDGE('',*,*,#4838,.T.);
#4838 = EDGE_CURVE('',#4839,#4839,#4841,.T.);
#4839 = VERTEX_POINT('',#4840);
#4840 = CARTESIAN_POINT('',(116.84,-82.13,1.51));
#4841 = CIRCLE('',#4842,0.85);
#4842 = AXIS2_PLACEMENT_3D('',#4843,#4844,#4845);
#4843 = CARTESIAN_POINT('',(116.84,-81.28,1.51));
#4844 = DIRECTION('',(-0.,0.,-1.));
#4845 = DIRECTION('',(-0.,-1.,0.));
#4846 = FACE_BOUND('',#4847,.T.);
#4847 = EDGE_LOOP('',(#4848));
#4848 = ORIENTED_EDGE('',*,*,#4849,.T.);
#4849 = EDGE_CURVE('',#4850,#4850,#4852,.T.);
#4850 = VERTEX_POINT('',#4851);
#4851 = CARTESIAN_POINT('',(114.3,-76.95,1.51));
#4852 = CIRCLE('',#4853,0.75);
#4853 = AXIS2_PLACEMENT_3D('',#4854,#4855,#4856);
#4854 = CARTESIAN_POINT('',(114.3,-76.2,1.51));
#4855 = DIRECTION('',(-0.,0.,-1.));
#4856 = DIRECTION('',(-0.,-1.,0.));
#4857 = FACE_BOUND('',#4858,.T.);
#4858 = EDGE_LOOP('',(#4859));
#4859 = ORIENTED_EDGE('',*,*,#4860,.T.);
#4860 = EDGE_CURVE('',#4861,#4861,#4863,.T.);
#4861 = VERTEX_POINT('',#4862);
#4862 = CARTESIAN_POINT('',(87.,-67.12,1.51));
#4863 = CIRCLE('',#4864,0.5);
#4864 = AXIS2_PLACEMENT_3D('',#4865,#4866,#4867);
#4865 = CARTESIAN_POINT('',(87.,-66.62,1.51));
#4866 = DIRECTION('',(-0.,0.,-1.));
#4867 = DIRECTION('',(-0.,-1.,0.));
#4868 = FACE_BOUND('',#4869,.T.);
#4869 = EDGE_LOOP('',(#4870));
#4870 = ORIENTED_EDGE('',*,*,#4871,.T.);
#4871 = EDGE_CURVE('',#4872,#4872,#4874,.T.);
#4872 = VERTEX_POINT('',#4873);
#4873 = CARTESIAN_POINT('',(87.,-64.58,1.51));
#4874 = CIRCLE('',#4875,0.5);
#4875 = AXIS2_PLACEMENT_3D('',#4876,#4877,#4878);
#4876 = CARTESIAN_POINT('',(87.,-64.08,1.51));
#4877 = DIRECTION('',(-0.,0.,-1.));
#4878 = DIRECTION('',(-0.,-1.,0.));
#4879 = FACE_BOUND('',#4880,.T.);
#4880 = EDGE_LOOP('',(#4881));
#4881 = ORIENTED_EDGE('',*,*,#4882,.T.);
#4882 = EDGE_CURVE('',#4883,#4883,#4885,.T.);
#4883 = VERTEX_POINT('',#4884);
#4884 = CARTESIAN_POINT('',(87.,-62.04,1.51));
#4885 = CIRCLE('',#4886,0.5);
#4886 = AXIS2_PLACEMENT_3D('',#4887,#4888,#4889);
#4887 = CARTESIAN_POINT('',(87.,-61.54,1.51));
#4888 = DIRECTION('',(-0.,0.,-1.));
#4889 = DIRECTION('',(-0.,-1.,0.));
#4890 = FACE_BOUND('',#4891,.T.);
#4891 = EDGE_LOOP('',(#4892));
#4892 = ORIENTED_EDGE('',*,*,#4893,.T.);
#4893 = EDGE_CURVE('',#4894,#4894,#4896,.T.);
#4894 = VERTEX_POINT('',#4895);
#4895 = CARTESIAN_POINT('',(87.,-59.5,1.51));
#4896 = CIRCLE('',#4897,0.5);
#4897 = AXIS2_PLACEMENT_3D('',#4898,#4899,#4900);
#4898 = CARTESIAN_POINT('',(87.,-59.,1.51));
#4899 = DIRECTION('',(-0.,0.,-1.));
#4900 = DIRECTION('',(-0.,-1.,0.));
#4901 = FACE_BOUND('',#4902,.T.);
#4902 = EDGE_LOOP('',(#4903));
#4903 = ORIENTED_EDGE('',*,*,#4904,.T.);
#4904 = EDGE_CURVE('',#4905,#4905,#4907,.T.);
#4905 = VERTEX_POINT('',#4906);
#4906 = CARTESIAN_POINT('',(125.73,-82.13,1.51));
#4907 = CIRCLE('',#4908,0.85);
#4908 = AXIS2_PLACEMENT_3D('',#4909,#4910,#4911);
#4909 = CARTESIAN_POINT('',(125.73,-81.28,1.51));
#4910 = DIRECTION('',(-0.,0.,-1.));
#4911 = DIRECTION('',(1.671865260612E-14,-1.,-0.));
#4912 = FACE_BOUND('',#4913,.T.);
#4913 = EDGE_LOOP('',(#4914));
#4914 = ORIENTED_EDGE('',*,*,#4915,.T.);
#4915 = EDGE_CURVE('',#4916,#4916,#4918,.T.);
#4916 = VERTEX_POINT('',#4917);
#4917 = CARTESIAN_POINT('',(130.81,-83.28,1.51));
#4918 = CIRCLE('',#4919,2.);
#4919 = AXIS2_PLACEMENT_3D('',#4920,#4921,#4922);
#4920 = CARTESIAN_POINT('',(130.81,-81.28,1.51));
#4921 = DIRECTION('',(-0.,0.,-1.));
#4922 = DIRECTION('',(-0.,-1.,0.));
#4923 = FACE_BOUND('',#4924,.T.);
#4924 = EDGE_LOOP('',(#4925));
#4925 = ORIENTED_EDGE('',*,*,#4926,.T.);
#4926 = EDGE_CURVE('',#4927,#4927,#4929,.T.);
#4927 = VERTEX_POINT('',#4928);
#4928 = CARTESIAN_POINT('',(127.,-79.49,1.51));
#4929 = CIRCLE('',#4930,0.75);
#4930 = AXIS2_PLACEMENT_3D('',#4931,#4932,#4933);
#4931 = CARTESIAN_POINT('',(127.,-78.74,1.51));
#4932 = DIRECTION('',(-0.,0.,-1.));
#4933 = DIRECTION('',(-0.,-1.,0.));
#4934 = FACE_BOUND('',#4935,.T.);
#4935 = EDGE_LOOP('',(#4936));
#4936 = ORIENTED_EDGE('',*,*,#4937,.T.);
#4937 = EDGE_CURVE('',#4938,#4938,#4940,.T.);
#4938 = VERTEX_POINT('',#4939);
#4939 = CARTESIAN_POINT('',(135.89,-82.13,1.51));
#4940 = CIRCLE('',#4941,0.85);
#4941 = AXIS2_PLACEMENT_3D('',#4942,#4943,#4944);
#4942 = CARTESIAN_POINT('',(135.89,-81.28,1.51));
#4943 = DIRECTION('',(-0.,0.,-1.));
#4944 = DIRECTION('',(-0.,-1.,0.));
#4945 = FACE_BOUND('',#4946,.T.);
#4946 = EDGE_LOOP('',(#4947));
#4947 = ORIENTED_EDGE('',*,*,#4948,.T.);
#4948 = EDGE_CURVE('',#4949,#4949,#4951,.T.);
#4949 = VERTEX_POINT('',#4950);
#4950 = CARTESIAN_POINT('',(133.35,-76.95,1.51));
#4951 = CIRCLE('',#4952,0.75);
#4952 = AXIS2_PLACEMENT_3D('',#4953,#4954,#4955);
#4953 = CARTESIAN_POINT('',(133.35,-76.2,1.51));
#4954 = DIRECTION('',(-0.,0.,-1.));
#4955 = DIRECTION('',(-0.,-1.,0.));
#4956 = FACE_BOUND('',#4957,.T.);
#4957 = EDGE_LOOP('',(#4958));
#4958 = ORIENTED_EDGE('',*,*,#4959,.T.);
#4959 = EDGE_CURVE('',#4960,#4960,#4962,.T.);
#4960 = VERTEX_POINT('',#4961);
#4961 = CARTESIAN_POINT('',(145.38,-73.875,1.51));
#4962 = CIRCLE('',#4963,0.5);
#4963 = AXIS2_PLACEMENT_3D('',#4964,#4965,#4966);
#4964 = CARTESIAN_POINT('',(145.38,-73.375,1.51));
#4965 = DIRECTION('',(-0.,0.,-1.));
#4966 = DIRECTION('',(-0.,-1.,0.));
#4967 = FACE_BOUND('',#4968,.T.);
#4968 = EDGE_LOOP('',(#4969));
#4969 = ORIENTED_EDGE('',*,*,#4970,.T.);
#4970 = EDGE_CURVE('',#4971,#4971,#4973,.T.);
#4971 = VERTEX_POINT('',#4972);
#4972 = CARTESIAN_POINT('',(147.92,-73.875,1.51));
#4973 = CIRCLE('',#4974,0.5);
#4974 = AXIS2_PLACEMENT_3D('',#4975,#4976,#4977);
#4975 = CARTESIAN_POINT('',(147.92,-73.375,1.51));
#4976 = DIRECTION('',(-0.,0.,-1.));
#4977 = DIRECTION('',(-0.,-1.,0.));
#4978 = FACE_BOUND('',#4979,.T.);
#4979 = EDGE_LOOP('',(#4980));
#4980 = ORIENTED_EDGE('',*,*,#4981,.T.);
#4981 = EDGE_CURVE('',#4982,#4982,#4984,.T.);
#4982 = VERTEX_POINT('',#4983);
#4983 = CARTESIAN_POINT('',(150.46,-73.875,1.51));
#4984 = CIRCLE('',#4985,0.5);
#4985 = AXIS2_PLACEMENT_3D('',#4986,#4987,#4988);
#4986 = CARTESIAN_POINT('',(150.46,-73.375,1.51));
#4987 = DIRECTION('',(-0.,0.,-1.));
#4988 = DIRECTION('',(-0.,-1.,0.));
#4989 = FACE_BOUND('',#4990,.T.);
#4990 = EDGE_LOOP('',(#4991));
#4991 = ORIENTED_EDGE('',*,*,#4992,.T.);
#4992 = EDGE_CURVE('',#4993,#4993,#4995,.T.);
#4993 = VERTEX_POINT('',#4994);
#4994 = CARTESIAN_POINT('',(153.,-73.875,1.51));
#4995 = CIRCLE('',#4996,0.5);
#4996 = AXIS2_PLACEMENT_3D('',#4997,#4998,#4999);
#4997 = CARTESIAN_POINT('',(153.,-73.375,1.51));
#4998 = DIRECTION('',(-0.,0.,-1.));
#4999 = DIRECTION('',(-0.,-1.,0.));
#5000 = FACE_BOUND('',#5001,.T.);
#5001 = EDGE_LOOP('',(#5002));
#5002 = ORIENTED_EDGE('',*,*,#5003,.T.);
#5003 = EDGE_CURVE('',#5004,#5004,#5006,.T.);
#5004 = VERTEX_POINT('',#5005);
#5005 = CARTESIAN_POINT('',(155.54,-73.875,1.51));
#5006 = CIRCLE('',#5007,0.5);
#5007 = AXIS2_PLACEMENT_3D('',#5008,#5009,#5010);
#5008 = CARTESIAN_POINT('',(155.54,-73.375,1.51));
#5009 = DIRECTION('',(-0.,0.,-1.));
#5010 = DIRECTION('',(-0.,-1.,0.));
#5011 = FACE_BOUND('',#5012,.T.);
#5012 = EDGE_LOOP('',(#5013));
#5013 = ORIENTED_EDGE('',*,*,#5014,.T.);
#5014 = EDGE_CURVE('',#5015,#5015,#5017,.T.);
#5015 = VERTEX_POINT('',#5016);
#5016 = CARTESIAN_POINT('',(158.08,-73.875,1.51));
#5017 = CIRCLE('',#5018,0.5);
#5018 = AXIS2_PLACEMENT_3D('',#5019,#5020,#5021);
#5019 = CARTESIAN_POINT('',(158.08,-73.375,1.51));
#5020 = DIRECTION('',(-0.,0.,-1.));
#5021 = DIRECTION('',(-0.,-1.,0.));
#5022 = FACE_BOUND('',#5023,.T.);
#5023 = EDGE_LOOP('',(#5024));
#5024 = ORIENTED_EDGE('',*,*,#5025,.T.);
#5025 = EDGE_CURVE('',#5026,#5026,#5028,.T.);
#5026 = VERTEX_POINT('',#5027);
#5027 = CARTESIAN_POINT('',(160.62,-73.875,1.51));
#5028 = CIRCLE('',#5029,0.5);
#5029 = AXIS2_PLACEMENT_3D('',#5030,#5031,#5032);
#5030 = CARTESIAN_POINT('',(160.62,-73.375,1.51));
#5031 = DIRECTION('',(-0.,0.,-1.));
#5032 = DIRECTION('',(-0.,-1.,0.));
#5033 = PLANE('',#5034);
#5034 = AXIS2_PLACEMENT_3D('',#5035,#5036,#5037);
#5035 = CARTESIAN_POINT('',(0.,0.,1.51));
#5036 = DIRECTION('',(0.,0.,1.));
#5037 = DIRECTION('',(1.,0.,-0.));
#5038 = ADVANCED_FACE('',(#5039),#5045,.T.);
#5039 = FACE_BOUND('',#5040,.T.);
#5040 = EDGE_LOOP('',(#5041,#5042,#5043,#5044));
#5041 = ORIENTED_EDGE('',*,*,#3386,.T.);
#5042 = ORIENTED_EDGE('',*,*,#4227,.T.);
#5043 = ORIENTED_EDGE('',*,*,#3346,.F.);
#5044 = ORIENTED_EDGE('',*,*,#3410,.F.);
#5045 = PLANE('',#5046);
#5046 = AXIS2_PLACEMENT_3D('',#5047,#5048,#5049);
#5047 = CARTESIAN_POINT('',(81.5,-54.5,0.));
#5048 = DIRECTION('',(0.,1.,0.));
#5049 = DIRECTION('',(1.,0.,0.));
#5050 = ADVANCED_FACE('',(#5051),#5062,.F.);
#5051 = FACE_BOUND('',#5052,.T.);
#5052 = EDGE_LOOP('',(#5053,#5054,#5060,#5061));
#5053 = ORIENTED_EDGE('',*,*,#3419,.T.);
#5054 = ORIENTED_EDGE('',*,*,#5055,.T.);
#5055 = EDGE_CURVE('',#3420,#4237,#5056,.T.);
#5056 = LINE('',#5057,#5058);
#5057 = CARTESIAN_POINT('',(87.63,-101.18,-4.6E-02));
#5058 = VECTOR('',#5059,1.);
#5059 = DIRECTION('',(0.,0.,1.));
#5060 = ORIENTED_EDGE('',*,*,#4236,.F.);
#5061 = ORIENTED_EDGE('',*,*,#5055,.F.);
#5062 = CYLINDRICAL_SURFACE('',#5063,0.85);
#5063 = AXIS2_PLACEMENT_3D('',#5064,#5065,#5066);
#5064 = CARTESIAN_POINT('',(87.63,-100.33,-4.6E-02));
#5065 = DIRECTION('',(-0.,-0.,-1.));
#5066 = DIRECTION('',(-0.,-1.,0.));
#5067 = ADVANCED_FACE('',(#5068),#5079,.F.);
#5068 = FACE_BOUND('',#5069,.T.);
#5069 = EDGE_LOOP('',(#5070,#5071,#5077,#5078));
#5070 = ORIENTED_EDGE('',*,*,#3430,.T.);
#5071 = ORIENTED_EDGE('',*,*,#5072,.T.);
#5072 = EDGE_CURVE('',#3431,#4248,#5073,.T.);
#5073 = LINE('',#5074,#5075);
#5074 = CARTESIAN_POINT('',(88.9,-98.54,-4.6E-02));
#5075 = VECTOR('',#5076,1.);
#5076 = DIRECTION('',(0.,0.,1.));
#5077 = ORIENTED_EDGE('',*,*,#4247,.F.);
#5078 = ORIENTED_EDGE('',*,*,#5072,.F.);
#5079 = CYLINDRICAL_SURFACE('',#5080,0.75);
#5080 = AXIS2_PLACEMENT_3D('',#5081,#5082,#5083);
#5081 = CARTESIAN_POINT('',(88.9,-97.79,-4.6E-02));
#5082 = DIRECTION('',(-0.,-0.,-1.));
#5083 = DIRECTION('',(-0.,-1.,0.));
#5084 = ADVANCED_FACE('',(#5085),#5096,.F.);
#5085 = FACE_BOUND('',#5086,.T.);
#5086 = EDGE_LOOP('',(#5087,#5088,#5094,#5095));
#5087 = ORIENTED_EDGE('',*,*,#3441,.T.);
#5088 = ORIENTED_EDGE('',*,*,#5089,.T.);
#5089 = EDGE_CURVE('',#3442,#4259,#5090,.T.);
#5090 = LINE('',#5091,#5092);
#5091 = CARTESIAN_POINT('',(92.71,-102.33,-4.6E-02));
#5092 = VECTOR('',#5093,1.);
#5093 = DIRECTION('',(0.,0.,1.));
#5094 = ORIENTED_EDGE('',*,*,#4258,.F.);
#5095 = ORIENTED_EDGE('',*,*,#5089,.F.);
#5096 = CYLINDRICAL_SURFACE('',#5097,2.);
#5097 = AXIS2_PLACEMENT_3D('',#5098,#5099,#5100);
#5098 = CARTESIAN_POINT('',(92.71,-100.33,-4.6E-02));
#5099 = DIRECTION('',(-0.,-0.,-1.));
#5100 = DIRECTION('',(-0.,-1.,0.));
#5101 = ADVANCED_FACE('',(#5102),#5113,.F.);
#5102 = FACE_BOUND('',#5103,.T.);
#5103 = EDGE_LOOP('',(#5104,#5105,#5111,#5112));
#5104 = ORIENTED_EDGE('',*,*,#3452,.T.);
#5105 = ORIENTED_EDGE('',*,*,#5106,.T.);
#5106 = EDGE_CURVE('',#3453,#4270,#5107,.T.);
#5107 = LINE('',#5108,#5109);
#5108 = CARTESIAN_POINT('',(95.25,-96.,-4.6E-02));
#5109 = VECTOR('',#5110,1.);
#5110 = DIRECTION('',(0.,0.,1.));
#5111 = ORIENTED_EDGE('',*,*,#4269,.F.);
#5112 = ORIENTED_EDGE('',*,*,#5106,.F.);
#5113 = CYLINDRICAL_SURFACE('',#5114,0.75);
#5114 = AXIS2_PLACEMENT_3D('',#5115,#5116,#5117);
#5115 = CARTESIAN_POINT('',(95.25,-95.25,-4.6E-02));
#5116 = DIRECTION('',(-0.,-0.,-1.));
#5117 = DIRECTION('',(-0.,-1.,0.));
#5118 = ADVANCED_FACE('',(#5119),#5130,.F.);
#5119 = FACE_BOUND('',#5120,.T.);
#5120 = EDGE_LOOP('',(#5121,#5122,#5128,#5129));
#5121 = ORIENTED_EDGE('',*,*,#3463,.T.);
#5122 = ORIENTED_EDGE('',*,*,#5123,.T.);
#5123 = EDGE_CURVE('',#3464,#4281,#5124,.T.);
#5124 = LINE('',#5125,#5126);
#5125 = CARTESIAN_POINT('',(97.79,-101.18,-4.6E-02));
#5126 = VECTOR('',#5127,1.);
#5127 = DIRECTION('',(0.,0.,1.));
#5128 = ORIENTED_EDGE('',*,*,#4280,.F.);
#5129 = ORIENTED_EDGE('',*,*,#5123,.F.);
#5130 = CYLINDRICAL_SURFACE('',#5131,0.85);
#5131 = AXIS2_PLACEMENT_3D('',#5132,#5133,#5134);
#5132 = CARTESIAN_POINT('',(97.79,-100.33,-4.6E-02));
#5133 = DIRECTION('',(-0.,0.,-1.));
#5134 = DIRECTION('',(1.671865260612E-14,-1.,-0.));
#5135 = ADVANCED_FACE('',(#5136),#5147,.F.);
#5136 = FACE_BOUND('',#5137,.T.);
#5137 = EDGE_LOOP('',(#5138,#5139,#5145,#5146));
#5138 = ORIENTED_EDGE('',*,*,#3474,.T.);
#5139 = ORIENTED_EDGE('',*,*,#5140,.T.);
#5140 = EDGE_CURVE('',#3475,#4292,#5141,.T.);
#5141 = LINE('',#5142,#5143);
#5142 = CARTESIAN_POINT('',(123.825,-103.5,-4.6E-02));
#5143 = VECTOR('',#5144,1.);
#5144 = DIRECTION('',(0.,0.,1.));
#5145 = ORIENTED_EDGE('',*,*,#4291,.F.);
#5146 = ORIENTED_EDGE('',*,*,#5140,.F.);
#5147 = CYLINDRICAL_SURFACE('',#5148,0.5);
#5148 = AXIS2_PLACEMENT_3D('',#5149,#5150,#5151);
#5149 = CARTESIAN_POINT('',(123.825,-103.,-4.6E-02));
#5150 = DIRECTION('',(-0.,-0.,-1.));
#5151 = DIRECTION('',(-0.,-1.,0.));
#5152 = ADVANCED_FACE('',(#5153),#5164,.F.);
#5153 = FACE_BOUND('',#5154,.T.);
#5154 = EDGE_LOOP('',(#5155,#5156,#5162,#5163));
#5155 = ORIENTED_EDGE('',*,*,#3485,.T.);
#5156 = ORIENTED_EDGE('',*,*,#5157,.T.);
#5157 = EDGE_CURVE('',#3486,#4303,#5158,.T.);
#5158 = LINE('',#5159,#5160);
#5159 = CARTESIAN_POINT('',(106.68,-101.18,-4.6E-02));
#5160 = VECTOR('',#5161,1.);
#5161 = DIRECTION('',(0.,0.,1.));
#5162 = ORIENTED_EDGE('',*,*,#4302,.F.);
#5163 = ORIENTED_EDGE('',*,*,#5157,.F.);
#5164 = CYLINDRICAL_SURFACE('',#5165,0.85);
#5165 = AXIS2_PLACEMENT_3D('',#5166,#5167,#5168);
#5166 = CARTESIAN_POINT('',(106.68,-100.33,-4.6E-02));
#5167 = DIRECTION('',(-0.,-0.,-1.));
#5168 = DIRECTION('',(-0.,-1.,0.));
#5169 = ADVANCED_FACE('',(#5170),#5181,.F.);
#5170 = FACE_BOUND('',#5171,.T.);
#5171 = EDGE_LOOP('',(#5172,#5173,#5179,#5180));
#5172 = ORIENTED_EDGE('',*,*,#3496,.T.);
#5173 = ORIENTED_EDGE('',*,*,#5174,.T.);
#5174 = EDGE_CURVE('',#3497,#4314,#5175,.T.);
#5175 = LINE('',#5176,#5177);
#5176 = CARTESIAN_POINT('',(107.95,-98.54,-4.6E-02));
#5177 = VECTOR('',#5178,1.);
#5178 = DIRECTION('',(0.,0.,1.));
#5179 = ORIENTED_EDGE('',*,*,#4313,.F.);
#5180 = ORIENTED_EDGE('',*,*,#5174,.F.);
#5181 = CYLINDRICAL_SURFACE('',#5182,0.75);
#5182 = AXIS2_PLACEMENT_3D('',#5183,#5184,#5185);
#5183 = CARTESIAN_POINT('',(107.95,-97.79,-4.6E-02));
#5184 = DIRECTION('',(-0.,-0.,-1.));
#5185 = DIRECTION('',(-0.,-1.,0.));
#5186 = ADVANCED_FACE('',(#5187),#5198,.F.);
#5187 = FACE_BOUND('',#5188,.T.);
#5188 = EDGE_LOOP('',(#5189,#5190,#5196,#5197));
#5189 = ORIENTED_EDGE('',*,*,#3507,.T.);
#5190 = ORIENTED_EDGE('',*,*,#5191,.T.);
#5191 = EDGE_CURVE('',#3508,#4325,#5192,.T.);
#5192 = LINE('',#5193,#5194);
#5193 = CARTESIAN_POINT('',(111.76,-102.33,-4.6E-02));
#5194 = VECTOR('',#5195,1.);
#5195 = DIRECTION('',(0.,0.,1.));
#5196 = ORIENTED_EDGE('',*,*,#4324,.F.);
#5197 = ORIENTED_EDGE('',*,*,#5191,.F.);
#5198 = CYLINDRICAL_SURFACE('',#5199,2.);
#5199 = AXIS2_PLACEMENT_3D('',#5200,#5201,#5202);
#5200 = CARTESIAN_POINT('',(111.76,-100.33,-4.6E-02));
#5201 = DIRECTION('',(-0.,-0.,-1.));
#5202 = DIRECTION('',(-0.,-1.,0.));
#5203 = ADVANCED_FACE('',(#5204),#5215,.F.);
#5204 = FACE_BOUND('',#5205,.T.);
#5205 = EDGE_LOOP('',(#5206,#5207,#5213,#5214));
#5206 = ORIENTED_EDGE('',*,*,#3518,.T.);
#5207 = ORIENTED_EDGE('',*,*,#5208,.T.);
#5208 = EDGE_CURVE('',#3519,#4336,#5209,.T.);
#5209 = LINE('',#5210,#5211);
#5210 = CARTESIAN_POINT('',(114.3,-96.,-4.6E-02));
#5211 = VECTOR('',#5212,1.);
#5212 = DIRECTION('',(0.,0.,1.));
#5213 = ORIENTED_EDGE('',*,*,#4335,.F.);
#5214 = ORIENTED_EDGE('',*,*,#5208,.F.);
#5215 = CYLINDRICAL_SURFACE('',#5216,0.75);
#5216 = AXIS2_PLACEMENT_3D('',#5217,#5218,#5219);
#5217 = CARTESIAN_POINT('',(114.3,-95.25,-4.6E-02));
#5218 = DIRECTION('',(-0.,-0.,-1.));
#5219 = DIRECTION('',(-0.,-1.,0.));
#5220 = ADVANCED_FACE('',(#5221),#5232,.F.);
#5221 = FACE_BOUND('',#5222,.T.);
#5222 = EDGE_LOOP('',(#5223,#5224,#5230,#5231));
#5223 = ORIENTED_EDGE('',*,*,#3529,.T.);
#5224 = ORIENTED_EDGE('',*,*,#5225,.T.);
#5225 = EDGE_CURVE('',#3530,#4347,#5226,.T.);
#5226 = LINE('',#5227,#5228);
#5227 = CARTESIAN_POINT('',(116.84,-101.18,-4.6E-02));
#5228 = VECTOR('',#5229,1.);
#5229 = DIRECTION('',(0.,0.,1.));
#5230 = ORIENTED_EDGE('',*,*,#4346,.F.);
#5231 = ORIENTED_EDGE('',*,*,#5225,.F.);
#5232 = CYLINDRICAL_SURFACE('',#5233,0.85);
#5233 = AXIS2_PLACEMENT_3D('',#5234,#5235,#5236);
#5234 = CARTESIAN_POINT('',(116.84,-100.33,-4.6E-02));
#5235 = DIRECTION('',(-0.,-0.,-1.));
#5236 = DIRECTION('',(-0.,-1.,0.));
#5237 = ADVANCED_FACE('',(#5238),#5249,.F.);
#5238 = FACE_BOUND('',#5239,.T.);
#5239 = EDGE_LOOP('',(#5240,#5241,#5247,#5248));
#5240 = ORIENTED_EDGE('',*,*,#3540,.T.);
#5241 = ORIENTED_EDGE('',*,*,#5242,.T.);
#5242 = EDGE_CURVE('',#3541,#4358,#5243,.T.);
#5243 = LINE('',#5244,#5245);
#5244 = CARTESIAN_POINT('',(123.825,-101.,-4.6E-02));
#5245 = VECTOR('',#5246,1.);
#5246 = DIRECTION('',(0.,0.,1.));
#5247 = ORIENTED_EDGE('',*,*,#4357,.F.);
#5248 = ORIENTED_EDGE('',*,*,#5242,.F.);
#5249 = CYLINDRICAL_SURFACE('',#5250,0.5);
#5250 = AXIS2_PLACEMENT_3D('',#5251,#5252,#5253);
#5251 = CARTESIAN_POINT('',(123.825,-100.5,-4.6E-02));
#5252 = DIRECTION('',(-0.,-0.,-1.));
#5253 = DIRECTION('',(-0.,-1.,0.));
#5254 = ADVANCED_FACE('',(#5255),#5266,.F.);
#5255 = FACE_BOUND('',#5256,.T.);
#5256 = EDGE_LOOP('',(#5257,#5258,#5264,#5265));
#5257 = ORIENTED_EDGE('',*,*,#3551,.T.);
#5258 = ORIENTED_EDGE('',*,*,#5259,.T.);
#5259 = EDGE_CURVE('',#3552,#4369,#5260,.T.);
#5260 = LINE('',#5261,#5262);
#5261 = CARTESIAN_POINT('',(123.825,-98.5,-4.6E-02));
#5262 = VECTOR('',#5263,1.);
#5263 = DIRECTION('',(0.,0.,1.));
#5264 = ORIENTED_EDGE('',*,*,#4368,.F.);
#5265 = ORIENTED_EDGE('',*,*,#5259,.F.);
#5266 = CYLINDRICAL_SURFACE('',#5267,0.5);
#5267 = AXIS2_PLACEMENT_3D('',#5268,#5269,#5270);
#5268 = CARTESIAN_POINT('',(123.825,-98.,-4.6E-02));
#5269 = DIRECTION('',(-0.,-0.,-1.));
#5270 = DIRECTION('',(-0.,-1.,0.));
#5271 = ADVANCED_FACE('',(#5272),#5288,.T.);
#5272 = FACE_BOUND('',#5273,.T.);
#5273 = EDGE_LOOP('',(#5274,#5280,#5281,#5287));
#5274 = ORIENTED_EDGE('',*,*,#5275,.T.);
#5275 = EDGE_CURVE('',#3563,#4380,#5276,.T.);
#5276 = LINE('',#5277,#5278);
#5277 = CARTESIAN_POINT('',(86.,-92.,0.));
#5278 = VECTOR('',#5279,1.);
#5279 = DIRECTION('',(0.,0.,1.));
#5280 = ORIENTED_EDGE('',*,*,#4379,.T.);
#5281 = ORIENTED_EDGE('',*,*,#5282,.F.);
#5282 = EDGE_CURVE('',#3565,#4382,#5283,.T.);
#5283 = LINE('',#5284,#5285);
#5284 = CARTESIAN_POINT('',(112.,-92.,0.));
#5285 = VECTOR('',#5286,1.);
#5286 = DIRECTION('',(0.,0.,1.));
#5287 = ORIENTED_EDGE('',*,*,#3562,.F.);
#5288 = PLANE('',#5289);
#5289 = AXIS2_PLACEMENT_3D('',#5290,#5291,#5292);
#5290 = CARTESIAN_POINT('',(86.,-92.,0.));
#5291 = DIRECTION('',(0.,1.,0.));
#5292 = DIRECTION('',(1.,0.,0.));
#5293 = ADVANCED_FACE('',(#5294),#5305,.T.);
#5294 = FACE_BOUND('',#5295,.T.);
#5295 = EDGE_LOOP('',(#5296,#5302,#5303,#5304));
#5296 = ORIENTED_EDGE('',*,*,#5297,.T.);
#5297 = EDGE_CURVE('',#3573,#4390,#5298,.T.);
#5298 = LINE('',#5299,#5300);
#5299 = CARTESIAN_POINT('',(86.,-89.,0.));
#5300 = VECTOR('',#5301,1.);
#5301 = DIRECTION('',(0.,0.,1.));
#5302 = ORIENTED_EDGE('',*,*,#4389,.T.);
#5303 = ORIENTED_EDGE('',*,*,#5275,.F.);
#5304 = ORIENTED_EDGE('',*,*,#3572,.F.);
#5305 = PLANE('',#5306);
#5306 = AXIS2_PLACEMENT_3D('',#5307,#5308,#5309);
#5307 = CARTESIAN_POINT('',(86.,-89.,0.));
#5308 = DIRECTION('',(1.,0.,-0.));
#5309 = DIRECTION('',(0.,-1.,0.));
#5310 = ADVANCED_FACE('',(#5311),#5322,.T.);
#5311 = FACE_BOUND('',#5312,.T.);
#5312 = EDGE_LOOP('',(#5313,#5314,#5315,#5321));
#5313 = ORIENTED_EDGE('',*,*,#5282,.T.);
#5314 = ORIENTED_EDGE('',*,*,#4405,.T.);
#5315 = ORIENTED_EDGE('',*,*,#5316,.F.);
#5316 = EDGE_CURVE('',#3581,#4398,#5317,.T.);
#5317 = LINE('',#5318,#5319);
#5318 = CARTESIAN_POINT('',(112.,-89.,0.));
#5319 = VECTOR('',#5320,1.);
#5320 = DIRECTION('',(0.,0.,1.));
#5321 = ORIENTED_EDGE('',*,*,#3588,.F.);
#5322 = PLANE('',#5323);
#5323 = AXIS2_PLACEMENT_3D('',#5324,#5325,#5326);
#5324 = CARTESIAN_POINT('',(112.,-92.,0.));
#5325 = DIRECTION('',(-1.,0.,0.));
#5326 = DIRECTION('',(0.,1.,0.));
#5327 = ADVANCED_FACE('',(#5328),#5334,.T.);
#5328 = FACE_BOUND('',#5329,.T.);
#5329 = EDGE_LOOP('',(#5330,#5331,#5332,#5333));
#5330 = ORIENTED_EDGE('',*,*,#5316,.T.);
#5331 = ORIENTED_EDGE('',*,*,#4397,.T.);
#5332 = ORIENTED_EDGE('',*,*,#5297,.F.);
#5333 = ORIENTED_EDGE('',*,*,#3580,.F.);
#5334 = PLANE('',#5335);
#5335 = AXIS2_PLACEMENT_3D('',#5336,#5337,#5338);
#5336 = CARTESIAN_POINT('',(112.,-89.,0.));
#5337 = DIRECTION('',(0.,-1.,0.));
#5338 = DIRECTION('',(-1.,0.,0.));
#5339 = ADVANCED_FACE('',(#5340),#5356,.F.);
#5340 = FACE_BOUND('',#5341,.T.);
#5341 = EDGE_LOOP('',(#5342,#5343,#5349,#5350));
#5342 = ORIENTED_EDGE('',*,*,#3596,.T.);
#5343 = ORIENTED_EDGE('',*,*,#5344,.T.);
#5344 = EDGE_CURVE('',#3599,#4416,#5345,.T.);
#5345 = LINE('',#5346,#5347);
#5346 = CARTESIAN_POINT('',(131.975,-106.85,-4.6E-02));
#5347 = VECTOR('',#5348,1.);
#5348 = DIRECTION('',(0.,0.,1.));
#5349 = ORIENTED_EDGE('',*,*,#4413,.F.);
#5350 = ORIENTED_EDGE('',*,*,#5351,.F.);
#5351 = EDGE_CURVE('',#3597,#4414,#5352,.T.);
#5352 = LINE('',#5353,#5354);
#5353 = CARTESIAN_POINT('',(131.975,-105.35,-4.6E-02));
#5354 = VECTOR('',#5355,1.);
#5355 = DIRECTION('',(0.,0.,1.));
#5356 = CYLINDRICAL_SURFACE('',#5357,0.75);
#5357 = AXIS2_PLACEMENT_3D('',#5358,#5359,#5360);
#5358 = CARTESIAN_POINT('',(131.975,-106.1,-4.6E-02));
#5359 = DIRECTION('',(-0.,-0.,-1.));
#5360 = DIRECTION('',(-0.,-1.,0.));
#5361 = ADVANCED_FACE('',(#5362),#5373,.T.);
#5362 = FACE_BOUND('',#5363,.T.);
#5363 = EDGE_LOOP('',(#5364,#5365,#5366,#5367));
#5364 = ORIENTED_EDGE('',*,*,#3624,.T.);
#5365 = ORIENTED_EDGE('',*,*,#5351,.T.);
#5366 = ORIENTED_EDGE('',*,*,#4441,.F.);
#5367 = ORIENTED_EDGE('',*,*,#5368,.F.);
#5368 = EDGE_CURVE('',#3616,#4433,#5369,.T.);
#5369 = LINE('',#5370,#5371);
#5370 = CARTESIAN_POINT('',(130.675,-105.35,-4.6E-02));
#5371 = VECTOR('',#5372,1.);
#5372 = DIRECTION('',(0.,0.,1.));
#5373 = PLANE('',#5374);
#5374 = AXIS2_PLACEMENT_3D('',#5375,#5376,#5377);
#5375 = CARTESIAN_POINT('',(131.975,-105.35,-4.6E-02));
#5376 = DIRECTION('',(0.,-1.,0.));
#5377 = DIRECTION('',(-1.,0.,0.));
#5378 = ADVANCED_FACE('',(#5379),#5390,.F.);
#5379 = FACE_BOUND('',#5380,.T.);
#5380 = EDGE_LOOP('',(#5381,#5382,#5383,#5384));
#5381 = ORIENTED_EDGE('',*,*,#3615,.T.);
#5382 = ORIENTED_EDGE('',*,*,#5368,.T.);
#5383 = ORIENTED_EDGE('',*,*,#4432,.F.);
#5384 = ORIENTED_EDGE('',*,*,#5385,.F.);
#5385 = EDGE_CURVE('',#3608,#4425,#5386,.T.);
#5386 = LINE('',#5387,#5388);
#5387 = CARTESIAN_POINT('',(130.675,-106.85,-4.6E-02));
#5388 = VECTOR('',#5389,1.);
#5389 = DIRECTION('',(0.,0.,1.));
#5390 = CYLINDRICAL_SURFACE('',#5391,0.75);
#5391 = AXIS2_PLACEMENT_3D('',#5392,#5393,#5394);
#5392 = CARTESIAN_POINT('',(130.675,-106.1,-4.6E-02));
#5393 = DIRECTION('',(-0.,0.,-1.));
#5394 = DIRECTION('',(0.,1.,0.));
#5395 = ADVANCED_FACE('',(#5396),#5402,.T.);
#5396 = FACE_BOUND('',#5397,.T.);
#5397 = EDGE_LOOP('',(#5398,#5399,#5400,#5401));
#5398 = ORIENTED_EDGE('',*,*,#3607,.T.);
#5399 = ORIENTED_EDGE('',*,*,#5385,.T.);
#5400 = ORIENTED_EDGE('',*,*,#4424,.F.);
#5401 = ORIENTED_EDGE('',*,*,#5344,.F.);
#5402 = PLANE('',#5403);
#5403 = AXIS2_PLACEMENT_3D('',#5404,#5405,#5406);
#5404 = CARTESIAN_POINT('',(130.675,-106.85,-4.6E-02));
#5405 = DIRECTION('',(0.,1.,0.));
#5406 = DIRECTION('',(1.,0.,0.));
#5407 = ADVANCED_FACE('',(#5408),#5419,.F.);
#5408 = FACE_BOUND('',#5409,.T.);
#5409 = EDGE_LOOP('',(#5410,#5411,#5417,#5418));
#5410 = ORIENTED_EDGE('',*,*,#3632,.T.);
#5411 = ORIENTED_EDGE('',*,*,#5412,.T.);
#5412 = EDGE_CURVE('',#3633,#4450,#5413,.T.);
#5413 = LINE('',#5414,#5415);
#5414 = CARTESIAN_POINT('',(138.325,-103.5,-4.6E-02));
#5415 = VECTOR('',#5416,1.);
#5416 = DIRECTION('',(0.,0.,1.));
#5417 = ORIENTED_EDGE('',*,*,#4449,.F.);
#5418 = ORIENTED_EDGE('',*,*,#5412,.F.);
#5419 = CYLINDRICAL_SURFACE('',#5420,0.5);
#5420 = AXIS2_PLACEMENT_3D('',#5421,#5422,#5423);
#5421 = CARTESIAN_POINT('',(138.325,-103.,-4.6E-02));
#5422 = DIRECTION('',(-0.,-0.,-1.));
#5423 = DIRECTION('',(-0.,-1.,0.));
#5424 = ADVANCED_FACE('',(#5425),#5436,.F.);
#5425 = FACE_BOUND('',#5426,.T.);
#5426 = EDGE_LOOP('',(#5427,#5428,#5434,#5435));
#5427 = ORIENTED_EDGE('',*,*,#3643,.T.);
#5428 = ORIENTED_EDGE('',*,*,#5429,.T.);
#5429 = EDGE_CURVE('',#3644,#4461,#5430,.T.);
#5430 = LINE('',#5431,#5432);
#5431 = CARTESIAN_POINT('',(143.,-103.02,-4.6E-02));
#5432 = VECTOR('',#5433,1.);
#5433 = DIRECTION('',(0.,0.,1.));
#5434 = ORIENTED_EDGE('',*,*,#4460,.F.);
#5435 = ORIENTED_EDGE('',*,*,#5429,.F.);
#5436 = CYLINDRICAL_SURFACE('',#5437,0.4);
#5437 = AXIS2_PLACEMENT_3D('',#5438,#5439,#5440);
#5438 = CARTESIAN_POINT('',(143.,-102.62,-4.6E-02));
#5439 = DIRECTION('',(-0.,-0.,-1.));
#5440 = DIRECTION('',(-0.,-1.,0.));
#5441 = ADVANCED_FACE('',(#5442),#5458,.F.);
#5442 = FACE_BOUND('',#5443,.T.);
#5443 = EDGE_LOOP('',(#5444,#5445,#5451,#5452));
#5444 = ORIENTED_EDGE('',*,*,#3654,.T.);
#5445 = ORIENTED_EDGE('',*,*,#5446,.T.);
#5446 = EDGE_CURVE('',#3657,#4474,#5447,.T.);
#5447 = LINE('',#5448,#5449);
#5448 = CARTESIAN_POINT('',(131.975,-95.65,-4.6E-02));
#5449 = VECTOR('',#5450,1.);
#5450 = DIRECTION('',(0.,0.,1.));
#5451 = ORIENTED_EDGE('',*,*,#4471,.F.);
#5452 = ORIENTED_EDGE('',*,*,#5453,.F.);
#5453 = EDGE_CURVE('',#3655,#4472,#5454,.T.);
#5454 = LINE('',#5455,#5456);
#5455 = CARTESIAN_POINT('',(131.975,-94.15,-4.6E-02));
#5456 = VECTOR('',#5457,1.);
#5457 = DIRECTION('',(0.,0.,1.));
#5458 = CYLINDRICAL_SURFACE('',#5459,0.75);
#5459 = AXIS2_PLACEMENT_3D('',#5460,#5461,#5462);
#5460 = CARTESIAN_POINT('',(131.975,-94.9,-4.6E-02));
#5461 = DIRECTION('',(-0.,-0.,-1.));
#5462 = DIRECTION('',(-0.,-1.,0.));
#5463 = ADVANCED_FACE('',(#5464),#5475,.T.);
#5464 = FACE_BOUND('',#5465,.T.);
#5465 = EDGE_LOOP('',(#5466,#5467,#5468,#5469));
#5466 = ORIENTED_EDGE('',*,*,#3682,.T.);
#5467 = ORIENTED_EDGE('',*,*,#5453,.T.);
#5468 = ORIENTED_EDGE('',*,*,#4499,.F.);
#5469 = ORIENTED_EDGE('',*,*,#5470,.F.);
#5470 = EDGE_CURVE('',#3674,#4491,#5471,.T.);
#5471 = LINE('',#5472,#5473);
#5472 = CARTESIAN_POINT('',(130.675,-94.15,-4.6E-02));
#5473 = VECTOR('',#5474,1.);
#5474 = DIRECTION('',(0.,0.,1.));
#5475 = PLANE('',#5476);
#5476 = AXIS2_PLACEMENT_3D('',#5477,#5478,#5479);
#5477 = CARTESIAN_POINT('',(131.975,-94.15,-4.6E-02));
#5478 = DIRECTION('',(0.,-1.,0.));
#5479 = DIRECTION('',(-1.,0.,0.));
#5480 = ADVANCED_FACE('',(#5481),#5492,.F.);
#5481 = FACE_BOUND('',#5482,.T.);
#5482 = EDGE_LOOP('',(#5483,#5484,#5485,#5486));
#5483 = ORIENTED_EDGE('',*,*,#3673,.T.);
#5484 = ORIENTED_EDGE('',*,*,#5470,.T.);
#5485 = ORIENTED_EDGE('',*,*,#4490,.F.);
#5486 = ORIENTED_EDGE('',*,*,#5487,.F.);
#5487 = EDGE_CURVE('',#3666,#4483,#5488,.T.);
#5488 = LINE('',#5489,#5490);
#5489 = CARTESIAN_POINT('',(130.675,-95.65,-4.6E-02));
#5490 = VECTOR('',#5491,1.);
#5491 = DIRECTION('',(0.,0.,1.));
#5492 = CYLINDRICAL_SURFACE('',#5493,0.75);
#5493 = AXIS2_PLACEMENT_3D('',#5494,#5495,#5496);
#5494 = CARTESIAN_POINT('',(130.675,-94.9,-4.6E-02));
#5495 = DIRECTION('',(-0.,0.,-1.));
#5496 = DIRECTION('',(0.,1.,0.));
#5497 = ADVANCED_FACE('',(#5498),#5504,.T.);
#5498 = FACE_BOUND('',#5499,.T.);
#5499 = EDGE_LOOP('',(#5500,#5501,#5502,#5503));
#5500 = ORIENTED_EDGE('',*,*,#3665,.T.);
#5501 = ORIENTED_EDGE('',*,*,#5487,.T.);
#5502 = ORIENTED_EDGE('',*,*,#4482,.F.);
#5503 = ORIENTED_EDGE('',*,*,#5446,.F.);
#5504 = PLANE('',#5505);
#5505 = AXIS2_PLACEMENT_3D('',#5506,#5507,#5508);
#5506 = CARTESIAN_POINT('',(130.675,-95.65,-4.6E-02));
#5507 = DIRECTION('',(0.,1.,0.));
#5508 = DIRECTION('',(1.,0.,0.));
#5509 = ADVANCED_FACE('',(#5510),#5521,.F.);
#5510 = FACE_BOUND('',#5511,.T.);
#5511 = EDGE_LOOP('',(#5512,#5513,#5519,#5520));
#5512 = ORIENTED_EDGE('',*,*,#3690,.T.);
#5513 = ORIENTED_EDGE('',*,*,#5514,.T.);
#5514 = EDGE_CURVE('',#3691,#4508,#5515,.T.);
#5515 = LINE('',#5516,#5517);
#5516 = CARTESIAN_POINT('',(138.325,-98.5,-4.6E-02));
#5517 = VECTOR('',#5518,1.);
#5518 = DIRECTION('',(0.,0.,1.));
#5519 = ORIENTED_EDGE('',*,*,#4507,.F.);
#5520 = ORIENTED_EDGE('',*,*,#5514,.F.);
#5521 = CYLINDRICAL_SURFACE('',#5522,0.5);
#5522 = AXIS2_PLACEMENT_3D('',#5523,#5524,#5525);
#5523 = CARTESIAN_POINT('',(138.325,-98.,-4.6E-02));
#5524 = DIRECTION('',(-0.,-0.,-1.));
#5525 = DIRECTION('',(-0.,-1.,0.));
#5526 = ADVANCED_FACE('',(#5527),#5538,.F.);
#5527 = FACE_BOUND('',#5528,.T.);
#5528 = EDGE_LOOP('',(#5529,#5530,#5536,#5537));
#5529 = ORIENTED_EDGE('',*,*,#3701,.T.);
#5530 = ORIENTED_EDGE('',*,*,#5531,.T.);
#5531 = EDGE_CURVE('',#3702,#4519,#5532,.T.);
#5532 = LINE('',#5533,#5534);
#5533 = CARTESIAN_POINT('',(143.,-95.4,-4.6E-02));
#5534 = VECTOR('',#5535,1.);
#5535 = DIRECTION('',(0.,0.,1.));
#5536 = ORIENTED_EDGE('',*,*,#4518,.F.);
#5537 = ORIENTED_EDGE('',*,*,#5531,.F.);
#5538 = CYLINDRICAL_SURFACE('',#5539,0.4);
#5539 = AXIS2_PLACEMENT_3D('',#5540,#5541,#5542);
#5540 = CARTESIAN_POINT('',(143.,-95.,-4.6E-02));
#5541 = DIRECTION('',(-0.,-0.,-1.));
#5542 = DIRECTION('',(-0.,-1.,0.));
#5543 = ADVANCED_FACE('',(#5544),#5555,.F.);
#5544 = FACE_BOUND('',#5545,.T.);
#5545 = EDGE_LOOP('',(#5546,#5547,#5553,#5554));
#5546 = ORIENTED_EDGE('',*,*,#3712,.T.);
#5547 = ORIENTED_EDGE('',*,*,#5548,.T.);
#5548 = EDGE_CURVE('',#3713,#4530,#5549,.T.);
#5549 = LINE('',#5550,#5551);
#5550 = CARTESIAN_POINT('',(147.,-103.02,-4.6E-02));
#5551 = VECTOR('',#5552,1.);
#5552 = DIRECTION('',(0.,0.,1.));
#5553 = ORIENTED_EDGE('',*,*,#4529,.F.);
#5554 = ORIENTED_EDGE('',*,*,#5548,.F.);
#5555 = CYLINDRICAL_SURFACE('',#5556,0.4);
#5556 = AXIS2_PLACEMENT_3D('',#5557,#5558,#5559);
#5557 = CARTESIAN_POINT('',(147.,-102.62,-4.6E-02));
#5558 = DIRECTION('',(-0.,-0.,-1.));
#5559 = DIRECTION('',(-0.,-1.,0.));
#5560 = ADVANCED_FACE('',(#5561),#5572,.F.);
#5561 = FACE_BOUND('',#5562,.T.);
#5562 = EDGE_LOOP('',(#5563,#5564,#5570,#5571));
#5563 = ORIENTED_EDGE('',*,*,#3723,.T.);
#5564 = ORIENTED_EDGE('',*,*,#5565,.T.);
#5565 = EDGE_CURVE('',#3724,#4541,#5566,.T.);
#5566 = LINE('',#5567,#5568);
#5567 = CARTESIAN_POINT('',(151.,-103.02,-4.6E-02));
#5568 = VECTOR('',#5569,1.);
#5569 = DIRECTION('',(0.,0.,1.));
#5570 = ORIENTED_EDGE('',*,*,#4540,.F.);
#5571 = ORIENTED_EDGE('',*,*,#5565,.F.);
#5572 = CYLINDRICAL_SURFACE('',#5573,0.4);
#5573 = AXIS2_PLACEMENT_3D('',#5574,#5575,#5576);
#5574 = CARTESIAN_POINT('',(151.,-102.62,-4.6E-02));
#5575 = DIRECTION('',(-0.,-0.,-1.));
#5576 = DIRECTION('',(-0.,-1.,0.));
#5577 = ADVANCED_FACE('',(#5578),#5589,.F.);
#5578 = FACE_BOUND('',#5579,.T.);
#5579 = EDGE_LOOP('',(#5580,#5581,#5587,#5588));
#5580 = ORIENTED_EDGE('',*,*,#3734,.T.);
#5581 = ORIENTED_EDGE('',*,*,#5582,.T.);
#5582 = EDGE_CURVE('',#3735,#4552,#5583,.T.);
#5583 = LINE('',#5584,#5585);
#5584 = CARTESIAN_POINT('',(155.,-103.02,-4.6E-02));
#5585 = VECTOR('',#5586,1.);
#5586 = DIRECTION('',(0.,0.,1.));
#5587 = ORIENTED_EDGE('',*,*,#4551,.F.);
#5588 = ORIENTED_EDGE('',*,*,#5582,.F.);
#5589 = CYLINDRICAL_SURFACE('',#5590,0.4);
#5590 = AXIS2_PLACEMENT_3D('',#5591,#5592,#5593);
#5591 = CARTESIAN_POINT('',(155.,-102.62,-4.6E-02));
#5592 = DIRECTION('',(-0.,-0.,-1.));
#5593 = DIRECTION('',(-0.,-1.,0.));
#5594 = ADVANCED_FACE('',(#5595),#5606,.F.);
#5595 = FACE_BOUND('',#5596,.T.);
#5596 = EDGE_LOOP('',(#5597,#5598,#5604,#5605));
#5597 = ORIENTED_EDGE('',*,*,#3745,.T.);
#5598 = ORIENTED_EDGE('',*,*,#5599,.T.);
#5599 = EDGE_CURVE('',#3746,#4563,#5600,.T.);
#5600 = LINE('',#5601,#5602);
#5601 = CARTESIAN_POINT('',(159.,-103.02,-4.6E-02));
#5602 = VECTOR('',#5603,1.);
#5603 = DIRECTION('',(0.,0.,1.));
#5604 = ORIENTED_EDGE('',*,*,#4562,.F.);
#5605 = ORIENTED_EDGE('',*,*,#5599,.F.);
#5606 = CYLINDRICAL_SURFACE('',#5607,0.4);
#5607 = AXIS2_PLACEMENT_3D('',#5608,#5609,#5610);
#5608 = CARTESIAN_POINT('',(159.,-102.62,-4.6E-02));
#5609 = DIRECTION('',(-0.,-0.,-1.));
#5610 = DIRECTION('',(-0.,-1.,0.));
#5611 = ADVANCED_FACE('',(#5612),#5623,.F.);
#5612 = FACE_BOUND('',#5613,.T.);
#5613 = EDGE_LOOP('',(#5614,#5615,#5621,#5622));
#5614 = ORIENTED_EDGE('',*,*,#3756,.T.);
#5615 = ORIENTED_EDGE('',*,*,#5616,.T.);
#5616 = EDGE_CURVE('',#3757,#4574,#5617,.T.);
#5617 = LINE('',#5618,#5619);
#5618 = CARTESIAN_POINT('',(163.,-103.02,-4.6E-02));
#5619 = VECTOR('',#5620,1.);
#5620 = DIRECTION('',(0.,0.,1.));
#5621 = ORIENTED_EDGE('',*,*,#4573,.F.);
#5622 = ORIENTED_EDGE('',*,*,#5616,.F.);
#5623 = CYLINDRICAL_SURFACE('',#5624,0.4);
#5624 = AXIS2_PLACEMENT_3D('',#5625,#5626,#5627);
#5625 = CARTESIAN_POINT('',(163.,-102.62,-4.6E-02));
#5626 = DIRECTION('',(-0.,-0.,-1.));
#5627 = DIRECTION('',(-0.,-1.,0.));
#5628 = ADVANCED_FACE('',(#5629),#5640,.F.);
#5629 = FACE_BOUND('',#5630,.T.);
#5630 = EDGE_LOOP('',(#5631,#5632,#5638,#5639));
#5631 = ORIENTED_EDGE('',*,*,#3767,.T.);
#5632 = ORIENTED_EDGE('',*,*,#5633,.T.);
#5633 = EDGE_CURVE('',#3768,#4585,#5634,.T.);
#5634 = LINE('',#5635,#5636);
#5635 = CARTESIAN_POINT('',(147.,-95.4,-4.6E-02));
#5636 = VECTOR('',#5637,1.);
#5637 = DIRECTION('',(0.,0.,1.));
#5638 = ORIENTED_EDGE('',*,*,#4584,.F.);
#5639 = ORIENTED_EDGE('',*,*,#5633,.F.);
#5640 = CYLINDRICAL_SURFACE('',#5641,0.4);
#5641 = AXIS2_PLACEMENT_3D('',#5642,#5643,#5644);
#5642 = CARTESIAN_POINT('',(147.,-95.,-4.6E-02));
#5643 = DIRECTION('',(-0.,-0.,-1.));
#5644 = DIRECTION('',(-0.,-1.,0.));
#5645 = ADVANCED_FACE('',(#5646),#5657,.F.);
#5646 = FACE_BOUND('',#5647,.T.);
#5647 = EDGE_LOOP('',(#5648,#5649,#5655,#5656));
#5648 = ORIENTED_EDGE('',*,*,#3778,.T.);
#5649 = ORIENTED_EDGE('',*,*,#5650,.T.);
#5650 = EDGE_CURVE('',#3779,#4596,#5651,.T.);
#5651 = LINE('',#5652,#5653);
#5652 = CARTESIAN_POINT('',(151.,-95.4,-4.6E-02));
#5653 = VECTOR('',#5654,1.);
#5654 = DIRECTION('',(0.,0.,1.));
#5655 = ORIENTED_EDGE('',*,*,#4595,.F.);
#5656 = ORIENTED_EDGE('',*,*,#5650,.F.);
#5657 = CYLINDRICAL_SURFACE('',#5658,0.4);
#5658 = AXIS2_PLACEMENT_3D('',#5659,#5660,#5661);
#5659 = CARTESIAN_POINT('',(151.,-95.,-4.6E-02));
#5660 = DIRECTION('',(-0.,-0.,-1.));
#5661 = DIRECTION('',(-0.,-1.,0.));
#5662 = ADVANCED_FACE('',(#5663),#5674,.F.);
#5663 = FACE_BOUND('',#5664,.T.);
#5664 = EDGE_LOOP('',(#5665,#5666,#5672,#5673));
#5665 = ORIENTED_EDGE('',*,*,#3789,.T.);
#5666 = ORIENTED_EDGE('',*,*,#5667,.T.);
#5667 = EDGE_CURVE('',#3790,#4607,#5668,.T.);
#5668 = LINE('',#5669,#5670);
#5669 = CARTESIAN_POINT('',(155.,-95.4,-4.6E-02));
#5670 = VECTOR('',#5671,1.);
#5671 = DIRECTION('',(0.,0.,1.));
#5672 = ORIENTED_EDGE('',*,*,#4606,.F.);
#5673 = ORIENTED_EDGE('',*,*,#5667,.F.);
#5674 = CYLINDRICAL_SURFACE('',#5675,0.4);
#5675 = AXIS2_PLACEMENT_3D('',#5676,#5677,#5678);
#5676 = CARTESIAN_POINT('',(155.,-95.,-4.6E-02));
#5677 = DIRECTION('',(-0.,-0.,-1.));
#5678 = DIRECTION('',(-0.,-1.,0.));
#5679 = ADVANCED_FACE('',(#5680),#5691,.F.);
#5680 = FACE_BOUND('',#5681,.T.);
#5681 = EDGE_LOOP('',(#5682,#5683,#5689,#5690));
#5682 = ORIENTED_EDGE('',*,*,#3800,.T.);
#5683 = ORIENTED_EDGE('',*,*,#5684,.T.);
#5684 = EDGE_CURVE('',#3801,#4618,#5685,.T.);
#5685 = LINE('',#5686,#5687);
#5686 = CARTESIAN_POINT('',(159.,-95.4,-4.6E-02));
#5687 = VECTOR('',#5688,1.);
#5688 = DIRECTION('',(0.,0.,1.));
#5689 = ORIENTED_EDGE('',*,*,#4617,.F.);
#5690 = ORIENTED_EDGE('',*,*,#5684,.F.);
#5691 = CYLINDRICAL_SURFACE('',#5692,0.4);
#5692 = AXIS2_PLACEMENT_3D('',#5693,#5694,#5695);
#5693 = CARTESIAN_POINT('',(159.,-95.,-4.6E-02));
#5694 = DIRECTION('',(-0.,-0.,-1.));
#5695 = DIRECTION('',(-0.,-1.,0.));
#5696 = ADVANCED_FACE('',(#5697),#5708,.F.);
#5697 = FACE_BOUND('',#5698,.T.);
#5698 = EDGE_LOOP('',(#5699,#5700,#5706,#5707));
#5699 = ORIENTED_EDGE('',*,*,#3811,.T.);
#5700 = ORIENTED_EDGE('',*,*,#5701,.T.);
#5701 = EDGE_CURVE('',#3812,#4629,#5702,.T.);
#5702 = LINE('',#5703,#5704);
#5703 = CARTESIAN_POINT('',(163.,-95.4,-4.6E-02));
#5704 = VECTOR('',#5705,1.);
#5705 = DIRECTION('',(0.,0.,1.));
#5706 = ORIENTED_EDGE('',*,*,#4628,.F.);
#5707 = ORIENTED_EDGE('',*,*,#5701,.F.);
#5708 = CYLINDRICAL_SURFACE('',#5709,0.4);
#5709 = AXIS2_PLACEMENT_3D('',#5710,#5711,#5712);
#5710 = CARTESIAN_POINT('',(163.,-95.,-4.6E-02));
#5711 = DIRECTION('',(-0.,-0.,-1.));
#5712 = DIRECTION('',(-0.,-1.,0.));
#5713 = ADVANCED_FACE('',(#5714),#5725,.F.);
#5714 = FACE_BOUND('',#5715,.T.);
#5715 = EDGE_LOOP('',(#5716,#5717,#5723,#5724));
#5716 = ORIENTED_EDGE('',*,*,#3822,.T.);
#5717 = ORIENTED_EDGE('',*,*,#5718,.T.);
#5718 = EDGE_CURVE('',#3823,#4640,#5719,.T.);
#5719 = LINE('',#5720,#5721);
#5720 = CARTESIAN_POINT('',(145.38,-89.125,-4.6E-02));
#5721 = VECTOR('',#5722,1.);
#5722 = DIRECTION('',(0.,0.,1.));
#5723 = ORIENTED_EDGE('',*,*,#4639,.F.);
#5724 = ORIENTED_EDGE('',*,*,#5718,.F.);
#5725 = CYLINDRICAL_SURFACE('',#5726,0.5);
#5726 = AXIS2_PLACEMENT_3D('',#5727,#5728,#5729);
#5727 = CARTESIAN_POINT('',(145.38,-88.625,-4.6E-02));
#5728 = DIRECTION('',(-0.,-0.,-1.));
#5729 = DIRECTION('',(-0.,-1.,0.));
#5730 = ADVANCED_FACE('',(#5731),#5742,.F.);
#5731 = FACE_BOUND('',#5732,.T.);
#5732 = EDGE_LOOP('',(#5733,#5734,#5740,#5741));
#5733 = ORIENTED_EDGE('',*,*,#3833,.T.);
#5734 = ORIENTED_EDGE('',*,*,#5735,.T.);
#5735 = EDGE_CURVE('',#3834,#4651,#5736,.T.);
#5736 = LINE('',#5737,#5738);
#5737 = CARTESIAN_POINT('',(147.92,-89.125,-4.6E-02));
#5738 = VECTOR('',#5739,1.);
#5739 = DIRECTION('',(0.,0.,1.));
#5740 = ORIENTED_EDGE('',*,*,#4650,.F.);
#5741 = ORIENTED_EDGE('',*,*,#5735,.F.);
#5742 = CYLINDRICAL_SURFACE('',#5743,0.5);
#5743 = AXIS2_PLACEMENT_3D('',#5744,#5745,#5746);
#5744 = CARTESIAN_POINT('',(147.92,-88.625,-4.6E-02));
#5745 = DIRECTION('',(-0.,-0.,-1.));
#5746 = DIRECTION('',(-0.,-1.,0.));
#5747 = ADVANCED_FACE('',(#5748),#5759,.F.);
#5748 = FACE_BOUND('',#5749,.T.);
#5749 = EDGE_LOOP('',(#5750,#5751,#5757,#5758));
#5750 = ORIENTED_EDGE('',*,*,#3844,.T.);
#5751 = ORIENTED_EDGE('',*,*,#5752,.T.);
#5752 = EDGE_CURVE('',#3845,#4662,#5753,.T.);
#5753 = LINE('',#5754,#5755);
#5754 = CARTESIAN_POINT('',(150.46,-89.125,-4.6E-02));
#5755 = VECTOR('',#5756,1.);
#5756 = DIRECTION('',(0.,0.,1.));
#5757 = ORIENTED_EDGE('',*,*,#4661,.F.);
#5758 = ORIENTED_EDGE('',*,*,#5752,.F.);
#5759 = CYLINDRICAL_SURFACE('',#5760,0.5);
#5760 = AXIS2_PLACEMENT_3D('',#5761,#5762,#5763);
#5761 = CARTESIAN_POINT('',(150.46,-88.625,-4.6E-02));
#5762 = DIRECTION('',(-0.,-0.,-1.));
#5763 = DIRECTION('',(-0.,-1.,0.));
#5764 = ADVANCED_FACE('',(#5765),#5776,.F.);
#5765 = FACE_BOUND('',#5766,.T.);
#5766 = EDGE_LOOP('',(#5767,#5768,#5774,#5775));
#5767 = ORIENTED_EDGE('',*,*,#3855,.T.);
#5768 = ORIENTED_EDGE('',*,*,#5769,.T.);
#5769 = EDGE_CURVE('',#3856,#4673,#5770,.T.);
#5770 = LINE('',#5771,#5772);
#5771 = CARTESIAN_POINT('',(153.,-89.125,-4.6E-02));
#5772 = VECTOR('',#5773,1.);
#5773 = DIRECTION('',(0.,0.,1.));
#5774 = ORIENTED_EDGE('',*,*,#4672,.F.);
#5775 = ORIENTED_EDGE('',*,*,#5769,.F.);
#5776 = CYLINDRICAL_SURFACE('',#5777,0.5);
#5777 = AXIS2_PLACEMENT_3D('',#5778,#5779,#5780);
#5778 = CARTESIAN_POINT('',(153.,-88.625,-4.6E-02));
#5779 = DIRECTION('',(-0.,-0.,-1.));
#5780 = DIRECTION('',(-0.,-1.,0.));
#5781 = ADVANCED_FACE('',(#5782),#5793,.F.);
#5782 = FACE_BOUND('',#5783,.T.);
#5783 = EDGE_LOOP('',(#5784,#5785,#5791,#5792));
#5784 = ORIENTED_EDGE('',*,*,#3866,.T.);
#5785 = ORIENTED_EDGE('',*,*,#5786,.T.);
#5786 = EDGE_CURVE('',#3867,#4684,#5787,.T.);
#5787 = LINE('',#5788,#5789);
#5788 = CARTESIAN_POINT('',(155.54,-89.125,-4.6E-02));
#5789 = VECTOR('',#5790,1.);
#5790 = DIRECTION('',(0.,0.,1.));
#5791 = ORIENTED_EDGE('',*,*,#4683,.F.);
#5792 = ORIENTED_EDGE('',*,*,#5786,.F.);
#5793 = CYLINDRICAL_SURFACE('',#5794,0.5);
#5794 = AXIS2_PLACEMENT_3D('',#5795,#5796,#5797);
#5795 = CARTESIAN_POINT('',(155.54,-88.625,-4.6E-02));
#5796 = DIRECTION('',(-0.,-0.,-1.));
#5797 = DIRECTION('',(-0.,-1.,0.));
#5798 = ADVANCED_FACE('',(#5799),#5810,.F.);
#5799 = FACE_BOUND('',#5800,.T.);
#5800 = EDGE_LOOP('',(#5801,#5802,#5808,#5809));
#5801 = ORIENTED_EDGE('',*,*,#3877,.T.);
#5802 = ORIENTED_EDGE('',*,*,#5803,.T.);
#5803 = EDGE_CURVE('',#3878,#4695,#5804,.T.);
#5804 = LINE('',#5805,#5806);
#5805 = CARTESIAN_POINT('',(158.08,-89.125,-4.6E-02));
#5806 = VECTOR('',#5807,1.);
#5807 = DIRECTION('',(0.,0.,1.));
#5808 = ORIENTED_EDGE('',*,*,#4694,.F.);
#5809 = ORIENTED_EDGE('',*,*,#5803,.F.);
#5810 = CYLINDRICAL_SURFACE('',#5811,0.5);
#5811 = AXIS2_PLACEMENT_3D('',#5812,#5813,#5814);
#5812 = CARTESIAN_POINT('',(158.08,-88.625,-4.6E-02));
#5813 = DIRECTION('',(-0.,-0.,-1.));
#5814 = DIRECTION('',(-0.,-1.,0.));
#5815 = ADVANCED_FACE('',(#5816),#5827,.F.);
#5816 = FACE_BOUND('',#5817,.T.);
#5817 = EDGE_LOOP('',(#5818,#5819,#5825,#5826));
#5818 = ORIENTED_EDGE('',*,*,#3888,.T.);
#5819 = ORIENTED_EDGE('',*,*,#5820,.T.);
#5820 = EDGE_CURVE('',#3889,#4706,#5821,.T.);
#5821 = LINE('',#5822,#5823);
#5822 = CARTESIAN_POINT('',(160.62,-89.125,-4.6E-02));
#5823 = VECTOR('',#5824,1.);
#5824 = DIRECTION('',(0.,0.,1.));
#5825 = ORIENTED_EDGE('',*,*,#4705,.F.);
#5826 = ORIENTED_EDGE('',*,*,#5820,.F.);
#5827 = CYLINDRICAL_SURFACE('',#5828,0.5);
#5828 = AXIS2_PLACEMENT_3D('',#5829,#5830,#5831);
#5829 = CARTESIAN_POINT('',(160.62,-88.625,-4.6E-02));
#5830 = DIRECTION('',(-0.,-0.,-1.));
#5831 = DIRECTION('',(-0.,-1.,0.));
#5832 = ADVANCED_FACE('',(#5833),#5844,.F.);
#5833 = FACE_BOUND('',#5834,.T.);
#5834 = EDGE_LOOP('',(#5835,#5836,#5842,#5843));
#5835 = ORIENTED_EDGE('',*,*,#3899,.T.);
#5836 = ORIENTED_EDGE('',*,*,#5837,.T.);
#5837 = EDGE_CURVE('',#3900,#4717,#5838,.T.);
#5838 = LINE('',#5839,#5840);
#5839 = CARTESIAN_POINT('',(87.63,-82.13,-4.6E-02));
#5840 = VECTOR('',#5841,1.);
#5841 = DIRECTION('',(0.,0.,1.));
#5842 = ORIENTED_EDGE('',*,*,#4716,.F.);
#5843 = ORIENTED_EDGE('',*,*,#5837,.F.);
#5844 = CYLINDRICAL_SURFACE('',#5845,0.85);
#5845 = AXIS2_PLACEMENT_3D('',#5846,#5847,#5848);
#5846 = CARTESIAN_POINT('',(87.63,-81.28,-4.6E-02));
#5847 = DIRECTION('',(-0.,-0.,-1.));
#5848 = DIRECTION('',(-0.,-1.,0.));
#5849 = ADVANCED_FACE('',(#5850),#5861,.F.);
#5850 = FACE_BOUND('',#5851,.T.);
#5851 = EDGE_LOOP('',(#5852,#5853,#5859,#5860));
#5852 = ORIENTED_EDGE('',*,*,#3910,.T.);
#5853 = ORIENTED_EDGE('',*,*,#5854,.T.);
#5854 = EDGE_CURVE('',#3911,#4728,#5855,.T.);
#5855 = LINE('',#5856,#5857);
#5856 = CARTESIAN_POINT('',(92.71,-83.28,-4.6E-02));
#5857 = VECTOR('',#5858,1.);
#5858 = DIRECTION('',(0.,0.,1.));
#5859 = ORIENTED_EDGE('',*,*,#4727,.F.);
#5860 = ORIENTED_EDGE('',*,*,#5854,.F.);
#5861 = CYLINDRICAL_SURFACE('',#5862,2.);
#5862 = AXIS2_PLACEMENT_3D('',#5863,#5864,#5865);
#5863 = CARTESIAN_POINT('',(92.71,-81.28,-4.6E-02));
#5864 = DIRECTION('',(-0.,-0.,-1.));
#5865 = DIRECTION('',(-0.,-1.,0.));
#5866 = ADVANCED_FACE('',(#5867),#5878,.F.);
#5867 = FACE_BOUND('',#5868,.T.);
#5868 = EDGE_LOOP('',(#5869,#5870,#5876,#5877));
#5869 = ORIENTED_EDGE('',*,*,#3921,.T.);
#5870 = ORIENTED_EDGE('',*,*,#5871,.T.);
#5871 = EDGE_CURVE('',#3922,#4739,#5872,.T.);
#5872 = LINE('',#5873,#5874);
#5873 = CARTESIAN_POINT('',(88.9,-79.49,-4.6E-02));
#5874 = VECTOR('',#5875,1.);
#5875 = DIRECTION('',(0.,0.,1.));
#5876 = ORIENTED_EDGE('',*,*,#4738,.F.);
#5877 = ORIENTED_EDGE('',*,*,#5871,.F.);
#5878 = CYLINDRICAL_SURFACE('',#5879,0.75);
#5879 = AXIS2_PLACEMENT_3D('',#5880,#5881,#5882);
#5880 = CARTESIAN_POINT('',(88.9,-78.74,-4.6E-02));
#5881 = DIRECTION('',(-0.,-0.,-1.));
#5882 = DIRECTION('',(-0.,-1.,0.));
#5883 = ADVANCED_FACE('',(#5884),#5895,.F.);
#5884 = FACE_BOUND('',#5885,.T.);
#5885 = EDGE_LOOP('',(#5886,#5887,#5893,#5894));
#5886 = ORIENTED_EDGE('',*,*,#3932,.T.);
#5887 = ORIENTED_EDGE('',*,*,#5888,.T.);
#5888 = EDGE_CURVE('',#3933,#4750,#5889,.T.);
#5889 = LINE('',#5890,#5891);
#5890 = CARTESIAN_POINT('',(97.79,-82.13,-4.6E-02));
#5891 = VECTOR('',#5892,1.);
#5892 = DIRECTION('',(0.,0.,1.));
#5893 = ORIENTED_EDGE('',*,*,#4749,.F.);
#5894 = ORIENTED_EDGE('',*,*,#5888,.F.);
#5895 = CYLINDRICAL_SURFACE('',#5896,0.85);
#5896 = AXIS2_PLACEMENT_3D('',#5897,#5898,#5899);
#5897 = CARTESIAN_POINT('',(97.79,-81.28,-4.6E-02));
#5898 = DIRECTION('',(-0.,0.,-1.));
#5899 = DIRECTION('',(1.671865260612E-14,-1.,-0.));
#5900 = ADVANCED_FACE('',(#5901),#5912,.F.);
#5901 = FACE_BOUND('',#5902,.T.);
#5902 = EDGE_LOOP('',(#5903,#5904,#5910,#5911));
#5903 = ORIENTED_EDGE('',*,*,#3943,.T.);
#5904 = ORIENTED_EDGE('',*,*,#5905,.T.);
#5905 = EDGE_CURVE('',#3944,#4761,#5906,.T.);
#5906 = LINE('',#5907,#5908);
#5907 = CARTESIAN_POINT('',(95.25,-76.95,-4.6E-02));
#5908 = VECTOR('',#5909,1.);
#5909 = DIRECTION('',(0.,0.,1.));
#5910 = ORIENTED_EDGE('',*,*,#4760,.F.);
#5911 = ORIENTED_EDGE('',*,*,#5905,.F.);
#5912 = CYLINDRICAL_SURFACE('',#5913,0.75);
#5913 = AXIS2_PLACEMENT_3D('',#5914,#5915,#5916);
#5914 = CARTESIAN_POINT('',(95.25,-76.2,-4.6E-02));
#5915 = DIRECTION('',(-0.,-0.,-1.));
#5916 = DIRECTION('',(-0.,-1.,0.));
#5917 = ADVANCED_FACE('',(#5918),#5934,.T.);
#5918 = FACE_BOUND('',#5919,.T.);
#5919 = EDGE_LOOP('',(#5920,#5926,#5927,#5933));
#5920 = ORIENTED_EDGE('',*,*,#5921,.T.);
#5921 = EDGE_CURVE('',#3955,#4772,#5922,.T.);
#5922 = LINE('',#5923,#5924);
#5923 = CARTESIAN_POINT('',(86.,-72.5,0.));
#5924 = VECTOR('',#5925,1.);
#5925 = DIRECTION('',(0.,0.,1.));
#5926 = ORIENTED_EDGE('',*,*,#4771,.T.);
#5927 = ORIENTED_EDGE('',*,*,#5928,.F.);
#5928 = EDGE_CURVE('',#3957,#4774,#5929,.T.);
#5929 = LINE('',#5930,#5931);
#5930 = CARTESIAN_POINT('',(121.,-72.5,0.));
#5931 = VECTOR('',#5932,1.);
#5932 = DIRECTION('',(0.,0.,1.));
#5933 = ORIENTED_EDGE('',*,*,#3954,.F.);
#5934 = PLANE('',#5935);
#5935 = AXIS2_PLACEMENT_3D('',#5936,#5937,#5938);
#5936 = CARTESIAN_POINT('',(86.,-72.5,0.));
#5937 = DIRECTION('',(0.,1.,0.));
#5938 = DIRECTION('',(1.,0.,0.));
#5939 = ADVANCED_FACE('',(#5940),#5951,.T.);
#5940 = FACE_BOUND('',#5941,.T.);
#5941 = EDGE_LOOP('',(#5942,#5948,#5949,#5950));
#5942 = ORIENTED_EDGE('',*,*,#5943,.T.);
#5943 = EDGE_CURVE('',#3965,#4782,#5944,.T.);
#5944 = LINE('',#5945,#5946);
#5945 = CARTESIAN_POINT('',(86.,-70.,0.));
#5946 = VECTOR('',#5947,1.);
#5947 = DIRECTION('',(0.,0.,1.));
#5948 = ORIENTED_EDGE('',*,*,#4781,.T.);
#5949 = ORIENTED_EDGE('',*,*,#5921,.F.);
#5950 = ORIENTED_EDGE('',*,*,#3964,.F.);
#5951 = PLANE('',#5952);
#5952 = AXIS2_PLACEMENT_3D('',#5953,#5954,#5955);
#5953 = CARTESIAN_POINT('',(86.,-70.,0.));
#5954 = DIRECTION('',(1.,0.,-0.));
#5955 = DIRECTION('',(0.,-1.,0.));
#5956 = ADVANCED_FACE('',(#5957),#5968,.T.);
#5957 = FACE_BOUND('',#5958,.T.);
#5958 = EDGE_LOOP('',(#5959,#5960,#5961,#5967));
#5959 = ORIENTED_EDGE('',*,*,#5928,.T.);
#5960 = ORIENTED_EDGE('',*,*,#4797,.T.);
#5961 = ORIENTED_EDGE('',*,*,#5962,.F.);
#5962 = EDGE_CURVE('',#3973,#4790,#5963,.T.);
#5963 = LINE('',#5964,#5965);
#5964 = CARTESIAN_POINT('',(121.,-70.,0.));
#5965 = VECTOR('',#5966,1.);
#5966 = DIRECTION('',(0.,0.,1.));
#5967 = ORIENTED_EDGE('',*,*,#3980,.F.);
#5968 = PLANE('',#5969);
#5969 = AXIS2_PLACEMENT_3D('',#5970,#5971,#5972);
#5970 = CARTESIAN_POINT('',(121.,-72.5,0.));
#5971 = DIRECTION('',(-1.,0.,0.));
#5972 = DIRECTION('',(0.,1.,0.));
#5973 = ADVANCED_FACE('',(#5974),#5980,.T.);
#5974 = FACE_BOUND('',#5975,.T.);
#5975 = EDGE_LOOP('',(#5976,#5977,#5978,#5979));
#5976 = ORIENTED_EDGE('',*,*,#5962,.T.);
#5977 = ORIENTED_EDGE('',*,*,#4789,.T.);
#5978 = ORIENTED_EDGE('',*,*,#5943,.F.);
#5979 = ORIENTED_EDGE('',*,*,#3972,.F.);
#5980 = PLANE('',#5981);
#5981 = AXIS2_PLACEMENT_3D('',#5982,#5983,#5984);
#5982 = CARTESIAN_POINT('',(121.,-70.,0.));
#5983 = DIRECTION('',(0.,-1.,0.));
#5984 = DIRECTION('',(-1.,0.,0.));
#5985 = ADVANCED_FACE('',(#5986),#5997,.F.);
#5986 = FACE_BOUND('',#5987,.T.);
#5987 = EDGE_LOOP('',(#5988,#5989,#5995,#5996));
#5988 = ORIENTED_EDGE('',*,*,#3988,.T.);
#5989 = ORIENTED_EDGE('',*,*,#5990,.T.);
#5990 = EDGE_CURVE('',#3989,#4806,#5991,.T.);
#5991 = LINE('',#5992,#5993);
#5992 = CARTESIAN_POINT('',(106.68,-82.13,-4.6E-02));
#5993 = VECTOR('',#5994,1.);
#5994 = DIRECTION('',(0.,0.,1.));
#5995 = ORIENTED_EDGE('',*,*,#4805,.F.);
#5996 = ORIENTED_EDGE('',*,*,#5990,.F.);
#5997 = CYLINDRICAL_SURFACE('',#5998,0.85);
#5998 = AXIS2_PLACEMENT_3D('',#5999,#6000,#6001);
#5999 = CARTESIAN_POINT('',(106.68,-81.28,-4.6E-02));
#6000 = DIRECTION('',(-0.,-0.,-1.));
#6001 = DIRECTION('',(-0.,-1.,0.));
#6002 = ADVANCED_FACE('',(#6003),#6014,.F.);
#6003 = FACE_BOUND('',#6004,.T.);
#6004 = EDGE_LOOP('',(#6005,#6006,#6012,#6013));
#6005 = ORIENTED_EDGE('',*,*,#3999,.T.);
#6006 = ORIENTED_EDGE('',*,*,#6007,.T.);
#6007 = EDGE_CURVE('',#4000,#4817,#6008,.T.);
#6008 = LINE('',#6009,#6010);
#6009 = CARTESIAN_POINT('',(111.76,-83.28,-4.6E-02));
#6010 = VECTOR('',#6011,1.);
#6011 = DIRECTION('',(0.,0.,1.));
#6012 = ORIENTED_EDGE('',*,*,#4816,.F.);
#6013 = ORIENTED_EDGE('',*,*,#6007,.F.);
#6014 = CYLINDRICAL_SURFACE('',#6015,2.);
#6015 = AXIS2_PLACEMENT_3D('',#6016,#6017,#6018);
#6016 = CARTESIAN_POINT('',(111.76,-81.28,-4.6E-02));
#6017 = DIRECTION('',(-0.,-0.,-1.));
#6018 = DIRECTION('',(-0.,-1.,0.));
#6019 = ADVANCED_FACE('',(#6020),#6031,.F.);
#6020 = FACE_BOUND('',#6021,.T.);
#6021 = EDGE_LOOP('',(#6022,#6023,#6029,#6030));
#6022 = ORIENTED_EDGE('',*,*,#4010,.T.);
#6023 = ORIENTED_EDGE('',*,*,#6024,.T.);
#6024 = EDGE_CURVE('',#4011,#4828,#6025,.T.);
#6025 = LINE('',#6026,#6027);
#6026 = CARTESIAN_POINT('',(107.95,-79.49,-4.6E-02));
#6027 = VECTOR('',#6028,1.);
#6028 = DIRECTION('',(0.,0.,1.));
#6029 = ORIENTED_EDGE('',*,*,#4827,.F.);
#6030 = ORIENTED_EDGE('',*,*,#6024,.F.);
#6031 = CYLINDRICAL_SURFACE('',#6032,0.75);
#6032 = AXIS2_PLACEMENT_3D('',#6033,#6034,#6035);
#6033 = CARTESIAN_POINT('',(107.95,-78.74,-4.6E-02));
#6034 = DIRECTION('',(-0.,-0.,-1.));
#6035 = DIRECTION('',(-0.,-1.,0.));
#6036 = ADVANCED_FACE('',(#6037),#6048,.F.);
#6037 = FACE_BOUND('',#6038,.T.);
#6038 = EDGE_LOOP('',(#6039,#6040,#6046,#6047));
#6039 = ORIENTED_EDGE('',*,*,#4021,.T.);
#6040 = ORIENTED_EDGE('',*,*,#6041,.T.);
#6041 = EDGE_CURVE('',#4022,#4839,#6042,.T.);
#6042 = LINE('',#6043,#6044);
#6043 = CARTESIAN_POINT('',(116.84,-82.13,-4.6E-02));
#6044 = VECTOR('',#6045,1.);
#6045 = DIRECTION('',(0.,0.,1.));
#6046 = ORIENTED_EDGE('',*,*,#4838,.F.);
#6047 = ORIENTED_EDGE('',*,*,#6041,.F.);
#6048 = CYLINDRICAL_SURFACE('',#6049,0.85);
#6049 = AXIS2_PLACEMENT_3D('',#6050,#6051,#6052);
#6050 = CARTESIAN_POINT('',(116.84,-81.28,-4.6E-02));
#6051 = DIRECTION('',(-0.,-0.,-1.));
#6052 = DIRECTION('',(-0.,-1.,0.));
#6053 = ADVANCED_FACE('',(#6054),#6065,.F.);
#6054 = FACE_BOUND('',#6055,.T.);
#6055 = EDGE_LOOP('',(#6056,#6057,#6063,#6064));
#6056 = ORIENTED_EDGE('',*,*,#4032,.T.);
#6057 = ORIENTED_EDGE('',*,*,#6058,.T.);
#6058 = EDGE_CURVE('',#4033,#4850,#6059,.T.);
#6059 = LINE('',#6060,#6061);
#6060 = CARTESIAN_POINT('',(114.3,-76.95,-4.6E-02));
#6061 = VECTOR('',#6062,1.);
#6062 = DIRECTION('',(0.,0.,1.));
#6063 = ORIENTED_EDGE('',*,*,#4849,.F.);
#6064 = ORIENTED_EDGE('',*,*,#6058,.F.);
#6065 = CYLINDRICAL_SURFACE('',#6066,0.75);
#6066 = AXIS2_PLACEMENT_3D('',#6067,#6068,#6069);
#6067 = CARTESIAN_POINT('',(114.3,-76.2,-4.6E-02));
#6068 = DIRECTION('',(-0.,-0.,-1.));
#6069 = DIRECTION('',(-0.,-1.,0.));
#6070 = ADVANCED_FACE('',(#6071),#6082,.F.);
#6071 = FACE_BOUND('',#6072,.T.);
#6072 = EDGE_LOOP('',(#6073,#6074,#6080,#6081));
#6073 = ORIENTED_EDGE('',*,*,#4043,.T.);
#6074 = ORIENTED_EDGE('',*,*,#6075,.T.);
#6075 = EDGE_CURVE('',#4044,#4861,#6076,.T.);
#6076 = LINE('',#6077,#6078);
#6077 = CARTESIAN_POINT('',(87.,-67.12,-4.6E-02));
#6078 = VECTOR('',#6079,1.);
#6079 = DIRECTION('',(0.,0.,1.));
#6080 = ORIENTED_EDGE('',*,*,#4860,.F.);
#6081 = ORIENTED_EDGE('',*,*,#6075,.F.);
#6082 = CYLINDRICAL_SURFACE('',#6083,0.5);
#6083 = AXIS2_PLACEMENT_3D('',#6084,#6085,#6086);
#6084 = CARTESIAN_POINT('',(87.,-66.62,-4.6E-02));
#6085 = DIRECTION('',(-0.,-0.,-1.));
#6086 = DIRECTION('',(-0.,-1.,0.));
#6087 = ADVANCED_FACE('',(#6088),#6099,.F.);
#6088 = FACE_BOUND('',#6089,.T.);
#6089 = EDGE_LOOP('',(#6090,#6091,#6097,#6098));
#6090 = ORIENTED_EDGE('',*,*,#4054,.T.);
#6091 = ORIENTED_EDGE('',*,*,#6092,.T.);
#6092 = EDGE_CURVE('',#4055,#4872,#6093,.T.);
#6093 = LINE('',#6094,#6095);
#6094 = CARTESIAN_POINT('',(87.,-64.58,-4.6E-02));
#6095 = VECTOR('',#6096,1.);
#6096 = DIRECTION('',(0.,0.,1.));
#6097 = ORIENTED_EDGE('',*,*,#4871,.F.);
#6098 = ORIENTED_EDGE('',*,*,#6092,.F.);
#6099 = CYLINDRICAL_SURFACE('',#6100,0.5);
#6100 = AXIS2_PLACEMENT_3D('',#6101,#6102,#6103);
#6101 = CARTESIAN_POINT('',(87.,-64.08,-4.6E-02));
#6102 = DIRECTION('',(-0.,-0.,-1.));
#6103 = DIRECTION('',(-0.,-1.,0.));
#6104 = ADVANCED_FACE('',(#6105),#6116,.F.);
#6105 = FACE_BOUND('',#6106,.T.);
#6106 = EDGE_LOOP('',(#6107,#6108,#6114,#6115));
#6107 = ORIENTED_EDGE('',*,*,#4065,.T.);
#6108 = ORIENTED_EDGE('',*,*,#6109,.T.);
#6109 = EDGE_CURVE('',#4066,#4883,#6110,.T.);
#6110 = LINE('',#6111,#6112);
#6111 = CARTESIAN_POINT('',(87.,-62.04,-4.6E-02));
#6112 = VECTOR('',#6113,1.);
#6113 = DIRECTION('',(0.,0.,1.));
#6114 = ORIENTED_EDGE('',*,*,#4882,.F.);
#6115 = ORIENTED_EDGE('',*,*,#6109,.F.);
#6116 = CYLINDRICAL_SURFACE('',#6117,0.5);
#6117 = AXIS2_PLACEMENT_3D('',#6118,#6119,#6120);
#6118 = CARTESIAN_POINT('',(87.,-61.54,-4.6E-02));
#6119 = DIRECTION('',(-0.,-0.,-1.));
#6120 = DIRECTION('',(-0.,-1.,0.));
#6121 = ADVANCED_FACE('',(#6122),#6133,.F.);
#6122 = FACE_BOUND('',#6123,.T.);
#6123 = EDGE_LOOP('',(#6124,#6125,#6131,#6132));
#6124 = ORIENTED_EDGE('',*,*,#4076,.T.);
#6125 = ORIENTED_EDGE('',*,*,#6126,.T.);
#6126 = EDGE_CURVE('',#4077,#4894,#6127,.T.);
#6127 = LINE('',#6128,#6129);
#6128 = CARTESIAN_POINT('',(87.,-59.5,-4.6E-02));
#6129 = VECTOR('',#6130,1.);
#6130 = DIRECTION('',(0.,0.,1.));
#6131 = ORIENTED_EDGE('',*,*,#4893,.F.);
#6132 = ORIENTED_EDGE('',*,*,#6126,.F.);
#6133 = CYLINDRICAL_SURFACE('',#6134,0.5);
#6134 = AXIS2_PLACEMENT_3D('',#6135,#6136,#6137);
#6135 = CARTESIAN_POINT('',(87.,-59.,-4.6E-02));
#6136 = DIRECTION('',(-0.,-0.,-1.));
#6137 = DIRECTION('',(-0.,-1.,0.));
#6138 = ADVANCED_FACE('',(#6139),#6150,.F.);
#6139 = FACE_BOUND('',#6140,.T.);
#6140 = EDGE_LOOP('',(#6141,#6142,#6148,#6149));
#6141 = ORIENTED_EDGE('',*,*,#4087,.T.);
#6142 = ORIENTED_EDGE('',*,*,#6143,.T.);
#6143 = EDGE_CURVE('',#4088,#4905,#6144,.T.);
#6144 = LINE('',#6145,#6146);
#6145 = CARTESIAN_POINT('',(125.73,-82.13,-4.6E-02));
#6146 = VECTOR('',#6147,1.);
#6147 = DIRECTION('',(0.,0.,1.));
#6148 = ORIENTED_EDGE('',*,*,#4904,.F.);
#6149 = ORIENTED_EDGE('',*,*,#6143,.F.);
#6150 = CYLINDRICAL_SURFACE('',#6151,0.85);
#6151 = AXIS2_PLACEMENT_3D('',#6152,#6153,#6154);
#6152 = CARTESIAN_POINT('',(125.73,-81.28,-4.6E-02));
#6153 = DIRECTION('',(-0.,0.,-1.));
#6154 = DIRECTION('',(1.671865260612E-14,-1.,-0.));
#6155 = ADVANCED_FACE('',(#6156),#6167,.F.);
#6156 = FACE_BOUND('',#6157,.T.);
#6157 = EDGE_LOOP('',(#6158,#6159,#6165,#6166));
#6158 = ORIENTED_EDGE('',*,*,#4098,.T.);
#6159 = ORIENTED_EDGE('',*,*,#6160,.T.);
#6160 = EDGE_CURVE('',#4099,#4916,#6161,.T.);
#6161 = LINE('',#6162,#6163);
#6162 = CARTESIAN_POINT('',(130.81,-83.28,-4.6E-02));
#6163 = VECTOR('',#6164,1.);
#6164 = DIRECTION('',(0.,0.,1.));
#6165 = ORIENTED_EDGE('',*,*,#4915,.F.);
#6166 = ORIENTED_EDGE('',*,*,#6160,.F.);
#6167 = CYLINDRICAL_SURFACE('',#6168,2.);
#6168 = AXIS2_PLACEMENT_3D('',#6169,#6170,#6171);
#6169 = CARTESIAN_POINT('',(130.81,-81.28,-4.6E-02));
#6170 = DIRECTION('',(-0.,-0.,-1.));
#6171 = DIRECTION('',(-0.,-1.,0.));
#6172 = ADVANCED_FACE('',(#6173),#6184,.F.);
#6173 = FACE_BOUND('',#6174,.T.);
#6174 = EDGE_LOOP('',(#6175,#6176,#6182,#6183));
#6175 = ORIENTED_EDGE('',*,*,#4109,.T.);
#6176 = ORIENTED_EDGE('',*,*,#6177,.T.);
#6177 = EDGE_CURVE('',#4110,#4927,#6178,.T.);
#6178 = LINE('',#6179,#6180);
#6179 = CARTESIAN_POINT('',(127.,-79.49,-4.6E-02));
#6180 = VECTOR('',#6181,1.);
#6181 = DIRECTION('',(0.,0.,1.));
#6182 = ORIENTED_EDGE('',*,*,#4926,.F.);
#6183 = ORIENTED_EDGE('',*,*,#6177,.F.);
#6184 = CYLINDRICAL_SURFACE('',#6185,0.75);
#6185 = AXIS2_PLACEMENT_3D('',#6186,#6187,#6188);
#6186 = CARTESIAN_POINT('',(127.,-78.74,-4.6E-02));
#6187 = DIRECTION('',(-0.,-0.,-1.));
#6188 = DIRECTION('',(-0.,-1.,0.));
#6189 = ADVANCED_FACE('',(#6190),#6201,.F.);
#6190 = FACE_BOUND('',#6191,.T.);
#6191 = EDGE_LOOP('',(#6192,#6193,#6199,#6200));
#6192 = ORIENTED_EDGE('',*,*,#4120,.T.);
#6193 = ORIENTED_EDGE('',*,*,#6194,.T.);
#6194 = EDGE_CURVE('',#4121,#4938,#6195,.T.);
#6195 = LINE('',#6196,#6197);
#6196 = CARTESIAN_POINT('',(135.89,-82.13,-4.6E-02));
#6197 = VECTOR('',#6198,1.);
#6198 = DIRECTION('',(0.,0.,1.));
#6199 = ORIENTED_EDGE('',*,*,#4937,.F.);
#6200 = ORIENTED_EDGE('',*,*,#6194,.F.);
#6201 = CYLINDRICAL_SURFACE('',#6202,0.85);
#6202 = AXIS2_PLACEMENT_3D('',#6203,#6204,#6205);
#6203 = CARTESIAN_POINT('',(135.89,-81.28,-4.6E-02));
#6204 = DIRECTION('',(-0.,-0.,-1.));
#6205 = DIRECTION('',(-0.,-1.,0.));
#6206 = ADVANCED_FACE('',(#6207),#6218,.F.);
#6207 = FACE_BOUND('',#6208,.T.);
#6208 = EDGE_LOOP('',(#6209,#6210,#6216,#6217));
#6209 = ORIENTED_EDGE('',*,*,#4131,.T.);
#6210 = ORIENTED_EDGE('',*,*,#6211,.T.);
#6211 = EDGE_CURVE('',#4132,#4949,#6212,.T.);
#6212 = LINE('',#6213,#6214);
#6213 = CARTESIAN_POINT('',(133.35,-76.95,-4.6E-02));
#6214 = VECTOR('',#6215,1.);
#6215 = DIRECTION('',(0.,0.,1.));
#6216 = ORIENTED_EDGE('',*,*,#4948,.F.);
#6217 = ORIENTED_EDGE('',*,*,#6211,.F.);
#6218 = CYLINDRICAL_SURFACE('',#6219,0.75);
#6219 = AXIS2_PLACEMENT_3D('',#6220,#6221,#6222);
#6220 = CARTESIAN_POINT('',(133.35,-76.2,-4.6E-02));
#6221 = DIRECTION('',(-0.,-0.,-1.));
#6222 = DIRECTION('',(-0.,-1.,0.));
#6223 = ADVANCED_FACE('',(#6224),#6235,.F.);
#6224 = FACE_BOUND('',#6225,.T.);
#6225 = EDGE_LOOP('',(#6226,#6227,#6233,#6234));
#6226 = ORIENTED_EDGE('',*,*,#4142,.T.);
#6227 = ORIENTED_EDGE('',*,*,#6228,.T.);
#6228 = EDGE_CURVE('',#4143,#4960,#6229,.T.);
#6229 = LINE('',#6230,#6231);
#6230 = CARTESIAN_POINT('',(145.38,-73.875,-4.6E-02));
#6231 = VECTOR('',#6232,1.);
#6232 = DIRECTION('',(0.,0.,1.));
#6233 = ORIENTED_EDGE('',*,*,#4959,.F.);
#6234 = ORIENTED_EDGE('',*,*,#6228,.F.);
#6235 = CYLINDRICAL_SURFACE('',#6236,0.5);
#6236 = AXIS2_PLACEMENT_3D('',#6237,#6238,#6239);
#6237 = CARTESIAN_POINT('',(145.38,-73.375,-4.6E-02));
#6238 = DIRECTION('',(-0.,-0.,-1.));
#6239 = DIRECTION('',(-0.,-1.,0.));
#6240 = ADVANCED_FACE('',(#6241),#6252,.F.);
#6241 = FACE_BOUND('',#6242,.T.);
#6242 = EDGE_LOOP('',(#6243,#6244,#6250,#6251));
#6243 = ORIENTED_EDGE('',*,*,#4153,.T.);
#6244 = ORIENTED_EDGE('',*,*,#6245,.T.);
#6245 = EDGE_CURVE('',#4154,#4971,#6246,.T.);
#6246 = LINE('',#6247,#6248);
#6247 = CARTESIAN_POINT('',(147.92,-73.875,-4.6E-02));
#6248 = VECTOR('',#6249,1.);
#6249 = DIRECTION('',(0.,0.,1.));
#6250 = ORIENTED_EDGE('',*,*,#4970,.F.);
#6251 = ORIENTED_EDGE('',*,*,#6245,.F.);
#6252 = CYLINDRICAL_SURFACE('',#6253,0.5);
#6253 = AXIS2_PLACEMENT_3D('',#6254,#6255,#6256);
#6254 = CARTESIAN_POINT('',(147.92,-73.375,-4.6E-02));
#6255 = DIRECTION('',(-0.,-0.,-1.));
#6256 = DIRECTION('',(-0.,-1.,0.));
#6257 = ADVANCED_FACE('',(#6258),#6269,.F.);
#6258 = FACE_BOUND('',#6259,.T.);
#6259 = EDGE_LOOP('',(#6260,#6261,#6267,#6268));
#6260 = ORIENTED_EDGE('',*,*,#4164,.T.);
#6261 = ORIENTED_EDGE('',*,*,#6262,.T.);
#6262 = EDGE_CURVE('',#4165,#4982,#6263,.T.);
#6263 = LINE('',#6264,#6265);
#6264 = CARTESIAN_POINT('',(150.46,-73.875,-4.6E-02));
#6265 = VECTOR('',#6266,1.);
#6266 = DIRECTION('',(0.,0.,1.));
#6267 = ORIENTED_EDGE('',*,*,#4981,.F.);
#6268 = ORIENTED_EDGE('',*,*,#6262,.F.);
#6269 = CYLINDRICAL_SURFACE('',#6270,0.5);
#6270 = AXIS2_PLACEMENT_3D('',#6271,#6272,#6273);
#6271 = CARTESIAN_POINT('',(150.46,-73.375,-4.6E-02));
#6272 = DIRECTION('',(-0.,-0.,-1.));
#6273 = DIRECTION('',(-0.,-1.,0.));
#6274 = ADVANCED_FACE('',(#6275),#6286,.F.);
#6275 = FACE_BOUND('',#6276,.T.);
#6276 = EDGE_LOOP('',(#6277,#6278,#6284,#6285));
#6277 = ORIENTED_EDGE('',*,*,#4175,.T.);
#6278 = ORIENTED_EDGE('',*,*,#6279,.T.);
#6279 = EDGE_CURVE('',#4176,#4993,#6280,.T.);
#6280 = LINE('',#6281,#6282);
#6281 = CARTESIAN_POINT('',(153.,-73.875,-4.6E-02));
#6282 = VECTOR('',#6283,1.);
#6283 = DIRECTION('',(0.,0.,1.));
#6284 = ORIENTED_EDGE('',*,*,#4992,.F.);
#6285 = ORIENTED_EDGE('',*,*,#6279,.F.);
#6286 = CYLINDRICAL_SURFACE('',#6287,0.5);
#6287 = AXIS2_PLACEMENT_3D('',#6288,#6289,#6290);
#6288 = CARTESIAN_POINT('',(153.,-73.375,-4.6E-02));
#6289 = DIRECTION('',(-0.,-0.,-1.));
#6290 = DIRECTION('',(-0.,-1.,0.));
#6291 = ADVANCED_FACE('',(#6292),#6303,.F.);
#6292 = FACE_BOUND('',#6293,.T.);
#6293 = EDGE_LOOP('',(#6294,#6295,#6301,#6302));
#6294 = ORIENTED_EDGE('',*,*,#4186,.T.);
#6295 = ORIENTED_EDGE('',*,*,#6296,.T.);
#6296 = EDGE_CURVE('',#4187,#5004,#6297,.T.);
#6297 = LINE('',#6298,#6299);
#6298 = CARTESIAN_POINT('',(155.54,-73.875,-4.6E-02));
#6299 = VECTOR('',#6300,1.);
#6300 = DIRECTION('',(0.,0.,1.));
#6301 = ORIENTED_EDGE('',*,*,#5003,.F.);
#6302 = ORIENTED_EDGE('',*,*,#6296,.F.);
#6303 = CYLINDRICAL_SURFACE('',#6304,0.5);
#6304 = AXIS2_PLACEMENT_3D('',#6305,#6306,#6307);
#6305 = CARTESIAN_POINT('',(155.54,-73.375,-4.6E-02));
#6306 = DIRECTION('',(-0.,-0.,-1.));
#6307 = DIRECTION('',(-0.,-1.,0.));
#6308 = ADVANCED_FACE('',(#6309),#6320,.F.);
#6309 = FACE_BOUND('',#6310,.T.);
#6310 = EDGE_LOOP('',(#6311,#6312,#6318,#6319));
#6311 = ORIENTED_EDGE('',*,*,#4197,.T.);
#6312 = ORIENTED_EDGE('',*,*,#6313,.T.);
#6313 = EDGE_CURVE('',#4198,#5015,#6314,.T.);
#6314 = LINE('',#6315,#6316);
#6315 = CARTESIAN_POINT('',(158.08,-73.875,-4.6E-02));
#6316 = VECTOR('',#6317,1.);
#6317 = DIRECTION('',(0.,0.,1.));
#6318 = ORIENTED_EDGE('',*,*,#5014,.F.);
#6319 = ORIENTED_EDGE('',*,*,#6313,.F.);
#6320 = CYLINDRICAL_SURFACE('',#6321,0.5);
#6321 = AXIS2_PLACEMENT_3D('',#6322,#6323,#6324);
#6322 = CARTESIAN_POINT('',(158.08,-73.375,-4.6E-02));
#6323 = DIRECTION('',(-0.,-0.,-1.));
#6324 = DIRECTION('',(-0.,-1.,0.));
#6325 = ADVANCED_FACE('',(#6326),#6337,.F.);
#6326 = FACE_BOUND('',#6327,.T.);
#6327 = EDGE_LOOP('',(#6328,#6329,#6335,#6336));
#6328 = ORIENTED_EDGE('',*,*,#4208,.T.);
#6329 = ORIENTED_EDGE('',*,*,#6330,.T.);
#6330 = EDGE_CURVE('',#4209,#5026,#6331,.T.);
#6331 = LINE('',#6332,#6333);
#6332 = CARTESIAN_POINT('',(160.62,-73.875,-4.6E-02));
#6333 = VECTOR('',#6334,1.);
#6334 = DIRECTION('',(0.,0.,1.));
#6335 = ORIENTED_EDGE('',*,*,#5025,.F.);
#6336 = ORIENTED_EDGE('',*,*,#6330,.F.);
#6337 = CYLINDRICAL_SURFACE('',#6338,0.5);
#6338 = AXIS2_PLACEMENT_3D('',#6339,#6340,#6341);
#6339 = CARTESIAN_POINT('',(160.62,-73.375,-4.6E-02));
#6340 = DIRECTION('',(-0.,-0.,-1.));
#6341 = DIRECTION('',(-0.,-1.,0.));
#6342 = ( GEOMETRIC_REPRESENTATION_CONTEXT(3) 
GLOBAL_UNCERTAINTY_ASSIGNED_CONTEXT((#6346)) 
GLOBAL_UNIT_ASSIGNED_CONTEXT((#6343,#6344,#6345)) REPRESENTATION_CONTEXT
('Context #1','3D Context with UNIT and UNCERTAINTY') );
#6343 = ( LENGTH_UNIT() NAMED_UNIT(*) SI_UNIT(.MILLI.,.METRE.) );
#6344 = ( NAMED_UNIT(*) PLANE_ANGLE_UNIT() SI_UNIT($,.RADIAN.) );
#6345 = ( NAMED_UNIT(*) SI_UNIT($,.STERADIAN.) SOLID_ANGLE_UNIT() );
#6346 = UNCERTAINTY_MEASURE_WITH_UNIT(LENGTH_MEASURE(1.E-07),#6343,
  'distance_accuracy_value','confusion accuracy');
#6347 = CONTEXT_DEPENDENT_SHAPE_REPRESENTATION(#6348,#6350);
#6348 = ( REPRESENTATION_RELATIONSHIP('','',#3299,#10) 
REPRESENTATION_RELATIONSHIP_WITH_TRANSFORMATION(#6349) 
SHAPE_REPRESENTATION_RELATIONSHIP() );
#6349 = ITEM_DEFINED_TRANSFORMATION('','',#11,#43);
#6350 = PRODUCT_DEFINITION_SHAPE('Placement','Placement of an item',
  #6351);
#6351 = NEXT_ASSEMBLY_USAGE_OCCURRENCE('10','=>[0:1:1:6]','',#5,#3294,$
  );
#6352 = PRODUCT_RELATED_PRODUCT_CATEGORY('part',$,(#3296));
#6353 = MECHANICAL_DESIGN_GEOMETRIC_PRESENTATION_REPRESENTATION('',(
    #6354,#6362,#6369,#6376,#6383,#6390,#6397,#6404,#6412,#6419,#6426,
    #6434,#6441,#6448,#6455,#6462),#434);
#6354 = STYLED_ITEM('color',(#6355),#86);
#6355 = PRESENTATION_STYLE_ASSIGNMENT((#6356));
#6356 = SURFACE_STYLE_USAGE(.BOTH.,#6357);
#6357 = SURFACE_SIDE_STYLE('',(#6358));
#6358 = SURFACE_STYLE_FILL_AREA(#6359);
#6359 = FILL_AREA_STYLE('',(#6360));
#6360 = FILL_AREA_STYLE_COLOUR('',#6361);
#6361 = COLOUR_RGB('',0.823999987314,0.819999987296,0.781000009244);
#6362 = STYLED_ITEM('color',(#6363),#119);
#6363 = PRESENTATION_STYLE_ASSIGNMENT((#6364));
#6364 = SURFACE_STYLE_USAGE(.BOTH.,#6365);
#6365 = SURFACE_SIDE_STYLE('',(#6366));
#6366 = SURFACE_STYLE_FILL_AREA(#6367);
#6367 = FILL_AREA_STYLE('',(#6368));
#6368 = FILL_AREA_STYLE_COLOUR('',#6361);
#6369 = STYLED_ITEM('color',(#6370),#145);
#6370 = PRESENTATION_STYLE_ASSIGNMENT((#6371));
#6371 = SURFACE_STYLE_USAGE(.BOTH.,#6372);
#6372 = SURFACE_SIDE_STYLE('',(#6373));
#6373 = SURFACE_STYLE_FILL_AREA(#6374);
#6374 = FILL_AREA_STYLE('',(#6375));
#6375 = FILL_AREA_STYLE_COLOUR('',#6361);
#6376 = STYLED_ITEM('color',(#6377),#170);
#6377 = PRESENTATION_STYLE_ASSIGNMENT((#6378));
#6378 = SURFACE_STYLE_USAGE(.BOTH.,#6379);
#6379 = SURFACE_SIDE_STYLE('',(#6380));
#6380 = SURFACE_STYLE_FILL_AREA(#6381);
#6381 = FILL_AREA_STYLE('',(#6382));
#6382 = FILL_AREA_STYLE_COLOUR('',#6361);
#6383 = STYLED_ITEM('color',(#6384),#196);
#6384 = PRESENTATION_STYLE_ASSIGNMENT((#6385));
#6385 = SURFACE_STYLE_USAGE(.BOTH.,#6386);
#6386 = SURFACE_SIDE_STYLE('',(#6387));
#6387 = SURFACE_STYLE_FILL_AREA(#6388);
#6388 = FILL_AREA_STYLE('',(#6389));
#6389 = FILL_AREA_STYLE_COLOUR('',#6361);
#6390 = STYLED_ITEM('color',(#6391),#221);
#6391 = PRESENTATION_STYLE_ASSIGNMENT((#6392));
#6392 = SURFACE_STYLE_USAGE(.BOTH.,#6393);
#6393 = SURFACE_SIDE_STYLE('',(#6394));
#6394 = SURFACE_STYLE_FILL_AREA(#6395);
#6395 = FILL_AREA_STYLE('',(#6396));
#6396 = FILL_AREA_STYLE_COLOUR('',#6361);
#6397 = STYLED_ITEM('color',(#6398),#230);
#6398 = PRESENTATION_STYLE_ASSIGNMENT((#6399));
#6399 = SURFACE_STYLE_USAGE(.BOTH.,#6400);
#6400 = SURFACE_SIDE_STYLE('',(#6401));
#6401 = SURFACE_STYLE_FILL_AREA(#6402);
#6402 = FILL_AREA_STYLE('',(#6403));
#6403 = FILL_AREA_STYLE_COLOUR('',#6361);
#6404 = STYLED_ITEM('color',(#6405),#241);
#6405 = PRESENTATION_STYLE_ASSIGNMENT((#6406));
#6406 = SURFACE_STYLE_USAGE(.BOTH.,#6407);
#6407 = SURFACE_SIDE_STYLE('',(#6408));
#6408 = SURFACE_STYLE_FILL_AREA(#6409);
#6409 = FILL_AREA_STYLE('',(#6410));
#6410 = FILL_AREA_STYLE_COLOUR('',#6411);
#6411 = COLOUR_RGB('',0.699999984889,9.999999991362E-02,
  5.000000142576E-02);
#6412 = STYLED_ITEM('color',(#6413),#274);
#6413 = PRESENTATION_STYLE_ASSIGNMENT((#6414));
#6414 = SURFACE_STYLE_USAGE(.BOTH.,#6415);
#6415 = SURFACE_SIDE_STYLE('',(#6416));
#6416 = SURFACE_STYLE_FILL_AREA(#6417);
#6417 = FILL_AREA_STYLE('',(#6418));
#6418 = FILL_AREA_STYLE_COLOUR('',#6411);
#6419 = STYLED_ITEM('color',(#6420),#294);
#6420 = PRESENTATION_STYLE_ASSIGNMENT((#6421));
#6421 = SURFACE_STYLE_USAGE(.BOTH.,#6422);
#6422 = SURFACE_SIDE_STYLE('',(#6423));
#6423 = SURFACE_STYLE_FILL_AREA(#6424);
#6424 = FILL_AREA_STYLE('',(#6425));
#6425 = FILL_AREA_STYLE_COLOUR('',#6411);
#6426 = STYLED_ITEM('color',(#6427),#314);
#6427 = PRESENTATION_STYLE_ASSIGNMENT((#6428));
#6428 = SURFACE_STYLE_USAGE(.BOTH.,#6429);
#6429 = SURFACE_SIDE_STYLE('',(#6430));
#6430 = SURFACE_STYLE_FILL_AREA(#6431);
#6431 = FILL_AREA_STYLE('',(#6432));
#6432 = FILL_AREA_STYLE_COLOUR('',#6433);
#6433 = COLOUR_RGB('',0.,0.631244006163,0.748016017657);
#6434 = STYLED_ITEM('color',(#6435),#339);
#6435 = PRESENTATION_STYLE_ASSIGNMENT((#6436));
#6436 = SURFACE_STYLE_USAGE(.BOTH.,#6437);
#6437 = SURFACE_SIDE_STYLE('',(#6438));
#6438 = SURFACE_STYLE_FILL_AREA(#6439);
#6439 = FILL_AREA_STYLE('',(#6440));
#6440 = FILL_AREA_STYLE_COLOUR('',#6433);
#6441 = STYLED_ITEM('color',(#6442),#364);
#6442 = PRESENTATION_STYLE_ASSIGNMENT((#6443));
#6443 = SURFACE_STYLE_USAGE(.BOTH.,#6444);
#6444 = SURFACE_SIDE_STYLE('',(#6445));
#6445 = SURFACE_STYLE_FILL_AREA(#6446);
#6446 = FILL_AREA_STYLE('',(#6447));
#6447 = FILL_AREA_STYLE_COLOUR('',#6433);
#6448 = STYLED_ITEM('color',(#6449),#390);
#6449 = PRESENTATION_STYLE_ASSIGNMENT((#6450));
#6450 = SURFACE_STYLE_USAGE(.BOTH.,#6451);
#6451 = SURFACE_SIDE_STYLE('',(#6452));
#6452 = SURFACE_STYLE_FILL_AREA(#6453);
#6453 = FILL_AREA_STYLE('',(#6454));
#6454 = FILL_AREA_STYLE_COLOUR('',#6433);
#6455 = STYLED_ITEM('color',(#6456),#416);
#6456 = PRESENTATION_STYLE_ASSIGNMENT((#6457));
#6457 = SURFACE_STYLE_USAGE(.BOTH.,#6458);
#6458 = SURFACE_SIDE_STYLE('',(#6459));
#6459 = SURFACE_STYLE_FILL_AREA(#6460);
#6460 = FILL_AREA_STYLE('',(#6461));
#6461 = FILL_AREA_STYLE_COLOUR('',#6433);
#6462 = STYLED_ITEM('color',(#6463),#425);
#6463 = PRESENTATION_STYLE_ASSIGNMENT((#6464));
#6464 = SURFACE_STYLE_USAGE(.BOTH.,#6465);
#6465 = SURFACE_SIDE_STYLE('',(#6466));
#6466 = SURFACE_STYLE_FILL_AREA(#6467);
#6467 = FILL_AREA_STYLE('',(#6468));
#6468 = FILL_AREA_STYLE_COLOUR('',#6433);
#6469 = MECHANICAL_DESIGN_GEOMETRIC_PRESENTATION_REPRESENTATION('',(
    #6470),#6342);
#6470 = STYLED_ITEM('color',(#6471),#3300);
#6471 = PRESENTATION_STYLE_ASSIGNMENT((#6472));
#6472 = SURFACE_STYLE_USAGE(.BOTH.,#6473);
#6473 = SURFACE_SIDE_STYLE('',(#6474));
#6474 = SURFACE_STYLE_FILL_AREA(#6475);
#6475 = FILL_AREA_STYLE('',(#6476));
#6476 = FILL_AREA_STYLE_COLOUR('',#6477);
#6477 = COLOUR_RGB('',0.313304153717,0.484529207832,0.410020903123);
#6478 = MECHANICAL_DESIGN_GEOMETRIC_PRESENTATION_REPRESENTATION('',(
    #6479,#6487,#6494,#6501,#6508,#6515,#6522,#6529,#6536,#6543,#6550,
    #6557,#6564,#6571,#6578,#6585,#6592,#6599,#6606,#6613,#6620,#6627,
    #6634,#6641,#6648,#6655,#6662,#6669,#6676,#6684,#6691,#6698,#6705,
    #6712,#6719,#6726,#6733,#6740,#6747,#6754,#6761,#6768,#6775,#6782,
    #6789,#6796,#6803,#6810,#6817,#6824,#6831,#6838,#6845,#6852,#6859,
    #6866,#6873,#6880,#6887,#6894,#6901,#6908,#6915,#6922,#6929,#6936,
    #6943,#6950,#6957,#6964,#6971,#6978,#6985,#6992,#6999,#7006,#7013,
    #7020,#7027,#7034,#7041,#7048,#7055,#7062,#7069,#7076,#7083,#7090,
    #7097,#7104,#7111,#7118,#7125,#7132,#7139,#7146,#7153,#7160,#7167,
    #7174),#3271);
#6479 = STYLED_ITEM('color',(#6480),#493);
#6480 = PRESENTATION_STYLE_ASSIGNMENT((#6481));
#6481 = SURFACE_STYLE_USAGE(.BOTH.,#6482);
#6482 = SURFACE_SIDE_STYLE('',(#6483));
#6483 = SURFACE_STYLE_FILL_AREA(#6484);
#6484 = FILL_AREA_STYLE('',(#6485));
#6485 = FILL_AREA_STYLE_COLOUR('',#6486);
#6486 = COLOUR_RGB('',0.147999998088,0.144999993226,0.144999993226);
#6487 = STYLED_ITEM('color',(#6488),#533);
#6488 = PRESENTATION_STYLE_ASSIGNMENT((#6489));
#6489 = SURFACE_STYLE_USAGE(.BOTH.,#6490);
#6490 = SURFACE_SIDE_STYLE('',(#6491));
#6491 = SURFACE_STYLE_FILL_AREA(#6492);
#6492 = FILL_AREA_STYLE('',(#6493));
#6493 = FILL_AREA_STYLE_COLOUR('',#6486);
#6494 = STYLED_ITEM('color',(#6495),#564);
#6495 = PRESENTATION_STYLE_ASSIGNMENT((#6496));
#6496 = SURFACE_STYLE_USAGE(.BOTH.,#6497);
#6497 = SURFACE_SIDE_STYLE('',(#6498));
#6498 = SURFACE_STYLE_FILL_AREA(#6499);
#6499 = FILL_AREA_STYLE('',(#6500));
#6500 = FILL_AREA_STYLE_COLOUR('',#6486);
#6501 = STYLED_ITEM('color',(#6502),#595);
#6502 = PRESENTATION_STYLE_ASSIGNMENT((#6503));
#6503 = SURFACE_STYLE_USAGE(.BOTH.,#6504);
#6504 = SURFACE_SIDE_STYLE('',(#6505));
#6505 = SURFACE_STYLE_FILL_AREA(#6506);
#6506 = FILL_AREA_STYLE('',(#6507));
#6507 = FILL_AREA_STYLE_COLOUR('',#6486);
#6508 = STYLED_ITEM('color',(#6509),#924);
#6509 = PRESENTATION_STYLE_ASSIGNMENT((#6510));
#6510 = SURFACE_STYLE_USAGE(.BOTH.,#6511);
#6511 = SURFACE_SIDE_STYLE('',(#6512));
#6512 = SURFACE_STYLE_FILL_AREA(#6513);
#6513 = FILL_AREA_STYLE('',(#6514));
#6514 = FILL_AREA_STYLE_COLOUR('',#6486);
#6515 = STYLED_ITEM('color',(#6516),#1253);
#6516 = PRESENTATION_STYLE_ASSIGNMENT((#6517));
#6517 = SURFACE_STYLE_USAGE(.BOTH.,#6518);
#6518 = SURFACE_SIDE_STYLE('',(#6519));
#6519 = SURFACE_STYLE_FILL_AREA(#6520);
#6520 = FILL_AREA_STYLE('',(#6521));
#6521 = FILL_AREA_STYLE_COLOUR('',#6486);
#6522 = STYLED_ITEM('color',(#6523),#1270);
#6523 = PRESENTATION_STYLE_ASSIGNMENT((#6524));
#6524 = SURFACE_STYLE_USAGE(.BOTH.,#6525);
#6525 = SURFACE_SIDE_STYLE('',(#6526));
#6526 = SURFACE_STYLE_FILL_AREA(#6527);
#6527 = FILL_AREA_STYLE('',(#6528));
#6528 = FILL_AREA_STYLE_COLOUR('',#6486);
#6529 = STYLED_ITEM('color',(#6530),#1287);
#6530 = PRESENTATION_STYLE_ASSIGNMENT((#6531));
#6531 = SURFACE_STYLE_USAGE(.BOTH.,#6532);
#6532 = SURFACE_SIDE_STYLE('',(#6533));
#6533 = SURFACE_STYLE_FILL_AREA(#6534);
#6534 = FILL_AREA_STYLE('',(#6535));
#6535 = FILL_AREA_STYLE_COLOUR('',#6486);
#6536 = STYLED_ITEM('color',(#6537),#1304);
#6537 = PRESENTATION_STYLE_ASSIGNMENT((#6538));
#6538 = SURFACE_STYLE_USAGE(.BOTH.,#6539);
#6539 = SURFACE_SIDE_STYLE('',(#6540));
#6540 = SURFACE_STYLE_FILL_AREA(#6541);
#6541 = FILL_AREA_STYLE('',(#6542));
#6542 = FILL_AREA_STYLE_COLOUR('',#6486);
#6543 = STYLED_ITEM('color',(#6544),#1321);
#6544 = PRESENTATION_STYLE_ASSIGNMENT((#6545));
#6545 = SURFACE_STYLE_USAGE(.BOTH.,#6546);
#6546 = SURFACE_SIDE_STYLE('',(#6547));
#6547 = SURFACE_STYLE_FILL_AREA(#6548);
#6548 = FILL_AREA_STYLE('',(#6549));
#6549 = FILL_AREA_STYLE_COLOUR('',#6486);
#6550 = STYLED_ITEM('color',(#6551),#1338);
#6551 = PRESENTATION_STYLE_ASSIGNMENT((#6552));
#6552 = SURFACE_STYLE_USAGE(.BOTH.,#6553);
#6553 = SURFACE_SIDE_STYLE('',(#6554));
#6554 = SURFACE_STYLE_FILL_AREA(#6555);
#6555 = FILL_AREA_STYLE('',(#6556));
#6556 = FILL_AREA_STYLE_COLOUR('',#6486);
#6557 = STYLED_ITEM('color',(#6558),#1355);
#6558 = PRESENTATION_STYLE_ASSIGNMENT((#6559));
#6559 = SURFACE_STYLE_USAGE(.BOTH.,#6560);
#6560 = SURFACE_SIDE_STYLE('',(#6561));
#6561 = SURFACE_STYLE_FILL_AREA(#6562);
#6562 = FILL_AREA_STYLE('',(#6563));
#6563 = FILL_AREA_STYLE_COLOUR('',#6486);
#6564 = STYLED_ITEM('color',(#6565),#1372);
#6565 = PRESENTATION_STYLE_ASSIGNMENT((#6566));
#6566 = SURFACE_STYLE_USAGE(.BOTH.,#6567);
#6567 = SURFACE_SIDE_STYLE('',(#6568));
#6568 = SURFACE_STYLE_FILL_AREA(#6569);
#6569 = FILL_AREA_STYLE('',(#6570));
#6570 = FILL_AREA_STYLE_COLOUR('',#6486);
#6571 = STYLED_ITEM('color',(#6572),#1389);
#6572 = PRESENTATION_STYLE_ASSIGNMENT((#6573));
#6573 = SURFACE_STYLE_USAGE(.BOTH.,#6574);
#6574 = SURFACE_SIDE_STYLE('',(#6575));
#6575 = SURFACE_STYLE_FILL_AREA(#6576);
#6576 = FILL_AREA_STYLE('',(#6577));
#6577 = FILL_AREA_STYLE_COLOUR('',#6486);
#6578 = STYLED_ITEM('color',(#6579),#1406);
#6579 = PRESENTATION_STYLE_ASSIGNMENT((#6580));
#6580 = SURFACE_STYLE_USAGE(.BOTH.,#6581);
#6581 = SURFACE_SIDE_STYLE('',(#6582));
#6582 = SURFACE_STYLE_FILL_AREA(#6583);
#6583 = FILL_AREA_STYLE('',(#6584));
#6584 = FILL_AREA_STYLE_COLOUR('',#6486);
#6585 = STYLED_ITEM('color',(#6586),#1423);
#6586 = PRESENTATION_STYLE_ASSIGNMENT((#6587));
#6587 = SURFACE_STYLE_USAGE(.BOTH.,#6588);
#6588 = SURFACE_SIDE_STYLE('',(#6589));
#6589 = SURFACE_STYLE_FILL_AREA(#6590);
#6590 = FILL_AREA_STYLE('',(#6591));
#6591 = FILL_AREA_STYLE_COLOUR('',#6486);
#6592 = STYLED_ITEM('color',(#6593),#1440);
#6593 = PRESENTATION_STYLE_ASSIGNMENT((#6594));
#6594 = SURFACE_STYLE_USAGE(.BOTH.,#6595);
#6595 = SURFACE_SIDE_STYLE('',(#6596));
#6596 = SURFACE_STYLE_FILL_AREA(#6597);
#6597 = FILL_AREA_STYLE('',(#6598));
#6598 = FILL_AREA_STYLE_COLOUR('',#6486);
#6599 = STYLED_ITEM('color',(#6600),#1457);
#6600 = PRESENTATION_STYLE_ASSIGNMENT((#6601));
#6601 = SURFACE_STYLE_USAGE(.BOTH.,#6602);
#6602 = SURFACE_SIDE_STYLE('',(#6603));
#6603 = SURFACE_STYLE_FILL_AREA(#6604);
#6604 = FILL_AREA_STYLE('',(#6605));
#6605 = FILL_AREA_STYLE_COLOUR('',#6486);
#6606 = STYLED_ITEM('color',(#6607),#1474);
#6607 = PRESENTATION_STYLE_ASSIGNMENT((#6608));
#6608 = SURFACE_STYLE_USAGE(.BOTH.,#6609);
#6609 = SURFACE_SIDE_STYLE('',(#6610));
#6610 = SURFACE_STYLE_FILL_AREA(#6611);
#6611 = FILL_AREA_STYLE('',(#6612));
#6612 = FILL_AREA_STYLE_COLOUR('',#6486);
#6613 = STYLED_ITEM('color',(#6614),#1491);
#6614 = PRESENTATION_STYLE_ASSIGNMENT((#6615));
#6615 = SURFACE_STYLE_USAGE(.BOTH.,#6616);
#6616 = SURFACE_SIDE_STYLE('',(#6617));
#6617 = SURFACE_STYLE_FILL_AREA(#6618);
#6618 = FILL_AREA_STYLE('',(#6619));
#6619 = FILL_AREA_STYLE_COLOUR('',#6486);
#6620 = STYLED_ITEM('color',(#6621),#1508);
#6621 = PRESENTATION_STYLE_ASSIGNMENT((#6622));
#6622 = SURFACE_STYLE_USAGE(.BOTH.,#6623);
#6623 = SURFACE_SIDE_STYLE('',(#6624));
#6624 = SURFACE_STYLE_FILL_AREA(#6625);
#6625 = FILL_AREA_STYLE('',(#6626));
#6626 = FILL_AREA_STYLE_COLOUR('',#6486);
#6627 = STYLED_ITEM('color',(#6628),#1525);
#6628 = PRESENTATION_STYLE_ASSIGNMENT((#6629));
#6629 = SURFACE_STYLE_USAGE(.BOTH.,#6630);
#6630 = SURFACE_SIDE_STYLE('',(#6631));
#6631 = SURFACE_STYLE_FILL_AREA(#6632);
#6632 = FILL_AREA_STYLE('',(#6633));
#6633 = FILL_AREA_STYLE_COLOUR('',#6486);
#6634 = STYLED_ITEM('color',(#6635),#1542);
#6635 = PRESENTATION_STYLE_ASSIGNMENT((#6636));
#6636 = SURFACE_STYLE_USAGE(.BOTH.,#6637);
#6637 = SURFACE_SIDE_STYLE('',(#6638));
#6638 = SURFACE_STYLE_FILL_AREA(#6639);
#6639 = FILL_AREA_STYLE('',(#6640));
#6640 = FILL_AREA_STYLE_COLOUR('',#6486);
#6641 = STYLED_ITEM('color',(#6642),#1559);
#6642 = PRESENTATION_STYLE_ASSIGNMENT((#6643));
#6643 = SURFACE_STYLE_USAGE(.BOTH.,#6644);
#6644 = SURFACE_SIDE_STYLE('',(#6645));
#6645 = SURFACE_STYLE_FILL_AREA(#6646);
#6646 = FILL_AREA_STYLE('',(#6647));
#6647 = FILL_AREA_STYLE_COLOUR('',#6486);
#6648 = STYLED_ITEM('color',(#6649),#1576);
#6649 = PRESENTATION_STYLE_ASSIGNMENT((#6650));
#6650 = SURFACE_STYLE_USAGE(.BOTH.,#6651);
#6651 = SURFACE_SIDE_STYLE('',(#6652));
#6652 = SURFACE_STYLE_FILL_AREA(#6653);
#6653 = FILL_AREA_STYLE('',(#6654));
#6654 = FILL_AREA_STYLE_COLOUR('',#6486);
#6655 = STYLED_ITEM('color',(#6656),#1593);
#6656 = PRESENTATION_STYLE_ASSIGNMENT((#6657));
#6657 = SURFACE_STYLE_USAGE(.BOTH.,#6658);
#6658 = SURFACE_SIDE_STYLE('',(#6659));
#6659 = SURFACE_STYLE_FILL_AREA(#6660);
#6660 = FILL_AREA_STYLE('',(#6661));
#6661 = FILL_AREA_STYLE_COLOUR('',#6486);
#6662 = STYLED_ITEM('color',(#6663),#1610);
#6663 = PRESENTATION_STYLE_ASSIGNMENT((#6664));
#6664 = SURFACE_STYLE_USAGE(.BOTH.,#6665);
#6665 = SURFACE_SIDE_STYLE('',(#6666));
#6666 = SURFACE_STYLE_FILL_AREA(#6667);
#6667 = FILL_AREA_STYLE('',(#6668));
#6668 = FILL_AREA_STYLE_COLOUR('',#6486);
#6669 = STYLED_ITEM('color',(#6670),#1627);
#6670 = PRESENTATION_STYLE_ASSIGNMENT((#6671));
#6671 = SURFACE_STYLE_USAGE(.BOTH.,#6672);
#6672 = SURFACE_SIDE_STYLE('',(#6673));
#6673 = SURFACE_STYLE_FILL_AREA(#6674);
#6674 = FILL_AREA_STYLE('',(#6675));
#6675 = FILL_AREA_STYLE_COLOUR('',#6486);
#6676 = STYLED_ITEM('color',(#6677),#1639);
#6677 = PRESENTATION_STYLE_ASSIGNMENT((#6678));
#6678 = SURFACE_STYLE_USAGE(.BOTH.,#6679);
#6679 = SURFACE_SIDE_STYLE('',(#6680));
#6680 = SURFACE_STYLE_FILL_AREA(#6681);
#6681 = FILL_AREA_STYLE('',(#6682));
#6682 = FILL_AREA_STYLE_COLOUR('',#6683);
#6683 = COLOUR_RGB('',0.859000020776,0.737999965183,0.495999988746);
#6684 = STYLED_ITEM('color',(#6685),#1670);
#6685 = PRESENTATION_STYLE_ASSIGNMENT((#6686));
#6686 = SURFACE_STYLE_USAGE(.BOTH.,#6687);
#6687 = SURFACE_SIDE_STYLE('',(#6688));
#6688 = SURFACE_STYLE_FILL_AREA(#6689);
#6689 = FILL_AREA_STYLE('',(#6690));
#6690 = FILL_AREA_STYLE_COLOUR('',#6683);
#6691 = STYLED_ITEM('color',(#6692),#1694);
#6692 = PRESENTATION_STYLE_ASSIGNMENT((#6693));
#6693 = SURFACE_STYLE_USAGE(.BOTH.,#6694);
#6694 = SURFACE_SIDE_STYLE('',(#6695));
#6695 = SURFACE_STYLE_FILL_AREA(#6696);
#6696 = FILL_AREA_STYLE('',(#6697));
#6697 = FILL_AREA_STYLE_COLOUR('',#6683);
#6698 = STYLED_ITEM('color',(#6699),#1718);
#6699 = PRESENTATION_STYLE_ASSIGNMENT((#6700));
#6700 = SURFACE_STYLE_USAGE(.BOTH.,#6701);
#6701 = SURFACE_SIDE_STYLE('',(#6702));
#6702 = SURFACE_STYLE_FILL_AREA(#6703);
#6703 = FILL_AREA_STYLE('',(#6704));
#6704 = FILL_AREA_STYLE_COLOUR('',#6683);
#6705 = STYLED_ITEM('color',(#6706),#1735);
#6706 = PRESENTATION_STYLE_ASSIGNMENT((#6707));
#6707 = SURFACE_STYLE_USAGE(.BOTH.,#6708);
#6708 = SURFACE_SIDE_STYLE('',(#6709));
#6709 = SURFACE_STYLE_FILL_AREA(#6710);
#6710 = FILL_AREA_STYLE('',(#6711));
#6711 = FILL_AREA_STYLE_COLOUR('',#6683);
#6712 = STYLED_ITEM('color',(#6713),#1766);
#6713 = PRESENTATION_STYLE_ASSIGNMENT((#6714));
#6714 = SURFACE_STYLE_USAGE(.BOTH.,#6715);
#6715 = SURFACE_SIDE_STYLE('',(#6716));
#6716 = SURFACE_STYLE_FILL_AREA(#6717);
#6717 = FILL_AREA_STYLE('',(#6718));
#6718 = FILL_AREA_STYLE_COLOUR('',#6683);
#6719 = STYLED_ITEM('color',(#6720),#1790);
#6720 = PRESENTATION_STYLE_ASSIGNMENT((#6721));
#6721 = SURFACE_STYLE_USAGE(.BOTH.,#6722);
#6722 = SURFACE_SIDE_STYLE('',(#6723));
#6723 = SURFACE_STYLE_FILL_AREA(#6724);
#6724 = FILL_AREA_STYLE('',(#6725));
#6725 = FILL_AREA_STYLE_COLOUR('',#6683);
#6726 = STYLED_ITEM('color',(#6727),#1814);
#6727 = PRESENTATION_STYLE_ASSIGNMENT((#6728));
#6728 = SURFACE_STYLE_USAGE(.BOTH.,#6729);
#6729 = SURFACE_SIDE_STYLE('',(#6730));
#6730 = SURFACE_STYLE_FILL_AREA(#6731);
#6731 = FILL_AREA_STYLE('',(#6732));
#6732 = FILL_AREA_STYLE_COLOUR('',#6683);
#6733 = STYLED_ITEM('color',(#6734),#1831);
#6734 = PRESENTATION_STYLE_ASSIGNMENT((#6735));
#6735 = SURFACE_STYLE_USAGE(.BOTH.,#6736);
#6736 = SURFACE_SIDE_STYLE('',(#6737));
#6737 = SURFACE_STYLE_FILL_AREA(#6738);
#6738 = FILL_AREA_STYLE('',(#6739));
#6739 = FILL_AREA_STYLE_COLOUR('',#6683);
#6740 = STYLED_ITEM('color',(#6741),#1862);
#6741 = PRESENTATION_STYLE_ASSIGNMENT((#6742));
#6742 = SURFACE_STYLE_USAGE(.BOTH.,#6743);
#6743 = SURFACE_SIDE_STYLE('',(#6744));
#6744 = SURFACE_STYLE_FILL_AREA(#6745);
#6745 = FILL_AREA_STYLE('',(#6746));
#6746 = FILL_AREA_STYLE_COLOUR('',#6683);
#6747 = STYLED_ITEM('color',(#6748),#1886);
#6748 = PRESENTATION_STYLE_ASSIGNMENT((#6749));
#6749 = SURFACE_STYLE_USAGE(.BOTH.,#6750);
#6750 = SURFACE_SIDE_STYLE('',(#6751));
#6751 = SURFACE_STYLE_FILL_AREA(#6752);
#6752 = FILL_AREA_STYLE('',(#6753));
#6753 = FILL_AREA_STYLE_COLOUR('',#6683);
#6754 = STYLED_ITEM('color',(#6755),#1910);
#6755 = PRESENTATION_STYLE_ASSIGNMENT((#6756));
#6756 = SURFACE_STYLE_USAGE(.BOTH.,#6757);
#6757 = SURFACE_SIDE_STYLE('',(#6758));
#6758 = SURFACE_STYLE_FILL_AREA(#6759);
#6759 = FILL_AREA_STYLE('',(#6760));
#6760 = FILL_AREA_STYLE_COLOUR('',#6683);
#6761 = STYLED_ITEM('color',(#6762),#1927);
#6762 = PRESENTATION_STYLE_ASSIGNMENT((#6763));
#6763 = SURFACE_STYLE_USAGE(.BOTH.,#6764);
#6764 = SURFACE_SIDE_STYLE('',(#6765));
#6765 = SURFACE_STYLE_FILL_AREA(#6766);
#6766 = FILL_AREA_STYLE('',(#6767));
#6767 = FILL_AREA_STYLE_COLOUR('',#6683);
#6768 = STYLED_ITEM('color',(#6769),#1958);
#6769 = PRESENTATION_STYLE_ASSIGNMENT((#6770));
#6770 = SURFACE_STYLE_USAGE(.BOTH.,#6771);
#6771 = SURFACE_SIDE_STYLE('',(#6772));
#6772 = SURFACE_STYLE_FILL_AREA(#6773);
#6773 = FILL_AREA_STYLE('',(#6774));
#6774 = FILL_AREA_STYLE_COLOUR('',#6683);
#6775 = STYLED_ITEM('color',(#6776),#1982);
#6776 = PRESENTATION_STYLE_ASSIGNMENT((#6777));
#6777 = SURFACE_STYLE_USAGE(.BOTH.,#6778);
#6778 = SURFACE_SIDE_STYLE('',(#6779));
#6779 = SURFACE_STYLE_FILL_AREA(#6780);
#6780 = FILL_AREA_STYLE('',(#6781));
#6781 = FILL_AREA_STYLE_COLOUR('',#6683);
#6782 = STYLED_ITEM('color',(#6783),#2006);
#6783 = PRESENTATION_STYLE_ASSIGNMENT((#6784));
#6784 = SURFACE_STYLE_USAGE(.BOTH.,#6785);
#6785 = SURFACE_SIDE_STYLE('',(#6786));
#6786 = SURFACE_STYLE_FILL_AREA(#6787);
#6787 = FILL_AREA_STYLE('',(#6788));
#6788 = FILL_AREA_STYLE_COLOUR('',#6683);
#6789 = STYLED_ITEM('color',(#6790),#2023);
#6790 = PRESENTATION_STYLE_ASSIGNMENT((#6791));
#6791 = SURFACE_STYLE_USAGE(.BOTH.,#6792);
#6792 = SURFACE_SIDE_STYLE('',(#6793));
#6793 = SURFACE_STYLE_FILL_AREA(#6794);
#6794 = FILL_AREA_STYLE('',(#6795));
#6795 = FILL_AREA_STYLE_COLOUR('',#6683);
#6796 = STYLED_ITEM('color',(#6797),#2054);
#6797 = PRESENTATION_STYLE_ASSIGNMENT((#6798));
#6798 = SURFACE_STYLE_USAGE(.BOTH.,#6799);
#6799 = SURFACE_SIDE_STYLE('',(#6800));
#6800 = SURFACE_STYLE_FILL_AREA(#6801);
#6801 = FILL_AREA_STYLE('',(#6802));
#6802 = FILL_AREA_STYLE_COLOUR('',#6683);
#6803 = STYLED_ITEM('color',(#6804),#2078);
#6804 = PRESENTATION_STYLE_ASSIGNMENT((#6805));
#6805 = SURFACE_STYLE_USAGE(.BOTH.,#6806);
#6806 = SURFACE_SIDE_STYLE('',(#6807));
#6807 = SURFACE_STYLE_FILL_AREA(#6808);
#6808 = FILL_AREA_STYLE('',(#6809));
#6809 = FILL_AREA_STYLE_COLOUR('',#6683);
#6810 = STYLED_ITEM('color',(#6811),#2102);
#6811 = PRESENTATION_STYLE_ASSIGNMENT((#6812));
#6812 = SURFACE_STYLE_USAGE(.BOTH.,#6813);
#6813 = SURFACE_SIDE_STYLE('',(#6814));
#6814 = SURFACE_STYLE_FILL_AREA(#6815);
#6815 = FILL_AREA_STYLE('',(#6816));
#6816 = FILL_AREA_STYLE_COLOUR('',#6683);
#6817 = STYLED_ITEM('color',(#6818),#2119);
#6818 = PRESENTATION_STYLE_ASSIGNMENT((#6819));
#6819 = SURFACE_STYLE_USAGE(.BOTH.,#6820);
#6820 = SURFACE_SIDE_STYLE('',(#6821));
#6821 = SURFACE_STYLE_FILL_AREA(#6822);
#6822 = FILL_AREA_STYLE('',(#6823));
#6823 = FILL_AREA_STYLE_COLOUR('',#6683);
#6824 = STYLED_ITEM('color',(#6825),#2150);
#6825 = PRESENTATION_STYLE_ASSIGNMENT((#6826));
#6826 = SURFACE_STYLE_USAGE(.BOTH.,#6827);
#6827 = SURFACE_SIDE_STYLE('',(#6828));
#6828 = SURFACE_STYLE_FILL_AREA(#6829);
#6829 = FILL_AREA_STYLE('',(#6830));
#6830 = FILL_AREA_STYLE_COLOUR('',#6683);
#6831 = STYLED_ITEM('color',(#6832),#2174);
#6832 = PRESENTATION_STYLE_ASSIGNMENT((#6833));
#6833 = SURFACE_STYLE_USAGE(.BOTH.,#6834);
#6834 = SURFACE_SIDE_STYLE('',(#6835));
#6835 = SURFACE_STYLE_FILL_AREA(#6836);
#6836 = FILL_AREA_STYLE('',(#6837));
#6837 = FILL_AREA_STYLE_COLOUR('',#6683);
#6838 = STYLED_ITEM('color',(#6839),#2198);
#6839 = PRESENTATION_STYLE_ASSIGNMENT((#6840));
#6840 = SURFACE_STYLE_USAGE(.BOTH.,#6841);
#6841 = SURFACE_SIDE_STYLE('',(#6842));
#6842 = SURFACE_STYLE_FILL_AREA(#6843);
#6843 = FILL_AREA_STYLE('',(#6844));
#6844 = FILL_AREA_STYLE_COLOUR('',#6683);
#6845 = STYLED_ITEM('color',(#6846),#2215);
#6846 = PRESENTATION_STYLE_ASSIGNMENT((#6847));
#6847 = SURFACE_STYLE_USAGE(.BOTH.,#6848);
#6848 = SURFACE_SIDE_STYLE('',(#6849));
#6849 = SURFACE_STYLE_FILL_AREA(#6850);
#6850 = FILL_AREA_STYLE('',(#6851));
#6851 = FILL_AREA_STYLE_COLOUR('',#6683);
#6852 = STYLED_ITEM('color',(#6853),#2246);
#6853 = PRESENTATION_STYLE_ASSIGNMENT((#6854));
#6854 = SURFACE_STYLE_USAGE(.BOTH.,#6855);
#6855 = SURFACE_SIDE_STYLE('',(#6856));
#6856 = SURFACE_STYLE_FILL_AREA(#6857);
#6857 = FILL_AREA_STYLE('',(#6858));
#6858 = FILL_AREA_STYLE_COLOUR('',#6683);
#6859 = STYLED_ITEM('color',(#6860),#2270);
#6860 = PRESENTATION_STYLE_ASSIGNMENT((#6861));
#6861 = SURFACE_STYLE_USAGE(.BOTH.,#6862);
#6862 = SURFACE_SIDE_STYLE('',(#6863));
#6863 = SURFACE_STYLE_FILL_AREA(#6864);
#6864 = FILL_AREA_STYLE('',(#6865));
#6865 = FILL_AREA_STYLE_COLOUR('',#6683);
#6866 = STYLED_ITEM('color',(#6867),#2294);
#6867 = PRESENTATION_STYLE_ASSIGNMENT((#6868));
#6868 = SURFACE_STYLE_USAGE(.BOTH.,#6869);
#6869 = SURFACE_SIDE_STYLE('',(#6870));
#6870 = SURFACE_STYLE_FILL_AREA(#6871);
#6871 = FILL_AREA_STYLE('',(#6872));
#6872 = FILL_AREA_STYLE_COLOUR('',#6683);
#6873 = STYLED_ITEM('color',(#6874),#2311);
#6874 = PRESENTATION_STYLE_ASSIGNMENT((#6875));
#6875 = SURFACE_STYLE_USAGE(.BOTH.,#6876);
#6876 = SURFACE_SIDE_STYLE('',(#6877));
#6877 = SURFACE_STYLE_FILL_AREA(#6878);
#6878 = FILL_AREA_STYLE('',(#6879));
#6879 = FILL_AREA_STYLE_COLOUR('',#6683);
#6880 = STYLED_ITEM('color',(#6881),#2342);
#6881 = PRESENTATION_STYLE_ASSIGNMENT((#6882));
#6882 = SURFACE_STYLE_USAGE(.BOTH.,#6883);
#6883 = SURFACE_SIDE_STYLE('',(#6884));
#6884 = SURFACE_STYLE_FILL_AREA(#6885);
#6885 = FILL_AREA_STYLE('',(#6886));
#6886 = FILL_AREA_STYLE_COLOUR('',#6683);
#6887 = STYLED_ITEM('color',(#6888),#2366);
#6888 = PRESENTATION_STYLE_ASSIGNMENT((#6889));
#6889 = SURFACE_STYLE_USAGE(.BOTH.,#6890);
#6890 = SURFACE_SIDE_STYLE('',(#6891));
#6891 = SURFACE_STYLE_FILL_AREA(#6892);
#6892 = FILL_AREA_STYLE('',(#6893));
#6893 = FILL_AREA_STYLE_COLOUR('',#6683);
#6894 = STYLED_ITEM('color',(#6895),#2390);
#6895 = PRESENTATION_STYLE_ASSIGNMENT((#6896));
#6896 = SURFACE_STYLE_USAGE(.BOTH.,#6897);
#6897 = SURFACE_SIDE_STYLE('',(#6898));
#6898 = SURFACE_STYLE_FILL_AREA(#6899);
#6899 = FILL_AREA_STYLE('',(#6900));
#6900 = FILL_AREA_STYLE_COLOUR('',#6683);
#6901 = STYLED_ITEM('color',(#6902),#2407);
#6902 = PRESENTATION_STYLE_ASSIGNMENT((#6903));
#6903 = SURFACE_STYLE_USAGE(.BOTH.,#6904);
#6904 = SURFACE_SIDE_STYLE('',(#6905));
#6905 = SURFACE_STYLE_FILL_AREA(#6906);
#6906 = FILL_AREA_STYLE('',(#6907));
#6907 = FILL_AREA_STYLE_COLOUR('',#6683);
#6908 = STYLED_ITEM('color',(#6909),#2438);
#6909 = PRESENTATION_STYLE_ASSIGNMENT((#6910));
#6910 = SURFACE_STYLE_USAGE(.BOTH.,#6911);
#6911 = SURFACE_SIDE_STYLE('',(#6912));
#6912 = SURFACE_STYLE_FILL_AREA(#6913);
#6913 = FILL_AREA_STYLE('',(#6914));
#6914 = FILL_AREA_STYLE_COLOUR('',#6683);
#6915 = STYLED_ITEM('color',(#6916),#2462);
#6916 = PRESENTATION_STYLE_ASSIGNMENT((#6917));
#6917 = SURFACE_STYLE_USAGE(.BOTH.,#6918);
#6918 = SURFACE_SIDE_STYLE('',(#6919));
#6919 = SURFACE_STYLE_FILL_AREA(#6920);
#6920 = FILL_AREA_STYLE('',(#6921));
#6921 = FILL_AREA_STYLE_COLOUR('',#6683);
#6922 = STYLED_ITEM('color',(#6923),#2486);
#6923 = PRESENTATION_STYLE_ASSIGNMENT((#6924));
#6924 = SURFACE_STYLE_USAGE(.BOTH.,#6925);
#6925 = SURFACE_SIDE_STYLE('',(#6926));
#6926 = SURFACE_STYLE_FILL_AREA(#6927);
#6927 = FILL_AREA_STYLE('',(#6928));
#6928 = FILL_AREA_STYLE_COLOUR('',#6683);
#6929 = STYLED_ITEM('color',(#6930),#2503);
#6930 = PRESENTATION_STYLE_ASSIGNMENT((#6931));
#6931 = SURFACE_STYLE_USAGE(.BOTH.,#6932);
#6932 = SURFACE_SIDE_STYLE('',(#6933));
#6933 = SURFACE_STYLE_FILL_AREA(#6934);
#6934 = FILL_AREA_STYLE('',(#6935));
#6935 = FILL_AREA_STYLE_COLOUR('',#6683);
#6936 = STYLED_ITEM('color',(#6937),#2534);
#6937 = PRESENTATION_STYLE_ASSIGNMENT((#6938));
#6938 = SURFACE_STYLE_USAGE(.BOTH.,#6939);
#6939 = SURFACE_SIDE_STYLE('',(#6940));
#6940 = SURFACE_STYLE_FILL_AREA(#6941);
#6941 = FILL_AREA_STYLE('',(#6942));
#6942 = FILL_AREA_STYLE_COLOUR('',#6683);
#6943 = STYLED_ITEM('color',(#6944),#2558);
#6944 = PRESENTATION_STYLE_ASSIGNMENT((#6945));
#6945 = SURFACE_STYLE_USAGE(.BOTH.,#6946);
#6946 = SURFACE_SIDE_STYLE('',(#6947));
#6947 = SURFACE_STYLE_FILL_AREA(#6948);
#6948 = FILL_AREA_STYLE('',(#6949));
#6949 = FILL_AREA_STYLE_COLOUR('',#6683);
#6950 = STYLED_ITEM('color',(#6951),#2582);
#6951 = PRESENTATION_STYLE_ASSIGNMENT((#6952));
#6952 = SURFACE_STYLE_USAGE(.BOTH.,#6953);
#6953 = SURFACE_SIDE_STYLE('',(#6954));
#6954 = SURFACE_STYLE_FILL_AREA(#6955);
#6955 = FILL_AREA_STYLE('',(#6956));
#6956 = FILL_AREA_STYLE_COLOUR('',#6683);
#6957 = STYLED_ITEM('color',(#6958),#2599);
#6958 = PRESENTATION_STYLE_ASSIGNMENT((#6959));
#6959 = SURFACE_STYLE_USAGE(.BOTH.,#6960);
#6960 = SURFACE_SIDE_STYLE('',(#6961));
#6961 = SURFACE_STYLE_FILL_AREA(#6962);
#6962 = FILL_AREA_STYLE('',(#6963));
#6963 = FILL_AREA_STYLE_COLOUR('',#6683);
#6964 = STYLED_ITEM('color',(#6965),#2630);
#6965 = PRESENTATION_STYLE_ASSIGNMENT((#6966));
#6966 = SURFACE_STYLE_USAGE(.BOTH.,#6967);
#6967 = SURFACE_SIDE_STYLE('',(#6968));
#6968 = SURFACE_STYLE_FILL_AREA(#6969);
#6969 = FILL_AREA_STYLE('',(#6970));
#6970 = FILL_AREA_STYLE_COLOUR('',#6683);
#6971 = STYLED_ITEM('color',(#6972),#2654);
#6972 = PRESENTATION_STYLE_ASSIGNMENT((#6973));
#6973 = SURFACE_STYLE_USAGE(.BOTH.,#6974);
#6974 = SURFACE_SIDE_STYLE('',(#6975));
#6975 = SURFACE_STYLE_FILL_AREA(#6976);
#6976 = FILL_AREA_STYLE('',(#6977));
#6977 = FILL_AREA_STYLE_COLOUR('',#6683);
#6978 = STYLED_ITEM('color',(#6979),#2678);
#6979 = PRESENTATION_STYLE_ASSIGNMENT((#6980));
#6980 = SURFACE_STYLE_USAGE(.BOTH.,#6981);
#6981 = SURFACE_SIDE_STYLE('',(#6982));
#6982 = SURFACE_STYLE_FILL_AREA(#6983);
#6983 = FILL_AREA_STYLE('',(#6984));
#6984 = FILL_AREA_STYLE_COLOUR('',#6683);
#6985 = STYLED_ITEM('color',(#6986),#2695);
#6986 = PRESENTATION_STYLE_ASSIGNMENT((#6987));
#6987 = SURFACE_STYLE_USAGE(.BOTH.,#6988);
#6988 = SURFACE_SIDE_STYLE('',(#6989));
#6989 = SURFACE_STYLE_FILL_AREA(#6990);
#6990 = FILL_AREA_STYLE('',(#6991));
#6991 = FILL_AREA_STYLE_COLOUR('',#6683);
#6992 = STYLED_ITEM('color',(#6993),#2726);
#6993 = PRESENTATION_STYLE_ASSIGNMENT((#6994));
#6994 = SURFACE_STYLE_USAGE(.BOTH.,#6995);
#6995 = SURFACE_SIDE_STYLE('',(#6996));
#6996 = SURFACE_STYLE_FILL_AREA(#6997);
#6997 = FILL_AREA_STYLE('',(#6998));
#6998 = FILL_AREA_STYLE_COLOUR('',#6683);
#6999 = STYLED_ITEM('color',(#7000),#2750);
#7000 = PRESENTATION_STYLE_ASSIGNMENT((#7001));
#7001 = SURFACE_STYLE_USAGE(.BOTH.,#7002);
#7002 = SURFACE_SIDE_STYLE('',(#7003));
#7003 = SURFACE_STYLE_FILL_AREA(#7004);
#7004 = FILL_AREA_STYLE('',(#7005));
#7005 = FILL_AREA_STYLE_COLOUR('',#6683);
#7006 = STYLED_ITEM('color',(#7007),#2774);
#7007 = PRESENTATION_STYLE_ASSIGNMENT((#7008));
#7008 = SURFACE_STYLE_USAGE(.BOTH.,#7009);
#7009 = SURFACE_SIDE_STYLE('',(#7010));
#7010 = SURFACE_STYLE_FILL_AREA(#7011);
#7011 = FILL_AREA_STYLE('',(#7012));
#7012 = FILL_AREA_STYLE_COLOUR('',#6683);
#7013 = STYLED_ITEM('color',(#7014),#2791);
#7014 = PRESENTATION_STYLE_ASSIGNMENT((#7015));
#7015 = SURFACE_STYLE_USAGE(.BOTH.,#7016);
#7016 = SURFACE_SIDE_STYLE('',(#7017));
#7017 = SURFACE_STYLE_FILL_AREA(#7018);
#7018 = FILL_AREA_STYLE('',(#7019));
#7019 = FILL_AREA_STYLE_COLOUR('',#6683);
#7020 = STYLED_ITEM('color',(#7021),#2822);
#7021 = PRESENTATION_STYLE_ASSIGNMENT((#7022));
#7022 = SURFACE_STYLE_USAGE(.BOTH.,#7023);
#7023 = SURFACE_SIDE_STYLE('',(#7024));
#7024 = SURFACE_STYLE_FILL_AREA(#7025);
#7025 = FILL_AREA_STYLE('',(#7026));
#7026 = FILL_AREA_STYLE_COLOUR('',#6683);
#7027 = STYLED_ITEM('color',(#7028),#2846);
#7028 = PRESENTATION_STYLE_ASSIGNMENT((#7029));
#7029 = SURFACE_STYLE_USAGE(.BOTH.,#7030);
#7030 = SURFACE_SIDE_STYLE('',(#7031));
#7031 = SURFACE_STYLE_FILL_AREA(#7032);
#7032 = FILL_AREA_STYLE('',(#7033));
#7033 = FILL_AREA_STYLE_COLOUR('',#6683);
#7034 = STYLED_ITEM('color',(#7035),#2870);
#7035 = PRESENTATION_STYLE_ASSIGNMENT((#7036));
#7036 = SURFACE_STYLE_USAGE(.BOTH.,#7037);
#7037 = SURFACE_SIDE_STYLE('',(#7038));
#7038 = SURFACE_STYLE_FILL_AREA(#7039);
#7039 = FILL_AREA_STYLE('',(#7040));
#7040 = FILL_AREA_STYLE_COLOUR('',#6683);
#7041 = STYLED_ITEM('color',(#7042),#2887);
#7042 = PRESENTATION_STYLE_ASSIGNMENT((#7043));
#7043 = SURFACE_STYLE_USAGE(.BOTH.,#7044);
#7044 = SURFACE_SIDE_STYLE('',(#7045));
#7045 = SURFACE_STYLE_FILL_AREA(#7046);
#7046 = FILL_AREA_STYLE('',(#7047));
#7047 = FILL_AREA_STYLE_COLOUR('',#6683);
#7048 = STYLED_ITEM('color',(#7049),#2918);
#7049 = PRESENTATION_STYLE_ASSIGNMENT((#7050));
#7050 = SURFACE_STYLE_USAGE(.BOTH.,#7051);
#7051 = SURFACE_SIDE_STYLE('',(#7052));
#7052 = SURFACE_STYLE_FILL_AREA(#7053);
#7053 = FILL_AREA_STYLE('',(#7054));
#7054 = FILL_AREA_STYLE_COLOUR('',#6683);
#7055 = STYLED_ITEM('color',(#7056),#2942);
#7056 = PRESENTATION_STYLE_ASSIGNMENT((#7057));
#7057 = SURFACE_STYLE_USAGE(.BOTH.,#7058);
#7058 = SURFACE_SIDE_STYLE('',(#7059));
#7059 = SURFACE_STYLE_FILL_AREA(#7060);
#7060 = FILL_AREA_STYLE('',(#7061));
#7061 = FILL_AREA_STYLE_COLOUR('',#6683);
#7062 = STYLED_ITEM('color',(#7063),#2966);
#7063 = PRESENTATION_STYLE_ASSIGNMENT((#7064));
#7064 = SURFACE_STYLE_USAGE(.BOTH.,#7065);
#7065 = SURFACE_SIDE_STYLE('',(#7066));
#7066 = SURFACE_STYLE_FILL_AREA(#7067);
#7067 = FILL_AREA_STYLE('',(#7068));
#7068 = FILL_AREA_STYLE_COLOUR('',#6683);
#7069 = STYLED_ITEM('color',(#7070),#2983);
#7070 = PRESENTATION_STYLE_ASSIGNMENT((#7071));
#7071 = SURFACE_STYLE_USAGE(.BOTH.,#7072);
#7072 = SURFACE_SIDE_STYLE('',(#7073));
#7073 = SURFACE_STYLE_FILL_AREA(#7074);
#7074 = FILL_AREA_STYLE('',(#7075));
#7075 = FILL_AREA_STYLE_COLOUR('',#6683);
#7076 = STYLED_ITEM('color',(#7077),#3014);
#7077 = PRESENTATION_STYLE_ASSIGNMENT((#7078));
#7078 = SURFACE_STYLE_USAGE(.BOTH.,#7079);
#7079 = SURFACE_SIDE_STYLE('',(#7080));
#7080 = SURFACE_STYLE_FILL_AREA(#7081);
#7081 = FILL_AREA_STYLE('',(#7082));
#7082 = FILL_AREA_STYLE_COLOUR('',#6683);
#7083 = STYLED_ITEM('color',(#7084),#3038);
#7084 = PRESENTATION_STYLE_ASSIGNMENT((#7085));
#7085 = SURFACE_STYLE_USAGE(.BOTH.,#7086);
#7086 = SURFACE_SIDE_STYLE('',(#7087));
#7087 = SURFACE_STYLE_FILL_AREA(#7088);
#7088 = FILL_AREA_STYLE('',(#7089));
#7089 = FILL_AREA_STYLE_COLOUR('',#6683);
#7090 = STYLED_ITEM('color',(#7091),#3062);
#7091 = PRESENTATION_STYLE_ASSIGNMENT((#7092));
#7092 = SURFACE_STYLE_USAGE(.BOTH.,#7093);
#7093 = SURFACE_SIDE_STYLE('',(#7094));
#7094 = SURFACE_STYLE_FILL_AREA(#7095);
#7095 = FILL_AREA_STYLE('',(#7096));
#7096 = FILL_AREA_STYLE_COLOUR('',#6683);
#7097 = STYLED_ITEM('color',(#7098),#3079);
#7098 = PRESENTATION_STYLE_ASSIGNMENT((#7099));
#7099 = SURFACE_STYLE_USAGE(.BOTH.,#7100);
#7100 = SURFACE_SIDE_STYLE('',(#7101));
#7101 = SURFACE_STYLE_FILL_AREA(#7102);
#7102 = FILL_AREA_STYLE('',(#7103));
#7103 = FILL_AREA_STYLE_COLOUR('',#6683);
#7104 = STYLED_ITEM('color',(#7105),#3110);
#7105 = PRESENTATION_STYLE_ASSIGNMENT((#7106));
#7106 = SURFACE_STYLE_USAGE(.BOTH.,#7107);
#7107 = SURFACE_SIDE_STYLE('',(#7108));
#7108 = SURFACE_STYLE_FILL_AREA(#7109);
#7109 = FILL_AREA_STYLE('',(#7110));
#7110 = FILL_AREA_STYLE_COLOUR('',#6683);
#7111 = STYLED_ITEM('color',(#7112),#3134);
#7112 = PRESENTATION_STYLE_ASSIGNMENT((#7113));
#7113 = SURFACE_STYLE_USAGE(.BOTH.,#7114);
#7114 = SURFACE_SIDE_STYLE('',(#7115));
#7115 = SURFACE_STYLE_FILL_AREA(#7116);
#7116 = FILL_AREA_STYLE('',(#7117));
#7117 = FILL_AREA_STYLE_COLOUR('',#6683);
#7118 = STYLED_ITEM('color',(#7119),#3158);
#7119 = PRESENTATION_STYLE_ASSIGNMENT((#7120));
#7120 = SURFACE_STYLE_USAGE(.BOTH.,#7121);
#7121 = SURFACE_SIDE_STYLE('',(#7122));
#7122 = SURFACE_STYLE_FILL_AREA(#7123);
#7123 = FILL_AREA_STYLE('',(#7124));
#7124 = FILL_AREA_STYLE_COLOUR('',#6683);
#7125 = STYLED_ITEM('color',(#7126),#3175);
#7126 = PRESENTATION_STYLE_ASSIGNMENT((#7127));
#7127 = SURFACE_STYLE_USAGE(.BOTH.,#7128);
#7128 = SURFACE_SIDE_STYLE('',(#7129));
#7129 = SURFACE_STYLE_FILL_AREA(#7130);
#7130 = FILL_AREA_STYLE('',(#7131));
#7131 = FILL_AREA_STYLE_COLOUR('',#6683);
#7132 = STYLED_ITEM('color',(#7133),#3187);
#7133 = PRESENTATION_STYLE_ASSIGNMENT((#7134));
#7134 = SURFACE_STYLE_USAGE(.BOTH.,#7135);
#7135 = SURFACE_SIDE_STYLE('',(#7136));
#7136 = SURFACE_STYLE_FILL_AREA(#7137);
#7137 = FILL_AREA_STYLE('',(#7138));
#7138 = FILL_AREA_STYLE_COLOUR('',#6683);
#7139 = STYLED_ITEM('color',(#7140),#3199);
#7140 = PRESENTATION_STYLE_ASSIGNMENT((#7141));
#7141 = SURFACE_STYLE_USAGE(.BOTH.,#7142);
#7142 = SURFACE_SIDE_STYLE('',(#7143));
#7143 = SURFACE_STYLE_FILL_AREA(#7144);
#7144 = FILL_AREA_STYLE('',(#7145));
#7145 = FILL_AREA_STYLE_COLOUR('',#6683);
#7146 = STYLED_ITEM('color',(#7147),#3211);
#7147 = PRESENTATION_STYLE_ASSIGNMENT((#7148));
#7148 = SURFACE_STYLE_USAGE(.BOTH.,#7149);
#7149 = SURFACE_SIDE_STYLE('',(#7150));
#7150 = SURFACE_STYLE_FILL_AREA(#7151);
#7151 = FILL_AREA_STYLE('',(#7152));
#7152 = FILL_AREA_STYLE_COLOUR('',#6683);
#7153 = STYLED_ITEM('color',(#7154),#3223);
#7154 = PRESENTATION_STYLE_ASSIGNMENT((#7155));
#7155 = SURFACE_STYLE_USAGE(.BOTH.,#7156);
#7156 = SURFACE_SIDE_STYLE('',(#7157));
#7157 = SURFACE_STYLE_FILL_AREA(#7158);
#7158 = FILL_AREA_STYLE('',(#7159));
#7159 = FILL_AREA_STYLE_COLOUR('',#6683);
#7160 = STYLED_ITEM('color',(#7161),#3235);
#7161 = PRESENTATION_STYLE_ASSIGNMENT((#7162));
#7162 = SURFACE_STYLE_USAGE(.BOTH.,#7163);
#7163 = SURFACE_SIDE_STYLE('',(#7164));
#7164 = SURFACE_STYLE_FILL_AREA(#7165);
#7165 = FILL_AREA_STYLE('',(#7166));
#7166 = FILL_AREA_STYLE_COLOUR('',#6683);
#7167 = STYLED_ITEM('color',(#7168),#3247);
#7168 = PRESENTATION_STYLE_ASSIGNMENT((#7169));
#7169 = SURFACE_STYLE_USAGE(.BOTH.,#7170);
#7170 = SURFACE_SIDE_STYLE('',(#7171));
#7171 = SURFACE_STYLE_FILL_AREA(#7172);
#7172 = FILL_AREA_STYLE('',(#7173));
#7173 = FILL_AREA_STYLE_COLOUR('',#6683);
#7174 = STYLED_ITEM('color',(#7175),#3259);
#7175 = PRESENTATION_STYLE_ASSIGNMENT((#7176));
#7176 = SURFACE_STYLE_USAGE(.BOTH.,#7177);
#7177 = SURFACE_SIDE_STYLE('',(#7178));
#7178 = SURFACE_STYLE_FILL_AREA(#7179);
#7179 = FILL_AREA_STYLE('',(#7180));
#7180 = FILL_AREA_STYLE_COLOUR('',#6683);
ENDSEC;
END-ISO-10303-21;
