ISO-10303-21;
HEADER;
/* Generated by software containing ST-Developer
 * from STEP Tools, Inc. (www.steptools.com) 
 */

FILE_DESCRIPTION(
/* description */ (''),
/* implementation_level */ '2;1');

FILE_NAME(
/* name */ 'hydropad_assembly.step',
/* time_stamp */ '2026-06-05T00:55:28+09:00',
/* author */ (''),
/* organization */ (''),
/* preprocessor_version */ 'ST-DEVELOPER v20.1',
/* originating_system */ 'Autodesk Translation Framework v15.8.0.0',
/* authorisation */ '');

FILE_SCHEMA (('AUTOMOTIVE_DESIGN { 1 0 10303 214 3 1 1 }'));
ENDSEC;

DATA;
#10=MECHANICAL_DESIGN_GEOMETRIC_PRESENTATION_REPRESENTATION('',(#118,#119,
#120,#121,#122,#123,#124,#125,#126,#127,#128,#129,#130,#131,#132,#133,#134,
#135,#136,#137,#138,#139,#140,#141,#142,#143,#144,#145,#146,#147,#148,#149,
#150,#151,#152,#153,#154,#155,#156,#157,#158,#159,#160,#161,#162,#163,#164,
#165,#166,#167,#168,#169,#170,#171,#172,#173,#174,#175,#176,#177,#178,#179,
#180,#181,#182,#183,#184,#185,#186,#187,#188,#189,#190,#191,#192,#193,#194,
#195,#196,#197,#198,#199,#200,#201,#202,#203,#204,#205,#206,#207,#208,#209,
#210,#211,#212,#213,#214,#215,#216,#217,#218,#219,#220,#221,#222,#223,#224,
#225,#226,#227,#228,#229,#230,#231,#232,#233,#234,#235,#236,#237,#238,#239,
#240,#241),#12669);
#11=CONTEXT_DEPENDENT_OVER_RIDING_STYLED_ITEM('',(#12806),#12727,#241,(#52));
#12=CONTEXT_DEPENDENT_OVER_RIDING_STYLED_ITEM('',(#12807),#12728,#241,(#53));
#13=MAPPED_ITEM('',#14,#8338);
#14=REPRESENTATION_MAP(#8338,#12726);
#15=ITEM_DEFINED_TRANSFORMATION($,$,#7960,#8061);
#16=ITEM_DEFINED_TRANSFORMATION($,$,#8278,#8317);
#17=ITEM_DEFINED_TRANSFORMATION($,$,#8278,#8318);
#18=ITEM_DEFINED_TRANSFORMATION($,$,#8278,#8319);
#19=ITEM_DEFINED_TRANSFORMATION($,$,#8278,#8320);
#20=ITEM_DEFINED_TRANSFORMATION($,$,#8278,#8321);
#21=ITEM_DEFINED_TRANSFORMATION($,$,#8278,#8322);
#22=ITEM_DEFINED_TRANSFORMATION($,$,#7958,#8323);
#23=ITEM_DEFINED_TRANSFORMATION($,$,#7959,#8324);
#24=ITEM_DEFINED_TRANSFORMATION($,$,#8062,#8325);
#25=ITEM_DEFINED_TRANSFORMATION($,$,#8273,#8326);
#26=ITEM_DEFINED_TRANSFORMATION($,$,#8274,#8327);
#27=ITEM_DEFINED_TRANSFORMATION($,$,#8275,#8328);
#28=ITEM_DEFINED_TRANSFORMATION($,$,#8276,#8329);
#29=ITEM_DEFINED_TRANSFORMATION($,$,#8277,#8330);
#30=ITEM_DEFINED_TRANSFORMATION($,$,#7568,#8331);
#31=ITEM_DEFINED_TRANSFORMATION($,$,#7704,#8332);
#32=ITEM_DEFINED_TRANSFORMATION($,$,#7883,#8333);
#33=ITEM_DEFINED_TRANSFORMATION($,$,#7883,#8334);
#34=ITEM_DEFINED_TRANSFORMATION($,$,#7883,#8335);
#35=ITEM_DEFINED_TRANSFORMATION($,$,#7883,#8336);
#36=ITEM_DEFINED_TRANSFORMATION($,$,#7957,#8337);
#37=(
REPRESENTATION_RELATIONSHIP($,$,#12733,#12732)
REPRESENTATION_RELATIONSHIP_WITH_TRANSFORMATION(#15)
SHAPE_REPRESENTATION_RELATIONSHIP()
);
#38=(
REPRESENTATION_RELATIONSHIP($,$,#12740,#12731)
REPRESENTATION_RELATIONSHIP_WITH_TRANSFORMATION(#16)
SHAPE_REPRESENTATION_RELATIONSHIP()
);
#39=(
REPRESENTATION_RELATIONSHIP($,$,#12740,#12735)
REPRESENTATION_RELATIONSHIP_WITH_TRANSFORMATION(#17)
SHAPE_REPRESENTATION_RELATIONSHIP()
);
#40=(
REPRESENTATION_RELATIONSHIP($,$,#12740,#12736)
REPRESENTATION_RELATIONSHIP_WITH_TRANSFORMATION(#18)
SHAPE_REPRESENTATION_RELATIONSHIP()
);
#41=(
REPRESENTATION_RELATIONSHIP($,$,#12740,#12737)
REPRESENTATION_RELATIONSHIP_WITH_TRANSFORMATION(#19)
SHAPE_REPRESENTATION_RELATIONSHIP()
);
#42=(
REPRESENTATION_RELATIONSHIP($,$,#12740,#12738)
REPRESENTATION_RELATIONSHIP_WITH_TRANSFORMATION(#20)
SHAPE_REPRESENTATION_RELATIONSHIP()
);
#43=(
REPRESENTATION_RELATIONSHIP($,$,#12740,#12739)
REPRESENTATION_RELATIONSHIP_WITH_TRANSFORMATION(#21)
SHAPE_REPRESENTATION_RELATIONSHIP()
);
#44=(
REPRESENTATION_RELATIONSHIP($,$,#12731,#12730)
REPRESENTATION_RELATIONSHIP_WITH_TRANSFORMATION(#22)
SHAPE_REPRESENTATION_RELATIONSHIP()
);
#45=(
REPRESENTATION_RELATIONSHIP($,$,#12732,#12730)
REPRESENTATION_RELATIONSHIP_WITH_TRANSFORMATION(#23)
SHAPE_REPRESENTATION_RELATIONSHIP()
);
#46=(
REPRESENTATION_RELATIONSHIP($,$,#12734,#12730)
REPRESENTATION_RELATIONSHIP_WITH_TRANSFORMATION(#24)
SHAPE_REPRESENTATION_RELATIONSHIP()
);
#47=(
REPRESENTATION_RELATIONSHIP($,$,#12735,#12730)
REPRESENTATION_RELATIONSHIP_WITH_TRANSFORMATION(#25)
SHAPE_REPRESENTATION_RELATIONSHIP()
);
#48=(
REPRESENTATION_RELATIONSHIP($,$,#12736,#12730)
REPRESENTATION_RELATIONSHIP_WITH_TRANSFORMATION(#26)
SHAPE_REPRESENTATION_RELATIONSHIP()
);
#49=(
REPRESENTATION_RELATIONSHIP($,$,#12737,#12730)
REPRESENTATION_RELATIONSHIP_WITH_TRANSFORMATION(#27)
SHAPE_REPRESENTATION_RELATIONSHIP()
);
#50=(
REPRESENTATION_RELATIONSHIP($,$,#12738,#12730)
REPRESENTATION_RELATIONSHIP_WITH_TRANSFORMATION(#28)
SHAPE_REPRESENTATION_RELATIONSHIP()
);
#51=(
REPRESENTATION_RELATIONSHIP($,$,#12739,#12730)
REPRESENTATION_RELATIONSHIP_WITH_TRANSFORMATION(#29)
SHAPE_REPRESENTATION_RELATIONSHIP()
);
#52=(
REPRESENTATION_RELATIONSHIP($,$,#12727,#12726)
REPRESENTATION_RELATIONSHIP_WITH_TRANSFORMATION(#30)
SHAPE_REPRESENTATION_RELATIONSHIP()
);
#53=(
REPRESENTATION_RELATIONSHIP($,$,#12728,#12726)
REPRESENTATION_RELATIONSHIP_WITH_TRANSFORMATION(#31)
SHAPE_REPRESENTATION_RELATIONSHIP()
);
#54=(
REPRESENTATION_RELATIONSHIP($,$,#12729,#12726)
REPRESENTATION_RELATIONSHIP_WITH_TRANSFORMATION(#32)
SHAPE_REPRESENTATION_RELATIONSHIP()
);
#55=(
REPRESENTATION_RELATIONSHIP($,$,#12729,#12726)
REPRESENTATION_RELATIONSHIP_WITH_TRANSFORMATION(#33)
SHAPE_REPRESENTATION_RELATIONSHIP()
);
#56=(
REPRESENTATION_RELATIONSHIP($,$,#12729,#12726)
REPRESENTATION_RELATIONSHIP_WITH_TRANSFORMATION(#34)
SHAPE_REPRESENTATION_RELATIONSHIP()
);
#57=(
REPRESENTATION_RELATIONSHIP($,$,#12729,#12726)
REPRESENTATION_RELATIONSHIP_WITH_TRANSFORMATION(#35)
SHAPE_REPRESENTATION_RELATIONSHIP()
);
#58=(
REPRESENTATION_RELATIONSHIP($,$,#12730,#12726)
REPRESENTATION_RELATIONSHIP_WITH_TRANSFORMATION(#36)
SHAPE_REPRESENTATION_RELATIONSHIP()
);
#59=CONTEXT_DEPENDENT_SHAPE_REPRESENTATION(#37,#12697);
#60=CONTEXT_DEPENDENT_SHAPE_REPRESENTATION(#38,#12705);
#61=CONTEXT_DEPENDENT_SHAPE_REPRESENTATION(#39,#12706);
#62=CONTEXT_DEPENDENT_SHAPE_REPRESENTATION(#40,#12707);
#63=CONTEXT_DEPENDENT_SHAPE_REPRESENTATION(#41,#12708);
#64=CONTEXT_DEPENDENT_SHAPE_REPRESENTATION(#42,#12709);
#65=CONTEXT_DEPENDENT_SHAPE_REPRESENTATION(#43,#12710);
#66=CONTEXT_DEPENDENT_SHAPE_REPRESENTATION(#44,#12711);
#67=CONTEXT_DEPENDENT_SHAPE_REPRESENTATION(#45,#12712);
#68=CONTEXT_DEPENDENT_SHAPE_REPRESENTATION(#46,#12713);
#69=CONTEXT_DEPENDENT_SHAPE_REPRESENTATION(#47,#12714);
#70=CONTEXT_DEPENDENT_SHAPE_REPRESENTATION(#48,#12715);
#71=CONTEXT_DEPENDENT_SHAPE_REPRESENTATION(#49,#12716);
#72=CONTEXT_DEPENDENT_SHAPE_REPRESENTATION(#50,#12717);
#73=CONTEXT_DEPENDENT_SHAPE_REPRESENTATION(#51,#12718);
#74=CONTEXT_DEPENDENT_SHAPE_REPRESENTATION(#52,#12719);
#75=CONTEXT_DEPENDENT_SHAPE_REPRESENTATION(#53,#12720);
#76=CONTEXT_DEPENDENT_SHAPE_REPRESENTATION(#54,#12721);
#77=CONTEXT_DEPENDENT_SHAPE_REPRESENTATION(#55,#12722);
#78=CONTEXT_DEPENDENT_SHAPE_REPRESENTATION(#56,#12723);
#79=CONTEXT_DEPENDENT_SHAPE_REPRESENTATION(#57,#12724);
#80=CONTEXT_DEPENDENT_SHAPE_REPRESENTATION(#58,#12725);
#81=NEXT_ASSEMBLY_USAGE_OCCURRENCE('PinHeader_1x04_P254mm_Vertical:1',
'PinHeader_1x04_P254mm_Vertical:1','PinHeader_1x04_P254mm_Vertical:1',#12748,
#12749,'PinHeader_1x04_P254mm_Vertical:1');
#82=NEXT_ASSEMBLY_USAGE_OCCURRENCE('D_DO-35_SOD27_P7.62mm_Horizontal:1',
'D_DO-35_SOD27_P7.62mm_Horizontal:1',
'D_DO-35_SOD27_P7.62mm_Horizontal:1',#12747,#12756,
'D_DO-35_SOD27_P7.62mm_Horizontal:1');
#83=NEXT_ASSEMBLY_USAGE_OCCURRENCE('D_DO-35_SOD27_P7.62mm_Horizontal:1',
'D_DO-35_SOD27_P7.62mm_Horizontal:1',
'D_DO-35_SOD27_P7.62mm_Horizontal:1',#12751,#12756,
'D_DO-35_SOD27_P7.62mm_Horizontal:1');
#84=NEXT_ASSEMBLY_USAGE_OCCURRENCE('D_DO-35_SOD27_P7.62mm_Horizontal:1',
'D_DO-35_SOD27_P7.62mm_Horizontal:1',
'D_DO-35_SOD27_P7.62mm_Horizontal:1',#12752,#12756,
'D_DO-35_SOD27_P7.62mm_Horizontal:1');
#85=NEXT_ASSEMBLY_USAGE_OCCURRENCE('D_DO-35_SOD27_P7.62mm_Horizontal:1',
'D_DO-35_SOD27_P7.62mm_Horizontal:1',
'D_DO-35_SOD27_P7.62mm_Horizontal:1',#12753,#12756,
'D_DO-35_SOD27_P7.62mm_Horizontal:1');
#86=NEXT_ASSEMBLY_USAGE_OCCURRENCE('D_DO-35_SOD27_P7.62mm_Horizontal:1',
'D_DO-35_SOD27_P7.62mm_Horizontal:1',
'D_DO-35_SOD27_P7.62mm_Horizontal:1',#12754,#12756,
'D_DO-35_SOD27_P7.62mm_Horizontal:1');
#87=NEXT_ASSEMBLY_USAGE_OCCURRENCE('D_DO-35_SOD27_P7.62mm_Horizontal:1',
'D_DO-35_SOD27_P7.62mm_Horizontal:1',
'D_DO-35_SOD27_P7.62mm_Horizontal:1',#12755,#12756,
'D_DO-35_SOD27_P7.62mm_Horizontal:1');
#88=NEXT_ASSEMBLY_USAGE_OCCURRENCE(
'D_DO-35_SOD27_P7.62mm_Horizontal (1):1',
'D_DO-35_SOD27_P7.62mm_Horizontal (1):1',
'D_DO-35_SOD27_P7.62mm_Horizontal (1):1',#12746,#12747,
'D_DO-35_SOD27_P7.62mm_Horizontal (1):1');
#89=NEXT_ASSEMBLY_USAGE_OCCURRENCE('PinHeader_1x04_P2.54mm_Vertical:1',
'PinHeader_1x04_P2.54mm_Vertical:1','PinHeader_1x04_P2.54mm_Vertical:1',
#12746,#12748,'PinHeader_1x04_P2.54mm_Vertical:1');
#90=NEXT_ASSEMBLY_USAGE_OCCURRENCE('hydropad_PCB:1','hydropad_PCB:1',
'hydropad_PCB:1',#12746,#12750,'hydropad_PCB:1');
#91=NEXT_ASSEMBLY_USAGE_OCCURRENCE(
'D_DO-35_SOD27_P7.62mm_Horizontal (1):2',
'D_DO-35_SOD27_P7.62mm_Horizontal (1):2',
'D_DO-35_SOD27_P7.62mm_Horizontal (1):2',#12746,#12751,
'D_DO-35_SOD27_P7.62mm_Horizontal (1):2');
#92=NEXT_ASSEMBLY_USAGE_OCCURRENCE(
'D_DO-35_SOD27_P7.62mm_Horizontal (1):3',
'D_DO-35_SOD27_P7.62mm_Horizontal (1):3',
'D_DO-35_SOD27_P7.62mm_Horizontal (1):3',#12746,#12752,
'D_DO-35_SOD27_P7.62mm_Horizontal (1):3');
#93=NEXT_ASSEMBLY_USAGE_OCCURRENCE(
'D_DO-35_SOD27_P7.62mm_Horizontal (1):4',
'D_DO-35_SOD27_P7.62mm_Horizontal (1):4',
'D_DO-35_SOD27_P7.62mm_Horizontal (1):4',#12746,#12753,
'D_DO-35_SOD27_P7.62mm_Horizontal (1):4');
#94=NEXT_ASSEMBLY_USAGE_OCCURRENCE(
'D_DO-35_SOD27_P7.62mm_Horizontal (1):5',
'D_DO-35_SOD27_P7.62mm_Horizontal (1):5',
'D_DO-35_SOD27_P7.62mm_Horizontal (1):5',#12746,#12754,
'D_DO-35_SOD27_P7.62mm_Horizontal (1):5');
#95=NEXT_ASSEMBLY_USAGE_OCCURRENCE(
'D_DO-35_SOD27_P7.62mm_Horizontal (1):6',
'D_DO-35_SOD27_P7.62mm_Horizontal (1):6',
'D_DO-35_SOD27_P7.62mm_Horizontal (1):6',#12746,#12755,
'D_DO-35_SOD27_P7.62mm_Horizontal (1):6');
#96=NEXT_ASSEMBLY_USAGE_OCCURRENCE('hydropad_top:1','hydropad_top:1',
'hydropad_top:1',#12742,#12743,'hydropad_top:1');
#97=NEXT_ASSEMBLY_USAGE_OCCURRENCE('hydropad_top:1','hydropad_top:1',
'hydropad_top:1',#12742,#12744,'hydropad_top:1');
#98=NEXT_ASSEMBLY_USAGE_OCCURRENCE(
'Pan Head Screw JIS B 1111 - M3 x 16 - Z Steel 4.6 Plain:1',
'Pan Head Screw JIS B 1111 - M3 x 16 - Z Steel 4.6 Plain:1',
'Pan Head Screw JIS B 1111 - M3 x 16 - Z Steel 4.6 Plain:1',#12742,#12745,
'Pan Head Screw JIS B 1111 - M3 x 16 - Z Steel 4.6 Plain:1');
#99=NEXT_ASSEMBLY_USAGE_OCCURRENCE(
'Pan Head Screw JIS B 1111 - M3 x 16 - Z Steel 4.6 Plain:2',
'Pan Head Screw JIS B 1111 - M3 x 16 - Z Steel 4.6 Plain:2',
'Pan Head Screw JIS B 1111 - M3 x 16 - Z Steel 4.6 Plain:2',#12742,#12745,
'Pan Head Screw JIS B 1111 - M3 x 16 - Z Steel 4.6 Plain:2');
#100=NEXT_ASSEMBLY_USAGE_OCCURRENCE(
'Pan Head Screw JIS B 1111 - M3 x 16 - Z Steel 4.6 Plain:3',
'Pan Head Screw JIS B 1111 - M3 x 16 - Z Steel 4.6 Plain:3',
'Pan Head Screw JIS B 1111 - M3 x 16 - Z Steel 4.6 Plain:3',#12742,#12745,
'Pan Head Screw JIS B 1111 - M3 x 16 - Z Steel 4.6 Plain:3');
#101=NEXT_ASSEMBLY_USAGE_OCCURRENCE(
'Pan Head Screw JIS B 1111 - M3 x 16 - Z Steel 4.6 Plain:4',
'Pan Head Screw JIS B 1111 - M3 x 16 - Z Steel 4.6 Plain:4',
'Pan Head Screw JIS B 1111 - M3 x 16 - Z Steel 4.6 Plain:4',#12742,#12745,
'Pan Head Screw JIS B 1111 - M3 x 16 - Z Steel 4.6 Plain:4');
#102=NEXT_ASSEMBLY_USAGE_OCCURRENCE('hydropad_pcb:1','hydropad_pcb:1',
'hydropad_pcb:1',#12742,#12746,'hydropad_pcb:1');
#103=CONICAL_SURFACE('',#7884,1.36163749999966,0.83198809368201);
#104=CONICAL_SURFACE('',#7923,2.72844873201605,0.0872664625997176);
#105=CONICAL_SURFACE('',#7956,1.423375,0.436332312998579);
#106=SHAPE_REPRESENTATION_RELATIONSHIP('SRR','None',#12727,#112);
#107=SHAPE_REPRESENTATION_RELATIONSHIP('SRR','None',#12728,#113);
#108=SHAPE_REPRESENTATION_RELATIONSHIP('SRR','None',#12729,#114);
#109=SHAPE_REPRESENTATION_RELATIONSHIP('SRR','None',#12733,#115);
#110=SHAPE_REPRESENTATION_RELATIONSHIP('SRR','None',#12734,#116);
#111=SHAPE_REPRESENTATION_RELATIONSHIP('SRR','None',#12740,#117);
#112=ADVANCED_BREP_SHAPE_REPRESENTATION('',(#242),#12655);
#113=ADVANCED_BREP_SHAPE_REPRESENTATION('',(#243),#12656);
#114=ADVANCED_BREP_SHAPE_REPRESENTATION('',(#244),#12657);
#115=ADVANCED_BREP_SHAPE_REPRESENTATION('',(#245),#12661);
#116=ADVANCED_BREP_SHAPE_REPRESENTATION('',(#246),#12662);
#117=ADVANCED_BREP_SHAPE_REPRESENTATION('',(#247,#248),#12668);
#118=STYLED_ITEM('',(#12806),#242);
#119=STYLED_ITEM('',(#12807),#243);
#120=STYLED_ITEM('',(#12805),#244);
#121=STYLED_ITEM('',(#12808),#7295);
#122=STYLED_ITEM('',(#12808),#7296);
#123=STYLED_ITEM('',(#12808),#7297);
#124=STYLED_ITEM('',(#12808),#7298);
#125=STYLED_ITEM('',(#12808),#7299);
#126=STYLED_ITEM('',(#12808),#7300);
#127=STYLED_ITEM('',(#12808),#7301);
#128=STYLED_ITEM('',(#12808),#7302);
#129=STYLED_ITEM('',(#12808),#7303);
#130=STYLED_ITEM('',(#12808),#7304);
#131=STYLED_ITEM('',(#12808),#7305);
#132=STYLED_ITEM('',(#12808),#7306);
#133=STYLED_ITEM('',(#12808),#7307);
#134=STYLED_ITEM('',(#12808),#7308);
#135=STYLED_ITEM('',(#12808),#7309);
#136=STYLED_ITEM('',(#12808),#7310);
#137=STYLED_ITEM('',(#12808),#7311);
#138=STYLED_ITEM('',(#12808),#7312);
#139=STYLED_ITEM('',(#12808),#7313);
#140=STYLED_ITEM('',(#12808),#7314);
#141=STYLED_ITEM('',(#12808),#7315);
#142=STYLED_ITEM('',(#12808),#7316);
#143=STYLED_ITEM('',(#12808),#7317);
#144=STYLED_ITEM('',(#12808),#7318);
#145=STYLED_ITEM('',(#12808),#7319);
#146=STYLED_ITEM('',(#12808),#7320);
#147=STYLED_ITEM('',(#12808),#7321);
#148=STYLED_ITEM('',(#12808),#7322);
#149=STYLED_ITEM('',(#12809),#7323);
#150=STYLED_ITEM('',(#12809),#7324);
#151=STYLED_ITEM('',(#12809),#7325);
#152=STYLED_ITEM('',(#12809),#7326);
#153=STYLED_ITEM('',(#12809),#7327);
#154=STYLED_ITEM('',(#12809),#7328);
#155=STYLED_ITEM('',(#12809),#7329);
#156=STYLED_ITEM('',(#12809),#7330);
#157=STYLED_ITEM('',(#12809),#7331);
#158=STYLED_ITEM('',(#12809),#7332);
#159=STYLED_ITEM('',(#12809),#7333);
#160=STYLED_ITEM('',(#12809),#7334);
#161=STYLED_ITEM('',(#12809),#7335);
#162=STYLED_ITEM('',(#12809),#7336);
#163=STYLED_ITEM('',(#12809),#7337);
#164=STYLED_ITEM('',(#12809),#7338);
#165=STYLED_ITEM('',(#12809),#7339);
#166=STYLED_ITEM('',(#12809),#7340);
#167=STYLED_ITEM('',(#12809),#7341);
#168=STYLED_ITEM('',(#12809),#7342);
#169=STYLED_ITEM('',(#12809),#7343);
#170=STYLED_ITEM('',(#12809),#7344);
#171=STYLED_ITEM('',(#12809),#7345);
#172=STYLED_ITEM('',(#12809),#7346);
#173=STYLED_ITEM('',(#12809),#7347);
#174=STYLED_ITEM('',(#12809),#7348);
#175=STYLED_ITEM('',(#12809),#7349);
#176=STYLED_ITEM('',(#12809),#7350);
#177=STYLED_ITEM('',(#12809),#7351);
#178=STYLED_ITEM('',(#12809),#7352);
#179=STYLED_ITEM('',(#12809),#7353);
#180=STYLED_ITEM('',(#12809),#7354);
#181=STYLED_ITEM('',(#12809),#7355);
#182=STYLED_ITEM('',(#12809),#7356);
#183=STYLED_ITEM('',(#12809),#7357);
#184=STYLED_ITEM('',(#12809),#7358);
#185=STYLED_ITEM('',(#12809),#7359);
#186=STYLED_ITEM('',(#12809),#7360);
#187=STYLED_ITEM('',(#12809),#7361);
#188=STYLED_ITEM('',(#12809),#7362);
#189=STYLED_ITEM('',(#12809),#7363);
#190=STYLED_ITEM('',(#12809),#7364);
#191=STYLED_ITEM('',(#12809),#7365);
#192=STYLED_ITEM('',(#12809),#7366);
#193=STYLED_ITEM('',(#12809),#7367);
#194=STYLED_ITEM('',(#12809),#7368);
#195=STYLED_ITEM('',(#12809),#7369);
#196=STYLED_ITEM('',(#12809),#7370);
#197=STYLED_ITEM('',(#12809),#7371);
#198=STYLED_ITEM('',(#12809),#7372);
#199=STYLED_ITEM('',(#12809),#7373);
#200=STYLED_ITEM('',(#12809),#7374);
#201=STYLED_ITEM('',(#12809),#7375);
#202=STYLED_ITEM('',(#12809),#7376);
#203=STYLED_ITEM('',(#12809),#7377);
#204=STYLED_ITEM('',(#12809),#7378);
#205=STYLED_ITEM('',(#12809),#7379);
#206=STYLED_ITEM('',(#12809),#7380);
#207=STYLED_ITEM('',(#12809),#7381);
#208=STYLED_ITEM('',(#12809),#7382);
#209=STYLED_ITEM('',(#12809),#7383);
#210=STYLED_ITEM('',(#12809),#7384);
#211=STYLED_ITEM('',(#12809),#7385);
#212=STYLED_ITEM('',(#12809),#7386);
#213=STYLED_ITEM('',(#12809),#7387);
#214=STYLED_ITEM('',(#12809),#7388);
#215=STYLED_ITEM('',(#12809),#7389);
#216=STYLED_ITEM('',(#12809),#7390);
#217=STYLED_ITEM('',(#12809),#7391);
#218=STYLED_ITEM('',(#12809),#7392);
#219=STYLED_ITEM('',(#12809),#7393);
#220=STYLED_ITEM('',(#12809),#7394);
#221=STYLED_ITEM('',(#12805),#245);
#222=STYLED_ITEM('',(#12810),#246);
#223=STYLED_ITEM('',(#12811),#7477);
#224=STYLED_ITEM('',(#12811),#7478);
#225=STYLED_ITEM('',(#12811),#7479);
#226=STYLED_ITEM('',(#12811),#7480);
#227=STYLED_ITEM('',(#12811),#7481);
#228=STYLED_ITEM('',(#12811),#7482);
#229=STYLED_ITEM('',(#12811),#7483);
#230=STYLED_ITEM('',(#12805),#247);
#231=STYLED_ITEM('',(#12812),#7484);
#232=STYLED_ITEM('',(#12812),#7485);
#233=STYLED_ITEM('',(#12812),#7486);
#234=STYLED_ITEM('',(#12813),#7487);
#235=STYLED_ITEM('',(#12813),#7488);
#236=STYLED_ITEM('',(#12813),#7489);
#237=STYLED_ITEM('',(#12813),#7490);
#238=STYLED_ITEM('',(#12813),#7491);
#239=STYLED_ITEM('',(#12813),#7492);
#240=STYLED_ITEM('',(#12805),#248);
#241=STYLED_ITEM('',(#12814),#13);
#242=MANIFOLD_SOLID_BREP('Body7',#7493);
#243=MANIFOLD_SOLID_BREP('Body7',#7494);
#244=MANIFOLD_SOLID_BREP('Body1',#7495);
#245=MANIFOLD_SOLID_BREP('Body1',#7496);
#246=MANIFOLD_SOLID_BREP('Body1',#7497);
#247=MANIFOLD_SOLID_BREP('Body1',#7498);
#248=MANIFOLD_SOLID_BREP('Body2',#7499);
#249=SPHERICAL_SURFACE('',#7668,2.);
#250=SPHERICAL_SURFACE('',#7671,2.);
#251=SPHERICAL_SURFACE('',#7676,1.99999999999999);
#252=SPHERICAL_SURFACE('',#7680,2.);
#253=SPHERICAL_SURFACE('',#7900,5.);
#254=TOROIDAL_SURFACE('',#7613,4.5,0.5);
#255=TOROIDAL_SURFACE('',#7620,4.5,0.5);
#256=TOROIDAL_SURFACE('',#7626,4.49999999999999,0.5);
#257=TOROIDAL_SURFACE('',#7632,4.50000000000002,0.5);
#258=TOROIDAL_SURFACE('',#7717,4.,1.);
#259=TOROIDAL_SURFACE('',#7724,4.,1.);
#260=TOROIDAL_SURFACE('',#7730,3.99999999999999,1.);
#261=TOROIDAL_SURFACE('',#7736,4.00000000000002,1.);
#262=TOROIDAL_SURFACE('',#7887,1.64675,0.3);
#263=TOROIDAL_SURFACE('',#7895,1.51811291699024,1.2);
#264=TOROIDAL_SURFACE('',#8283,0.5,0.25);
#265=TOROIDAL_SURFACE('',#8290,0.5,0.25);
#266=TOROIDAL_SURFACE('',#8309,0.6,0.4);
#267=TOROIDAL_SURFACE('',#8312,0.6,0.4);
#268=FACE_BOUND('',#1062,.T.);
#269=FACE_BOUND('',#1063,.T.);
#270=FACE_BOUND('',#1085,.T.);
#271=FACE_BOUND('',#1086,.T.);
#272=FACE_BOUND('',#1119,.T.);
#273=FACE_BOUND('',#1120,.T.);
#274=FACE_BOUND('',#1121,.T.);
#275=FACE_BOUND('',#1122,.T.);
#276=FACE_BOUND('',#1123,.T.);
#277=FACE_BOUND('',#1126,.T.);
#278=FACE_BOUND('',#1146,.T.);
#279=FACE_BOUND('',#1147,.T.);
#280=FACE_BOUND('',#1148,.T.);
#281=FACE_BOUND('',#1149,.T.);
#282=FACE_BOUND('',#1150,.T.);
#283=FACE_BOUND('',#1151,.T.);
#284=FACE_BOUND('',#1152,.T.);
#285=FACE_BOUND('',#1153,.T.);
#286=FACE_BOUND('',#1154,.T.);
#287=FACE_BOUND('',#1155,.T.);
#288=FACE_BOUND('',#1156,.T.);
#289=FACE_BOUND('',#1157,.T.);
#290=FACE_BOUND('',#1227,.T.);
#291=FACE_BOUND('',#1228,.T.);
#292=FACE_BOUND('',#1229,.T.);
#293=FACE_BOUND('',#1230,.T.);
#294=FACE_BOUND('',#1231,.T.);
#295=FACE_BOUND('',#1232,.T.);
#296=FACE_BOUND('',#1233,.T.);
#297=FACE_BOUND('',#1234,.T.);
#298=FACE_BOUND('',#1235,.T.);
#299=FACE_BOUND('',#1236,.T.);
#300=FACE_BOUND('',#1237,.T.);
#301=FACE_BOUND('',#1238,.T.);
#302=FACE_BOUND('',#1242,.T.);
#303=FACE_BOUND('',#1283,.T.);
#304=FACE_BOUND('',#1284,.T.);
#305=FACE_BOUND('',#1285,.T.);
#306=FACE_BOUND('',#1286,.T.);
#307=FACE_BOUND('',#1288,.T.);
#308=FACE_BOUND('',#1289,.T.);
#309=FACE_BOUND('',#1290,.T.);
#310=FACE_BOUND('',#1291,.T.);
#311=FACE_BOUND('',#1391,.T.);
#312=FACE_BOUND('',#1392,.T.);
#313=FACE_BOUND('',#1393,.T.);
#314=FACE_BOUND('',#1394,.T.);
#315=FACE_BOUND('',#1395,.T.);
#316=FACE_BOUND('',#1396,.T.);
#317=FACE_BOUND('',#1397,.T.);
#318=FACE_BOUND('',#1398,.T.);
#319=FACE_BOUND('',#1399,.T.);
#320=FACE_BOUND('',#1400,.T.);
#321=FACE_BOUND('',#1401,.T.);
#322=FACE_BOUND('',#1402,.T.);
#323=FACE_BOUND('',#1403,.T.);
#324=FACE_BOUND('',#1404,.T.);
#325=FACE_BOUND('',#1405,.T.);
#326=FACE_BOUND('',#1406,.T.);
#327=FACE_BOUND('',#1407,.T.);
#328=FACE_BOUND('',#1408,.T.);
#329=FACE_BOUND('',#1409,.T.);
#330=FACE_BOUND('',#1410,.T.);
#331=FACE_BOUND('',#1411,.T.);
#332=FACE_BOUND('',#1412,.T.);
#333=FACE_BOUND('',#1413,.T.);
#334=FACE_BOUND('',#1414,.T.);
#335=FACE_BOUND('',#1415,.T.);
#336=FACE_BOUND('',#1416,.T.);
#337=FACE_BOUND('',#1417,.T.);
#338=FACE_BOUND('',#1418,.T.);
#339=FACE_BOUND('',#1419,.T.);
#340=FACE_BOUND('',#1420,.T.);
#341=FACE_BOUND('',#1421,.T.);
#342=FACE_BOUND('',#1422,.T.);
#343=FACE_BOUND('',#1423,.T.);
#344=FACE_BOUND('',#1424,.T.);
#345=FACE_BOUND('',#1425,.T.);
#346=FACE_BOUND('',#1426,.T.);
#347=FACE_BOUND('',#1427,.T.);
#348=FACE_BOUND('',#1428,.T.);
#349=FACE_BOUND('',#1429,.T.);
#350=FACE_BOUND('',#1430,.T.);
#351=FACE_BOUND('',#1431,.T.);
#352=FACE_BOUND('',#1432,.T.);
#353=FACE_BOUND('',#1433,.T.);
#354=FACE_BOUND('',#1434,.T.);
#355=FACE_BOUND('',#1435,.T.);
#356=FACE_BOUND('',#1436,.T.);
#357=FACE_BOUND('',#1437,.T.);
#358=FACE_BOUND('',#1438,.T.);
#359=FACE_BOUND('',#1439,.T.);
#360=FACE_BOUND('',#1440,.T.);
#361=FACE_BOUND('',#1441,.T.);
#362=FACE_BOUND('',#1442,.T.);
#363=FACE_BOUND('',#1443,.T.);
#364=FACE_BOUND('',#1444,.T.);
#365=FACE_BOUND('',#1445,.T.);
#366=FACE_BOUND('',#1446,.T.);
#367=FACE_BOUND('',#1447,.T.);
#368=FACE_BOUND('',#1448,.T.);
#369=FACE_BOUND('',#1449,.T.);
#370=FACE_BOUND('',#1450,.T.);
#371=FACE_BOUND('',#1451,.T.);
#372=FACE_BOUND('',#1452,.T.);
#373=FACE_BOUND('',#1453,.T.);
#374=FACE_BOUND('',#1454,.T.);
#375=FACE_BOUND('',#1456,.T.);
#376=FACE_BOUND('',#1457,.T.);
#377=FACE_BOUND('',#1458,.T.);
#378=FACE_BOUND('',#1459,.T.);
#379=FACE_BOUND('',#1460,.T.);
#380=FACE_BOUND('',#1461,.T.);
#381=FACE_BOUND('',#1462,.T.);
#382=FACE_BOUND('',#1463,.T.);
#383=FACE_BOUND('',#1464,.T.);
#384=FACE_BOUND('',#1465,.T.);
#385=FACE_BOUND('',#1466,.T.);
#386=FACE_BOUND('',#1467,.T.);
#387=FACE_BOUND('',#1468,.T.);
#388=FACE_BOUND('',#1469,.T.);
#389=FACE_BOUND('',#1470,.T.);
#390=FACE_BOUND('',#1471,.T.);
#391=FACE_BOUND('',#1472,.T.);
#392=FACE_BOUND('',#1473,.T.);
#393=FACE_BOUND('',#1474,.T.);
#394=FACE_BOUND('',#1475,.T.);
#395=FACE_BOUND('',#1476,.T.);
#396=FACE_BOUND('',#1477,.T.);
#397=FACE_BOUND('',#1478,.T.);
#398=FACE_BOUND('',#1479,.T.);
#399=FACE_BOUND('',#1480,.T.);
#400=FACE_BOUND('',#1481,.T.);
#401=FACE_BOUND('',#1482,.T.);
#402=FACE_BOUND('',#1483,.T.);
#403=FACE_BOUND('',#1484,.T.);
#404=FACE_BOUND('',#1485,.T.);
#405=FACE_BOUND('',#1486,.T.);
#406=FACE_BOUND('',#1487,.T.);
#407=FACE_BOUND('',#1488,.T.);
#408=FACE_BOUND('',#1489,.T.);
#409=FACE_BOUND('',#1490,.T.);
#410=FACE_BOUND('',#1491,.T.);
#411=FACE_BOUND('',#1492,.T.);
#412=FACE_BOUND('',#1493,.T.);
#413=FACE_BOUND('',#1494,.T.);
#414=FACE_BOUND('',#1495,.T.);
#415=FACE_BOUND('',#1496,.T.);
#416=FACE_BOUND('',#1497,.T.);
#417=FACE_BOUND('',#1498,.T.);
#418=FACE_BOUND('',#1499,.T.);
#419=FACE_BOUND('',#1500,.T.);
#420=FACE_BOUND('',#1501,.T.);
#421=FACE_BOUND('',#1502,.T.);
#422=FACE_BOUND('',#1503,.T.);
#423=FACE_BOUND('',#1504,.T.);
#424=FACE_BOUND('',#1505,.T.);
#425=FACE_BOUND('',#1506,.T.);
#426=FACE_BOUND('',#1507,.T.);
#427=FACE_BOUND('',#1508,.T.);
#428=FACE_BOUND('',#1509,.T.);
#429=FACE_BOUND('',#1510,.T.);
#430=FACE_BOUND('',#1511,.T.);
#431=FACE_BOUND('',#1512,.T.);
#432=FACE_BOUND('',#1513,.T.);
#433=FACE_BOUND('',#1514,.T.);
#434=FACE_BOUND('',#1515,.T.);
#435=FACE_BOUND('',#1516,.T.);
#436=FACE_BOUND('',#1517,.T.);
#437=FACE_BOUND('',#1518,.T.);
#438=FACE_BOUND('',#1519,.T.);
#439=FACE_BOUND('',#1606,.T.);
#440=FACE_BOUND('',#1608,.T.);
#441=B_SPLINE_CURVE_WITH_KNOTS('',3,(#10578,#10579,#10580,#10581,#10582,
#10583),.UNSPECIFIED.,.F.,.F.,(4,2,4),(0.321412055295951,0.387178006606293,
0.467071686183705),.UNSPECIFIED.);
#442=B_SPLINE_CURVE_WITH_KNOTS('',3,(#10658,#10659,#10660,#10661,#10662,
#10663),.UNSPECIFIED.,.F.,.F.,(4,2,4),(0.,0.0798936795774114,0.145659630887754),
 .UNSPECIFIED.);
#443=PLANE('',#7572);
#444=PLANE('',#7576);
#445=PLANE('',#7580);
#446=PLANE('',#7584);
#447=PLANE('',#7587);
#448=PLANE('',#7599);
#449=PLANE('',#7605);
#450=PLANE('',#7610);
#451=PLANE('',#7637);
#452=PLANE('',#7640);
#453=PLANE('',#7643);
#454=PLANE('',#7653);
#455=PLANE('',#7655);
#456=PLANE('',#7657);
#457=PLANE('',#7659);
#458=PLANE('',#7661);
#459=PLANE('',#7663);
#460=PLANE('',#7665);
#461=PLANE('',#7667);
#462=PLANE('',#7693);
#463=PLANE('',#7694);
#464=PLANE('',#7695);
#465=PLANE('',#7696);
#466=PLANE('',#7697);
#467=PLANE('',#7701);
#468=PLANE('',#7703);
#469=PLANE('',#7741);
#470=PLANE('',#7744);
#471=PLANE('',#7747);
#472=PLANE('',#7782);
#473=PLANE('',#7785);
#474=PLANE('',#7788);
#475=PLANE('',#7791);
#476=PLANE('',#7794);
#477=PLANE('',#7797);
#478=PLANE('',#7800);
#479=PLANE('',#7803);
#480=PLANE('',#7806);
#481=PLANE('',#7809);
#482=PLANE('',#7812);
#483=PLANE('',#7815);
#484=PLANE('',#7816);
#485=PLANE('',#7819);
#486=PLANE('',#7822);
#487=PLANE('',#7825);
#488=PLANE('',#7828);
#489=PLANE('',#7831);
#490=PLANE('',#7834);
#491=PLANE('',#7837);
#492=PLANE('',#7840);
#493=PLANE('',#7843);
#494=PLANE('',#7846);
#495=PLANE('',#7849);
#496=PLANE('',#7854);
#497=PLANE('',#7857);
#498=PLANE('',#7860);
#499=PLANE('',#7863);
#500=PLANE('',#7864);
#501=PLANE('',#7867);
#502=PLANE('',#7870);
#503=PLANE('',#7873);
#504=PLANE('',#7876);
#505=PLANE('',#7879);
#506=PLANE('',#7882);
#507=PLANE('',#7891);
#508=PLANE('',#7924);
#509=PLANE('',#7925);
#510=PLANE('',#7926);
#511=PLANE('',#7927);
#512=PLANE('',#7928);
#513=PLANE('',#7929);
#514=PLANE('',#7930);
#515=PLANE('',#7931);
#516=PLANE('',#7932);
#517=PLANE('',#7933);
#518=PLANE('',#7934);
#519=PLANE('',#7935);
#520=PLANE('',#7936);
#521=PLANE('',#7937);
#522=PLANE('',#7938);
#523=PLANE('',#7939);
#524=PLANE('',#7940);
#525=PLANE('',#7941);
#526=PLANE('',#7942);
#527=PLANE('',#7943);
#528=PLANE('',#7944);
#529=PLANE('',#7945);
#530=PLANE('',#7946);
#531=PLANE('',#7947);
#532=PLANE('',#7948);
#533=PLANE('',#7949);
#534=PLANE('',#7950);
#535=PLANE('',#7951);
#536=PLANE('',#7952);
#537=PLANE('',#7955);
#538=PLANE('',#7961);
#539=PLANE('',#7962);
#540=PLANE('',#7963);
#541=PLANE('',#7964);
#542=PLANE('',#7965);
#543=PLANE('',#7966);
#544=PLANE('',#7967);
#545=PLANE('',#7968);
#546=PLANE('',#7969);
#547=PLANE('',#7970);
#548=PLANE('',#7971);
#549=PLANE('',#7972);
#550=PLANE('',#7973);
#551=PLANE('',#7974);
#552=PLANE('',#7975);
#553=PLANE('',#7976);
#554=PLANE('',#7977);
#555=PLANE('',#7978);
#556=PLANE('',#7979);
#557=PLANE('',#7980);
#558=PLANE('',#7981);
#559=PLANE('',#7982);
#560=PLANE('',#7983);
#561=PLANE('',#7984);
#562=PLANE('',#7985);
#563=PLANE('',#7986);
#564=PLANE('',#7987);
#565=PLANE('',#7988);
#566=PLANE('',#7989);
#567=PLANE('',#7990);
#568=PLANE('',#7991);
#569=PLANE('',#7992);
#570=PLANE('',#7993);
#571=PLANE('',#7994);
#572=PLANE('',#7995);
#573=PLANE('',#7996);
#574=PLANE('',#7997);
#575=PLANE('',#7998);
#576=PLANE('',#7999);
#577=PLANE('',#8000);
#578=PLANE('',#8001);
#579=PLANE('',#8002);
#580=PLANE('',#8003);
#581=PLANE('',#8004);
#582=PLANE('',#8005);
#583=PLANE('',#8006);
#584=PLANE('',#8007);
#585=PLANE('',#8008);
#586=PLANE('',#8009);
#587=PLANE('',#8010);
#588=PLANE('',#8011);
#589=PLANE('',#8012);
#590=PLANE('',#8013);
#591=PLANE('',#8014);
#592=PLANE('',#8015);
#593=PLANE('',#8016);
#594=PLANE('',#8017);
#595=PLANE('',#8018);
#596=PLANE('',#8019);
#597=PLANE('',#8020);
#598=PLANE('',#8021);
#599=PLANE('',#8022);
#600=PLANE('',#8023);
#601=PLANE('',#8024);
#602=PLANE('',#8025);
#603=PLANE('',#8026);
#604=PLANE('',#8027);
#605=PLANE('',#8028);
#606=PLANE('',#8029);
#607=PLANE('',#8030);
#608=PLANE('',#8031);
#609=PLANE('',#8032);
#610=PLANE('',#8033);
#611=PLANE('',#8034);
#612=PLANE('',#8035);
#613=PLANE('',#8036);
#614=PLANE('',#8037);
#615=PLANE('',#8038);
#616=PLANE('',#8039);
#617=PLANE('',#8040);
#618=PLANE('',#8041);
#619=PLANE('',#8042);
#620=PLANE('',#8043);
#621=PLANE('',#8044);
#622=PLANE('',#8045);
#623=PLANE('',#8046);
#624=PLANE('',#8047);
#625=PLANE('',#8048);
#626=PLANE('',#8049);
#627=PLANE('',#8050);
#628=PLANE('',#8051);
#629=PLANE('',#8052);
#630=PLANE('',#8053);
#631=PLANE('',#8054);
#632=PLANE('',#8055);
#633=PLANE('',#8056);
#634=PLANE('',#8057);
#635=PLANE('',#8058);
#636=PLANE('',#8059);
#637=PLANE('',#8060);
#638=PLANE('',#8063);
#639=PLANE('',#8064);
#640=PLANE('',#8065);
#641=PLANE('',#8066);
#642=PLANE('',#8131);
#643=PLANE('',#8196);
#644=PLANE('',#8210);
#645=PLANE('',#8211);
#646=PLANE('',#8212);
#647=PLANE('',#8213);
#648=PLANE('',#8215);
#649=PLANE('',#8217);
#650=PLANE('',#8221);
#651=PLANE('',#8223);
#652=PLANE('',#8248);
#653=PLANE('',#8249);
#654=PLANE('',#8250);
#655=PLANE('',#8251);
#656=PLANE('',#8296);
#657=PLANE('',#8297);
#658=PLANE('',#8301);
#659=PLANE('',#8303);
#660=PLANE('',#8315);
#661=PLANE('',#8316);
#662=FACE_OUTER_BOUND('',#1052,.T.);
#663=FACE_OUTER_BOUND('',#1053,.T.);
#664=FACE_OUTER_BOUND('',#1054,.T.);
#665=FACE_OUTER_BOUND('',#1055,.T.);
#666=FACE_OUTER_BOUND('',#1056,.T.);
#667=FACE_OUTER_BOUND('',#1057,.T.);
#668=FACE_OUTER_BOUND('',#1058,.T.);
#669=FACE_OUTER_BOUND('',#1059,.T.);
#670=FACE_OUTER_BOUND('',#1060,.T.);
#671=FACE_OUTER_BOUND('',#1061,.T.);
#672=FACE_OUTER_BOUND('',#1064,.T.);
#673=FACE_OUTER_BOUND('',#1065,.T.);
#674=FACE_OUTER_BOUND('',#1066,.T.);
#675=FACE_OUTER_BOUND('',#1067,.T.);
#676=FACE_OUTER_BOUND('',#1068,.T.);
#677=FACE_OUTER_BOUND('',#1069,.T.);
#678=FACE_OUTER_BOUND('',#1070,.T.);
#679=FACE_OUTER_BOUND('',#1071,.T.);
#680=FACE_OUTER_BOUND('',#1072,.T.);
#681=FACE_OUTER_BOUND('',#1073,.T.);
#682=FACE_OUTER_BOUND('',#1074,.T.);
#683=FACE_OUTER_BOUND('',#1075,.T.);
#684=FACE_OUTER_BOUND('',#1076,.T.);
#685=FACE_OUTER_BOUND('',#1077,.T.);
#686=FACE_OUTER_BOUND('',#1078,.T.);
#687=FACE_OUTER_BOUND('',#1079,.T.);
#688=FACE_OUTER_BOUND('',#1080,.T.);
#689=FACE_OUTER_BOUND('',#1081,.T.);
#690=FACE_OUTER_BOUND('',#1082,.T.);
#691=FACE_OUTER_BOUND('',#1083,.T.);
#692=FACE_OUTER_BOUND('',#1084,.T.);
#693=FACE_OUTER_BOUND('',#1087,.T.);
#694=FACE_OUTER_BOUND('',#1088,.T.);
#695=FACE_OUTER_BOUND('',#1089,.T.);
#696=FACE_OUTER_BOUND('',#1090,.T.);
#697=FACE_OUTER_BOUND('',#1091,.T.);
#698=FACE_OUTER_BOUND('',#1092,.T.);
#699=FACE_OUTER_BOUND('',#1093,.T.);
#700=FACE_OUTER_BOUND('',#1094,.T.);
#701=FACE_OUTER_BOUND('',#1095,.T.);
#702=FACE_OUTER_BOUND('',#1096,.T.);
#703=FACE_OUTER_BOUND('',#1097,.T.);
#704=FACE_OUTER_BOUND('',#1098,.T.);
#705=FACE_OUTER_BOUND('',#1099,.T.);
#706=FACE_OUTER_BOUND('',#1100,.T.);
#707=FACE_OUTER_BOUND('',#1101,.T.);
#708=FACE_OUTER_BOUND('',#1102,.T.);
#709=FACE_OUTER_BOUND('',#1103,.T.);
#710=FACE_OUTER_BOUND('',#1104,.T.);
#711=FACE_OUTER_BOUND('',#1105,.T.);
#712=FACE_OUTER_BOUND('',#1106,.T.);
#713=FACE_OUTER_BOUND('',#1107,.T.);
#714=FACE_OUTER_BOUND('',#1108,.T.);
#715=FACE_OUTER_BOUND('',#1109,.T.);
#716=FACE_OUTER_BOUND('',#1110,.T.);
#717=FACE_OUTER_BOUND('',#1111,.T.);
#718=FACE_OUTER_BOUND('',#1112,.T.);
#719=FACE_OUTER_BOUND('',#1113,.T.);
#720=FACE_OUTER_BOUND('',#1114,.T.);
#721=FACE_OUTER_BOUND('',#1115,.T.);
#722=FACE_OUTER_BOUND('',#1116,.T.);
#723=FACE_OUTER_BOUND('',#1117,.T.);
#724=FACE_OUTER_BOUND('',#1118,.T.);
#725=FACE_OUTER_BOUND('',#1124,.T.);
#726=FACE_OUTER_BOUND('',#1125,.T.);
#727=FACE_OUTER_BOUND('',#1127,.T.);
#728=FACE_OUTER_BOUND('',#1128,.T.);
#729=FACE_OUTER_BOUND('',#1129,.T.);
#730=FACE_OUTER_BOUND('',#1130,.T.);
#731=FACE_OUTER_BOUND('',#1131,.T.);
#732=FACE_OUTER_BOUND('',#1132,.T.);
#733=FACE_OUTER_BOUND('',#1133,.T.);
#734=FACE_OUTER_BOUND('',#1134,.T.);
#735=FACE_OUTER_BOUND('',#1135,.T.);
#736=FACE_OUTER_BOUND('',#1136,.T.);
#737=FACE_OUTER_BOUND('',#1137,.T.);
#738=FACE_OUTER_BOUND('',#1138,.T.);
#739=FACE_OUTER_BOUND('',#1139,.T.);
#740=FACE_OUTER_BOUND('',#1140,.T.);
#741=FACE_OUTER_BOUND('',#1141,.T.);
#742=FACE_OUTER_BOUND('',#1142,.T.);
#743=FACE_OUTER_BOUND('',#1143,.T.);
#744=FACE_OUTER_BOUND('',#1144,.T.);
#745=FACE_OUTER_BOUND('',#1145,.T.);
#746=FACE_OUTER_BOUND('',#1158,.T.);
#747=FACE_OUTER_BOUND('',#1159,.T.);
#748=FACE_OUTER_BOUND('',#1160,.T.);
#749=FACE_OUTER_BOUND('',#1161,.T.);
#750=FACE_OUTER_BOUND('',#1162,.T.);
#751=FACE_OUTER_BOUND('',#1163,.T.);
#752=FACE_OUTER_BOUND('',#1164,.T.);
#753=FACE_OUTER_BOUND('',#1165,.T.);
#754=FACE_OUTER_BOUND('',#1166,.T.);
#755=FACE_OUTER_BOUND('',#1167,.T.);
#756=FACE_OUTER_BOUND('',#1168,.T.);
#757=FACE_OUTER_BOUND('',#1169,.T.);
#758=FACE_OUTER_BOUND('',#1170,.T.);
#759=FACE_OUTER_BOUND('',#1171,.T.);
#760=FACE_OUTER_BOUND('',#1172,.T.);
#761=FACE_OUTER_BOUND('',#1173,.T.);
#762=FACE_OUTER_BOUND('',#1174,.T.);
#763=FACE_OUTER_BOUND('',#1175,.T.);
#764=FACE_OUTER_BOUND('',#1176,.T.);
#765=FACE_OUTER_BOUND('',#1177,.T.);
#766=FACE_OUTER_BOUND('',#1178,.T.);
#767=FACE_OUTER_BOUND('',#1179,.T.);
#768=FACE_OUTER_BOUND('',#1180,.T.);
#769=FACE_OUTER_BOUND('',#1181,.T.);
#770=FACE_OUTER_BOUND('',#1182,.T.);
#771=FACE_OUTER_BOUND('',#1183,.T.);
#772=FACE_OUTER_BOUND('',#1184,.T.);
#773=FACE_OUTER_BOUND('',#1185,.T.);
#774=FACE_OUTER_BOUND('',#1186,.T.);
#775=FACE_OUTER_BOUND('',#1187,.T.);
#776=FACE_OUTER_BOUND('',#1188,.T.);
#777=FACE_OUTER_BOUND('',#1189,.T.);
#778=FACE_OUTER_BOUND('',#1190,.T.);
#779=FACE_OUTER_BOUND('',#1191,.T.);
#780=FACE_OUTER_BOUND('',#1192,.T.);
#781=FACE_OUTER_BOUND('',#1193,.T.);
#782=FACE_OUTER_BOUND('',#1194,.T.);
#783=FACE_OUTER_BOUND('',#1195,.T.);
#784=FACE_OUTER_BOUND('',#1196,.T.);
#785=FACE_OUTER_BOUND('',#1197,.T.);
#786=FACE_OUTER_BOUND('',#1198,.T.);
#787=FACE_OUTER_BOUND('',#1199,.T.);
#788=FACE_OUTER_BOUND('',#1200,.T.);
#789=FACE_OUTER_BOUND('',#1201,.T.);
#790=FACE_OUTER_BOUND('',#1202,.T.);
#791=FACE_OUTER_BOUND('',#1203,.T.);
#792=FACE_OUTER_BOUND('',#1204,.T.);
#793=FACE_OUTER_BOUND('',#1205,.T.);
#794=FACE_OUTER_BOUND('',#1206,.T.);
#795=FACE_OUTER_BOUND('',#1207,.T.);
#796=FACE_OUTER_BOUND('',#1208,.T.);
#797=FACE_OUTER_BOUND('',#1209,.T.);
#798=FACE_OUTER_BOUND('',#1210,.T.);
#799=FACE_OUTER_BOUND('',#1211,.T.);
#800=FACE_OUTER_BOUND('',#1212,.T.);
#801=FACE_OUTER_BOUND('',#1213,.T.);
#802=FACE_OUTER_BOUND('',#1214,.T.);
#803=FACE_OUTER_BOUND('',#1215,.T.);
#804=FACE_OUTER_BOUND('',#1216,.T.);
#805=FACE_OUTER_BOUND('',#1217,.T.);
#806=FACE_OUTER_BOUND('',#1218,.T.);
#807=FACE_OUTER_BOUND('',#1219,.T.);
#808=FACE_OUTER_BOUND('',#1220,.T.);
#809=FACE_OUTER_BOUND('',#1221,.T.);
#810=FACE_OUTER_BOUND('',#1222,.T.);
#811=FACE_OUTER_BOUND('',#1223,.T.);
#812=FACE_OUTER_BOUND('',#1224,.T.);
#813=FACE_OUTER_BOUND('',#1225,.T.);
#814=FACE_OUTER_BOUND('',#1226,.T.);
#815=FACE_OUTER_BOUND('',#1239,.T.);
#816=FACE_OUTER_BOUND('',#1240,.T.);
#817=FACE_OUTER_BOUND('',#1241,.T.);
#818=FACE_OUTER_BOUND('',#1243,.T.);
#819=FACE_OUTER_BOUND('',#1244,.T.);
#820=FACE_OUTER_BOUND('',#1245,.T.);
#821=FACE_OUTER_BOUND('',#1246,.T.);
#822=FACE_OUTER_BOUND('',#1247,.T.);
#823=FACE_OUTER_BOUND('',#1248,.T.);
#824=FACE_OUTER_BOUND('',#1249,.T.);
#825=FACE_OUTER_BOUND('',#1250,.T.);
#826=FACE_OUTER_BOUND('',#1251,.T.);
#827=FACE_OUTER_BOUND('',#1252,.T.);
#828=FACE_OUTER_BOUND('',#1253,.T.);
#829=FACE_OUTER_BOUND('',#1254,.T.);
#830=FACE_OUTER_BOUND('',#1255,.T.);
#831=FACE_OUTER_BOUND('',#1256,.T.);
#832=FACE_OUTER_BOUND('',#1257,.T.);
#833=FACE_OUTER_BOUND('',#1258,.T.);
#834=FACE_OUTER_BOUND('',#1259,.T.);
#835=FACE_OUTER_BOUND('',#1260,.T.);
#836=FACE_OUTER_BOUND('',#1261,.T.);
#837=FACE_OUTER_BOUND('',#1262,.T.);
#838=FACE_OUTER_BOUND('',#1263,.T.);
#839=FACE_OUTER_BOUND('',#1264,.T.);
#840=FACE_OUTER_BOUND('',#1265,.T.);
#841=FACE_OUTER_BOUND('',#1266,.T.);
#842=FACE_OUTER_BOUND('',#1267,.T.);
#843=FACE_OUTER_BOUND('',#1268,.T.);
#844=FACE_OUTER_BOUND('',#1269,.T.);
#845=FACE_OUTER_BOUND('',#1270,.T.);
#846=FACE_OUTER_BOUND('',#1271,.T.);
#847=FACE_OUTER_BOUND('',#1272,.T.);
#848=FACE_OUTER_BOUND('',#1273,.T.);
#849=FACE_OUTER_BOUND('',#1274,.T.);
#850=FACE_OUTER_BOUND('',#1275,.T.);
#851=FACE_OUTER_BOUND('',#1276,.T.);
#852=FACE_OUTER_BOUND('',#1277,.T.);
#853=FACE_OUTER_BOUND('',#1278,.T.);
#854=FACE_OUTER_BOUND('',#1279,.T.);
#855=FACE_OUTER_BOUND('',#1280,.T.);
#856=FACE_OUTER_BOUND('',#1281,.T.);
#857=FACE_OUTER_BOUND('',#1282,.T.);
#858=FACE_OUTER_BOUND('',#1287,.T.);
#859=FACE_OUTER_BOUND('',#1292,.T.);
#860=FACE_OUTER_BOUND('',#1293,.T.);
#861=FACE_OUTER_BOUND('',#1294,.T.);
#862=FACE_OUTER_BOUND('',#1295,.T.);
#863=FACE_OUTER_BOUND('',#1296,.T.);
#864=FACE_OUTER_BOUND('',#1297,.T.);
#865=FACE_OUTER_BOUND('',#1298,.T.);
#866=FACE_OUTER_BOUND('',#1299,.T.);
#867=FACE_OUTER_BOUND('',#1300,.T.);
#868=FACE_OUTER_BOUND('',#1301,.T.);
#869=FACE_OUTER_BOUND('',#1302,.T.);
#870=FACE_OUTER_BOUND('',#1303,.T.);
#871=FACE_OUTER_BOUND('',#1304,.T.);
#872=FACE_OUTER_BOUND('',#1305,.T.);
#873=FACE_OUTER_BOUND('',#1306,.T.);
#874=FACE_OUTER_BOUND('',#1307,.T.);
#875=FACE_OUTER_BOUND('',#1308,.T.);
#876=FACE_OUTER_BOUND('',#1309,.T.);
#877=FACE_OUTER_BOUND('',#1310,.T.);
#878=FACE_OUTER_BOUND('',#1311,.T.);
#879=FACE_OUTER_BOUND('',#1312,.T.);
#880=FACE_OUTER_BOUND('',#1313,.T.);
#881=FACE_OUTER_BOUND('',#1314,.T.);
#882=FACE_OUTER_BOUND('',#1315,.T.);
#883=FACE_OUTER_BOUND('',#1316,.T.);
#884=FACE_OUTER_BOUND('',#1317,.T.);
#885=FACE_OUTER_BOUND('',#1318,.T.);
#886=FACE_OUTER_BOUND('',#1319,.T.);
#887=FACE_OUTER_BOUND('',#1320,.T.);
#888=FACE_OUTER_BOUND('',#1321,.T.);
#889=FACE_OUTER_BOUND('',#1322,.T.);
#890=FACE_OUTER_BOUND('',#1323,.T.);
#891=FACE_OUTER_BOUND('',#1324,.T.);
#892=FACE_OUTER_BOUND('',#1325,.T.);
#893=FACE_OUTER_BOUND('',#1326,.T.);
#894=FACE_OUTER_BOUND('',#1327,.T.);
#895=FACE_OUTER_BOUND('',#1328,.T.);
#896=FACE_OUTER_BOUND('',#1329,.T.);
#897=FACE_OUTER_BOUND('',#1330,.T.);
#898=FACE_OUTER_BOUND('',#1331,.T.);
#899=FACE_OUTER_BOUND('',#1332,.T.);
#900=FACE_OUTER_BOUND('',#1333,.T.);
#901=FACE_OUTER_BOUND('',#1334,.T.);
#902=FACE_OUTER_BOUND('',#1335,.T.);
#903=FACE_OUTER_BOUND('',#1336,.T.);
#904=FACE_OUTER_BOUND('',#1337,.T.);
#905=FACE_OUTER_BOUND('',#1338,.T.);
#906=FACE_OUTER_BOUND('',#1339,.T.);
#907=FACE_OUTER_BOUND('',#1340,.T.);
#908=FACE_OUTER_BOUND('',#1341,.T.);
#909=FACE_OUTER_BOUND('',#1342,.T.);
#910=FACE_OUTER_BOUND('',#1343,.T.);
#911=FACE_OUTER_BOUND('',#1344,.T.);
#912=FACE_OUTER_BOUND('',#1345,.T.);
#913=FACE_OUTER_BOUND('',#1346,.T.);
#914=FACE_OUTER_BOUND('',#1347,.T.);
#915=FACE_OUTER_BOUND('',#1348,.T.);
#916=FACE_OUTER_BOUND('',#1349,.T.);
#917=FACE_OUTER_BOUND('',#1350,.T.);
#918=FACE_OUTER_BOUND('',#1351,.T.);
#919=FACE_OUTER_BOUND('',#1352,.T.);
#920=FACE_OUTER_BOUND('',#1353,.T.);
#921=FACE_OUTER_BOUND('',#1354,.T.);
#922=FACE_OUTER_BOUND('',#1355,.T.);
#923=FACE_OUTER_BOUND('',#1356,.T.);
#924=FACE_OUTER_BOUND('',#1357,.T.);
#925=FACE_OUTER_BOUND('',#1358,.T.);
#926=FACE_OUTER_BOUND('',#1359,.T.);
#927=FACE_OUTER_BOUND('',#1360,.T.);
#928=FACE_OUTER_BOUND('',#1361,.T.);
#929=FACE_OUTER_BOUND('',#1362,.T.);
#930=FACE_OUTER_BOUND('',#1363,.T.);
#931=FACE_OUTER_BOUND('',#1364,.T.);
#932=FACE_OUTER_BOUND('',#1365,.T.);
#933=FACE_OUTER_BOUND('',#1366,.T.);
#934=FACE_OUTER_BOUND('',#1367,.T.);
#935=FACE_OUTER_BOUND('',#1368,.T.);
#936=FACE_OUTER_BOUND('',#1369,.T.);
#937=FACE_OUTER_BOUND('',#1370,.T.);
#938=FACE_OUTER_BOUND('',#1371,.T.);
#939=FACE_OUTER_BOUND('',#1372,.T.);
#940=FACE_OUTER_BOUND('',#1373,.T.);
#941=FACE_OUTER_BOUND('',#1374,.T.);
#942=FACE_OUTER_BOUND('',#1375,.T.);
#943=FACE_OUTER_BOUND('',#1376,.T.);
#944=FACE_OUTER_BOUND('',#1377,.T.);
#945=FACE_OUTER_BOUND('',#1378,.T.);
#946=FACE_OUTER_BOUND('',#1379,.T.);
#947=FACE_OUTER_BOUND('',#1380,.T.);
#948=FACE_OUTER_BOUND('',#1381,.T.);
#949=FACE_OUTER_BOUND('',#1382,.T.);
#950=FACE_OUTER_BOUND('',#1383,.T.);
#951=FACE_OUTER_BOUND('',#1384,.T.);
#952=FACE_OUTER_BOUND('',#1385,.T.);
#953=FACE_OUTER_BOUND('',#1386,.T.);
#954=FACE_OUTER_BOUND('',#1387,.T.);
#955=FACE_OUTER_BOUND('',#1388,.T.);
#956=FACE_OUTER_BOUND('',#1389,.T.);
#957=FACE_OUTER_BOUND('',#1390,.T.);
#958=FACE_OUTER_BOUND('',#1455,.T.);
#959=FACE_OUTER_BOUND('',#1520,.T.);
#960=FACE_OUTER_BOUND('',#1521,.T.);
#961=FACE_OUTER_BOUND('',#1522,.T.);
#962=FACE_OUTER_BOUND('',#1523,.T.);
#963=FACE_OUTER_BOUND('',#1524,.T.);
#964=FACE_OUTER_BOUND('',#1525,.T.);
#965=FACE_OUTER_BOUND('',#1526,.T.);
#966=FACE_OUTER_BOUND('',#1527,.T.);
#967=FACE_OUTER_BOUND('',#1528,.T.);
#968=FACE_OUTER_BOUND('',#1529,.T.);
#969=FACE_OUTER_BOUND('',#1530,.T.);
#970=FACE_OUTER_BOUND('',#1531,.T.);
#971=FACE_OUTER_BOUND('',#1532,.T.);
#972=FACE_OUTER_BOUND('',#1533,.T.);
#973=FACE_OUTER_BOUND('',#1534,.T.);
#974=FACE_OUTER_BOUND('',#1535,.T.);
#975=FACE_OUTER_BOUND('',#1536,.T.);
#976=FACE_OUTER_BOUND('',#1537,.T.);
#977=FACE_OUTER_BOUND('',#1538,.T.);
#978=FACE_OUTER_BOUND('',#1539,.T.);
#979=FACE_OUTER_BOUND('',#1540,.T.);
#980=FACE_OUTER_BOUND('',#1541,.T.);
#981=FACE_OUTER_BOUND('',#1542,.T.);
#982=FACE_OUTER_BOUND('',#1543,.T.);
#983=FACE_OUTER_BOUND('',#1544,.T.);
#984=FACE_OUTER_BOUND('',#1545,.T.);
#985=FACE_OUTER_BOUND('',#1546,.T.);
#986=FACE_OUTER_BOUND('',#1547,.T.);
#987=FACE_OUTER_BOUND('',#1548,.T.);
#988=FACE_OUTER_BOUND('',#1549,.T.);
#989=FACE_OUTER_BOUND('',#1550,.T.);
#990=FACE_OUTER_BOUND('',#1551,.T.);
#991=FACE_OUTER_BOUND('',#1552,.T.);
#992=FACE_OUTER_BOUND('',#1553,.T.);
#993=FACE_OUTER_BOUND('',#1554,.T.);
#994=FACE_OUTER_BOUND('',#1555,.T.);
#995=FACE_OUTER_BOUND('',#1556,.T.);
#996=FACE_OUTER_BOUND('',#1557,.T.);
#997=FACE_OUTER_BOUND('',#1558,.T.);
#998=FACE_OUTER_BOUND('',#1559,.T.);
#999=FACE_OUTER_BOUND('',#1560,.T.);
#1000=FACE_OUTER_BOUND('',#1561,.T.);
#1001=FACE_OUTER_BOUND('',#1562,.T.);
#1002=FACE_OUTER_BOUND('',#1563,.T.);
#1003=FACE_OUTER_BOUND('',#1564,.T.);
#1004=FACE_OUTER_BOUND('',#1565,.T.);
#1005=FACE_OUTER_BOUND('',#1566,.T.);
#1006=FACE_OUTER_BOUND('',#1567,.T.);
#1007=FACE_OUTER_BOUND('',#1568,.T.);
#1008=FACE_OUTER_BOUND('',#1569,.T.);
#1009=FACE_OUTER_BOUND('',#1570,.T.);
#1010=FACE_OUTER_BOUND('',#1571,.T.);
#1011=FACE_OUTER_BOUND('',#1572,.T.);
#1012=FACE_OUTER_BOUND('',#1573,.T.);
#1013=FACE_OUTER_BOUND('',#1574,.T.);
#1014=FACE_OUTER_BOUND('',#1575,.T.);
#1015=FACE_OUTER_BOUND('',#1576,.T.);
#1016=FACE_OUTER_BOUND('',#1577,.T.);
#1017=FACE_OUTER_BOUND('',#1578,.T.);
#1018=FACE_OUTER_BOUND('',#1579,.T.);
#1019=FACE_OUTER_BOUND('',#1580,.T.);
#1020=FACE_OUTER_BOUND('',#1581,.T.);
#1021=FACE_OUTER_BOUND('',#1582,.T.);
#1022=FACE_OUTER_BOUND('',#1583,.T.);
#1023=FACE_OUTER_BOUND('',#1584,.T.);
#1024=FACE_OUTER_BOUND('',#1585,.T.);
#1025=FACE_OUTER_BOUND('',#1586,.T.);
#1026=FACE_OUTER_BOUND('',#1587,.T.);
#1027=FACE_OUTER_BOUND('',#1588,.T.);
#1028=FACE_OUTER_BOUND('',#1589,.T.);
#1029=FACE_OUTER_BOUND('',#1590,.T.);
#1030=FACE_OUTER_BOUND('',#1591,.T.);
#1031=FACE_OUTER_BOUND('',#1592,.T.);
#1032=FACE_OUTER_BOUND('',#1593,.T.);
#1033=FACE_OUTER_BOUND('',#1594,.T.);
#1034=FACE_OUTER_BOUND('',#1595,.T.);
#1035=FACE_OUTER_BOUND('',#1596,.T.);
#1036=FACE_OUTER_BOUND('',#1597,.T.);
#1037=FACE_OUTER_BOUND('',#1598,.T.);
#1038=FACE_OUTER_BOUND('',#1599,.T.);
#1039=FACE_OUTER_BOUND('',#1600,.T.);
#1040=FACE_OUTER_BOUND('',#1601,.T.);
#1041=FACE_OUTER_BOUND('',#1602,.T.);
#1042=FACE_OUTER_BOUND('',#1603,.T.);
#1043=FACE_OUTER_BOUND('',#1604,.T.);
#1044=FACE_OUTER_BOUND('',#1605,.T.);
#1045=FACE_OUTER_BOUND('',#1607,.T.);
#1046=FACE_OUTER_BOUND('',#1609,.T.);
#1047=FACE_OUTER_BOUND('',#1610,.T.);
#1048=FACE_OUTER_BOUND('',#1611,.T.);
#1049=FACE_OUTER_BOUND('',#1612,.T.);
#1050=FACE_OUTER_BOUND('',#1613,.T.);
#1051=FACE_OUTER_BOUND('',#1614,.T.);
#1052=EDGE_LOOP('',(#4938,#4939,#4940,#4941));
#1053=EDGE_LOOP('',(#4942));
#1054=EDGE_LOOP('',(#4943,#4944,#4945,#4946));
#1055=EDGE_LOOP('',(#4947));
#1056=EDGE_LOOP('',(#4948,#4949,#4950,#4951));
#1057=EDGE_LOOP('',(#4952));
#1058=EDGE_LOOP('',(#4953,#4954,#4955,#4956));
#1059=EDGE_LOOP('',(#4957));
#1060=EDGE_LOOP('',(#4958,#4959,#4960,#4961));
#1061=EDGE_LOOP('',(#4962,#4963,#4964,#4965,#4966,#4967,#4968,#4969));
#1062=EDGE_LOOP('',(#4970,#4971,#4972,#4973,#4974,#4975,#4976,#4977));
#1063=EDGE_LOOP('',(#4978,#4979,#4980,#4981,#4982,#4983,#4984,#4985));
#1064=EDGE_LOOP('',(#4986,#4987,#4988,#4989));
#1065=EDGE_LOOP('',(#4990,#4991,#4992,#4993));
#1066=EDGE_LOOP('',(#4994,#4995,#4996,#4997));
#1067=EDGE_LOOP('',(#4998,#4999,#5000,#5001));
#1068=EDGE_LOOP('',(#5002,#5003,#5004,#5005,#5006));
#1069=EDGE_LOOP('',(#5007,#5008,#5009,#5010,#5011));
#1070=EDGE_LOOP('',(#5012,#5013,#5014,#5015,#5016));
#1071=EDGE_LOOP('',(#5017,#5018,#5019,#5020,#5021));
#1072=EDGE_LOOP('',(#5022,#5023,#5024,#5025));
#1073=EDGE_LOOP('',(#5026,#5027,#5028,#5029));
#1074=EDGE_LOOP('',(#5030,#5031,#5032,#5033));
#1075=EDGE_LOOP('',(#5034,#5035,#5036,#5037));
#1076=EDGE_LOOP('',(#5038,#5039,#5040,#5041));
#1077=EDGE_LOOP('',(#5042,#5043,#5044,#5045));
#1078=EDGE_LOOP('',(#5046,#5047,#5048,#5049));
#1079=EDGE_LOOP('',(#5050,#5051,#5052,#5053));
#1080=EDGE_LOOP('',(#5054,#5055,#5056,#5057));
#1081=EDGE_LOOP('',(#5058,#5059,#5060,#5061));
#1082=EDGE_LOOP('',(#5062,#5063,#5064,#5065));
#1083=EDGE_LOOP('',(#5066,#5067,#5068,#5069));
#1084=EDGE_LOOP('',(#5070,#5071,#5072,#5073,#5074,#5075,#5076,#5077));
#1085=EDGE_LOOP('',(#5078,#5079,#5080,#5081,#5082,#5083,#5084,#5085));
#1086=EDGE_LOOP('',(#5086,#5087,#5088,#5089,#5090,#5091,#5092,#5093));
#1087=EDGE_LOOP('',(#5094,#5095,#5096,#5097));
#1088=EDGE_LOOP('',(#5098,#5099,#5100,#5101));
#1089=EDGE_LOOP('',(#5102,#5103,#5104,#5105));
#1090=EDGE_LOOP('',(#5106,#5107,#5108,#5109));
#1091=EDGE_LOOP('',(#5110,#5111,#5112,#5113));
#1092=EDGE_LOOP('',(#5114,#5115,#5116,#5117));
#1093=EDGE_LOOP('',(#5118,#5119,#5120,#5121));
#1094=EDGE_LOOP('',(#5122,#5123,#5124,#5125));
#1095=EDGE_LOOP('',(#5126,#5127,#5128,#5129));
#1096=EDGE_LOOP('',(#5130,#5131,#5132,#5133));
#1097=EDGE_LOOP('',(#5134,#5135,#5136,#5137));
#1098=EDGE_LOOP('',(#5138,#5139,#5140,#5141));
#1099=EDGE_LOOP('',(#5142,#5143,#5144,#5145));
#1100=EDGE_LOOP('',(#5146,#5147,#5148,#5149));
#1101=EDGE_LOOP('',(#5150,#5151,#5152,#5153));
#1102=EDGE_LOOP('',(#5154,#5155,#5156,#5157));
#1103=EDGE_LOOP('',(#5158,#5159,#5160));
#1104=EDGE_LOOP('',(#5161,#5162,#5163));
#1105=EDGE_LOOP('',(#5164,#5165,#5166,#5167));
#1106=EDGE_LOOP('',(#5168,#5169,#5170));
#1107=EDGE_LOOP('',(#5171,#5172,#5173));
#1108=EDGE_LOOP('',(#5174,#5175,#5176,#5177));
#1109=EDGE_LOOP('',(#5178,#5179,#5180,#5181));
#1110=EDGE_LOOP('',(#5182,#5183,#5184,#5185));
#1111=EDGE_LOOP('',(#5186,#5187,#5188,#5189));
#1112=EDGE_LOOP('',(#5190,#5191,#5192,#5193));
#1113=EDGE_LOOP('',(#5194,#5195,#5196,#5197));
#1114=EDGE_LOOP('',(#5198,#5199,#5200,#5201));
#1115=EDGE_LOOP('',(#5202,#5203,#5204,#5205));
#1116=EDGE_LOOP('',(#5206,#5207,#5208,#5209));
#1117=EDGE_LOOP('',(#5210,#5211,#5212,#5213,#5214,#5215,#5216,#5217,#5218,
#5219));
#1118=EDGE_LOOP('',(#5220,#5221,#5222,#5223,#5224,#5225,#5226,#5227));
#1119=EDGE_LOOP('',(#5228));
#1120=EDGE_LOOP('',(#5229));
#1121=EDGE_LOOP('',(#5230));
#1122=EDGE_LOOP('',(#5231));
#1123=EDGE_LOOP('',(#5232,#5233,#5234,#5235,#5236,#5237,#5238,#5239));
#1124=EDGE_LOOP('',(#5240,#5241,#5242,#5243));
#1125=EDGE_LOOP('',(#5244,#5245,#5246,#5247));
#1126=EDGE_LOOP('',(#5248,#5249,#5250,#5251,#5252,#5253,#5254,#5255));
#1127=EDGE_LOOP('',(#5256,#5257,#5258,#5259));
#1128=EDGE_LOOP('',(#5260,#5261,#5262,#5263));
#1129=EDGE_LOOP('',(#5264,#5265,#5266,#5267));
#1130=EDGE_LOOP('',(#5268,#5269,#5270,#5271));
#1131=EDGE_LOOP('',(#5272,#5273,#5274,#5275));
#1132=EDGE_LOOP('',(#5276,#5277,#5278,#5279));
#1133=EDGE_LOOP('',(#5280,#5281,#5282,#5283));
#1134=EDGE_LOOP('',(#5284,#5285,#5286,#5287));
#1135=EDGE_LOOP('',(#5288,#5289,#5290,#5291));
#1136=EDGE_LOOP('',(#5292,#5293,#5294,#5295));
#1137=EDGE_LOOP('',(#5296,#5297,#5298,#5299));
#1138=EDGE_LOOP('',(#5300,#5301,#5302,#5303));
#1139=EDGE_LOOP('',(#5304,#5305,#5306,#5307));
#1140=EDGE_LOOP('',(#5308,#5309,#5310,#5311));
#1141=EDGE_LOOP('',(#5312,#5313,#5314,#5315));
#1142=EDGE_LOOP('',(#5316,#5317,#5318,#5319));
#1143=EDGE_LOOP('',(#5320,#5321,#5322,#5323));
#1144=EDGE_LOOP('',(#5324,#5325,#5326,#5327));
#1145=EDGE_LOOP('',(#5328,#5329,#5330,#5331,#5332,#5333,#5334,#5335));
#1146=EDGE_LOOP('',(#5336));
#1147=EDGE_LOOP('',(#5337));
#1148=EDGE_LOOP('',(#5338,#5339,#5340,#5341,#5342,#5343,#5344,#5345));
#1149=EDGE_LOOP('',(#5346,#5347,#5348,#5349,#5350,#5351,#5352,#5353));
#1150=EDGE_LOOP('',(#5354,#5355,#5356,#5357,#5358,#5359,#5360,#5361));
#1151=EDGE_LOOP('',(#5362,#5363,#5364,#5365,#5366,#5367,#5368,#5369));
#1152=EDGE_LOOP('',(#5370,#5371,#5372,#5373,#5374,#5375,#5376,#5377));
#1153=EDGE_LOOP('',(#5378,#5379,#5380,#5381,#5382,#5383,#5384,#5385));
#1154=EDGE_LOOP('',(#5386,#5387,#5388,#5389,#5390,#5391,#5392,#5393));
#1155=EDGE_LOOP('',(#5394,#5395,#5396,#5397,#5398,#5399,#5400,#5401));
#1156=EDGE_LOOP('',(#5402));
#1157=EDGE_LOOP('',(#5403));
#1158=EDGE_LOOP('',(#5404,#5405,#5406,#5407));
#1159=EDGE_LOOP('',(#5408,#5409,#5410,#5411));
#1160=EDGE_LOOP('',(#5412,#5413,#5414,#5415));
#1161=EDGE_LOOP('',(#5416,#5417,#5418,#5419));
#1162=EDGE_LOOP('',(#5420,#5421,#5422,#5423));
#1163=EDGE_LOOP('',(#5424,#5425,#5426,#5427));
#1164=EDGE_LOOP('',(#5428,#5429,#5430,#5431));
#1165=EDGE_LOOP('',(#5432,#5433,#5434,#5435));
#1166=EDGE_LOOP('',(#5436,#5437,#5438,#5439));
#1167=EDGE_LOOP('',(#5440,#5441,#5442,#5443));
#1168=EDGE_LOOP('',(#5444,#5445,#5446,#5447));
#1169=EDGE_LOOP('',(#5448,#5449,#5450,#5451));
#1170=EDGE_LOOP('',(#5452,#5453,#5454,#5455));
#1171=EDGE_LOOP('',(#5456,#5457,#5458,#5459));
#1172=EDGE_LOOP('',(#5460,#5461,#5462,#5463));
#1173=EDGE_LOOP('',(#5464,#5465,#5466,#5467));
#1174=EDGE_LOOP('',(#5468,#5469,#5470,#5471));
#1175=EDGE_LOOP('',(#5472,#5473,#5474,#5475));
#1176=EDGE_LOOP('',(#5476,#5477,#5478,#5479));
#1177=EDGE_LOOP('',(#5480,#5481,#5482,#5483));
#1178=EDGE_LOOP('',(#5484,#5485,#5486,#5487));
#1179=EDGE_LOOP('',(#5488,#5489,#5490,#5491));
#1180=EDGE_LOOP('',(#5492,#5493,#5494,#5495));
#1181=EDGE_LOOP('',(#5496,#5497,#5498,#5499));
#1182=EDGE_LOOP('',(#5500,#5501,#5502,#5503));
#1183=EDGE_LOOP('',(#5504,#5505,#5506,#5507));
#1184=EDGE_LOOP('',(#5508,#5509,#5510,#5511));
#1185=EDGE_LOOP('',(#5512,#5513,#5514,#5515));
#1186=EDGE_LOOP('',(#5516,#5517,#5518,#5519));
#1187=EDGE_LOOP('',(#5520,#5521,#5522,#5523));
#1188=EDGE_LOOP('',(#5524,#5525,#5526,#5527));
#1189=EDGE_LOOP('',(#5528,#5529,#5530,#5531));
#1190=EDGE_LOOP('',(#5532,#5533,#5534,#5535));
#1191=EDGE_LOOP('',(#5536,#5537,#5538,#5539));
#1192=EDGE_LOOP('',(#5540,#5541,#5542,#5543));
#1193=EDGE_LOOP('',(#5544,#5545,#5546,#5547));
#1194=EDGE_LOOP('',(#5548,#5549,#5550,#5551));
#1195=EDGE_LOOP('',(#5552,#5553,#5554,#5555));
#1196=EDGE_LOOP('',(#5556,#5557,#5558,#5559));
#1197=EDGE_LOOP('',(#5560,#5561,#5562,#5563));
#1198=EDGE_LOOP('',(#5564,#5565,#5566,#5567));
#1199=EDGE_LOOP('',(#5568,#5569,#5570,#5571));
#1200=EDGE_LOOP('',(#5572,#5573,#5574,#5575));
#1201=EDGE_LOOP('',(#5576,#5577,#5578,#5579));
#1202=EDGE_LOOP('',(#5580,#5581,#5582,#5583));
#1203=EDGE_LOOP('',(#5584,#5585,#5586,#5587));
#1204=EDGE_LOOP('',(#5588,#5589,#5590,#5591));
#1205=EDGE_LOOP('',(#5592,#5593,#5594,#5595));
#1206=EDGE_LOOP('',(#5596,#5597,#5598,#5599));
#1207=EDGE_LOOP('',(#5600,#5601,#5602,#5603));
#1208=EDGE_LOOP('',(#5604,#5605,#5606,#5607));
#1209=EDGE_LOOP('',(#5608,#5609,#5610,#5611));
#1210=EDGE_LOOP('',(#5612,#5613,#5614,#5615));
#1211=EDGE_LOOP('',(#5616,#5617,#5618,#5619));
#1212=EDGE_LOOP('',(#5620,#5621,#5622,#5623));
#1213=EDGE_LOOP('',(#5624,#5625,#5626,#5627));
#1214=EDGE_LOOP('',(#5628,#5629,#5630,#5631));
#1215=EDGE_LOOP('',(#5632,#5633,#5634,#5635));
#1216=EDGE_LOOP('',(#5636,#5637,#5638,#5639));
#1217=EDGE_LOOP('',(#5640,#5641,#5642,#5643));
#1218=EDGE_LOOP('',(#5644,#5645,#5646,#5647));
#1219=EDGE_LOOP('',(#5648,#5649,#5650,#5651));
#1220=EDGE_LOOP('',(#5652,#5653,#5654,#5655));
#1221=EDGE_LOOP('',(#5656,#5657,#5658,#5659));
#1222=EDGE_LOOP('',(#5660,#5661,#5662,#5663));
#1223=EDGE_LOOP('',(#5664,#5665,#5666,#5667));
#1224=EDGE_LOOP('',(#5668,#5669,#5670,#5671));
#1225=EDGE_LOOP('',(#5672,#5673,#5674,#5675));
#1226=EDGE_LOOP('',(#5676,#5677,#5678,#5679,#5680,#5681,#5682,#5683));
#1227=EDGE_LOOP('',(#5684));
#1228=EDGE_LOOP('',(#5685));
#1229=EDGE_LOOP('',(#5686,#5687,#5688,#5689,#5690,#5691,#5692,#5693));
#1230=EDGE_LOOP('',(#5694,#5695,#5696,#5697,#5698,#5699,#5700,#5701));
#1231=EDGE_LOOP('',(#5702,#5703,#5704,#5705,#5706,#5707,#5708,#5709));
#1232=EDGE_LOOP('',(#5710,#5711,#5712,#5713,#5714,#5715,#5716,#5717));
#1233=EDGE_LOOP('',(#5718,#5719,#5720,#5721,#5722,#5723,#5724,#5725));
#1234=EDGE_LOOP('',(#5726,#5727,#5728,#5729,#5730,#5731,#5732,#5733));
#1235=EDGE_LOOP('',(#5734,#5735,#5736,#5737,#5738,#5739,#5740,#5741));
#1236=EDGE_LOOP('',(#5742,#5743,#5744,#5745,#5746,#5747,#5748,#5749));
#1237=EDGE_LOOP('',(#5750));
#1238=EDGE_LOOP('',(#5751));
#1239=EDGE_LOOP('',(#5752,#5753,#5754,#5755));
#1240=EDGE_LOOP('',(#5756,#5757,#5758,#5759));
#1241=EDGE_LOOP('',(#5760));
#1242=EDGE_LOOP('',(#5761));
#1243=EDGE_LOOP('',(#5762,#5763,#5764,#5765));
#1244=EDGE_LOOP('',(#5766,#5767,#5768,#5769,#5770));
#1245=EDGE_LOOP('',(#5771,#5772,#5773,#5774,#5775,#5776,#5777,#5778,#5779,
#5780,#5781,#5782,#5783,#5784,#5785,#5786,#5787,#5788,#5789,#5790,#5791,
#5792,#5793,#5794,#5795));
#1246=EDGE_LOOP('',(#5796,#5797,#5798,#5799));
#1247=EDGE_LOOP('',(#5800,#5801,#5802,#5803));
#1248=EDGE_LOOP('',(#5804,#5805,#5806,#5807));
#1249=EDGE_LOOP('',(#5808,#5809,#5810,#5811,#5812,#5813));
#1250=EDGE_LOOP('',(#5814,#5815,#5816));
#1251=EDGE_LOOP('',(#5817,#5818,#5819));
#1252=EDGE_LOOP('',(#5820,#5821,#5822,#5823));
#1253=EDGE_LOOP('',(#5824,#5825,#5826,#5827));
#1254=EDGE_LOOP('',(#5828,#5829,#5830,#5831,#5832,#5833));
#1255=EDGE_LOOP('',(#5834,#5835,#5836));
#1256=EDGE_LOOP('',(#5837,#5838,#5839));
#1257=EDGE_LOOP('',(#5840,#5841,#5842,#5843));
#1258=EDGE_LOOP('',(#5844,#5845,#5846,#5847));
#1259=EDGE_LOOP('',(#5848,#5849,#5850,#5851,#5852,#5853));
#1260=EDGE_LOOP('',(#5854,#5855,#5856));
#1261=EDGE_LOOP('',(#5857,#5858,#5859));
#1262=EDGE_LOOP('',(#5860,#5861,#5862,#5863));
#1263=EDGE_LOOP('',(#5864,#5865,#5866,#5867));
#1264=EDGE_LOOP('',(#5868,#5869,#5870,#5871,#5872,#5873));
#1265=EDGE_LOOP('',(#5874,#5875,#5876));
#1266=EDGE_LOOP('',(#5877,#5878,#5879));
#1267=EDGE_LOOP('',(#5880,#5881,#5882,#5883,#5884));
#1268=EDGE_LOOP('',(#5885,#5886,#5887,#5888,#5889,#5890));
#1269=EDGE_LOOP('',(#5891,#5892,#5893,#5894));
#1270=EDGE_LOOP('',(#5895,#5896,#5897,#5898,#5899,#5900));
#1271=EDGE_LOOP('',(#5901,#5902,#5903,#5904,#5905,#5906));
#1272=EDGE_LOOP('',(#5907,#5908,#5909,#5910));
#1273=EDGE_LOOP('',(#5911,#5912,#5913,#5914,#5915,#5916));
#1274=EDGE_LOOP('',(#5917,#5918,#5919,#5920));
#1275=EDGE_LOOP('',(#5921,#5922,#5923,#5924,#5925,#5926,#5927,#5928,#5929,
#5930,#5931,#5932));
#1276=EDGE_LOOP('',(#5933,#5934,#5935,#5936));
#1277=EDGE_LOOP('',(#5937));
#1278=EDGE_LOOP('',(#5938,#5939,#5940,#5941));
#1279=EDGE_LOOP('',(#5942,#5943,#5944,#5945));
#1280=EDGE_LOOP('',(#5946,#5947,#5948,#5949));
#1281=EDGE_LOOP('',(#5950,#5951,#5952,#5953));
#1282=EDGE_LOOP('',(#5954,#5955,#5956,#5957,#5958,#5959,#5960,#5961,#5962,
#5963,#5964,#5965,#5966,#5967,#5968,#5969,#5970,#5971,#5972,#5973,#5974,
#5975,#5976,#5977,#5978,#5979));
#1283=EDGE_LOOP('',(#5980,#5981,#5982,#5983));
#1284=EDGE_LOOP('',(#5984,#5985,#5986,#5987));
#1285=EDGE_LOOP('',(#5988,#5989,#5990,#5991));
#1286=EDGE_LOOP('',(#5992,#5993,#5994,#5995));
#1287=EDGE_LOOP('',(#5996,#5997,#5998,#5999,#6000,#6001,#6002,#6003,#6004,
#6005,#6006,#6007,#6008,#6009,#6010,#6011,#6012,#6013,#6014,#6015,#6016,
#6017,#6018,#6019,#6020,#6021));
#1288=EDGE_LOOP('',(#6022,#6023,#6024,#6025));
#1289=EDGE_LOOP('',(#6026,#6027,#6028,#6029));
#1290=EDGE_LOOP('',(#6030,#6031,#6032,#6033));
#1291=EDGE_LOOP('',(#6034,#6035,#6036,#6037));
#1292=EDGE_LOOP('',(#6038,#6039,#6040,#6041));
#1293=EDGE_LOOP('',(#6042,#6043,#6044,#6045));
#1294=EDGE_LOOP('',(#6046,#6047,#6048,#6049));
#1295=EDGE_LOOP('',(#6050,#6051,#6052,#6053));
#1296=EDGE_LOOP('',(#6054,#6055,#6056,#6057));
#1297=EDGE_LOOP('',(#6058,#6059,#6060,#6061));
#1298=EDGE_LOOP('',(#6062,#6063,#6064,#6065));
#1299=EDGE_LOOP('',(#6066,#6067,#6068,#6069));
#1300=EDGE_LOOP('',(#6070,#6071,#6072,#6073));
#1301=EDGE_LOOP('',(#6074,#6075,#6076,#6077));
#1302=EDGE_LOOP('',(#6078,#6079,#6080,#6081));
#1303=EDGE_LOOP('',(#6082,#6083,#6084,#6085));
#1304=EDGE_LOOP('',(#6086,#6087,#6088,#6089));
#1305=EDGE_LOOP('',(#6090,#6091,#6092,#6093));
#1306=EDGE_LOOP('',(#6094,#6095,#6096,#6097));
#1307=EDGE_LOOP('',(#6098,#6099,#6100,#6101));
#1308=EDGE_LOOP('',(#6102,#6103,#6104,#6105));
#1309=EDGE_LOOP('',(#6106,#6107,#6108,#6109));
#1310=EDGE_LOOP('',(#6110,#6111,#6112,#6113));
#1311=EDGE_LOOP('',(#6114,#6115,#6116,#6117));
#1312=EDGE_LOOP('',(#6118,#6119,#6120,#6121));
#1313=EDGE_LOOP('',(#6122,#6123,#6124,#6125));
#1314=EDGE_LOOP('',(#6126,#6127,#6128,#6129));
#1315=EDGE_LOOP('',(#6130,#6131,#6132,#6133));
#1316=EDGE_LOOP('',(#6134,#6135,#6136,#6137));
#1317=EDGE_LOOP('',(#6138,#6139,#6140,#6141));
#1318=EDGE_LOOP('',(#6142,#6143,#6144,#6145));
#1319=EDGE_LOOP('',(#6146,#6147,#6148,#6149));
#1320=EDGE_LOOP('',(#6150,#6151,#6152,#6153));
#1321=EDGE_LOOP('',(#6154,#6155,#6156,#6157));
#1322=EDGE_LOOP('',(#6158,#6159,#6160,#6161));
#1323=EDGE_LOOP('',(#6162,#6163,#6164,#6165));
#1324=EDGE_LOOP('',(#6166,#6167,#6168,#6169));
#1325=EDGE_LOOP('',(#6170,#6171,#6172,#6173));
#1326=EDGE_LOOP('',(#6174,#6175,#6176,#6177));
#1327=EDGE_LOOP('',(#6178,#6179,#6180,#6181));
#1328=EDGE_LOOP('',(#6182,#6183,#6184,#6185));
#1329=EDGE_LOOP('',(#6186,#6187,#6188,#6189));
#1330=EDGE_LOOP('',(#6190,#6191,#6192,#6193));
#1331=EDGE_LOOP('',(#6194,#6195,#6196,#6197));
#1332=EDGE_LOOP('',(#6198,#6199,#6200,#6201));
#1333=EDGE_LOOP('',(#6202,#6203,#6204,#6205));
#1334=EDGE_LOOP('',(#6206,#6207,#6208,#6209));
#1335=EDGE_LOOP('',(#6210,#6211,#6212,#6213));
#1336=EDGE_LOOP('',(#6214,#6215,#6216,#6217));
#1337=EDGE_LOOP('',(#6218,#6219,#6220,#6221));
#1338=EDGE_LOOP('',(#6222,#6223,#6224,#6225));
#1339=EDGE_LOOP('',(#6226,#6227,#6228,#6229));
#1340=EDGE_LOOP('',(#6230,#6231,#6232,#6233));
#1341=EDGE_LOOP('',(#6234,#6235,#6236,#6237));
#1342=EDGE_LOOP('',(#6238,#6239,#6240,#6241));
#1343=EDGE_LOOP('',(#6242,#6243,#6244,#6245));
#1344=EDGE_LOOP('',(#6246,#6247,#6248,#6249));
#1345=EDGE_LOOP('',(#6250,#6251,#6252,#6253));
#1346=EDGE_LOOP('',(#6254,#6255,#6256,#6257));
#1347=EDGE_LOOP('',(#6258,#6259,#6260,#6261));
#1348=EDGE_LOOP('',(#6262,#6263,#6264,#6265));
#1349=EDGE_LOOP('',(#6266,#6267,#6268,#6269));
#1350=EDGE_LOOP('',(#6270,#6271,#6272,#6273));
#1351=EDGE_LOOP('',(#6274,#6275,#6276,#6277));
#1352=EDGE_LOOP('',(#6278,#6279,#6280,#6281));
#1353=EDGE_LOOP('',(#6282,#6283,#6284,#6285));
#1354=EDGE_LOOP('',(#6286,#6287,#6288,#6289));
#1355=EDGE_LOOP('',(#6290,#6291,#6292,#6293));
#1356=EDGE_LOOP('',(#6294,#6295,#6296,#6297));
#1357=EDGE_LOOP('',(#6298,#6299,#6300,#6301));
#1358=EDGE_LOOP('',(#6302,#6303,#6304,#6305));
#1359=EDGE_LOOP('',(#6306,#6307,#6308,#6309));
#1360=EDGE_LOOP('',(#6310,#6311,#6312,#6313));
#1361=EDGE_LOOP('',(#6314,#6315,#6316,#6317));
#1362=EDGE_LOOP('',(#6318,#6319,#6320,#6321));
#1363=EDGE_LOOP('',(#6322,#6323,#6324,#6325));
#1364=EDGE_LOOP('',(#6326,#6327,#6328,#6329));
#1365=EDGE_LOOP('',(#6330,#6331,#6332,#6333));
#1366=EDGE_LOOP('',(#6334,#6335,#6336,#6337));
#1367=EDGE_LOOP('',(#6338,#6339,#6340,#6341));
#1368=EDGE_LOOP('',(#6342,#6343,#6344,#6345));
#1369=EDGE_LOOP('',(#6346,#6347,#6348,#6349));
#1370=EDGE_LOOP('',(#6350,#6351,#6352,#6353));
#1371=EDGE_LOOP('',(#6354,#6355,#6356,#6357));
#1372=EDGE_LOOP('',(#6358,#6359,#6360,#6361));
#1373=EDGE_LOOP('',(#6362,#6363,#6364,#6365));
#1374=EDGE_LOOP('',(#6366,#6367,#6368,#6369));
#1375=EDGE_LOOP('',(#6370,#6371,#6372,#6373));
#1376=EDGE_LOOP('',(#6374,#6375,#6376,#6377));
#1377=EDGE_LOOP('',(#6378,#6379,#6380,#6381));
#1378=EDGE_LOOP('',(#6382,#6383,#6384,#6385));
#1379=EDGE_LOOP('',(#6386,#6387,#6388,#6389));
#1380=EDGE_LOOP('',(#6390,#6391,#6392,#6393));
#1381=EDGE_LOOP('',(#6394,#6395,#6396,#6397));
#1382=EDGE_LOOP('',(#6398,#6399,#6400,#6401));
#1383=EDGE_LOOP('',(#6402,#6403,#6404,#6405));
#1384=EDGE_LOOP('',(#6406,#6407,#6408,#6409));
#1385=EDGE_LOOP('',(#6410,#6411,#6412,#6413));
#1386=EDGE_LOOP('',(#6414,#6415,#6416,#6417));
#1387=EDGE_LOOP('',(#6418,#6419,#6420,#6421));
#1388=EDGE_LOOP('',(#6422,#6423,#6424,#6425));
#1389=EDGE_LOOP('',(#6426,#6427,#6428,#6429));
#1390=EDGE_LOOP('',(#6430,#6431,#6432,#6433));
#1391=EDGE_LOOP('',(#6434));
#1392=EDGE_LOOP('',(#6435));
#1393=EDGE_LOOP('',(#6436));
#1394=EDGE_LOOP('',(#6437));
#1395=EDGE_LOOP('',(#6438));
#1396=EDGE_LOOP('',(#6439));
#1397=EDGE_LOOP('',(#6440));
#1398=EDGE_LOOP('',(#6441));
#1399=EDGE_LOOP('',(#6442));
#1400=EDGE_LOOP('',(#6443));
#1401=EDGE_LOOP('',(#6444));
#1402=EDGE_LOOP('',(#6445));
#1403=EDGE_LOOP('',(#6446));
#1404=EDGE_LOOP('',(#6447,#6448,#6449,#6450));
#1405=EDGE_LOOP('',(#6451,#6452,#6453,#6454));
#1406=EDGE_LOOP('',(#6455));
#1407=EDGE_LOOP('',(#6456));
#1408=EDGE_LOOP('',(#6457,#6458,#6459,#6460));
#1409=EDGE_LOOP('',(#6461));
#1410=EDGE_LOOP('',(#6462));
#1411=EDGE_LOOP('',(#6463));
#1412=EDGE_LOOP('',(#6464));
#1413=EDGE_LOOP('',(#6465));
#1414=EDGE_LOOP('',(#6466));
#1415=EDGE_LOOP('',(#6467));
#1416=EDGE_LOOP('',(#6468));
#1417=EDGE_LOOP('',(#6469));
#1418=EDGE_LOOP('',(#6470));
#1419=EDGE_LOOP('',(#6471));
#1420=EDGE_LOOP('',(#6472));
#1421=EDGE_LOOP('',(#6473));
#1422=EDGE_LOOP('',(#6474));
#1423=EDGE_LOOP('',(#6475));
#1424=EDGE_LOOP('',(#6476));
#1425=EDGE_LOOP('',(#6477));
#1426=EDGE_LOOP('',(#6478));
#1427=EDGE_LOOP('',(#6479));
#1428=EDGE_LOOP('',(#6480));
#1429=EDGE_LOOP('',(#6481));
#1430=EDGE_LOOP('',(#6482));
#1431=EDGE_LOOP('',(#6483));
#1432=EDGE_LOOP('',(#6484));
#1433=EDGE_LOOP('',(#6485,#6486,#6487,#6488));
#1434=EDGE_LOOP('',(#6489));
#1435=EDGE_LOOP('',(#6490));
#1436=EDGE_LOOP('',(#6491));
#1437=EDGE_LOOP('',(#6492));
#1438=EDGE_LOOP('',(#6493));
#1439=EDGE_LOOP('',(#6494));
#1440=EDGE_LOOP('',(#6495));
#1441=EDGE_LOOP('',(#6496));
#1442=EDGE_LOOP('',(#6497));
#1443=EDGE_LOOP('',(#6498));
#1444=EDGE_LOOP('',(#6499));
#1445=EDGE_LOOP('',(#6500));
#1446=EDGE_LOOP('',(#6501));
#1447=EDGE_LOOP('',(#6502));
#1448=EDGE_LOOP('',(#6503));
#1449=EDGE_LOOP('',(#6504));
#1450=EDGE_LOOP('',(#6505));
#1451=EDGE_LOOP('',(#6506));
#1452=EDGE_LOOP('',(#6507));
#1453=EDGE_LOOP('',(#6508));
#1454=EDGE_LOOP('',(#6509));
#1455=EDGE_LOOP('',(#6510,#6511,#6512,#6513));
#1456=EDGE_LOOP('',(#6514));
#1457=EDGE_LOOP('',(#6515));
#1458=EDGE_LOOP('',(#6516));
#1459=EDGE_LOOP('',(#6517));
#1460=EDGE_LOOP('',(#6518));
#1461=EDGE_LOOP('',(#6519));
#1462=EDGE_LOOP('',(#6520));
#1463=EDGE_LOOP('',(#6521));
#1464=EDGE_LOOP('',(#6522));
#1465=EDGE_LOOP('',(#6523));
#1466=EDGE_LOOP('',(#6524));
#1467=EDGE_LOOP('',(#6525));
#1468=EDGE_LOOP('',(#6526));
#1469=EDGE_LOOP('',(#6527,#6528,#6529,#6530));
#1470=EDGE_LOOP('',(#6531,#6532,#6533,#6534));
#1471=EDGE_LOOP('',(#6535));
#1472=EDGE_LOOP('',(#6536));
#1473=EDGE_LOOP('',(#6537,#6538,#6539,#6540));
#1474=EDGE_LOOP('',(#6541));
#1475=EDGE_LOOP('',(#6542));
#1476=EDGE_LOOP('',(#6543));
#1477=EDGE_LOOP('',(#6544));
#1478=EDGE_LOOP('',(#6545));
#1479=EDGE_LOOP('',(#6546));
#1480=EDGE_LOOP('',(#6547));
#1481=EDGE_LOOP('',(#6548));
#1482=EDGE_LOOP('',(#6549));
#1483=EDGE_LOOP('',(#6550));
#1484=EDGE_LOOP('',(#6551));
#1485=EDGE_LOOP('',(#6552));
#1486=EDGE_LOOP('',(#6553));
#1487=EDGE_LOOP('',(#6554));
#1488=EDGE_LOOP('',(#6555));
#1489=EDGE_LOOP('',(#6556));
#1490=EDGE_LOOP('',(#6557));
#1491=EDGE_LOOP('',(#6558));
#1492=EDGE_LOOP('',(#6559));
#1493=EDGE_LOOP('',(#6560));
#1494=EDGE_LOOP('',(#6561));
#1495=EDGE_LOOP('',(#6562));
#1496=EDGE_LOOP('',(#6563));
#1497=EDGE_LOOP('',(#6564));
#1498=EDGE_LOOP('',(#6565,#6566,#6567,#6568));
#1499=EDGE_LOOP('',(#6569));
#1500=EDGE_LOOP('',(#6570));
#1501=EDGE_LOOP('',(#6571));
#1502=EDGE_LOOP('',(#6572));
#1503=EDGE_LOOP('',(#6573));
#1504=EDGE_LOOP('',(#6574));
#1505=EDGE_LOOP('',(#6575));
#1506=EDGE_LOOP('',(#6576));
#1507=EDGE_LOOP('',(#6577));
#1508=EDGE_LOOP('',(#6578));
#1509=EDGE_LOOP('',(#6579));
#1510=EDGE_LOOP('',(#6580));
#1511=EDGE_LOOP('',(#6581));
#1512=EDGE_LOOP('',(#6582));
#1513=EDGE_LOOP('',(#6583));
#1514=EDGE_LOOP('',(#6584));
#1515=EDGE_LOOP('',(#6585));
#1516=EDGE_LOOP('',(#6586));
#1517=EDGE_LOOP('',(#6587));
#1518=EDGE_LOOP('',(#6588));
#1519=EDGE_LOOP('',(#6589));
#1520=EDGE_LOOP('',(#6590,#6591,#6592,#6593));
#1521=EDGE_LOOP('',(#6594,#6595,#6596,#6597));
#1522=EDGE_LOOP('',(#6598,#6599,#6600,#6601));
#1523=EDGE_LOOP('',(#6602,#6603,#6604,#6605));
#1524=EDGE_LOOP('',(#6606,#6607,#6608,#6609));
#1525=EDGE_LOOP('',(#6610,#6611,#6612,#6613));
#1526=EDGE_LOOP('',(#6614,#6615,#6616,#6617));
#1527=EDGE_LOOP('',(#6618,#6619,#6620,#6621));
#1528=EDGE_LOOP('',(#6622,#6623,#6624,#6625));
#1529=EDGE_LOOP('',(#6626,#6627,#6628,#6629));
#1530=EDGE_LOOP('',(#6630,#6631,#6632,#6633));
#1531=EDGE_LOOP('',(#6634,#6635,#6636,#6637));
#1532=EDGE_LOOP('',(#6638,#6639,#6640,#6641));
#1533=EDGE_LOOP('',(#6642,#6643,#6644,#6645));
#1534=EDGE_LOOP('',(#6646,#6647,#6648,#6649));
#1535=EDGE_LOOP('',(#6650,#6651,#6652,#6653));
#1536=EDGE_LOOP('',(#6654,#6655,#6656,#6657));
#1537=EDGE_LOOP('',(#6658,#6659,#6660,#6661));
#1538=EDGE_LOOP('',(#6662,#6663,#6664,#6665));
#1539=EDGE_LOOP('',(#6666,#6667,#6668,#6669));
#1540=EDGE_LOOP('',(#6670,#6671,#6672,#6673));
#1541=EDGE_LOOP('',(#6674,#6675,#6676,#6677));
#1542=EDGE_LOOP('',(#6678,#6679,#6680,#6681));
#1543=EDGE_LOOP('',(#6682,#6683,#6684,#6685));
#1544=EDGE_LOOP('',(#6686,#6687,#6688,#6689));
#1545=EDGE_LOOP('',(#6690,#6691,#6692,#6693));
#1546=EDGE_LOOP('',(#6694,#6695,#6696,#6697));
#1547=EDGE_LOOP('',(#6698,#6699,#6700,#6701));
#1548=EDGE_LOOP('',(#6702,#6703,#6704,#6705));
#1549=EDGE_LOOP('',(#6706,#6707,#6708,#6709));
#1550=EDGE_LOOP('',(#6710,#6711,#6712,#6713));
#1551=EDGE_LOOP('',(#6714,#6715,#6716,#6717));
#1552=EDGE_LOOP('',(#6718,#6719,#6720,#6721));
#1553=EDGE_LOOP('',(#6722,#6723,#6724,#6725));
#1554=EDGE_LOOP('',(#6726,#6727,#6728,#6729));
#1555=EDGE_LOOP('',(#6730,#6731,#6732,#6733));
#1556=EDGE_LOOP('',(#6734,#6735,#6736,#6737));
#1557=EDGE_LOOP('',(#6738,#6739,#6740,#6741));
#1558=EDGE_LOOP('',(#6742,#6743,#6744,#6745));
#1559=EDGE_LOOP('',(#6746,#6747,#6748,#6749));
#1560=EDGE_LOOP('',(#6750,#6751,#6752,#6753));
#1561=EDGE_LOOP('',(#6754,#6755,#6756,#6757));
#1562=EDGE_LOOP('',(#6758,#6759,#6760,#6761));
#1563=EDGE_LOOP('',(#6762,#6763,#6764,#6765));
#1564=EDGE_LOOP('',(#6766,#6767,#6768,#6769));
#1565=EDGE_LOOP('',(#6770,#6771,#6772,#6773));
#1566=EDGE_LOOP('',(#6774,#6775,#6776,#6777));
#1567=EDGE_LOOP('',(#6778,#6779,#6780,#6781));
#1568=EDGE_LOOP('',(#6782,#6783,#6784,#6785));
#1569=EDGE_LOOP('',(#6786,#6787,#6788,#6789));
#1570=EDGE_LOOP('',(#6790,#6791,#6792,#6793));
#1571=EDGE_LOOP('',(#6794,#6795,#6796,#6797));
#1572=EDGE_LOOP('',(#6798,#6799,#6800,#6801));
#1573=EDGE_LOOP('',(#6802,#6803,#6804,#6805));
#1574=EDGE_LOOP('',(#6806,#6807,#6808,#6809));
#1575=EDGE_LOOP('',(#6810,#6811,#6812,#6813));
#1576=EDGE_LOOP('',(#6814,#6815,#6816,#6817));
#1577=EDGE_LOOP('',(#6818,#6819,#6820,#6821));
#1578=EDGE_LOOP('',(#6822,#6823,#6824,#6825));
#1579=EDGE_LOOP('',(#6826,#6827,#6828,#6829));
#1580=EDGE_LOOP('',(#6830,#6831,#6832,#6833));
#1581=EDGE_LOOP('',(#6834,#6835,#6836,#6837));
#1582=EDGE_LOOP('',(#6838,#6839,#6840,#6841));
#1583=EDGE_LOOP('',(#6842,#6843,#6844,#6845));
#1584=EDGE_LOOP('',(#6846,#6847,#6848,#6849));
#1585=EDGE_LOOP('',(#6850,#6851,#6852,#6853));
#1586=EDGE_LOOP('',(#6854,#6855,#6856,#6857));
#1587=EDGE_LOOP('',(#6858,#6859,#6860,#6861));
#1588=EDGE_LOOP('',(#6862,#6863,#6864,#6865));
#1589=EDGE_LOOP('',(#6866,#6867,#6868,#6869));
#1590=EDGE_LOOP('',(#6870,#6871,#6872,#6873));
#1591=EDGE_LOOP('',(#6874,#6875,#6876,#6877));
#1592=EDGE_LOOP('',(#6878,#6879,#6880,#6881));
#1593=EDGE_LOOP('',(#6882,#6883,#6884,#6885));
#1594=EDGE_LOOP('',(#6886,#6887,#6888,#6889));
#1595=EDGE_LOOP('',(#6890,#6891,#6892,#6893));
#1596=EDGE_LOOP('',(#6894,#6895,#6896,#6897));
#1597=EDGE_LOOP('',(#6898,#6899,#6900,#6901,#6902));
#1598=EDGE_LOOP('',(#6903,#6904,#6905,#6906,#6907,#6908));
#1599=EDGE_LOOP('',(#6909,#6910,#6911,#6912,#6913,#6914));
#1600=EDGE_LOOP('',(#6915,#6916,#6917,#6918,#6919,#6920));
#1601=EDGE_LOOP('',(#6921,#6922,#6923,#6924,#6925));
#1602=EDGE_LOOP('',(#6926));
#1603=EDGE_LOOP('',(#6927));
#1604=EDGE_LOOP('',(#6928,#6929,#6930,#6931));
#1605=EDGE_LOOP('',(#6932));
#1606=EDGE_LOOP('',(#6933));
#1607=EDGE_LOOP('',(#6934));
#1608=EDGE_LOOP('',(#6935));
#1609=EDGE_LOOP('',(#6936,#6937,#6938,#6939));
#1610=EDGE_LOOP('',(#6940,#6941,#6942,#6943));
#1611=EDGE_LOOP('',(#6944,#6945,#6946,#6947));
#1612=EDGE_LOOP('',(#6948,#6949,#6950,#6951));
#1613=EDGE_LOOP('',(#6952));
#1614=EDGE_LOOP('',(#6953));
#1615=LINE('',#10551,#2277);
#1616=LINE('',#10558,#2278);
#1617=LINE('',#10565,#2279);
#1618=LINE('',#10572,#2280);
#1619=LINE('',#10585,#2281);
#1620=LINE('',#10588,#2282);
#1621=LINE('',#10591,#2283);
#1622=LINE('',#10593,#2284);
#1623=LINE('',#10595,#2285);
#1624=LINE('',#10597,#2286);
#1625=LINE('',#10599,#2287);
#1626=LINE('',#10601,#2288);
#1627=LINE('',#10602,#2289);
#1628=LINE('',#10605,#2290);
#1629=LINE('',#10609,#2291);
#1630=LINE('',#10613,#2292);
#1631=LINE('',#10617,#2293);
#1632=LINE('',#10621,#2294);
#1633=LINE('',#10625,#2295);
#1634=LINE('',#10629,#2296);
#1635=LINE('',#10633,#2297);
#1636=LINE('',#10640,#2298);
#1637=LINE('',#10643,#2299);
#1638=LINE('',#10646,#2300);
#1639=LINE('',#10648,#2301);
#1640=LINE('',#10649,#2302);
#1641=LINE('',#10655,#2303);
#1642=LINE('',#10665,#2304);
#1643=LINE('',#10668,#2305);
#1644=LINE('',#10671,#2306);
#1645=LINE('',#10676,#2307);
#1646=LINE('',#10679,#2308);
#1647=LINE('',#10680,#2309);
#1648=LINE('',#10684,#2310);
#1649=LINE('',#10698,#2311);
#1650=LINE('',#10699,#2312);
#1651=LINE('',#10710,#2313);
#1652=LINE('',#10711,#2314);
#1653=LINE('',#10722,#2315);
#1654=LINE('',#10723,#2316);
#1655=LINE('',#10731,#2317);
#1656=LINE('',#10732,#2318);
#1657=LINE('',#10735,#2319);
#1658=LINE('',#10737,#2320);
#1659=LINE('',#10738,#2321);
#1660=LINE('',#10741,#2322);
#1661=LINE('',#10745,#2323);
#1662=LINE('',#10746,#2324);
#1663=LINE('',#10749,#2325);
#1664=LINE('',#10756,#2326);
#1665=LINE('',#10760,#2327);
#1666=LINE('',#10764,#2328);
#1667=LINE('',#10767,#2329);
#1668=LINE('',#10772,#2330);
#1669=LINE('',#10776,#2331);
#1670=LINE('',#10780,#2332);
#1671=LINE('',#10783,#2333);
#1672=LINE('',#10785,#2334);
#1673=LINE('',#10786,#2335);
#1674=LINE('',#10788,#2336);
#1675=LINE('',#10790,#2337);
#1676=LINE('',#10791,#2338);
#1677=LINE('',#10793,#2339);
#1678=LINE('',#10795,#2340);
#1679=LINE('',#10798,#2341);
#1680=LINE('',#10801,#2342);
#1681=LINE('',#10802,#2343);
#1682=LINE('',#10804,#2344);
#1683=LINE('',#10806,#2345);
#1684=LINE('',#10807,#2346);
#1685=LINE('',#10810,#2347);
#1686=LINE('',#10812,#2348);
#1687=LINE('',#10814,#2349);
#1688=LINE('',#10828,#2350);
#1689=LINE('',#10829,#2351);
#1690=LINE('',#10843,#2352);
#1691=LINE('',#10848,#2353);
#1692=LINE('',#10849,#2354);
#1693=LINE('',#10851,#2355);
#1694=LINE('',#10856,#2356);
#1695=LINE('',#10857,#2357);
#1696=LINE('',#10859,#2358);
#1697=LINE('',#10864,#2359);
#1698=LINE('',#10865,#2360);
#1699=LINE('',#10867,#2361);
#1700=LINE('',#10869,#2362);
#1701=LINE('',#10871,#2363);
#1702=LINE('',#10873,#2364);
#1703=LINE('',#10876,#2365);
#1704=LINE('',#10880,#2366);
#1705=LINE('',#10883,#2367);
#1706=LINE('',#10885,#2368);
#1707=LINE('',#10887,#2369);
#1708=LINE('',#10894,#2370);
#1709=LINE('',#10900,#2371);
#1710=LINE('',#10906,#2372);
#1711=LINE('',#10912,#2373);
#1712=LINE('',#10927,#2374);
#1713=LINE('',#10928,#2375);
#1714=LINE('',#10939,#2376);
#1715=LINE('',#10940,#2377);
#1716=LINE('',#10951,#2378);
#1717=LINE('',#10952,#2379);
#1718=LINE('',#10960,#2380);
#1719=LINE('',#10961,#2381);
#1720=LINE('',#10964,#2382);
#1721=LINE('',#10966,#2383);
#1722=LINE('',#10967,#2384);
#1723=LINE('',#10970,#2385);
#1724=LINE('',#10974,#2386);
#1725=LINE('',#10975,#2387);
#1726=LINE('',#10978,#2388);
#1727=LINE('',#10983,#2389);
#1728=LINE('',#10987,#2390);
#1729=LINE('',#10991,#2391);
#1730=LINE('',#10995,#2392);
#1731=LINE('',#10999,#2393);
#1732=LINE('',#11003,#2394);
#1733=LINE('',#11007,#2395);
#1734=LINE('',#11011,#2396);
#1735=LINE('',#11017,#2397);
#1736=LINE('',#11021,#2398);
#1737=LINE('',#11025,#2399);
#1738=LINE('',#11028,#2400);
#1739=LINE('',#11033,#2401);
#1740=LINE('',#11037,#2402);
#1741=LINE('',#11041,#2403);
#1742=LINE('',#11044,#2404);
#1743=LINE('',#11049,#2405);
#1744=LINE('',#11053,#2406);
#1745=LINE('',#11057,#2407);
#1746=LINE('',#11060,#2408);
#1747=LINE('',#11063,#2409);
#1748=LINE('',#11067,#2410);
#1749=LINE('',#11071,#2411);
#1750=LINE('',#11075,#2412);
#1751=LINE('',#11081,#2413);
#1752=LINE('',#11085,#2414);
#1753=LINE('',#11089,#2415);
#1754=LINE('',#11092,#2416);
#1755=LINE('',#11095,#2417);
#1756=LINE('',#11099,#2418);
#1757=LINE('',#11103,#2419);
#1758=LINE('',#11107,#2420);
#1759=LINE('',#11113,#2421);
#1760=LINE('',#11114,#2422);
#1761=LINE('',#11117,#2423);
#1762=LINE('',#11118,#2424);
#1763=LINE('',#11123,#2425);
#1764=LINE('',#11124,#2426);
#1765=LINE('',#11126,#2427);
#1766=LINE('',#11131,#2428);
#1767=LINE('',#11132,#2429);
#1768=LINE('',#11134,#2430);
#1769=LINE('',#11138,#2431);
#1770=LINE('',#11140,#2432);
#1771=LINE('',#11145,#2433);
#1772=LINE('',#11146,#2434);
#1773=LINE('',#11149,#2435);
#1774=LINE('',#11150,#2436);
#1775=LINE('',#11155,#2437);
#1776=LINE('',#11156,#2438);
#1777=LINE('',#11158,#2439);
#1778=LINE('',#11163,#2440);
#1779=LINE('',#11164,#2441);
#1780=LINE('',#11166,#2442);
#1781=LINE('',#11170,#2443);
#1782=LINE('',#11172,#2444);
#1783=LINE('',#11177,#2445);
#1784=LINE('',#11178,#2446);
#1785=LINE('',#11181,#2447);
#1786=LINE('',#11182,#2448);
#1787=LINE('',#11186,#2449);
#1788=LINE('',#11189,#2450);
#1789=LINE('',#11190,#2451);
#1790=LINE('',#11194,#2452);
#1791=LINE('',#11197,#2453);
#1792=LINE('',#11198,#2454);
#1793=LINE('',#11202,#2455);
#1794=LINE('',#11204,#2456);
#1795=LINE('',#11208,#2457);
#1796=LINE('',#11209,#2458);
#1797=LINE('',#11210,#2459);
#1798=LINE('',#11214,#2460);
#1799=LINE('',#11217,#2461);
#1800=LINE('',#11218,#2462);
#1801=LINE('',#11222,#2463);
#1802=LINE('',#11225,#2464);
#1803=LINE('',#11226,#2465);
#1804=LINE('',#11230,#2466);
#1805=LINE('',#11233,#2467);
#1806=LINE('',#11234,#2468);
#1807=LINE('',#11240,#2469);
#1808=LINE('',#11241,#2470);
#1809=LINE('',#11242,#2471);
#1810=LINE('',#11246,#2472);
#1811=LINE('',#11249,#2473);
#1812=LINE('',#11250,#2474);
#1813=LINE('',#11254,#2475);
#1814=LINE('',#11257,#2476);
#1815=LINE('',#11258,#2477);
#1816=LINE('',#11262,#2478);
#1817=LINE('',#11265,#2479);
#1818=LINE('',#11266,#2480);
#1819=LINE('',#11272,#2481);
#1820=LINE('',#11273,#2482);
#1821=LINE('',#11274,#2483);
#1822=LINE('',#11278,#2484);
#1823=LINE('',#11281,#2485);
#1824=LINE('',#11282,#2486);
#1825=LINE('',#11286,#2487);
#1826=LINE('',#11289,#2488);
#1827=LINE('',#11290,#2489);
#1828=LINE('',#11294,#2490);
#1829=LINE('',#11297,#2491);
#1830=LINE('',#11298,#2492);
#1831=LINE('',#11305,#2493);
#1832=LINE('',#11306,#2494);
#1833=LINE('',#11309,#2495);
#1834=LINE('',#11310,#2496);
#1835=LINE('',#11314,#2497);
#1836=LINE('',#11317,#2498);
#1837=LINE('',#11318,#2499);
#1838=LINE('',#11322,#2500);
#1839=LINE('',#11325,#2501);
#1840=LINE('',#11326,#2502);
#1841=LINE('',#11330,#2503);
#1842=LINE('',#11332,#2504);
#1843=LINE('',#11336,#2505);
#1844=LINE('',#11337,#2506);
#1845=LINE('',#11338,#2507);
#1846=LINE('',#11342,#2508);
#1847=LINE('',#11345,#2509);
#1848=LINE('',#11346,#2510);
#1849=LINE('',#11350,#2511);
#1850=LINE('',#11353,#2512);
#1851=LINE('',#11354,#2513);
#1852=LINE('',#11358,#2514);
#1853=LINE('',#11361,#2515);
#1854=LINE('',#11362,#2516);
#1855=LINE('',#11367,#2517);
#1856=LINE('',#11368,#2518);
#1857=LINE('',#11371,#2519);
#1858=LINE('',#11375,#2520);
#1859=LINE('',#11376,#2521);
#1860=LINE('',#11385,#2522);
#1861=LINE('',#11399,#2523);
#1862=LINE('',#11453,#2524);
#1863=LINE('',#11456,#2525);
#1864=LINE('',#11458,#2526);
#1865=LINE('',#11459,#2527);
#1866=LINE('',#11462,#2528);
#1867=LINE('',#11463,#2529);
#1868=LINE('',#11466,#2530);
#1869=LINE('',#11468,#2531);
#1870=LINE('',#11470,#2532);
#1871=LINE('',#11471,#2533);
#1872=LINE('',#11473,#2534);
#1873=LINE('',#11475,#2535);
#1874=LINE('',#11478,#2536);
#1875=LINE('',#11480,#2537);
#1876=LINE('',#11481,#2538);
#1877=LINE('',#11484,#2539);
#1878=LINE('',#11485,#2540);
#1879=LINE('',#11488,#2541);
#1880=LINE('',#11490,#2542);
#1881=LINE('',#11492,#2543);
#1882=LINE('',#11493,#2544);
#1883=LINE('',#11495,#2545);
#1884=LINE('',#11497,#2546);
#1885=LINE('',#11500,#2547);
#1886=LINE('',#11502,#2548);
#1887=LINE('',#11503,#2549);
#1888=LINE('',#11506,#2550);
#1889=LINE('',#11507,#2551);
#1890=LINE('',#11510,#2552);
#1891=LINE('',#11512,#2553);
#1892=LINE('',#11514,#2554);
#1893=LINE('',#11515,#2555);
#1894=LINE('',#11517,#2556);
#1895=LINE('',#11519,#2557);
#1896=LINE('',#11522,#2558);
#1897=LINE('',#11524,#2559);
#1898=LINE('',#11525,#2560);
#1899=LINE('',#11528,#2561);
#1900=LINE('',#11529,#2562);
#1901=LINE('',#11532,#2563);
#1902=LINE('',#11534,#2564);
#1903=LINE('',#11536,#2565);
#1904=LINE('',#11537,#2566);
#1905=LINE('',#11539,#2567);
#1906=LINE('',#11541,#2568);
#1907=LINE('',#11544,#2569);
#1908=LINE('',#11545,#2570);
#1909=LINE('',#11547,#2571);
#1910=LINE('',#11550,#2572);
#1911=LINE('',#11551,#2573);
#1912=LINE('',#11553,#2574);
#1913=LINE('',#11556,#2575);
#1914=LINE('',#11557,#2576);
#1915=LINE('',#11559,#2577);
#1916=LINE('',#11562,#2578);
#1917=LINE('',#11563,#2579);
#1918=LINE('',#11565,#2580);
#1919=LINE('',#11569,#2581);
#1920=LINE('',#11573,#2582);
#1921=LINE('',#11581,#2583);
#1922=LINE('',#11583,#2584);
#1923=LINE('',#11585,#2585);
#1924=LINE('',#11586,#2586);
#1925=LINE('',#11590,#2587);
#1926=LINE('',#11591,#2588);
#1927=LINE('',#11592,#2589);
#1928=LINE('',#11595,#2590);
#1929=LINE('',#11597,#2591);
#1930=LINE('',#11598,#2592);
#1931=LINE('',#11601,#2593);
#1932=LINE('',#11603,#2594);
#1933=LINE('',#11605,#2595);
#1934=LINE('',#11607,#2596);
#1935=LINE('',#11609,#2597);
#1936=LINE('',#11611,#2598);
#1937=LINE('',#11613,#2599);
#1938=LINE('',#11615,#2600);
#1939=LINE('',#11617,#2601);
#1940=LINE('',#11619,#2602);
#1941=LINE('',#11621,#2603);
#1942=LINE('',#11623,#2604);
#1943=LINE('',#11625,#2605);
#1944=LINE('',#11627,#2606);
#1945=LINE('',#11629,#2607);
#1946=LINE('',#11631,#2608);
#1947=LINE('',#11633,#2609);
#1948=LINE('',#11635,#2610);
#1949=LINE('',#11637,#2611);
#1950=LINE('',#11639,#2612);
#1951=LINE('',#11641,#2613);
#1952=LINE('',#11643,#2614);
#1953=LINE('',#11644,#2615);
#1954=LINE('',#11647,#2616);
#1955=LINE('',#11649,#2617);
#1956=LINE('',#11651,#2618);
#1957=LINE('',#11652,#2619);
#1958=LINE('',#11655,#2620);
#1959=LINE('',#11657,#2621);
#1960=LINE('',#11659,#2622);
#1961=LINE('',#11660,#2623);
#1962=LINE('',#11663,#2624);
#1963=LINE('',#11665,#2625);
#1964=LINE('',#11667,#2626);
#1965=LINE('',#11668,#2627);
#1966=LINE('',#11671,#2628);
#1967=LINE('',#11673,#2629);
#1968=LINE('',#11675,#2630);
#1969=LINE('',#11676,#2631);
#1970=LINE('',#11679,#2632);
#1971=LINE('',#11681,#2633);
#1972=LINE('',#11683,#2634);
#1973=LINE('',#11685,#2635);
#1974=LINE('',#11687,#2636);
#1975=LINE('',#11689,#2637);
#1976=LINE('',#11691,#2638);
#1977=LINE('',#11693,#2639);
#1978=LINE('',#11695,#2640);
#1979=LINE('',#11697,#2641);
#1980=LINE('',#11699,#2642);
#1981=LINE('',#11701,#2643);
#1982=LINE('',#11703,#2644);
#1983=LINE('',#11705,#2645);
#1984=LINE('',#11707,#2646);
#1985=LINE('',#11709,#2647);
#1986=LINE('',#11711,#2648);
#1987=LINE('',#11713,#2649);
#1988=LINE('',#11715,#2650);
#1989=LINE('',#11717,#2651);
#1990=LINE('',#11719,#2652);
#1991=LINE('',#11721,#2653);
#1992=LINE('',#11722,#2654);
#1993=LINE('',#11725,#2655);
#1994=LINE('',#11727,#2656);
#1995=LINE('',#11729,#2657);
#1996=LINE('',#11730,#2658);
#1997=LINE('',#11733,#2659);
#1998=LINE('',#11735,#2660);
#1999=LINE('',#11737,#2661);
#2000=LINE('',#11738,#2662);
#2001=LINE('',#11741,#2663);
#2002=LINE('',#11743,#2664);
#2003=LINE('',#11745,#2665);
#2004=LINE('',#11746,#2666);
#2005=LINE('',#11749,#2667);
#2006=LINE('',#11751,#2668);
#2007=LINE('',#11753,#2669);
#2008=LINE('',#11754,#2670);
#2009=LINE('',#11756,#2671);
#2010=LINE('',#11758,#2672);
#2011=LINE('',#11760,#2673);
#2012=LINE('',#11762,#2674);
#2013=LINE('',#11764,#2675);
#2014=LINE('',#11766,#2676);
#2015=LINE('',#11768,#2677);
#2016=LINE('',#11770,#2678);
#2017=LINE('',#11772,#2679);
#2018=LINE('',#11774,#2680);
#2019=LINE('',#11776,#2681);
#2020=LINE('',#11778,#2682);
#2021=LINE('',#11780,#2683);
#2022=LINE('',#11782,#2684);
#2023=LINE('',#11784,#2685);
#2024=LINE('',#11786,#2686);
#2025=LINE('',#11788,#2687);
#2026=LINE('',#11790,#2688);
#2027=LINE('',#11792,#2689);
#2028=LINE('',#11794,#2690);
#2029=LINE('',#11796,#2691);
#2030=LINE('',#11798,#2692);
#2031=LINE('',#11802,#2693);
#2032=LINE('',#11804,#2694);
#2033=LINE('',#11805,#2695);
#2034=LINE('',#11808,#2696);
#2035=LINE('',#11809,#2697);
#2036=LINE('',#11812,#2698);
#2037=LINE('',#11813,#2699);
#2038=LINE('',#11815,#2700);
#2039=LINE('',#11818,#2701);
#2040=LINE('',#11820,#2702);
#2041=LINE('',#11821,#2703);
#2042=LINE('',#11824,#2704);
#2043=LINE('',#11825,#2705);
#2044=LINE('',#11828,#2706);
#2045=LINE('',#11829,#2707);
#2046=LINE('',#11831,#2708);
#2047=LINE('',#11834,#2709);
#2048=LINE('',#11836,#2710);
#2049=LINE('',#11837,#2711);
#2050=LINE('',#11840,#2712);
#2051=LINE('',#11841,#2713);
#2052=LINE('',#11844,#2714);
#2053=LINE('',#11845,#2715);
#2054=LINE('',#11847,#2716);
#2055=LINE('',#11850,#2717);
#2056=LINE('',#11852,#2718);
#2057=LINE('',#11853,#2719);
#2058=LINE('',#11856,#2720);
#2059=LINE('',#11857,#2721);
#2060=LINE('',#11860,#2722);
#2061=LINE('',#11861,#2723);
#2062=LINE('',#11863,#2724);
#2063=LINE('',#11866,#2725);
#2064=LINE('',#11868,#2726);
#2065=LINE('',#11869,#2727);
#2066=LINE('',#11872,#2728);
#2067=LINE('',#11873,#2729);
#2068=LINE('',#11876,#2730);
#2069=LINE('',#11877,#2731);
#2070=LINE('',#11879,#2732);
#2071=LINE('',#11882,#2733);
#2072=LINE('',#11884,#2734);
#2073=LINE('',#11885,#2735);
#2074=LINE('',#11888,#2736);
#2075=LINE('',#11889,#2737);
#2076=LINE('',#11892,#2738);
#2077=LINE('',#11893,#2739);
#2078=LINE('',#11895,#2740);
#2079=LINE('',#11898,#2741);
#2080=LINE('',#11900,#2742);
#2081=LINE('',#11901,#2743);
#2082=LINE('',#11904,#2744);
#2083=LINE('',#11905,#2745);
#2084=LINE('',#11908,#2746);
#2085=LINE('',#11909,#2747);
#2086=LINE('',#11911,#2748);
#2087=LINE('',#11914,#2749);
#2088=LINE('',#11916,#2750);
#2089=LINE('',#11917,#2751);
#2090=LINE('',#11920,#2752);
#2091=LINE('',#11921,#2753);
#2092=LINE('',#11924,#2754);
#2093=LINE('',#11925,#2755);
#2094=LINE('',#11927,#2756);
#2095=LINE('',#11930,#2757);
#2096=LINE('',#11932,#2758);
#2097=LINE('',#11933,#2759);
#2098=LINE('',#11936,#2760);
#2099=LINE('',#11937,#2761);
#2100=LINE('',#11940,#2762);
#2101=LINE('',#11941,#2763);
#2102=LINE('',#11943,#2764);
#2103=LINE('',#11946,#2765);
#2104=LINE('',#11948,#2766);
#2105=LINE('',#11949,#2767);
#2106=LINE('',#11952,#2768);
#2107=LINE('',#11953,#2769);
#2108=LINE('',#11956,#2770);
#2109=LINE('',#11957,#2771);
#2110=LINE('',#11959,#2772);
#2111=LINE('',#11962,#2773);
#2112=LINE('',#11964,#2774);
#2113=LINE('',#11965,#2775);
#2114=LINE('',#11968,#2776);
#2115=LINE('',#11969,#2777);
#2116=LINE('',#11972,#2778);
#2117=LINE('',#11973,#2779);
#2118=LINE('',#11975,#2780);
#2119=LINE('',#11978,#2781);
#2120=LINE('',#11980,#2782);
#2121=LINE('',#11981,#2783);
#2122=LINE('',#11984,#2784);
#2123=LINE('',#11985,#2785);
#2124=LINE('',#11988,#2786);
#2125=LINE('',#11989,#2787);
#2126=LINE('',#11991,#2788);
#2127=LINE('',#11994,#2789);
#2128=LINE('',#11996,#2790);
#2129=LINE('',#11997,#2791);
#2130=LINE('',#12000,#2792);
#2131=LINE('',#12001,#2793);
#2132=LINE('',#12004,#2794);
#2133=LINE('',#12005,#2795);
#2134=LINE('',#12007,#2796);
#2135=LINE('',#12010,#2797);
#2136=LINE('',#12012,#2798);
#2137=LINE('',#12013,#2799);
#2138=LINE('',#12016,#2800);
#2139=LINE('',#12017,#2801);
#2140=LINE('',#12020,#2802);
#2141=LINE('',#12021,#2803);
#2142=LINE('',#12023,#2804);
#2143=LINE('',#12026,#2805);
#2144=LINE('',#12028,#2806);
#2145=LINE('',#12029,#2807);
#2146=LINE('',#12032,#2808);
#2147=LINE('',#12033,#2809);
#2148=LINE('',#12036,#2810);
#2149=LINE('',#12037,#2811);
#2150=LINE('',#12039,#2812);
#2151=LINE('',#12042,#2813);
#2152=LINE('',#12044,#2814);
#2153=LINE('',#12045,#2815);
#2154=LINE('',#12048,#2816);
#2155=LINE('',#12049,#2817);
#2156=LINE('',#12052,#2818);
#2157=LINE('',#12053,#2819);
#2158=LINE('',#12055,#2820);
#2159=LINE('',#12069,#2821);
#2160=LINE('',#12071,#2822);
#2161=LINE('',#12073,#2823);
#2162=LINE('',#12074,#2824);
#2163=LINE('',#12078,#2825);
#2164=LINE('',#12079,#2826);
#2165=LINE('',#12080,#2827);
#2166=LINE('',#12083,#2828);
#2167=LINE('',#12085,#2829);
#2168=LINE('',#12086,#2830);
#2169=LINE('',#12088,#2831);
#2170=LINE('',#12117,#2832);
#2171=LINE('',#12119,#2833);
#2172=LINE('',#12121,#2834);
#2173=LINE('',#12122,#2835);
#2174=LINE('',#12127,#2836);
#2175=LINE('',#12130,#2837);
#2176=LINE('',#12139,#2838);
#2177=LINE('',#12142,#2839);
#2178=LINE('',#12193,#2840);
#2179=LINE('',#12195,#2841);
#2180=LINE('',#12197,#2842);
#2181=LINE('',#12198,#2843);
#2182=LINE('',#12242,#2844);
#2183=LINE('',#12271,#2845);
#2184=LINE('',#12273,#2846);
#2185=LINE('',#12275,#2847);
#2186=LINE('',#12276,#2848);
#2187=LINE('',#12281,#2849);
#2188=LINE('',#12284,#2850);
#2189=LINE('',#12293,#2851);
#2190=LINE('',#12296,#2852);
#2191=LINE('',#12347,#2853);
#2192=LINE('',#12349,#2854);
#2193=LINE('',#12351,#2855);
#2194=LINE('',#12352,#2856);
#2195=LINE('',#12397,#2857);
#2196=LINE('',#12399,#2858);
#2197=LINE('',#12401,#2859);
#2198=LINE('',#12403,#2860);
#2199=LINE('',#12405,#2861);
#2200=LINE('',#12407,#2862);
#2201=LINE('',#12409,#2863);
#2202=LINE('',#12411,#2864);
#2203=LINE('',#12413,#2865);
#2204=LINE('',#12415,#2866);
#2205=LINE('',#12417,#2867);
#2206=LINE('',#12419,#2868);
#2207=LINE('',#12421,#2869);
#2208=LINE('',#12423,#2870);
#2209=LINE('',#12424,#2871);
#2210=LINE('',#12426,#2872);
#2211=LINE('',#12428,#2873);
#2212=LINE('',#12431,#2874);
#2213=LINE('',#12432,#2875);
#2214=LINE('',#12434,#2876);
#2215=LINE('',#12436,#2877);
#2216=LINE('',#12439,#2878);
#2217=LINE('',#12441,#2879);
#2218=LINE('',#12443,#2880);
#2219=LINE('',#12444,#2881);
#2220=LINE('',#12446,#2882);
#2221=LINE('',#12448,#2883);
#2222=LINE('',#12451,#2884);
#2223=LINE('',#12453,#2885);
#2224=LINE('',#12455,#2886);
#2225=LINE('',#12457,#2887);
#2226=LINE('',#12459,#2888);
#2227=LINE('',#12461,#2889);
#2228=LINE('',#12463,#2890);
#2229=LINE('',#12465,#2891);
#2230=LINE('',#12467,#2892);
#2231=LINE('',#12469,#2893);
#2232=LINE('',#12471,#2894);
#2233=LINE('',#12473,#2895);
#2234=LINE('',#12475,#2896);
#2235=LINE('',#12477,#2897);
#2236=LINE('',#12479,#2898);
#2237=LINE('',#12481,#2899);
#2238=LINE('',#12483,#2900);
#2239=LINE('',#12485,#2901);
#2240=LINE('',#12487,#2902);
#2241=LINE('',#12489,#2903);
#2242=LINE('',#12491,#2904);
#2243=LINE('',#12493,#2905);
#2244=LINE('',#12495,#2906);
#2245=LINE('',#12497,#2907);
#2246=LINE('',#12499,#2908);
#2247=LINE('',#12500,#2909);
#2248=LINE('',#12502,#2910);
#2249=LINE('',#12504,#2911);
#2250=LINE('',#12507,#2912);
#2251=LINE('',#12509,#2913);
#2252=LINE('',#12511,#2914);
#2253=LINE('',#12513,#2915);
#2254=LINE('',#12515,#2916);
#2255=LINE('',#12517,#2917);
#2256=LINE('',#12519,#2918);
#2257=LINE('',#12521,#2919);
#2258=LINE('',#12523,#2920);
#2259=LINE('',#12525,#2921);
#2260=LINE('',#12527,#2922);
#2261=LINE('',#12529,#2923);
#2262=LINE('',#12531,#2924);
#2263=LINE('',#12533,#2925);
#2264=LINE('',#12535,#2926);
#2265=LINE('',#12537,#2927);
#2266=LINE('',#12539,#2928);
#2267=LINE('',#12541,#2929);
#2268=LINE('',#12543,#2930);
#2269=LINE('',#12545,#2931);
#2270=LINE('',#12547,#2932);
#2271=LINE('',#12560,#2933);
#2272=LINE('',#12573,#2934);
#2273=LINE('',#12583,#2935);
#2274=LINE('',#12590,#2936);
#2275=LINE('',#12600,#2937);
#2276=LINE('',#12605,#2938);
#2277=VECTOR('',#8347,2.35);
#2278=VECTOR('',#8356,2.35000000000001);
#2279=VECTOR('',#8365,2.35);
#2280=VECTOR('',#8374,2.35000000000001);
#2281=VECTOR('',#8381,10.);
#2282=VECTOR('',#8384,10.);
#2283=VECTOR('',#8387,10.);
#2284=VECTOR('',#8388,10.);
#2285=VECTOR('',#8389,10.);
#2286=VECTOR('',#8390,10.);
#2287=VECTOR('',#8391,10.);
#2288=VECTOR('',#8392,10.);
#2289=VECTOR('',#8393,10.);
#2290=VECTOR('',#8394,10.);
#2291=VECTOR('',#8397,10.);
#2292=VECTOR('',#8400,10.);
#2293=VECTOR('',#8403,10.);
#2294=VECTOR('',#8406,10.);
#2295=VECTOR('',#8409,10.);
#2296=VECTOR('',#8412,10.);
#2297=VECTOR('',#8415,10.);
#2298=VECTOR('',#8422,10.);
#2299=VECTOR('',#8425,10.);
#2300=VECTOR('',#8428,10.);
#2301=VECTOR('',#8429,10.);
#2302=VECTOR('',#8430,10.);
#2303=VECTOR('',#8437,10.);
#2304=VECTOR('',#8440,10.);
#2305=VECTOR('',#8445,10.);
#2306=VECTOR('',#8448,10.);
#2307=VECTOR('',#8453,10.);
#2308=VECTOR('',#8458,10.);
#2309=VECTOR('',#8459,10.);
#2310=VECTOR('',#8464,10.);
#2311=VECTOR('',#8479,10.);
#2312=VECTOR('',#8480,10.);
#2313=VECTOR('',#8493,10.);
#2314=VECTOR('',#8494,10.);
#2315=VECTOR('',#8507,10.);
#2316=VECTOR('',#8508,10.);
#2317=VECTOR('',#8519,10.);
#2318=VECTOR('',#8520,10.);
#2319=VECTOR('',#8523,10.);
#2320=VECTOR('',#8524,10.);
#2321=VECTOR('',#8525,10.);
#2322=VECTOR('',#8528,10.);
#2323=VECTOR('',#8533,10.);
#2324=VECTOR('',#8534,10.);
#2325=VECTOR('',#8537,10.);
#2326=VECTOR('',#8544,10.);
#2327=VECTOR('',#8547,10.);
#2328=VECTOR('',#8550,10.);
#2329=VECTOR('',#8553,10.);
#2330=VECTOR('',#8556,10.);
#2331=VECTOR('',#8559,10.);
#2332=VECTOR('',#8562,10.);
#2333=VECTOR('',#8565,10.);
#2334=VECTOR('',#8568,10.);
#2335=VECTOR('',#8569,10.);
#2336=VECTOR('',#8572,10.);
#2337=VECTOR('',#8575,10.);
#2338=VECTOR('',#8576,10.);
#2339=VECTOR('',#8579,10.);
#2340=VECTOR('',#8582,10.);
#2341=VECTOR('',#8587,10.);
#2342=VECTOR('',#8592,10.);
#2343=VECTOR('',#8593,10.);
#2344=VECTOR('',#8596,10.);
#2345=VECTOR('',#8599,10.);
#2346=VECTOR('',#8600,10.);
#2347=VECTOR('',#8605,10.);
#2348=VECTOR('',#8608,10.);
#2349=VECTOR('',#8611,10.);
#2350=VECTOR('',#8630,10.);
#2351=VECTOR('',#8631,10.);
#2352=VECTOR('',#8650,10.);
#2353=VECTOR('',#8655,10.);
#2354=VECTOR('',#8656,10.);
#2355=VECTOR('',#8659,10.);
#2356=VECTOR('',#8664,10.);
#2357=VECTOR('',#8665,10.);
#2358=VECTOR('',#8668,10.);
#2359=VECTOR('',#8673,10.);
#2360=VECTOR('',#8674,10.);
#2361=VECTOR('',#8677,10.);
#2362=VECTOR('',#8680,10.);
#2363=VECTOR('',#8683,10.);
#2364=VECTOR('',#8686,10.);
#2365=VECTOR('',#8689,10.);
#2366=VECTOR('',#8692,10.);
#2367=VECTOR('',#8697,10.);
#2368=VECTOR('',#8700,10.);
#2369=VECTOR('',#8703,10.);
#2370=VECTOR('',#8712,1.7);
#2371=VECTOR('',#8719,1.7);
#2372=VECTOR('',#8726,1.7);
#2373=VECTOR('',#8733,1.7);
#2374=VECTOR('',#8750,10.);
#2375=VECTOR('',#8751,10.);
#2376=VECTOR('',#8764,10.);
#2377=VECTOR('',#8765,10.);
#2378=VECTOR('',#8778,10.);
#2379=VECTOR('',#8779,10.);
#2380=VECTOR('',#8790,10.);
#2381=VECTOR('',#8791,10.);
#2382=VECTOR('',#8794,10.);
#2383=VECTOR('',#8795,10.);
#2384=VECTOR('',#8796,10.);
#2385=VECTOR('',#8799,10.);
#2386=VECTOR('',#8804,10.);
#2387=VECTOR('',#8805,10.);
#2388=VECTOR('',#8808,10.);
#2389=VECTOR('',#8813,10.);
#2390=VECTOR('',#8816,10.);
#2391=VECTOR('',#8819,10.);
#2392=VECTOR('',#8822,10.);
#2393=VECTOR('',#8825,10.);
#2394=VECTOR('',#8828,10.);
#2395=VECTOR('',#8831,10.);
#2396=VECTOR('',#8834,10.);
#2397=VECTOR('',#8839,10.);
#2398=VECTOR('',#8842,10.);
#2399=VECTOR('',#8845,10.);
#2400=VECTOR('',#8848,10.);
#2401=VECTOR('',#8851,10.);
#2402=VECTOR('',#8854,10.);
#2403=VECTOR('',#8857,10.);
#2404=VECTOR('',#8860,10.);
#2405=VECTOR('',#8863,10.);
#2406=VECTOR('',#8866,10.);
#2407=VECTOR('',#8869,10.);
#2408=VECTOR('',#8872,10.);
#2409=VECTOR('',#8873,10.);
#2410=VECTOR('',#8876,10.);
#2411=VECTOR('',#8879,10.);
#2412=VECTOR('',#8882,10.);
#2413=VECTOR('',#8887,10.);
#2414=VECTOR('',#8890,10.);
#2415=VECTOR('',#8893,10.);
#2416=VECTOR('',#8896,10.);
#2417=VECTOR('',#8897,10.);
#2418=VECTOR('',#8900,10.);
#2419=VECTOR('',#8903,10.);
#2420=VECTOR('',#8906,10.);
#2421=VECTOR('',#8913,10.);
#2422=VECTOR('',#8914,10.);
#2423=VECTOR('',#8917,10.);
#2424=VECTOR('',#8918,10.);
#2425=VECTOR('',#8923,10.);
#2426=VECTOR('',#8924,10.);
#2427=VECTOR('',#8927,10.);
#2428=VECTOR('',#8932,10.);
#2429=VECTOR('',#8933,10.);
#2430=VECTOR('',#8936,10.);
#2431=VECTOR('',#8941,10.);
#2432=VECTOR('',#8944,10.);
#2433=VECTOR('',#8949,10.);
#2434=VECTOR('',#8950,10.);
#2435=VECTOR('',#8953,10.);
#2436=VECTOR('',#8954,10.);
#2437=VECTOR('',#8959,10.);
#2438=VECTOR('',#8960,10.);
#2439=VECTOR('',#8963,10.);
#2440=VECTOR('',#8968,10.);
#2441=VECTOR('',#8969,10.);
#2442=VECTOR('',#8972,10.);
#2443=VECTOR('',#8977,10.);
#2444=VECTOR('',#8980,10.);
#2445=VECTOR('',#8985,10.);
#2446=VECTOR('',#8986,10.);
#2447=VECTOR('',#8989,10.);
#2448=VECTOR('',#8990,10.);
#2449=VECTOR('',#8995,10.);
#2450=VECTOR('',#8998,10.);
#2451=VECTOR('',#8999,10.);
#2452=VECTOR('',#9004,10.);
#2453=VECTOR('',#9007,10.);
#2454=VECTOR('',#9008,10.);
#2455=VECTOR('',#9013,10.);
#2456=VECTOR('',#9016,10.);
#2457=VECTOR('',#9019,10.);
#2458=VECTOR('',#9020,10.);
#2459=VECTOR('',#9021,10.);
#2460=VECTOR('',#9026,10.);
#2461=VECTOR('',#9029,10.);
#2462=VECTOR('',#9030,10.);
#2463=VECTOR('',#9035,10.);
#2464=VECTOR('',#9038,10.);
#2465=VECTOR('',#9039,10.);
#2466=VECTOR('',#9044,10.);
#2467=VECTOR('',#9047,10.);
#2468=VECTOR('',#9048,10.);
#2469=VECTOR('',#9055,10.);
#2470=VECTOR('',#9056,10.);
#2471=VECTOR('',#9057,10.);
#2472=VECTOR('',#9062,10.);
#2473=VECTOR('',#9065,10.);
#2474=VECTOR('',#9066,10.);
#2475=VECTOR('',#9071,10.);
#2476=VECTOR('',#9074,10.);
#2477=VECTOR('',#9075,10.);
#2478=VECTOR('',#9080,10.);
#2479=VECTOR('',#9083,10.);
#2480=VECTOR('',#9084,10.);
#2481=VECTOR('',#9091,10.);
#2482=VECTOR('',#9092,10.);
#2483=VECTOR('',#9093,10.);
#2484=VECTOR('',#9098,10.);
#2485=VECTOR('',#9101,10.);
#2486=VECTOR('',#9102,10.);
#2487=VECTOR('',#9107,10.);
#2488=VECTOR('',#9110,10.);
#2489=VECTOR('',#9111,10.);
#2490=VECTOR('',#9116,10.);
#2491=VECTOR('',#9119,10.);
#2492=VECTOR('',#9120,10.);
#2493=VECTOR('',#9129,10.);
#2494=VECTOR('',#9130,10.);
#2495=VECTOR('',#9133,10.);
#2496=VECTOR('',#9134,10.);
#2497=VECTOR('',#9139,10.);
#2498=VECTOR('',#9142,10.);
#2499=VECTOR('',#9143,10.);
#2500=VECTOR('',#9148,10.);
#2501=VECTOR('',#9151,10.);
#2502=VECTOR('',#9152,10.);
#2503=VECTOR('',#9157,10.);
#2504=VECTOR('',#9160,10.);
#2505=VECTOR('',#9163,10.);
#2506=VECTOR('',#9164,10.);
#2507=VECTOR('',#9165,10.);
#2508=VECTOR('',#9170,10.);
#2509=VECTOR('',#9173,10.);
#2510=VECTOR('',#9174,10.);
#2511=VECTOR('',#9179,10.);
#2512=VECTOR('',#9182,10.);
#2513=VECTOR('',#9183,10.);
#2514=VECTOR('',#9188,10.);
#2515=VECTOR('',#9191,10.);
#2516=VECTOR('',#9192,10.);
#2517=VECTOR('',#9199,10.);
#2518=VECTOR('',#9200,10.);
#2519=VECTOR('',#9203,10.);
#2520=VECTOR('',#9208,10.);
#2521=VECTOR('',#9209,10.);
#2522=VECTOR('',#9222,1.36163749999966);
#2523=VECTOR('',#9241,1.34675);
#2524=VECTOR('',#9300,2.72844873201605);
#2525=VECTOR('',#9303,10.);
#2526=VECTOR('',#9304,10.);
#2527=VECTOR('',#9305,10.);
#2528=VECTOR('',#9308,10.);
#2529=VECTOR('',#9309,10.);
#2530=VECTOR('',#9312,10.);
#2531=VECTOR('',#9313,10.);
#2532=VECTOR('',#9314,10.);
#2533=VECTOR('',#9315,10.);
#2534=VECTOR('',#9318,10.);
#2535=VECTOR('',#9321,10.);
#2536=VECTOR('',#9324,10.);
#2537=VECTOR('',#9325,10.);
#2538=VECTOR('',#9326,10.);
#2539=VECTOR('',#9329,10.);
#2540=VECTOR('',#9330,10.);
#2541=VECTOR('',#9333,10.);
#2542=VECTOR('',#9334,10.);
#2543=VECTOR('',#9335,10.);
#2544=VECTOR('',#9336,10.);
#2545=VECTOR('',#9339,10.);
#2546=VECTOR('',#9342,10.);
#2547=VECTOR('',#9345,10.);
#2548=VECTOR('',#9346,10.);
#2549=VECTOR('',#9347,10.);
#2550=VECTOR('',#9350,10.);
#2551=VECTOR('',#9351,10.);
#2552=VECTOR('',#9354,10.);
#2553=VECTOR('',#9355,10.);
#2554=VECTOR('',#9356,10.);
#2555=VECTOR('',#9357,10.);
#2556=VECTOR('',#9360,10.);
#2557=VECTOR('',#9363,10.);
#2558=VECTOR('',#9366,10.);
#2559=VECTOR('',#9367,10.);
#2560=VECTOR('',#9368,10.);
#2561=VECTOR('',#9371,10.);
#2562=VECTOR('',#9372,10.);
#2563=VECTOR('',#9375,10.);
#2564=VECTOR('',#9376,10.);
#2565=VECTOR('',#9377,10.);
#2566=VECTOR('',#9378,10.);
#2567=VECTOR('',#9381,10.);
#2568=VECTOR('',#9384,10.);
#2569=VECTOR('',#9387,10.);
#2570=VECTOR('',#9388,10.);
#2571=VECTOR('',#9391,10.);
#2572=VECTOR('',#9394,10.);
#2573=VECTOR('',#9395,10.);
#2574=VECTOR('',#9398,10.);
#2575=VECTOR('',#9401,10.);
#2576=VECTOR('',#9402,10.);
#2577=VECTOR('',#9405,10.);
#2578=VECTOR('',#9408,10.);
#2579=VECTOR('',#9409,10.);
#2580=VECTOR('',#9412,10.);
#2581=VECTOR('',#9417,1.5);
#2582=VECTOR('',#9424,1.423375);
#2583=VECTOR('',#9435,1.);
#2584=VECTOR('',#9436,1.00000000000064);
#2585=VECTOR('',#9437,1.);
#2586=VECTOR('',#9438,1.00000000000064);
#2587=VECTOR('',#9441,1.);
#2588=VECTOR('',#9442,1.);
#2589=VECTOR('',#9443,1.);
#2590=VECTOR('',#9446,1.);
#2591=VECTOR('',#9447,1.);
#2592=VECTOR('',#9448,1.);
#2593=VECTOR('',#9451,1.00000000000064);
#2594=VECTOR('',#9452,1.);
#2595=VECTOR('',#9453,1.00000000000064);
#2596=VECTOR('',#9454,1.00000000000064);
#2597=VECTOR('',#9455,1.);
#2598=VECTOR('',#9456,1.00000000000064);
#2599=VECTOR('',#9457,1.00000000000064);
#2600=VECTOR('',#9458,1.);
#2601=VECTOR('',#9459,1.00000000000064);
#2602=VECTOR('',#9460,1.00000000000064);
#2603=VECTOR('',#9461,1.);
#2604=VECTOR('',#9462,1.00000000000064);
#2605=VECTOR('',#9463,1.);
#2606=VECTOR('',#9464,1.00000000000064);
#2607=VECTOR('',#9465,1.);
#2608=VECTOR('',#9466,1.00000000000064);
#2609=VECTOR('',#9467,1.00000000000064);
#2610=VECTOR('',#9468,1.);
#2611=VECTOR('',#9469,1.00000000000064);
#2612=VECTOR('',#9470,1.00000000000064);
#2613=VECTOR('',#9471,1.);
#2614=VECTOR('',#9472,1.00000000000064);
#2615=VECTOR('',#9473,1.00000000000064);
#2616=VECTOR('',#9474,1.);
#2617=VECTOR('',#9475,1.);
#2618=VECTOR('',#9476,1.);
#2619=VECTOR('',#9477,1.);
#2620=VECTOR('',#9478,1.);
#2621=VECTOR('',#9479,1.);
#2622=VECTOR('',#9480,1.);
#2623=VECTOR('',#9481,1.);
#2624=VECTOR('',#9482,1.);
#2625=VECTOR('',#9483,1.);
#2626=VECTOR('',#9484,1.);
#2627=VECTOR('',#9485,1.);
#2628=VECTOR('',#9486,1.);
#2629=VECTOR('',#9487,1.);
#2630=VECTOR('',#9488,1.);
#2631=VECTOR('',#9489,1.);
#2632=VECTOR('',#9492,1.00000000000064);
#2633=VECTOR('',#9493,1.00000000000064);
#2634=VECTOR('',#9494,1.);
#2635=VECTOR('',#9495,1.00000000000064);
#2636=VECTOR('',#9496,1.00000000000064);
#2637=VECTOR('',#9497,1.);
#2638=VECTOR('',#9498,1.00000000000064);
#2639=VECTOR('',#9499,1.00000000000064);
#2640=VECTOR('',#9500,1.);
#2641=VECTOR('',#9501,1.00000000000064);
#2642=VECTOR('',#9502,1.);
#2643=VECTOR('',#9503,1.00000000000064);
#2644=VECTOR('',#9504,1.);
#2645=VECTOR('',#9505,1.00000000000064);
#2646=VECTOR('',#9506,1.00000000000064);
#2647=VECTOR('',#9507,1.);
#2648=VECTOR('',#9508,1.00000000000064);
#2649=VECTOR('',#9509,1.00000000000064);
#2650=VECTOR('',#9510,1.);
#2651=VECTOR('',#9511,1.00000000000064);
#2652=VECTOR('',#9512,1.00000000000064);
#2653=VECTOR('',#9513,1.);
#2654=VECTOR('',#9514,1.00000000000064);
#2655=VECTOR('',#9515,1.);
#2656=VECTOR('',#9516,1.);
#2657=VECTOR('',#9517,1.);
#2658=VECTOR('',#9518,1.);
#2659=VECTOR('',#9519,1.);
#2660=VECTOR('',#9520,1.);
#2661=VECTOR('',#9521,1.);
#2662=VECTOR('',#9522,1.);
#2663=VECTOR('',#9523,1.);
#2664=VECTOR('',#9524,1.);
#2665=VECTOR('',#9525,1.);
#2666=VECTOR('',#9526,1.);
#2667=VECTOR('',#9527,1.);
#2668=VECTOR('',#9528,1.);
#2669=VECTOR('',#9529,1.);
#2670=VECTOR('',#9530,1.);
#2671=VECTOR('',#9533,1.);
#2672=VECTOR('',#9536,1.);
#2673=VECTOR('',#9539,1.);
#2674=VECTOR('',#9542,1.);
#2675=VECTOR('',#9545,1.);
#2676=VECTOR('',#9548,1.);
#2677=VECTOR('',#9551,1.);
#2678=VECTOR('',#9554,1.);
#2679=VECTOR('',#9557,1.);
#2680=VECTOR('',#9560,1.);
#2681=VECTOR('',#9563,1.);
#2682=VECTOR('',#9566,1.);
#2683=VECTOR('',#9569,1.);
#2684=VECTOR('',#9572,1.);
#2685=VECTOR('',#9575,1.);
#2686=VECTOR('',#9578,1.);
#2687=VECTOR('',#9581,1.);
#2688=VECTOR('',#9584,1.);
#2689=VECTOR('',#9587,1.);
#2690=VECTOR('',#9590,1.);
#2691=VECTOR('',#9593,1.);
#2692=VECTOR('',#9596,1.);
#2693=VECTOR('',#9601,1.);
#2694=VECTOR('',#9602,1.);
#2695=VECTOR('',#9603,1.);
#2696=VECTOR('',#9606,1.);
#2697=VECTOR('',#9607,1.);
#2698=VECTOR('',#9610,1.);
#2699=VECTOR('',#9611,1.);
#2700=VECTOR('',#9614,1.);
#2701=VECTOR('',#9617,1.);
#2702=VECTOR('',#9618,1.);
#2703=VECTOR('',#9619,1.);
#2704=VECTOR('',#9622,1.);
#2705=VECTOR('',#9623,1.);
#2706=VECTOR('',#9626,1.);
#2707=VECTOR('',#9627,1.);
#2708=VECTOR('',#9630,1.);
#2709=VECTOR('',#9633,1.);
#2710=VECTOR('',#9634,1.);
#2711=VECTOR('',#9635,1.);
#2712=VECTOR('',#9638,1.);
#2713=VECTOR('',#9639,1.);
#2714=VECTOR('',#9642,1.);
#2715=VECTOR('',#9643,1.);
#2716=VECTOR('',#9646,1.);
#2717=VECTOR('',#9649,1.);
#2718=VECTOR('',#9650,1.);
#2719=VECTOR('',#9651,1.);
#2720=VECTOR('',#9654,1.);
#2721=VECTOR('',#9655,1.);
#2722=VECTOR('',#9658,1.);
#2723=VECTOR('',#9659,1.);
#2724=VECTOR('',#9662,1.);
#2725=VECTOR('',#9665,1.);
#2726=VECTOR('',#9666,1.);
#2727=VECTOR('',#9667,1.);
#2728=VECTOR('',#9670,1.);
#2729=VECTOR('',#9671,1.);
#2730=VECTOR('',#9674,1.);
#2731=VECTOR('',#9675,1.);
#2732=VECTOR('',#9678,1.);
#2733=VECTOR('',#9681,1.);
#2734=VECTOR('',#9682,1.);
#2735=VECTOR('',#9683,1.);
#2736=VECTOR('',#9686,1.);
#2737=VECTOR('',#9687,1.);
#2738=VECTOR('',#9690,1.);
#2739=VECTOR('',#9691,1.);
#2740=VECTOR('',#9694,1.);
#2741=VECTOR('',#9697,1.);
#2742=VECTOR('',#9698,1.);
#2743=VECTOR('',#9699,1.);
#2744=VECTOR('',#9702,1.);
#2745=VECTOR('',#9703,1.);
#2746=VECTOR('',#9706,1.);
#2747=VECTOR('',#9707,1.);
#2748=VECTOR('',#9710,1.);
#2749=VECTOR('',#9713,1.);
#2750=VECTOR('',#9714,1.);
#2751=VECTOR('',#9715,1.);
#2752=VECTOR('',#9718,1.);
#2753=VECTOR('',#9719,1.);
#2754=VECTOR('',#9722,1.);
#2755=VECTOR('',#9723,1.);
#2756=VECTOR('',#9726,1.);
#2757=VECTOR('',#9729,1.00000000000065);
#2758=VECTOR('',#9730,1.00000000000065);
#2759=VECTOR('',#9731,1.);
#2760=VECTOR('',#9734,1.00000000000065);
#2761=VECTOR('',#9735,1.);
#2762=VECTOR('',#9738,1.);
#2763=VECTOR('',#9739,1.00000000000065);
#2764=VECTOR('',#9742,1.);
#2765=VECTOR('',#9745,1.00000000000065);
#2766=VECTOR('',#9746,1.);
#2767=VECTOR('',#9747,1.00000000000065);
#2768=VECTOR('',#9750,1.00000000000065);
#2769=VECTOR('',#9751,1.);
#2770=VECTOR('',#9754,1.00000000000065);
#2771=VECTOR('',#9755,1.);
#2772=VECTOR('',#9758,1.);
#2773=VECTOR('',#9761,1.00000000000065);
#2774=VECTOR('',#9762,1.);
#2775=VECTOR('',#9763,1.00000000000065);
#2776=VECTOR('',#9766,1.00000000000065);
#2777=VECTOR('',#9767,1.);
#2778=VECTOR('',#9770,1.00000000000065);
#2779=VECTOR('',#9771,1.);
#2780=VECTOR('',#9774,1.);
#2781=VECTOR('',#9777,1.00000000000065);
#2782=VECTOR('',#9778,1.00000000000065);
#2783=VECTOR('',#9779,1.);
#2784=VECTOR('',#9782,1.00000000000065);
#2785=VECTOR('',#9783,1.);
#2786=VECTOR('',#9786,1.);
#2787=VECTOR('',#9787,1.00000000000065);
#2788=VECTOR('',#9790,1.);
#2789=VECTOR('',#9793,1.00000000000065);
#2790=VECTOR('',#9794,1.);
#2791=VECTOR('',#9795,1.00000000000065);
#2792=VECTOR('',#9798,1.00000000000065);
#2793=VECTOR('',#9799,1.);
#2794=VECTOR('',#9802,1.00000000000065);
#2795=VECTOR('',#9803,1.);
#2796=VECTOR('',#9806,1.);
#2797=VECTOR('',#9809,1.00000000000065);
#2798=VECTOR('',#9810,1.00000000000065);
#2799=VECTOR('',#9811,1.);
#2800=VECTOR('',#9814,1.00000000000065);
#2801=VECTOR('',#9815,1.);
#2802=VECTOR('',#9818,1.00000000000065);
#2803=VECTOR('',#9819,1.);
#2804=VECTOR('',#9822,1.);
#2805=VECTOR('',#9825,1.00000000000065);
#2806=VECTOR('',#9826,1.00000000000065);
#2807=VECTOR('',#9827,1.);
#2808=VECTOR('',#9830,1.00000000000065);
#2809=VECTOR('',#9831,1.);
#2810=VECTOR('',#9834,1.00000000000065);
#2811=VECTOR('',#9835,1.);
#2812=VECTOR('',#9838,1.);
#2813=VECTOR('',#9841,1.00000000000065);
#2814=VECTOR('',#9842,1.);
#2815=VECTOR('',#9843,1.00000000000065);
#2816=VECTOR('',#9846,1.00000000000065);
#2817=VECTOR('',#9847,1.);
#2818=VECTOR('',#9850,1.00000000000065);
#2819=VECTOR('',#9851,1.);
#2820=VECTOR('',#9854,1.);
#2821=VECTOR('',#9877,1.);
#2822=VECTOR('',#9878,1.);
#2823=VECTOR('',#9879,1.);
#2824=VECTOR('',#9880,1.);
#2825=VECTOR('',#9883,1.);
#2826=VECTOR('',#9884,1.);
#2827=VECTOR('',#9885,1.);
#2828=VECTOR('',#9888,1.);
#2829=VECTOR('',#9889,1.);
#2830=VECTOR('',#9890,1.);
#2831=VECTOR('',#9893,1.);
#2832=VECTOR('',#9920,1.);
#2833=VECTOR('',#9921,1.);
#2834=VECTOR('',#9922,1.);
#2835=VECTOR('',#9923,1.);
#2836=VECTOR('',#9926,1.);
#2837=VECTOR('',#9929,1.);
#2838=VECTOR('',#9936,1.);
#2839=VECTOR('',#9939,1.);
#2840=VECTOR('',#9988,1.);
#2841=VECTOR('',#9989,1.);
#2842=VECTOR('',#9990,1.);
#2843=VECTOR('',#9991,1.);
#2844=VECTOR('',#10036,1.);
#2845=VECTOR('',#10063,1.);
#2846=VECTOR('',#10064,1.);
#2847=VECTOR('',#10065,1.);
#2848=VECTOR('',#10066,1.);
#2849=VECTOR('',#10069,1.);
#2850=VECTOR('',#10072,1.);
#2851=VECTOR('',#10079,1.);
#2852=VECTOR('',#10082,1.);
#2853=VECTOR('',#10131,1.);
#2854=VECTOR('',#10132,1.);
#2855=VECTOR('',#10133,1.);
#2856=VECTOR('',#10134,1.);
#2857=VECTOR('',#10181,0.85);
#2858=VECTOR('',#10184,0.75);
#2859=VECTOR('',#10187,2.);
#2860=VECTOR('',#10190,0.75);
#2861=VECTOR('',#10193,0.85);
#2862=VECTOR('',#10196,0.5);
#2863=VECTOR('',#10199,0.85);
#2864=VECTOR('',#10202,0.75);
#2865=VECTOR('',#10205,2.);
#2866=VECTOR('',#10208,0.75);
#2867=VECTOR('',#10211,0.85);
#2868=VECTOR('',#10214,0.5);
#2869=VECTOR('',#10217,0.5);
#2870=VECTOR('',#10220,1.);
#2871=VECTOR('',#10221,1.);
#2872=VECTOR('',#10224,1.);
#2873=VECTOR('',#10227,1.);
#2874=VECTOR('',#10232,1.);
#2875=VECTOR('',#10233,1.);
#2876=VECTOR('',#10236,1.);
#2877=VECTOR('',#10239,1.);
#2878=VECTOR('',#10244,0.5);
#2879=VECTOR('',#10247,0.4);
#2880=VECTOR('',#10250,1.);
#2881=VECTOR('',#10251,1.);
#2882=VECTOR('',#10254,1.);
#2883=VECTOR('',#10257,1.);
#2884=VECTOR('',#10262,0.5);
#2885=VECTOR('',#10265,0.4);
#2886=VECTOR('',#10268,0.4);
#2887=VECTOR('',#10271,0.4);
#2888=VECTOR('',#10274,0.4);
#2889=VECTOR('',#10277,0.4);
#2890=VECTOR('',#10280,0.4);
#2891=VECTOR('',#10283,0.4);
#2892=VECTOR('',#10286,0.4);
#2893=VECTOR('',#10289,0.4);
#2894=VECTOR('',#10292,0.4);
#2895=VECTOR('',#10295,0.4);
#2896=VECTOR('',#10298,0.5);
#2897=VECTOR('',#10301,0.5);
#2898=VECTOR('',#10304,0.5);
#2899=VECTOR('',#10307,0.5);
#2900=VECTOR('',#10310,0.5);
#2901=VECTOR('',#10313,0.5);
#2902=VECTOR('',#10316,0.5);
#2903=VECTOR('',#10319,0.85);
#2904=VECTOR('',#10322,2.);
#2905=VECTOR('',#10325,0.75);
#2906=VECTOR('',#10328,0.85);
#2907=VECTOR('',#10331,0.75);
#2908=VECTOR('',#10334,1.);
#2909=VECTOR('',#10335,1.);
#2910=VECTOR('',#10338,1.);
#2911=VECTOR('',#10341,1.);
#2912=VECTOR('',#10346,0.85);
#2913=VECTOR('',#10349,2.);
#2914=VECTOR('',#10352,0.75);
#2915=VECTOR('',#10355,0.85);
#2916=VECTOR('',#10358,0.75);
#2917=VECTOR('',#10361,0.5);
#2918=VECTOR('',#10364,0.5);
#2919=VECTOR('',#10367,0.5);
#2920=VECTOR('',#10370,0.5);
#2921=VECTOR('',#10373,0.85);
#2922=VECTOR('',#10376,2.);
#2923=VECTOR('',#10379,0.75);
#2924=VECTOR('',#10382,0.85);
#2925=VECTOR('',#10385,0.75);
#2926=VECTOR('',#10388,0.5);
#2927=VECTOR('',#10391,0.5);
#2928=VECTOR('',#10394,0.5);
#2929=VECTOR('',#10397,0.5);
#2930=VECTOR('',#10400,0.5);
#2931=VECTOR('',#10403,0.5);
#2932=VECTOR('',#10406,0.5);
#2933=VECTOR('',#10425,0.25);
#2934=VECTOR('',#10442,0.25);
#2935=VECTOR('',#10455,0.25);
#2936=VECTOR('',#10464,1.01);
#2937=VECTOR('',#10477,1.);
#2938=VECTOR('',#10484,1.);
#2939=CIRCLE('',#7570,2.35000000000001);
#2940=CIRCLE('',#7571,2.35000000000001);
#2941=CIRCLE('',#7574,2.35000000000001);
#2942=CIRCLE('',#7575,2.35000000000001);
#2943=CIRCLE('',#7578,2.35);
#2944=CIRCLE('',#7579,2.35);
#2945=CIRCLE('',#7582,2.35000000000001);
#2946=CIRCLE('',#7583,2.35000000000001);
#2947=CIRCLE('',#7586,0.5);
#2948=CIRCLE('',#7588,0.5);
#2949=CIRCLE('',#7589,0.5);
#2950=CIRCLE('',#7590,0.5);
#2951=CIRCLE('',#7591,0.5);
#2952=CIRCLE('',#7592,0.5);
#2953=CIRCLE('',#7593,0.5);
#2954=CIRCLE('',#7594,0.5);
#2955=CIRCLE('',#7595,0.5);
#2956=CIRCLE('',#7597,0.5);
#2957=CIRCLE('',#7598,0.5);
#2958=CIRCLE('',#7601,0.5);
#2959=CIRCLE('',#7602,0.5);
#2960=CIRCLE('',#7604,0.5);
#2961=CIRCLE('',#7606,2.);
#2962=CIRCLE('',#7608,2.);
#2963=CIRCLE('',#7609,2.);
#2964=CIRCLE('',#7612,2.);
#2965=CIRCLE('',#7614,0.499999999999989);
#2966=CIRCLE('',#7615,4.5);
#2967=CIRCLE('',#7616,0.5);
#2968=CIRCLE('',#7617,5.);
#2969=CIRCLE('',#7619,0.5);
#2970=CIRCLE('',#7621,0.5);
#2971=CIRCLE('',#7622,5.);
#2972=CIRCLE('',#7623,4.5);
#2973=CIRCLE('',#7625,0.5);
#2974=CIRCLE('',#7627,0.5);
#2975=CIRCLE('',#7628,4.99999999999999);
#2976=CIRCLE('',#7629,4.5);
#2977=CIRCLE('',#7631,0.5);
#2978=CIRCLE('',#7633,0.5);
#2979=CIRCLE('',#7634,5.00000000000001);
#2980=CIRCLE('',#7635,4.50000000000002);
#2981=CIRCLE('',#7639,5.00000000000001);
#2982=CIRCLE('',#7642,5.);
#2983=CIRCLE('',#7644,0.5);
#2984=CIRCLE('',#7645,0.5);
#2985=CIRCLE('',#7646,0.5);
#2986=CIRCLE('',#7647,0.5);
#2987=CIRCLE('',#7648,0.5);
#2988=CIRCLE('',#7649,0.5);
#2989=CIRCLE('',#7650,0.5);
#2990=CIRCLE('',#7651,0.5);
#2991=CIRCLE('',#7669,2.);
#2992=CIRCLE('',#7670,2.);
#2993=CIRCLE('',#7672,2.);
#2994=CIRCLE('',#7673,2.);
#2995=CIRCLE('',#7675,2.);
#2996=CIRCLE('',#7677,2.);
#2997=CIRCLE('',#7678,1.99999999999999);
#2998=CIRCLE('',#7679,1.99999999999999);
#2999=CIRCLE('',#7681,2.);
#3000=CIRCLE('',#7682,2.);
#3001=CIRCLE('',#7683,1.99999999999999);
#3002=CIRCLE('',#7686,2.);
#3003=CIRCLE('',#7689,2.);
#3004=CIRCLE('',#7692,2.);
#3005=CIRCLE('',#7698,5.);
#3006=CIRCLE('',#7699,4.99999999999999);
#3007=CIRCLE('',#7706,1.7);
#3008=CIRCLE('',#7707,1.7);
#3009=CIRCLE('',#7709,1.7);
#3010=CIRCLE('',#7710,1.7);
#3011=CIRCLE('',#7712,1.7);
#3012=CIRCLE('',#7713,1.7);
#3013=CIRCLE('',#7715,1.7);
#3014=CIRCLE('',#7716,1.7);
#3015=CIRCLE('',#7718,1.);
#3016=CIRCLE('',#7719,5.);
#3017=CIRCLE('',#7720,1.00000000000001);
#3018=CIRCLE('',#7721,4.);
#3019=CIRCLE('',#7723,0.999999999999996);
#3020=CIRCLE('',#7725,1.);
#3021=CIRCLE('',#7726,4.);
#3022=CIRCLE('',#7727,5.);
#3023=CIRCLE('',#7729,0.999999999999998);
#3024=CIRCLE('',#7731,1.);
#3025=CIRCLE('',#7732,3.99999999999999);
#3026=CIRCLE('',#7733,4.99999999999999);
#3027=CIRCLE('',#7735,1.);
#3028=CIRCLE('',#7737,0.999999999999996);
#3029=CIRCLE('',#7738,4.00000000000002);
#3030=CIRCLE('',#7739,5.00000000000001);
#3031=CIRCLE('',#7743,5.);
#3032=CIRCLE('',#7746,5.);
#3033=CIRCLE('',#7748,1.);
#3034=CIRCLE('',#7749,1.);
#3035=CIRCLE('',#7750,1.);
#3036=CIRCLE('',#7751,1.);
#3037=CIRCLE('',#7752,0.499999999999989);
#3038=CIRCLE('',#7753,0.499999999999998);
#3039=CIRCLE('',#7754,0.499999999999998);
#3040=CIRCLE('',#7755,0.499999999999998);
#3041=CIRCLE('',#7756,0.499999999999998);
#3042=CIRCLE('',#7757,0.499999999999998);
#3043=CIRCLE('',#7758,0.5);
#3044=CIRCLE('',#7759,0.499999999999998);
#3045=CIRCLE('',#7760,0.499999999999989);
#3046=CIRCLE('',#7761,0.499999999999998);
#3047=CIRCLE('',#7762,0.499999999999998);
#3048=CIRCLE('',#7763,0.500000000000007);
#3049=CIRCLE('',#7764,0.499999999999998);
#3050=CIRCLE('',#7765,0.500000000000007);
#3051=CIRCLE('',#7766,0.5);
#3052=CIRCLE('',#7767,0.499999999999989);
#3053=CIRCLE('',#7768,0.499999999999998);
#3054=CIRCLE('',#7769,0.499999999999989);
#3055=CIRCLE('',#7770,0.5);
#3056=CIRCLE('',#7771,0.500000000000007);
#3057=CIRCLE('',#7772,0.499999999999989);
#3058=CIRCLE('',#7773,0.500000000000007);
#3059=CIRCLE('',#7774,0.499999999999998);
#3060=CIRCLE('',#7775,0.499999999999989);
#3061=CIRCLE('',#7776,1.);
#3062=CIRCLE('',#7777,1.);
#3063=CIRCLE('',#7778,1.);
#3064=CIRCLE('',#7779,1.);
#3065=CIRCLE('',#7781,1.);
#3066=CIRCLE('',#7784,1.);
#3067=CIRCLE('',#7787,1.);
#3068=CIRCLE('',#7790,1.);
#3069=CIRCLE('',#7793,1.);
#3070=CIRCLE('',#7796,1.);
#3071=CIRCLE('',#7799,1.);
#3072=CIRCLE('',#7802,1.);
#3073=CIRCLE('',#7805,0.499999999999998);
#3074=CIRCLE('',#7808,0.499999999999998);
#3075=CIRCLE('',#7811,0.499999999999998);
#3076=CIRCLE('',#7814,0.499999999999989);
#3077=CIRCLE('',#7818,0.499999999999998);
#3078=CIRCLE('',#7821,0.5);
#3079=CIRCLE('',#7824,0.499999999999998);
#3080=CIRCLE('',#7827,0.499999999999998);
#3081=CIRCLE('',#7830,0.500000000000007);
#3082=CIRCLE('',#7833,0.499999999999998);
#3083=CIRCLE('',#7836,0.499999999999998);
#3084=CIRCLE('',#7839,0.499999999999989);
#3085=CIRCLE('',#7842,0.499999999999989);
#3086=CIRCLE('',#7845,0.5);
#3087=CIRCLE('',#7848,0.500000000000007);
#3088=CIRCLE('',#7851,0.499999999999998);
#3089=CIRCLE('',#7853,0.500000000000007);
#3090=CIRCLE('',#7856,0.5);
#3091=CIRCLE('',#7859,0.499999999999989);
#3092=CIRCLE('',#7862,0.499999999999998);
#3093=CIRCLE('',#7866,0.499999999999989);
#3094=CIRCLE('',#7869,0.499999999999998);
#3095=CIRCLE('',#7872,0.500000000000007);
#3096=CIRCLE('',#7875,0.499999999999989);
#3097=CIRCLE('',#7878,5.00000000000001);
#3098=CIRCLE('',#7881,4.99999999999999);
#3099=CIRCLE('',#7885,1.4635);
#3100=CIRCLE('',#7886,1.193275);
#3101=CIRCLE('',#7888,1.64675);
#3102=CIRCLE('',#7889,0.3);
#3103=CIRCLE('',#7890,1.34675);
#3104=CIRCLE('',#7892,2.8);
#3105=CIRCLE('',#7894,1.34675);
#3106=CIRCLE('',#7896,2.71354655470033);
#3107=CIRCLE('',#7897,1.2);
#3108=CIRCLE('',#7898,1.99751699603979);
#3109=CIRCLE('',#7899,1.99751699603979);
#3110=CIRCLE('',#7901,4.72125528402601);
#3111=CIRCLE('',#7902,4.99691712275566);
#3112=CIRCLE('',#7903,4.6777952132912);
#3113=CIRCLE('',#7904,5.);
#3114=CIRCLE('',#7905,4.6777952132912);
#3115=CIRCLE('',#7906,4.99691712275657);
#3116=CIRCLE('',#7907,4.72125528402701);
#3117=CIRCLE('',#7908,4.72125528402601);
#3118=CIRCLE('',#7909,4.99691712275586);
#3119=CIRCLE('',#7910,4.67779521329277);
#3120=CIRCLE('',#7911,4.99691712275635);
#3121=CIRCLE('',#7912,4.72125528402701);
#3122=CIRCLE('',#7913,4.72125528402601);
#3123=CIRCLE('',#7914,4.9969171227559);
#3124=CIRCLE('',#7915,4.67779521329186);
#3125=CIRCLE('',#7916,4.99691712275592);
#3126=CIRCLE('',#7917,4.72125528402701);
#3127=CIRCLE('',#7918,4.72125528402601);
#3128=CIRCLE('',#7919,4.99691712275588);
#3129=CIRCLE('',#7920,4.67779521329092);
#3130=CIRCLE('',#7921,4.99691712275569);
#3131=CIRCLE('',#7922,4.72125528402701);
#3132=CIRCLE('',#7954,1.4635);
#3133=CIRCLE('',#8067,0.85);
#3134=CIRCLE('',#8068,0.75);
#3135=CIRCLE('',#8069,2.);
#3136=CIRCLE('',#8070,0.75);
#3137=CIRCLE('',#8071,0.85);
#3138=CIRCLE('',#8072,0.5);
#3139=CIRCLE('',#8073,0.85);
#3140=CIRCLE('',#8074,0.75);
#3141=CIRCLE('',#8075,2.);
#3142=CIRCLE('',#8076,0.75);
#3143=CIRCLE('',#8077,0.85);
#3144=CIRCLE('',#8078,0.5);
#3145=CIRCLE('',#8079,0.5);
#3146=CIRCLE('',#8080,0.75);
#3147=CIRCLE('',#8081,0.75);
#3148=CIRCLE('',#8082,0.5);
#3149=CIRCLE('',#8083,0.4);
#3150=CIRCLE('',#8084,0.75);
#3151=CIRCLE('',#8085,0.75);
#3152=CIRCLE('',#8086,0.5);
#3153=CIRCLE('',#8087,0.4);
#3154=CIRCLE('',#8088,0.4);
#3155=CIRCLE('',#8089,0.4);
#3156=CIRCLE('',#8090,0.4);
#3157=CIRCLE('',#8091,0.4);
#3158=CIRCLE('',#8092,0.4);
#3159=CIRCLE('',#8093,0.4);
#3160=CIRCLE('',#8094,0.4);
#3161=CIRCLE('',#8095,0.4);
#3162=CIRCLE('',#8096,0.4);
#3163=CIRCLE('',#8097,0.4);
#3164=CIRCLE('',#8098,0.5);
#3165=CIRCLE('',#8099,0.5);
#3166=CIRCLE('',#8100,0.5);
#3167=CIRCLE('',#8101,0.5);
#3168=CIRCLE('',#8102,0.5);
#3169=CIRCLE('',#8103,0.5);
#3170=CIRCLE('',#8104,0.5);
#3171=CIRCLE('',#8105,0.85);
#3172=CIRCLE('',#8106,2.);
#3173=CIRCLE('',#8107,0.75);
#3174=CIRCLE('',#8108,0.85);
#3175=CIRCLE('',#8109,0.75);
#3176=CIRCLE('',#8110,0.85);
#3177=CIRCLE('',#8111,2.);
#3178=CIRCLE('',#8112,0.75);
#3179=CIRCLE('',#8113,0.85);
#3180=CIRCLE('',#8114,0.75);
#3181=CIRCLE('',#8115,0.5);
#3182=CIRCLE('',#8116,0.5);
#3183=CIRCLE('',#8117,0.5);
#3184=CIRCLE('',#8118,0.5);
#3185=CIRCLE('',#8119,0.85);
#3186=CIRCLE('',#8120,2.);
#3187=CIRCLE('',#8121,0.75);
#3188=CIRCLE('',#8122,0.85);
#3189=CIRCLE('',#8123,0.75);
#3190=CIRCLE('',#8124,0.5);
#3191=CIRCLE('',#8125,0.5);
#3192=CIRCLE('',#8126,0.5);
#3193=CIRCLE('',#8127,0.5);
#3194=CIRCLE('',#8128,0.5);
#3195=CIRCLE('',#8129,0.5);
#3196=CIRCLE('',#8130,0.5);
#3197=CIRCLE('',#8132,0.85);
#3198=CIRCLE('',#8133,0.75);
#3199=CIRCLE('',#8134,2.);
#3200=CIRCLE('',#8135,0.75);
#3201=CIRCLE('',#8136,0.85);
#3202=CIRCLE('',#8137,0.5);
#3203=CIRCLE('',#8138,0.85);
#3204=CIRCLE('',#8139,0.75);
#3205=CIRCLE('',#8140,2.);
#3206=CIRCLE('',#8141,0.75);
#3207=CIRCLE('',#8142,0.85);
#3208=CIRCLE('',#8143,0.5);
#3209=CIRCLE('',#8144,0.5);
#3210=CIRCLE('',#8145,0.75);
#3211=CIRCLE('',#8146,0.75);
#3212=CIRCLE('',#8147,0.5);
#3213=CIRCLE('',#8148,0.4);
#3214=CIRCLE('',#8149,0.75);
#3215=CIRCLE('',#8150,0.75);
#3216=CIRCLE('',#8151,0.5);
#3217=CIRCLE('',#8152,0.4);
#3218=CIRCLE('',#8153,0.4);
#3219=CIRCLE('',#8154,0.4);
#3220=CIRCLE('',#8155,0.4);
#3221=CIRCLE('',#8156,0.4);
#3222=CIRCLE('',#8157,0.4);
#3223=CIRCLE('',#8158,0.4);
#3224=CIRCLE('',#8159,0.4);
#3225=CIRCLE('',#8160,0.4);
#3226=CIRCLE('',#8161,0.4);
#3227=CIRCLE('',#8162,0.4);
#3228=CIRCLE('',#8163,0.5);
#3229=CIRCLE('',#8164,0.5);
#3230=CIRCLE('',#8165,0.5);
#3231=CIRCLE('',#8166,0.5);
#3232=CIRCLE('',#8167,0.5);
#3233=CIRCLE('',#8168,0.5);
#3234=CIRCLE('',#8169,0.5);
#3235=CIRCLE('',#8170,0.85);
#3236=CIRCLE('',#8171,2.);
#3237=CIRCLE('',#8172,0.75);
#3238=CIRCLE('',#8173,0.85);
#3239=CIRCLE('',#8174,0.75);
#3240=CIRCLE('',#8175,0.85);
#3241=CIRCLE('',#8176,2.);
#3242=CIRCLE('',#8177,0.75);
#3243=CIRCLE('',#8178,0.85);
#3244=CIRCLE('',#8179,0.75);
#3245=CIRCLE('',#8180,0.5);
#3246=CIRCLE('',#8181,0.5);
#3247=CIRCLE('',#8182,0.5);
#3248=CIRCLE('',#8183,0.5);
#3249=CIRCLE('',#8184,0.85);
#3250=CIRCLE('',#8185,2.);
#3251=CIRCLE('',#8186,0.75);
#3252=CIRCLE('',#8187,0.85);
#3253=CIRCLE('',#8188,0.75);
#3254=CIRCLE('',#8189,0.5);
#3255=CIRCLE('',#8190,0.5);
#3256=CIRCLE('',#8191,0.5);
#3257=CIRCLE('',#8192,0.5);
#3258=CIRCLE('',#8193,0.5);
#3259=CIRCLE('',#8194,0.5);
#3260=CIRCLE('',#8195,0.5);
#3261=CIRCLE('',#8280,0.25);
#3262=CIRCLE('',#8281,0.25);
#3263=CIRCLE('',#8282,0.25);
#3264=CIRCLE('',#8284,0.25);
#3265=CIRCLE('',#8285,0.25);
#3266=CIRCLE('',#8286,0.25);
#3267=CIRCLE('',#8288,0.25);
#3268=CIRCLE('',#8289,0.25);
#3269=CIRCLE('',#8291,0.25);
#3270=CIRCLE('',#8292,0.25);
#3271=CIRCLE('',#8293,0.25);
#3272=CIRCLE('',#8295,0.25);
#3273=CIRCLE('',#8299,1.01);
#3274=CIRCLE('',#8300,1.01);
#3275=CIRCLE('',#8302,1.);
#3276=CIRCLE('',#8304,1.);
#3277=CIRCLE('',#8306,1.);
#3278=CIRCLE('',#8308,1.);
#3279=CIRCLE('',#8310,0.6);
#3280=CIRCLE('',#8311,0.4);
#3281=CIRCLE('',#8313,0.4);
#3282=CIRCLE('',#8314,0.6);
#3283=VERTEX_POINT('',#10548);
#3284=VERTEX_POINT('',#10550);
#3285=VERTEX_POINT('',#10555);
#3286=VERTEX_POINT('',#10557);
#3287=VERTEX_POINT('',#10562);
#3288=VERTEX_POINT('',#10564);
#3289=VERTEX_POINT('',#10569);
#3290=VERTEX_POINT('',#10571);
#3291=VERTEX_POINT('',#10576);
#3292=VERTEX_POINT('',#10577);
#3293=VERTEX_POINT('',#10584);
#3294=VERTEX_POINT('',#10586);
#3295=VERTEX_POINT('',#10590);
#3296=VERTEX_POINT('',#10592);
#3297=VERTEX_POINT('',#10594);
#3298=VERTEX_POINT('',#10596);
#3299=VERTEX_POINT('',#10598);
#3300=VERTEX_POINT('',#10600);
#3301=VERTEX_POINT('',#10603);
#3302=VERTEX_POINT('',#10604);
#3303=VERTEX_POINT('',#10606);
#3304=VERTEX_POINT('',#10608);
#3305=VERTEX_POINT('',#10610);
#3306=VERTEX_POINT('',#10612);
#3307=VERTEX_POINT('',#10614);
#3308=VERTEX_POINT('',#10616);
#3309=VERTEX_POINT('',#10619);
#3310=VERTEX_POINT('',#10620);
#3311=VERTEX_POINT('',#10622);
#3312=VERTEX_POINT('',#10624);
#3313=VERTEX_POINT('',#10626);
#3314=VERTEX_POINT('',#10628);
#3315=VERTEX_POINT('',#10630);
#3316=VERTEX_POINT('',#10632);
#3317=VERTEX_POINT('',#10636);
#3318=VERTEX_POINT('',#10637);
#3319=VERTEX_POINT('',#10639);
#3320=VERTEX_POINT('',#10641);
#3321=VERTEX_POINT('',#10645);
#3322=VERTEX_POINT('',#10647);
#3323=VERTEX_POINT('',#10651);
#3324=VERTEX_POINT('',#10653);
#3325=VERTEX_POINT('',#10657);
#3326=VERTEX_POINT('',#10664);
#3327=VERTEX_POINT('',#10669);
#3328=VERTEX_POINT('',#10673);
#3329=VERTEX_POINT('',#10675);
#3330=VERTEX_POINT('',#10682);
#3331=VERTEX_POINT('',#10686);
#3332=VERTEX_POINT('',#10687);
#3333=VERTEX_POINT('',#10689);
#3334=VERTEX_POINT('',#10691);
#3335=VERTEX_POINT('',#10695);
#3336=VERTEX_POINT('',#10696);
#3337=VERTEX_POINT('',#10701);
#3338=VERTEX_POINT('',#10702);
#3339=VERTEX_POINT('',#10707);
#3340=VERTEX_POINT('',#10708);
#3341=VERTEX_POINT('',#10713);
#3342=VERTEX_POINT('',#10714);
#3343=VERTEX_POINT('',#10719);
#3344=VERTEX_POINT('',#10720);
#3345=VERTEX_POINT('',#10725);
#3346=VERTEX_POINT('',#10726);
#3347=VERTEX_POINT('',#10734);
#3348=VERTEX_POINT('',#10736);
#3349=VERTEX_POINT('',#10740);
#3350=VERTEX_POINT('',#10744);
#3351=VERTEX_POINT('',#10748);
#3352=VERTEX_POINT('',#10752);
#3353=VERTEX_POINT('',#10753);
#3354=VERTEX_POINT('',#10755);
#3355=VERTEX_POINT('',#10757);
#3356=VERTEX_POINT('',#10759);
#3357=VERTEX_POINT('',#10761);
#3358=VERTEX_POINT('',#10763);
#3359=VERTEX_POINT('',#10765);
#3360=VERTEX_POINT('',#10768);
#3361=VERTEX_POINT('',#10769);
#3362=VERTEX_POINT('',#10771);
#3363=VERTEX_POINT('',#10773);
#3364=VERTEX_POINT('',#10775);
#3365=VERTEX_POINT('',#10777);
#3366=VERTEX_POINT('',#10779);
#3367=VERTEX_POINT('',#10781);
#3368=VERTEX_POINT('',#10817);
#3369=VERTEX_POINT('',#10821);
#3370=VERTEX_POINT('',#10825);
#3371=VERTEX_POINT('',#10826);
#3372=VERTEX_POINT('',#10831);
#3373=VERTEX_POINT('',#10833);
#3374=VERTEX_POINT('',#10837);
#3375=VERTEX_POINT('',#10839);
#3376=VERTEX_POINT('',#10845);
#3377=VERTEX_POINT('',#10846);
#3378=VERTEX_POINT('',#10853);
#3379=VERTEX_POINT('',#10854);
#3380=VERTEX_POINT('',#10861);
#3381=VERTEX_POINT('',#10862);
#3382=VERTEX_POINT('',#10875);
#3383=VERTEX_POINT('',#10877);
#3384=VERTEX_POINT('',#10879);
#3385=VERTEX_POINT('',#10891);
#3386=VERTEX_POINT('',#10893);
#3387=VERTEX_POINT('',#10897);
#3388=VERTEX_POINT('',#10899);
#3389=VERTEX_POINT('',#10903);
#3390=VERTEX_POINT('',#10905);
#3391=VERTEX_POINT('',#10909);
#3392=VERTEX_POINT('',#10911);
#3393=VERTEX_POINT('',#10915);
#3394=VERTEX_POINT('',#10916);
#3395=VERTEX_POINT('',#10918);
#3396=VERTEX_POINT('',#10920);
#3397=VERTEX_POINT('',#10924);
#3398=VERTEX_POINT('',#10925);
#3399=VERTEX_POINT('',#10930);
#3400=VERTEX_POINT('',#10931);
#3401=VERTEX_POINT('',#10936);
#3402=VERTEX_POINT('',#10937);
#3403=VERTEX_POINT('',#10942);
#3404=VERTEX_POINT('',#10943);
#3405=VERTEX_POINT('',#10948);
#3406=VERTEX_POINT('',#10949);
#3407=VERTEX_POINT('',#10954);
#3408=VERTEX_POINT('',#10955);
#3409=VERTEX_POINT('',#10963);
#3410=VERTEX_POINT('',#10965);
#3411=VERTEX_POINT('',#10969);
#3412=VERTEX_POINT('',#10973);
#3413=VERTEX_POINT('',#10977);
#3414=VERTEX_POINT('',#10981);
#3415=VERTEX_POINT('',#10982);
#3416=VERTEX_POINT('',#10984);
#3417=VERTEX_POINT('',#10986);
#3418=VERTEX_POINT('',#10988);
#3419=VERTEX_POINT('',#10990);
#3420=VERTEX_POINT('',#10992);
#3421=VERTEX_POINT('',#10994);
#3422=VERTEX_POINT('',#10997);
#3423=VERTEX_POINT('',#10998);
#3424=VERTEX_POINT('',#11000);
#3425=VERTEX_POINT('',#11002);
#3426=VERTEX_POINT('',#11004);
#3427=VERTEX_POINT('',#11006);
#3428=VERTEX_POINT('',#11008);
#3429=VERTEX_POINT('',#11010);
#3430=VERTEX_POINT('',#11013);
#3431=VERTEX_POINT('',#11014);
#3432=VERTEX_POINT('',#11016);
#3433=VERTEX_POINT('',#11018);
#3434=VERTEX_POINT('',#11020);
#3435=VERTEX_POINT('',#11022);
#3436=VERTEX_POINT('',#11024);
#3437=VERTEX_POINT('',#11026);
#3438=VERTEX_POINT('',#11029);
#3439=VERTEX_POINT('',#11030);
#3440=VERTEX_POINT('',#11032);
#3441=VERTEX_POINT('',#11034);
#3442=VERTEX_POINT('',#11036);
#3443=VERTEX_POINT('',#11038);
#3444=VERTEX_POINT('',#11040);
#3445=VERTEX_POINT('',#11042);
#3446=VERTEX_POINT('',#11045);
#3447=VERTEX_POINT('',#11046);
#3448=VERTEX_POINT('',#11048);
#3449=VERTEX_POINT('',#11050);
#3450=VERTEX_POINT('',#11052);
#3451=VERTEX_POINT('',#11054);
#3452=VERTEX_POINT('',#11056);
#3453=VERTEX_POINT('',#11058);
#3454=VERTEX_POINT('',#11061);
#3455=VERTEX_POINT('',#11062);
#3456=VERTEX_POINT('',#11064);
#3457=VERTEX_POINT('',#11066);
#3458=VERTEX_POINT('',#11068);
#3459=VERTEX_POINT('',#11070);
#3460=VERTEX_POINT('',#11072);
#3461=VERTEX_POINT('',#11074);
#3462=VERTEX_POINT('',#11077);
#3463=VERTEX_POINT('',#11078);
#3464=VERTEX_POINT('',#11080);
#3465=VERTEX_POINT('',#11082);
#3466=VERTEX_POINT('',#11084);
#3467=VERTEX_POINT('',#11086);
#3468=VERTEX_POINT('',#11088);
#3469=VERTEX_POINT('',#11090);
#3470=VERTEX_POINT('',#11093);
#3471=VERTEX_POINT('',#11094);
#3472=VERTEX_POINT('',#11096);
#3473=VERTEX_POINT('',#11098);
#3474=VERTEX_POINT('',#11100);
#3475=VERTEX_POINT('',#11102);
#3476=VERTEX_POINT('',#11104);
#3477=VERTEX_POINT('',#11106);
#3478=VERTEX_POINT('',#11110);
#3479=VERTEX_POINT('',#11111);
#3480=VERTEX_POINT('',#11116);
#3481=VERTEX_POINT('',#11120);
#3482=VERTEX_POINT('',#11121);
#3483=VERTEX_POINT('',#11128);
#3484=VERTEX_POINT('',#11129);
#3485=VERTEX_POINT('',#11136);
#3486=VERTEX_POINT('',#11142);
#3487=VERTEX_POINT('',#11143);
#3488=VERTEX_POINT('',#11148);
#3489=VERTEX_POINT('',#11152);
#3490=VERTEX_POINT('',#11153);
#3491=VERTEX_POINT('',#11160);
#3492=VERTEX_POINT('',#11161);
#3493=VERTEX_POINT('',#11168);
#3494=VERTEX_POINT('',#11174);
#3495=VERTEX_POINT('',#11175);
#3496=VERTEX_POINT('',#11180);
#3497=VERTEX_POINT('',#11184);
#3498=VERTEX_POINT('',#11188);
#3499=VERTEX_POINT('',#11192);
#3500=VERTEX_POINT('',#11196);
#3501=VERTEX_POINT('',#11200);
#3502=VERTEX_POINT('',#11206);
#3503=VERTEX_POINT('',#11207);
#3504=VERTEX_POINT('',#11212);
#3505=VERTEX_POINT('',#11216);
#3506=VERTEX_POINT('',#11220);
#3507=VERTEX_POINT('',#11224);
#3508=VERTEX_POINT('',#11228);
#3509=VERTEX_POINT('',#11232);
#3510=VERTEX_POINT('',#11238);
#3511=VERTEX_POINT('',#11239);
#3512=VERTEX_POINT('',#11244);
#3513=VERTEX_POINT('',#11248);
#3514=VERTEX_POINT('',#11252);
#3515=VERTEX_POINT('',#11256);
#3516=VERTEX_POINT('',#11260);
#3517=VERTEX_POINT('',#11264);
#3518=VERTEX_POINT('',#11270);
#3519=VERTEX_POINT('',#11271);
#3520=VERTEX_POINT('',#11276);
#3521=VERTEX_POINT('',#11280);
#3522=VERTEX_POINT('',#11284);
#3523=VERTEX_POINT('',#11288);
#3524=VERTEX_POINT('',#11292);
#3525=VERTEX_POINT('',#11296);
#3526=VERTEX_POINT('',#11302);
#3527=VERTEX_POINT('',#11303);
#3528=VERTEX_POINT('',#11308);
#3529=VERTEX_POINT('',#11312);
#3530=VERTEX_POINT('',#11316);
#3531=VERTEX_POINT('',#11320);
#3532=VERTEX_POINT('',#11324);
#3533=VERTEX_POINT('',#11328);
#3534=VERTEX_POINT('',#11334);
#3535=VERTEX_POINT('',#11335);
#3536=VERTEX_POINT('',#11340);
#3537=VERTEX_POINT('',#11344);
#3538=VERTEX_POINT('',#11348);
#3539=VERTEX_POINT('',#11352);
#3540=VERTEX_POINT('',#11356);
#3541=VERTEX_POINT('',#11360);
#3542=VERTEX_POINT('',#11366);
#3543=VERTEX_POINT('',#11370);
#3544=VERTEX_POINT('',#11374);
#3545=VERTEX_POINT('',#11382);
#3546=VERTEX_POINT('',#11384);
#3547=VERTEX_POINT('',#11388);
#3548=VERTEX_POINT('',#11390);
#3549=VERTEX_POINT('',#11394);
#3550=VERTEX_POINT('',#11397);
#3551=VERTEX_POINT('',#11401);
#3552=VERTEX_POINT('',#11403);
#3553=VERTEX_POINT('',#11405);
#3554=VERTEX_POINT('',#11409);
#3555=VERTEX_POINT('',#11410);
#3556=VERTEX_POINT('',#11412);
#3557=VERTEX_POINT('',#11414);
#3558=VERTEX_POINT('',#11417);
#3559=VERTEX_POINT('',#11419);
#3560=VERTEX_POINT('',#11421);
#3561=VERTEX_POINT('',#11423);
#3562=VERTEX_POINT('',#11425);
#3563=VERTEX_POINT('',#11427);
#3564=VERTEX_POINT('',#11429);
#3565=VERTEX_POINT('',#11431);
#3566=VERTEX_POINT('',#11433);
#3567=VERTEX_POINT('',#11435);
#3568=VERTEX_POINT('',#11437);
#3569=VERTEX_POINT('',#11439);
#3570=VERTEX_POINT('',#11441);
#3571=VERTEX_POINT('',#11443);
#3572=VERTEX_POINT('',#11445);
#3573=VERTEX_POINT('',#11447);
#3574=VERTEX_POINT('',#11449);
#3575=VERTEX_POINT('',#11455);
#3576=VERTEX_POINT('',#11457);
#3577=VERTEX_POINT('',#11461);
#3578=VERTEX_POINT('',#11465);
#3579=VERTEX_POINT('',#11467);
#3580=VERTEX_POINT('',#11469);
#3581=VERTEX_POINT('',#11477);
#3582=VERTEX_POINT('',#11479);
#3583=VERTEX_POINT('',#11483);
#3584=VERTEX_POINT('',#11487);
#3585=VERTEX_POINT('',#11489);
#3586=VERTEX_POINT('',#11491);
#3587=VERTEX_POINT('',#11499);
#3588=VERTEX_POINT('',#11501);
#3589=VERTEX_POINT('',#11505);
#3590=VERTEX_POINT('',#11509);
#3591=VERTEX_POINT('',#11511);
#3592=VERTEX_POINT('',#11513);
#3593=VERTEX_POINT('',#11521);
#3594=VERTEX_POINT('',#11523);
#3595=VERTEX_POINT('',#11527);
#3596=VERTEX_POINT('',#11531);
#3597=VERTEX_POINT('',#11533);
#3598=VERTEX_POINT('',#11535);
#3599=VERTEX_POINT('',#11543);
#3600=VERTEX_POINT('',#11549);
#3601=VERTEX_POINT('',#11555);
#3602=VERTEX_POINT('',#11561);
#3603=VERTEX_POINT('',#11568);
#3604=VERTEX_POINT('',#11579);
#3605=VERTEX_POINT('',#11580);
#3606=VERTEX_POINT('',#11582);
#3607=VERTEX_POINT('',#11584);
#3608=VERTEX_POINT('',#11588);
#3609=VERTEX_POINT('',#11589);
#3610=VERTEX_POINT('',#11594);
#3611=VERTEX_POINT('',#11596);
#3612=VERTEX_POINT('',#11600);
#3613=VERTEX_POINT('',#11602);
#3614=VERTEX_POINT('',#11604);
#3615=VERTEX_POINT('',#11606);
#3616=VERTEX_POINT('',#11608);
#3617=VERTEX_POINT('',#11610);
#3618=VERTEX_POINT('',#11612);
#3619=VERTEX_POINT('',#11614);
#3620=VERTEX_POINT('',#11616);
#3621=VERTEX_POINT('',#11618);
#3622=VERTEX_POINT('',#11620);
#3623=VERTEX_POINT('',#11622);
#3624=VERTEX_POINT('',#11624);
#3625=VERTEX_POINT('',#11626);
#3626=VERTEX_POINT('',#11628);
#3627=VERTEX_POINT('',#11630);
#3628=VERTEX_POINT('',#11632);
#3629=VERTEX_POINT('',#11634);
#3630=VERTEX_POINT('',#11636);
#3631=VERTEX_POINT('',#11638);
#3632=VERTEX_POINT('',#11640);
#3633=VERTEX_POINT('',#11642);
#3634=VERTEX_POINT('',#11645);
#3635=VERTEX_POINT('',#11646);
#3636=VERTEX_POINT('',#11648);
#3637=VERTEX_POINT('',#11650);
#3638=VERTEX_POINT('',#11653);
#3639=VERTEX_POINT('',#11654);
#3640=VERTEX_POINT('',#11656);
#3641=VERTEX_POINT('',#11658);
#3642=VERTEX_POINT('',#11661);
#3643=VERTEX_POINT('',#11662);
#3644=VERTEX_POINT('',#11664);
#3645=VERTEX_POINT('',#11666);
#3646=VERTEX_POINT('',#11669);
#3647=VERTEX_POINT('',#11670);
#3648=VERTEX_POINT('',#11672);
#3649=VERTEX_POINT('',#11674);
#3650=VERTEX_POINT('',#11678);
#3651=VERTEX_POINT('',#11680);
#3652=VERTEX_POINT('',#11682);
#3653=VERTEX_POINT('',#11684);
#3654=VERTEX_POINT('',#11686);
#3655=VERTEX_POINT('',#11688);
#3656=VERTEX_POINT('',#11690);
#3657=VERTEX_POINT('',#11692);
#3658=VERTEX_POINT('',#11694);
#3659=VERTEX_POINT('',#11696);
#3660=VERTEX_POINT('',#11698);
#3661=VERTEX_POINT('',#11700);
#3662=VERTEX_POINT('',#11702);
#3663=VERTEX_POINT('',#11704);
#3664=VERTEX_POINT('',#11706);
#3665=VERTEX_POINT('',#11708);
#3666=VERTEX_POINT('',#11710);
#3667=VERTEX_POINT('',#11712);
#3668=VERTEX_POINT('',#11714);
#3669=VERTEX_POINT('',#11716);
#3670=VERTEX_POINT('',#11718);
#3671=VERTEX_POINT('',#11720);
#3672=VERTEX_POINT('',#11723);
#3673=VERTEX_POINT('',#11724);
#3674=VERTEX_POINT('',#11726);
#3675=VERTEX_POINT('',#11728);
#3676=VERTEX_POINT('',#11731);
#3677=VERTEX_POINT('',#11732);
#3678=VERTEX_POINT('',#11734);
#3679=VERTEX_POINT('',#11736);
#3680=VERTEX_POINT('',#11739);
#3681=VERTEX_POINT('',#11740);
#3682=VERTEX_POINT('',#11742);
#3683=VERTEX_POINT('',#11744);
#3684=VERTEX_POINT('',#11747);
#3685=VERTEX_POINT('',#11748);
#3686=VERTEX_POINT('',#11750);
#3687=VERTEX_POINT('',#11752);
#3688=VERTEX_POINT('',#11801);
#3689=VERTEX_POINT('',#11803);
#3690=VERTEX_POINT('',#11807);
#3691=VERTEX_POINT('',#11811);
#3692=VERTEX_POINT('',#11817);
#3693=VERTEX_POINT('',#11819);
#3694=VERTEX_POINT('',#11823);
#3695=VERTEX_POINT('',#11827);
#3696=VERTEX_POINT('',#11833);
#3697=VERTEX_POINT('',#11835);
#3698=VERTEX_POINT('',#11839);
#3699=VERTEX_POINT('',#11843);
#3700=VERTEX_POINT('',#11849);
#3701=VERTEX_POINT('',#11851);
#3702=VERTEX_POINT('',#11855);
#3703=VERTEX_POINT('',#11859);
#3704=VERTEX_POINT('',#11865);
#3705=VERTEX_POINT('',#11867);
#3706=VERTEX_POINT('',#11871);
#3707=VERTEX_POINT('',#11875);
#3708=VERTEX_POINT('',#11881);
#3709=VERTEX_POINT('',#11883);
#3710=VERTEX_POINT('',#11887);
#3711=VERTEX_POINT('',#11891);
#3712=VERTEX_POINT('',#11897);
#3713=VERTEX_POINT('',#11899);
#3714=VERTEX_POINT('',#11903);
#3715=VERTEX_POINT('',#11907);
#3716=VERTEX_POINT('',#11913);
#3717=VERTEX_POINT('',#11915);
#3718=VERTEX_POINT('',#11919);
#3719=VERTEX_POINT('',#11923);
#3720=VERTEX_POINT('',#11929);
#3721=VERTEX_POINT('',#11931);
#3722=VERTEX_POINT('',#11935);
#3723=VERTEX_POINT('',#11939);
#3724=VERTEX_POINT('',#11945);
#3725=VERTEX_POINT('',#11947);
#3726=VERTEX_POINT('',#11951);
#3727=VERTEX_POINT('',#11955);
#3728=VERTEX_POINT('',#11961);
#3729=VERTEX_POINT('',#11963);
#3730=VERTEX_POINT('',#11967);
#3731=VERTEX_POINT('',#11971);
#3732=VERTEX_POINT('',#11977);
#3733=VERTEX_POINT('',#11979);
#3734=VERTEX_POINT('',#11983);
#3735=VERTEX_POINT('',#11987);
#3736=VERTEX_POINT('',#11993);
#3737=VERTEX_POINT('',#11995);
#3738=VERTEX_POINT('',#11999);
#3739=VERTEX_POINT('',#12003);
#3740=VERTEX_POINT('',#12009);
#3741=VERTEX_POINT('',#12011);
#3742=VERTEX_POINT('',#12015);
#3743=VERTEX_POINT('',#12019);
#3744=VERTEX_POINT('',#12025);
#3745=VERTEX_POINT('',#12027);
#3746=VERTEX_POINT('',#12031);
#3747=VERTEX_POINT('',#12035);
#3748=VERTEX_POINT('',#12041);
#3749=VERTEX_POINT('',#12043);
#3750=VERTEX_POINT('',#12047);
#3751=VERTEX_POINT('',#12051);
#3752=VERTEX_POINT('',#12067);
#3753=VERTEX_POINT('',#12068);
#3754=VERTEX_POINT('',#12070);
#3755=VERTEX_POINT('',#12072);
#3756=VERTEX_POINT('',#12076);
#3757=VERTEX_POINT('',#12077);
#3758=VERTEX_POINT('',#12082);
#3759=VERTEX_POINT('',#12084);
#3760=VERTEX_POINT('',#12089);
#3761=VERTEX_POINT('',#12091);
#3762=VERTEX_POINT('',#12093);
#3763=VERTEX_POINT('',#12095);
#3764=VERTEX_POINT('',#12097);
#3765=VERTEX_POINT('',#12099);
#3766=VERTEX_POINT('',#12101);
#3767=VERTEX_POINT('',#12103);
#3768=VERTEX_POINT('',#12105);
#3769=VERTEX_POINT('',#12107);
#3770=VERTEX_POINT('',#12109);
#3771=VERTEX_POINT('',#12111);
#3772=VERTEX_POINT('',#12113);
#3773=VERTEX_POINT('',#12115);
#3774=VERTEX_POINT('',#12116);
#3775=VERTEX_POINT('',#12118);
#3776=VERTEX_POINT('',#12120);
#3777=VERTEX_POINT('',#12123);
#3778=VERTEX_POINT('',#12124);
#3779=VERTEX_POINT('',#12126);
#3780=VERTEX_POINT('',#12128);
#3781=VERTEX_POINT('',#12131);
#3782=VERTEX_POINT('',#12133);
#3783=VERTEX_POINT('',#12135);
#3784=VERTEX_POINT('',#12136);
#3785=VERTEX_POINT('',#12138);
#3786=VERTEX_POINT('',#12140);
#3787=VERTEX_POINT('',#12143);
#3788=VERTEX_POINT('',#12145);
#3789=VERTEX_POINT('',#12147);
#3790=VERTEX_POINT('',#12149);
#3791=VERTEX_POINT('',#12151);
#3792=VERTEX_POINT('',#12153);
#3793=VERTEX_POINT('',#12155);
#3794=VERTEX_POINT('',#12157);
#3795=VERTEX_POINT('',#12159);
#3796=VERTEX_POINT('',#12161);
#3797=VERTEX_POINT('',#12163);
#3798=VERTEX_POINT('',#12165);
#3799=VERTEX_POINT('',#12167);
#3800=VERTEX_POINT('',#12169);
#3801=VERTEX_POINT('',#12171);
#3802=VERTEX_POINT('',#12173);
#3803=VERTEX_POINT('',#12175);
#3804=VERTEX_POINT('',#12177);
#3805=VERTEX_POINT('',#12179);
#3806=VERTEX_POINT('',#12181);
#3807=VERTEX_POINT('',#12183);
#3808=VERTEX_POINT('',#12185);
#3809=VERTEX_POINT('',#12187);
#3810=VERTEX_POINT('',#12189);
#3811=VERTEX_POINT('',#12191);
#3812=VERTEX_POINT('',#12192);
#3813=VERTEX_POINT('',#12194);
#3814=VERTEX_POINT('',#12196);
#3815=VERTEX_POINT('',#12199);
#3816=VERTEX_POINT('',#12201);
#3817=VERTEX_POINT('',#12203);
#3818=VERTEX_POINT('',#12205);
#3819=VERTEX_POINT('',#12207);
#3820=VERTEX_POINT('',#12209);
#3821=VERTEX_POINT('',#12211);
#3822=VERTEX_POINT('',#12213);
#3823=VERTEX_POINT('',#12215);
#3824=VERTEX_POINT('',#12217);
#3825=VERTEX_POINT('',#12219);
#3826=VERTEX_POINT('',#12221);
#3827=VERTEX_POINT('',#12223);
#3828=VERTEX_POINT('',#12225);
#3829=VERTEX_POINT('',#12227);
#3830=VERTEX_POINT('',#12229);
#3831=VERTEX_POINT('',#12231);
#3832=VERTEX_POINT('',#12233);
#3833=VERTEX_POINT('',#12235);
#3834=VERTEX_POINT('',#12237);
#3835=VERTEX_POINT('',#12239);
#3836=VERTEX_POINT('',#12243);
#3837=VERTEX_POINT('',#12245);
#3838=VERTEX_POINT('',#12247);
#3839=VERTEX_POINT('',#12249);
#3840=VERTEX_POINT('',#12251);
#3841=VERTEX_POINT('',#12253);
#3842=VERTEX_POINT('',#12255);
#3843=VERTEX_POINT('',#12257);
#3844=VERTEX_POINT('',#12259);
#3845=VERTEX_POINT('',#12261);
#3846=VERTEX_POINT('',#12263);
#3847=VERTEX_POINT('',#12265);
#3848=VERTEX_POINT('',#12267);
#3849=VERTEX_POINT('',#12269);
#3850=VERTEX_POINT('',#12270);
#3851=VERTEX_POINT('',#12272);
#3852=VERTEX_POINT('',#12274);
#3853=VERTEX_POINT('',#12277);
#3854=VERTEX_POINT('',#12278);
#3855=VERTEX_POINT('',#12280);
#3856=VERTEX_POINT('',#12282);
#3857=VERTEX_POINT('',#12285);
#3858=VERTEX_POINT('',#12287);
#3859=VERTEX_POINT('',#12289);
#3860=VERTEX_POINT('',#12290);
#3861=VERTEX_POINT('',#12292);
#3862=VERTEX_POINT('',#12294);
#3863=VERTEX_POINT('',#12297);
#3864=VERTEX_POINT('',#12299);
#3865=VERTEX_POINT('',#12301);
#3866=VERTEX_POINT('',#12303);
#3867=VERTEX_POINT('',#12305);
#3868=VERTEX_POINT('',#12307);
#3869=VERTEX_POINT('',#12309);
#3870=VERTEX_POINT('',#12311);
#3871=VERTEX_POINT('',#12313);
#3872=VERTEX_POINT('',#12315);
#3873=VERTEX_POINT('',#12317);
#3874=VERTEX_POINT('',#12319);
#3875=VERTEX_POINT('',#12321);
#3876=VERTEX_POINT('',#12323);
#3877=VERTEX_POINT('',#12325);
#3878=VERTEX_POINT('',#12327);
#3879=VERTEX_POINT('',#12329);
#3880=VERTEX_POINT('',#12331);
#3881=VERTEX_POINT('',#12333);
#3882=VERTEX_POINT('',#12335);
#3883=VERTEX_POINT('',#12337);
#3884=VERTEX_POINT('',#12339);
#3885=VERTEX_POINT('',#12341);
#3886=VERTEX_POINT('',#12343);
#3887=VERTEX_POINT('',#12345);
#3888=VERTEX_POINT('',#12346);
#3889=VERTEX_POINT('',#12348);
#3890=VERTEX_POINT('',#12350);
#3891=VERTEX_POINT('',#12353);
#3892=VERTEX_POINT('',#12355);
#3893=VERTEX_POINT('',#12357);
#3894=VERTEX_POINT('',#12359);
#3895=VERTEX_POINT('',#12361);
#3896=VERTEX_POINT('',#12363);
#3897=VERTEX_POINT('',#12365);
#3898=VERTEX_POINT('',#12367);
#3899=VERTEX_POINT('',#12369);
#3900=VERTEX_POINT('',#12371);
#3901=VERTEX_POINT('',#12373);
#3902=VERTEX_POINT('',#12375);
#3903=VERTEX_POINT('',#12377);
#3904=VERTEX_POINT('',#12379);
#3905=VERTEX_POINT('',#12381);
#3906=VERTEX_POINT('',#12383);
#3907=VERTEX_POINT('',#12385);
#3908=VERTEX_POINT('',#12387);
#3909=VERTEX_POINT('',#12389);
#3910=VERTEX_POINT('',#12391);
#3911=VERTEX_POINT('',#12393);
#3912=VERTEX_POINT('',#12555);
#3913=VERTEX_POINT('',#12556);
#3914=VERTEX_POINT('',#12559);
#3915=VERTEX_POINT('',#12563);
#3916=VERTEX_POINT('',#12564);
#3917=VERTEX_POINT('',#12569);
#3918=VERTEX_POINT('',#12570);
#3919=VERTEX_POINT('',#12575);
#3920=VERTEX_POINT('',#12576);
#3921=VERTEX_POINT('',#12581);
#3922=VERTEX_POINT('',#12587);
#3923=VERTEX_POINT('',#12589);
#3924=VERTEX_POINT('',#12593);
#3925=VERTEX_POINT('',#12596);
#3926=VERTEX_POINT('',#12599);
#3927=VERTEX_POINT('',#12603);
#3928=VERTEX_POINT('',#12607);
#3929=VERTEX_POINT('',#12611);
#3930=EDGE_CURVE('',#3283,#3283,#2939,.T.);
#3931=EDGE_CURVE('',#3283,#3284,#1615,.T.);
#3932=EDGE_CURVE('',#3284,#3284,#2940,.T.);
#3933=EDGE_CURVE('',#3285,#3285,#2941,.T.);
#3934=EDGE_CURVE('',#3285,#3286,#1616,.T.);
#3935=EDGE_CURVE('',#3286,#3286,#2942,.T.);
#3936=EDGE_CURVE('',#3287,#3287,#2943,.T.);
#3937=EDGE_CURVE('',#3287,#3288,#1617,.T.);
#3938=EDGE_CURVE('',#3288,#3288,#2944,.T.);
#3939=EDGE_CURVE('',#3289,#3289,#2945,.T.);
#3940=EDGE_CURVE('',#3289,#3290,#1618,.T.);
#3941=EDGE_CURVE('',#3290,#3290,#2946,.T.);
#3942=EDGE_CURVE('',#3291,#3292,#441,.T.);
#3943=EDGE_CURVE('',#3292,#3293,#1619,.T.);
#3944=EDGE_CURVE('',#3293,#3294,#2947,.T.);
#3945=EDGE_CURVE('',#3294,#3291,#1620,.T.);
#3946=EDGE_CURVE('',#3295,#3292,#1621,.T.);
#3947=EDGE_CURVE('',#3296,#3295,#1622,.T.);
#3948=EDGE_CURVE('',#3297,#3296,#1623,.T.);
#3949=EDGE_CURVE('',#3298,#3297,#1624,.T.);
#3950=EDGE_CURVE('',#3299,#3298,#1625,.T.);
#3951=EDGE_CURVE('',#3300,#3299,#1626,.T.);
#3952=EDGE_CURVE('',#3293,#3300,#1627,.T.);
#3953=EDGE_CURVE('',#3301,#3302,#1628,.T.);
#3954=EDGE_CURVE('',#3303,#3302,#2948,.T.);
#3955=EDGE_CURVE('',#3303,#3304,#1629,.T.);
#3956=EDGE_CURVE('',#3305,#3304,#2949,.T.);
#3957=EDGE_CURVE('',#3305,#3306,#1630,.T.);
#3958=EDGE_CURVE('',#3307,#3306,#2950,.T.);
#3959=EDGE_CURVE('',#3307,#3308,#1631,.T.);
#3960=EDGE_CURVE('',#3301,#3308,#2951,.T.);
#3961=EDGE_CURVE('',#3309,#3310,#1632,.T.);
#3962=EDGE_CURVE('',#3311,#3310,#2952,.T.);
#3963=EDGE_CURVE('',#3311,#3312,#1633,.T.);
#3964=EDGE_CURVE('',#3313,#3312,#2953,.T.);
#3965=EDGE_CURVE('',#3313,#3314,#1634,.T.);
#3966=EDGE_CURVE('',#3315,#3314,#2954,.T.);
#3967=EDGE_CURVE('',#3315,#3316,#1635,.T.);
#3968=EDGE_CURVE('',#3309,#3316,#2955,.T.);
#3969=EDGE_CURVE('',#3317,#3318,#2956,.T.);
#3970=EDGE_CURVE('',#3318,#3319,#1636,.T.);
#3971=EDGE_CURVE('',#3319,#3320,#2957,.T.);
#3972=EDGE_CURVE('',#3320,#3317,#1637,.T.);
#3973=EDGE_CURVE('',#3321,#3318,#1638,.T.);
#3974=EDGE_CURVE('',#3322,#3321,#1639,.T.);
#3975=EDGE_CURVE('',#3319,#3322,#1640,.T.);
#3976=EDGE_CURVE('',#3323,#3322,#2958,.T.);
#3977=EDGE_CURVE('',#3321,#3324,#2959,.T.);
#3978=EDGE_CURVE('',#3324,#3323,#1641,.T.);
#3979=EDGE_CURVE('',#3299,#3325,#442,.T.);
#3980=EDGE_CURVE('',#3325,#3326,#1642,.T.);
#3981=EDGE_CURVE('',#3326,#3300,#2960,.T.);
#3982=EDGE_CURVE('',#3326,#3324,#1643,.T.);
#3983=EDGE_CURVE('',#3325,#3327,#2961,.T.);
#3984=EDGE_CURVE('',#3323,#3327,#1644,.T.);
#3985=EDGE_CURVE('',#3328,#3291,#2962,.T.);
#3986=EDGE_CURVE('',#3328,#3329,#1645,.T.);
#3987=EDGE_CURVE('',#3329,#3295,#2963,.F.);
#3988=EDGE_CURVE('',#3317,#3294,#1646,.T.);
#3989=EDGE_CURVE('',#3328,#3320,#1647,.T.);
#3990=EDGE_CURVE('',#3298,#3330,#2964,.F.);
#3991=EDGE_CURVE('',#3330,#3327,#1648,.T.);
#3992=EDGE_CURVE('',#3331,#3332,#2965,.T.);
#3993=EDGE_CURVE('',#3332,#3333,#2966,.T.);
#3994=EDGE_CURVE('',#3333,#3334,#2967,.T.);
#3995=EDGE_CURVE('',#3334,#3331,#2968,.T.);
#3996=EDGE_CURVE('',#3335,#3336,#2969,.T.);
#3997=EDGE_CURVE('',#3336,#3334,#1649,.T.);
#3998=EDGE_CURVE('',#3333,#3335,#1650,.T.);
#3999=EDGE_CURVE('',#3337,#3338,#2970,.T.);
#4000=EDGE_CURVE('',#3338,#3336,#2971,.T.);
#4001=EDGE_CURVE('',#3335,#3337,#2972,.T.);
#4002=EDGE_CURVE('',#3339,#3340,#2973,.T.);
#4003=EDGE_CURVE('',#3340,#3338,#1651,.T.);
#4004=EDGE_CURVE('',#3337,#3339,#1652,.T.);
#4005=EDGE_CURVE('',#3341,#3342,#2974,.T.);
#4006=EDGE_CURVE('',#3342,#3340,#2975,.T.);
#4007=EDGE_CURVE('',#3339,#3341,#2976,.T.);
#4008=EDGE_CURVE('',#3343,#3344,#2977,.T.);
#4009=EDGE_CURVE('',#3344,#3342,#1653,.T.);
#4010=EDGE_CURVE('',#3341,#3343,#1654,.T.);
#4011=EDGE_CURVE('',#3345,#3346,#2978,.T.);
#4012=EDGE_CURVE('',#3346,#3344,#2979,.T.);
#4013=EDGE_CURVE('',#3343,#3345,#2980,.T.);
#4014=EDGE_CURVE('',#3345,#3332,#1655,.T.);
#4015=EDGE_CURVE('',#3331,#3346,#1656,.T.);
#4016=EDGE_CURVE('',#3344,#3347,#1657,.T.);
#4017=EDGE_CURVE('',#3348,#3347,#1658,.T.);
#4018=EDGE_CURVE('',#3342,#3348,#1659,.T.);
#4019=EDGE_CURVE('',#3346,#3349,#1660,.T.);
#4020=EDGE_CURVE('',#3347,#3349,#2981,.T.);
#4021=EDGE_CURVE('',#3331,#3350,#1661,.T.);
#4022=EDGE_CURVE('',#3349,#3350,#1662,.T.);
#4023=EDGE_CURVE('',#3334,#3351,#1663,.T.);
#4024=EDGE_CURVE('',#3350,#3351,#2982,.T.);
#4025=EDGE_CURVE('',#3352,#3353,#2983,.T.);
#4026=EDGE_CURVE('',#3354,#3352,#1664,.T.);
#4027=EDGE_CURVE('',#3355,#3354,#2984,.T.);
#4028=EDGE_CURVE('',#3356,#3355,#1665,.T.);
#4029=EDGE_CURVE('',#3357,#3356,#2985,.T.);
#4030=EDGE_CURVE('',#3358,#3357,#1666,.T.);
#4031=EDGE_CURVE('',#3359,#3358,#2986,.T.);
#4032=EDGE_CURVE('',#3353,#3359,#1667,.T.);
#4033=EDGE_CURVE('',#3360,#3361,#2987,.T.);
#4034=EDGE_CURVE('',#3362,#3360,#1668,.T.);
#4035=EDGE_CURVE('',#3363,#3362,#2988,.T.);
#4036=EDGE_CURVE('',#3364,#3363,#1669,.T.);
#4037=EDGE_CURVE('',#3365,#3364,#2989,.T.);
#4038=EDGE_CURVE('',#3366,#3365,#1670,.T.);
#4039=EDGE_CURVE('',#3367,#3366,#2990,.T.);
#4040=EDGE_CURVE('',#3361,#3367,#1671,.T.);
#4041=EDGE_CURVE('',#3356,#3313,#1672,.T.);
#4042=EDGE_CURVE('',#3312,#3357,#1673,.T.);
#4043=EDGE_CURVE('',#3314,#3355,#1674,.T.);
#4044=EDGE_CURVE('',#3353,#3309,#1675,.T.);
#4045=EDGE_CURVE('',#3316,#3352,#1676,.T.);
#4046=EDGE_CURVE('',#3310,#3359,#1677,.T.);
#4047=EDGE_CURVE('',#3358,#3311,#1678,.T.);
#4048=EDGE_CURVE('',#3354,#3315,#1679,.T.);
#4049=EDGE_CURVE('',#3362,#3307,#1680,.T.);
#4050=EDGE_CURVE('',#3306,#3363,#1681,.T.);
#4051=EDGE_CURVE('',#3308,#3360,#1682,.T.);
#4052=EDGE_CURVE('',#3364,#3305,#1683,.T.);
#4053=EDGE_CURVE('',#3304,#3365,#1684,.T.);
#4054=EDGE_CURVE('',#3361,#3301,#1685,.T.);
#4055=EDGE_CURVE('',#3302,#3367,#1686,.T.);
#4056=EDGE_CURVE('',#3366,#3303,#1687,.T.);
#4057=EDGE_CURVE('',#3330,#3368,#2991,.F.);
#4058=EDGE_CURVE('',#3368,#3298,#2992,.F.);
#4059=EDGE_CURVE('',#3295,#3369,#2993,.F.);
#4060=EDGE_CURVE('',#3369,#3329,#2994,.F.);
#4061=EDGE_CURVE('',#3370,#3371,#2995,.T.);
#4062=EDGE_CURVE('',#3371,#3369,#1688,.T.);
#4063=EDGE_CURVE('',#3329,#3370,#1689,.T.);
#4064=EDGE_CURVE('',#3297,#3372,#2996,.F.);
#4065=EDGE_CURVE('',#3373,#3297,#2997,.F.);
#4066=EDGE_CURVE('',#3372,#3373,#2998,.F.);
#4067=EDGE_CURVE('',#3296,#3374,#2999,.F.);
#4068=EDGE_CURVE('',#3375,#3296,#3000,.F.);
#4069=EDGE_CURVE('',#3374,#3375,#3001,.F.);
#4070=EDGE_CURVE('',#3369,#3375,#1690,.T.);
#4071=EDGE_CURVE('',#3376,#3377,#3002,.T.);
#4072=EDGE_CURVE('',#3377,#3374,#1691,.T.);
#4073=EDGE_CURVE('',#3375,#3376,#1692,.T.);
#4074=EDGE_CURVE('',#3374,#3373,#1693,.T.);
#4075=EDGE_CURVE('',#3378,#3379,#3003,.T.);
#4076=EDGE_CURVE('',#3379,#3372,#1694,.T.);
#4077=EDGE_CURVE('',#3373,#3378,#1695,.T.);
#4078=EDGE_CURVE('',#3372,#3368,#1696,.T.);
#4079=EDGE_CURVE('',#3380,#3381,#3004,.T.);
#4080=EDGE_CURVE('',#3381,#3330,#1697,.T.);
#4081=EDGE_CURVE('',#3368,#3380,#1698,.T.);
#4082=EDGE_CURVE('',#3380,#3379,#1699,.T.);
#4083=EDGE_CURVE('',#3378,#3377,#1700,.T.);
#4084=EDGE_CURVE('',#3376,#3371,#1701,.T.);
#4085=EDGE_CURVE('',#3370,#3381,#1702,.T.);
#4086=EDGE_CURVE('',#3351,#3382,#1703,.T.);
#4087=EDGE_CURVE('',#3382,#3383,#3005,.T.);
#4088=EDGE_CURVE('',#3383,#3384,#1704,.T.);
#4089=EDGE_CURVE('',#3384,#3348,#3006,.T.);
#4090=EDGE_CURVE('',#3340,#3384,#1705,.T.);
#4091=EDGE_CURVE('',#3338,#3383,#1706,.T.);
#4092=EDGE_CURVE('',#3336,#3382,#1707,.T.);
#4093=EDGE_CURVE('',#3385,#3385,#3007,.T.);
#4094=EDGE_CURVE('',#3385,#3386,#1708,.T.);
#4095=EDGE_CURVE('',#3386,#3386,#3008,.T.);
#4096=EDGE_CURVE('',#3387,#3387,#3009,.T.);
#4097=EDGE_CURVE('',#3387,#3388,#1709,.T.);
#4098=EDGE_CURVE('',#3388,#3388,#3010,.T.);
#4099=EDGE_CURVE('',#3389,#3389,#3011,.T.);
#4100=EDGE_CURVE('',#3389,#3390,#1710,.T.);
#4101=EDGE_CURVE('',#3390,#3390,#3012,.T.);
#4102=EDGE_CURVE('',#3391,#3391,#3013,.T.);
#4103=EDGE_CURVE('',#3391,#3392,#1711,.T.);
#4104=EDGE_CURVE('',#3392,#3392,#3014,.T.);
#4105=EDGE_CURVE('',#3393,#3394,#3015,.T.);
#4106=EDGE_CURVE('',#3394,#3395,#3016,.T.);
#4107=EDGE_CURVE('',#3395,#3396,#3017,.T.);
#4108=EDGE_CURVE('',#3396,#3393,#3018,.T.);
#4109=EDGE_CURVE('',#3397,#3398,#3019,.T.);
#4110=EDGE_CURVE('',#3398,#3396,#1712,.T.);
#4111=EDGE_CURVE('',#3395,#3397,#1713,.T.);
#4112=EDGE_CURVE('',#3399,#3400,#3020,.T.);
#4113=EDGE_CURVE('',#3400,#3398,#3021,.T.);
#4114=EDGE_CURVE('',#3397,#3399,#3022,.T.);
#4115=EDGE_CURVE('',#3401,#3402,#3023,.T.);
#4116=EDGE_CURVE('',#3402,#3400,#1714,.T.);
#4117=EDGE_CURVE('',#3399,#3401,#1715,.T.);
#4118=EDGE_CURVE('',#3403,#3404,#3024,.T.);
#4119=EDGE_CURVE('',#3404,#3402,#3025,.T.);
#4120=EDGE_CURVE('',#3401,#3403,#3026,.T.);
#4121=EDGE_CURVE('',#3405,#3406,#3027,.T.);
#4122=EDGE_CURVE('',#3406,#3404,#1716,.T.);
#4123=EDGE_CURVE('',#3403,#3405,#1717,.T.);
#4124=EDGE_CURVE('',#3407,#3408,#3028,.T.);
#4125=EDGE_CURVE('',#3408,#3406,#3029,.T.);
#4126=EDGE_CURVE('',#3405,#3407,#3030,.T.);
#4127=EDGE_CURVE('',#3393,#3408,#1718,.T.);
#4128=EDGE_CURVE('',#3407,#3394,#1719,.T.);
#4129=EDGE_CURVE('',#3409,#3399,#1720,.T.);
#4130=EDGE_CURVE('',#3410,#3409,#1721,.T.);
#4131=EDGE_CURVE('',#3410,#3401,#1722,.T.);
#4132=EDGE_CURVE('',#3411,#3397,#1723,.T.);
#4133=EDGE_CURVE('',#3411,#3409,#3031,.T.);
#4134=EDGE_CURVE('',#3412,#3395,#1724,.T.);
#4135=EDGE_CURVE('',#3411,#3412,#1725,.T.);
#4136=EDGE_CURVE('',#3413,#3394,#1726,.T.);
#4137=EDGE_CURVE('',#3413,#3412,#3032,.T.);
#4138=EDGE_CURVE('',#3414,#3415,#1727,.T.);
#4139=EDGE_CURVE('',#3416,#3415,#3033,.T.);
#4140=EDGE_CURVE('',#3416,#3417,#1728,.T.);
#4141=EDGE_CURVE('',#3418,#3417,#3034,.T.);
#4142=EDGE_CURVE('',#3418,#3419,#1729,.T.);
#4143=EDGE_CURVE('',#3420,#3419,#3035,.T.);
#4144=EDGE_CURVE('',#3420,#3421,#1730,.T.);
#4145=EDGE_CURVE('',#3414,#3421,#3036,.T.);
#4146=EDGE_CURVE('',#3422,#3423,#1731,.T.);
#4147=EDGE_CURVE('',#3423,#3424,#3037,.T.);
#4148=EDGE_CURVE('',#3424,#3425,#1732,.T.);
#4149=EDGE_CURVE('',#3425,#3426,#3038,.T.);
#4150=EDGE_CURVE('',#3426,#3427,#1733,.T.);
#4151=EDGE_CURVE('',#3427,#3428,#3039,.T.);
#4152=EDGE_CURVE('',#3428,#3429,#1734,.T.);
#4153=EDGE_CURVE('',#3429,#3422,#3040,.T.);
#4154=EDGE_CURVE('',#3430,#3431,#3041,.T.);
#4155=EDGE_CURVE('',#3431,#3432,#1735,.T.);
#4156=EDGE_CURVE('',#3432,#3433,#3042,.T.);
#4157=EDGE_CURVE('',#3433,#3434,#1736,.T.);
#4158=EDGE_CURVE('',#3434,#3435,#3043,.T.);
#4159=EDGE_CURVE('',#3435,#3436,#1737,.T.);
#4160=EDGE_CURVE('',#3436,#3437,#3044,.T.);
#4161=EDGE_CURVE('',#3437,#3430,#1738,.T.);
#4162=EDGE_CURVE('',#3438,#3439,#3045,.T.);
#4163=EDGE_CURVE('',#3439,#3440,#1739,.T.);
#4164=EDGE_CURVE('',#3440,#3441,#3046,.T.);
#4165=EDGE_CURVE('',#3441,#3442,#1740,.T.);
#4166=EDGE_CURVE('',#3442,#3443,#3047,.T.);
#4167=EDGE_CURVE('',#3443,#3444,#1741,.T.);
#4168=EDGE_CURVE('',#3444,#3445,#3048,.T.);
#4169=EDGE_CURVE('',#3445,#3438,#1742,.T.);
#4170=EDGE_CURVE('',#3446,#3447,#3049,.T.);
#4171=EDGE_CURVE('',#3447,#3448,#1743,.T.);
#4172=EDGE_CURVE('',#3448,#3449,#3050,.T.);
#4173=EDGE_CURVE('',#3449,#3450,#1744,.T.);
#4174=EDGE_CURVE('',#3450,#3451,#3051,.T.);
#4175=EDGE_CURVE('',#3451,#3452,#1745,.T.);
#4176=EDGE_CURVE('',#3452,#3453,#3052,.T.);
#4177=EDGE_CURVE('',#3453,#3446,#1746,.T.);
#4178=EDGE_CURVE('',#3454,#3455,#1747,.T.);
#4179=EDGE_CURVE('',#3455,#3456,#3053,.T.);
#4180=EDGE_CURVE('',#3456,#3457,#1748,.T.);
#4181=EDGE_CURVE('',#3457,#3458,#3054,.T.);
#4182=EDGE_CURVE('',#3458,#3459,#1749,.T.);
#4183=EDGE_CURVE('',#3459,#3460,#3055,.T.);
#4184=EDGE_CURVE('',#3460,#3461,#1750,.T.);
#4185=EDGE_CURVE('',#3461,#3454,#3056,.T.);
#4186=EDGE_CURVE('',#3462,#3463,#3057,.T.);
#4187=EDGE_CURVE('',#3463,#3464,#1751,.T.);
#4188=EDGE_CURVE('',#3464,#3465,#3058,.T.);
#4189=EDGE_CURVE('',#3465,#3466,#1752,.T.);
#4190=EDGE_CURVE('',#3466,#3467,#3059,.T.);
#4191=EDGE_CURVE('',#3467,#3468,#1753,.T.);
#4192=EDGE_CURVE('',#3468,#3469,#3060,.T.);
#4193=EDGE_CURVE('',#3469,#3462,#1754,.T.);
#4194=EDGE_CURVE('',#3470,#3471,#1755,.T.);
#4195=EDGE_CURVE('',#3472,#3471,#3061,.T.);
#4196=EDGE_CURVE('',#3472,#3473,#1756,.T.);
#4197=EDGE_CURVE('',#3474,#3473,#3062,.T.);
#4198=EDGE_CURVE('',#3474,#3475,#1757,.T.);
#4199=EDGE_CURVE('',#3476,#3475,#3063,.T.);
#4200=EDGE_CURVE('',#3476,#3477,#1758,.T.);
#4201=EDGE_CURVE('',#3470,#3477,#3064,.T.);
#4202=EDGE_CURVE('',#3478,#3479,#3065,.T.);
#4203=EDGE_CURVE('',#3479,#3420,#1759,.T.);
#4204=EDGE_CURVE('',#3419,#3478,#1760,.T.);
#4205=EDGE_CURVE('',#3479,#3480,#1761,.T.);
#4206=EDGE_CURVE('',#3421,#3480,#1762,.T.);
#4207=EDGE_CURVE('',#3481,#3482,#3066,.T.);
#4208=EDGE_CURVE('',#3482,#3418,#1763,.T.);
#4209=EDGE_CURVE('',#3417,#3481,#1764,.T.);
#4210=EDGE_CURVE('',#3482,#3478,#1765,.T.);
#4211=EDGE_CURVE('',#3483,#3484,#3067,.T.);
#4212=EDGE_CURVE('',#3484,#3416,#1766,.T.);
#4213=EDGE_CURVE('',#3415,#3483,#1767,.T.);
#4214=EDGE_CURVE('',#3484,#3481,#1768,.T.);
#4215=EDGE_CURVE('',#3480,#3485,#3068,.T.);
#4216=EDGE_CURVE('',#3485,#3414,#1769,.T.);
#4217=EDGE_CURVE('',#3485,#3483,#1770,.T.);
#4218=EDGE_CURVE('',#3486,#3487,#3069,.T.);
#4219=EDGE_CURVE('',#3487,#3470,#1771,.T.);
#4220=EDGE_CURVE('',#3477,#3486,#1772,.T.);
#4221=EDGE_CURVE('',#3487,#3488,#1773,.T.);
#4222=EDGE_CURVE('',#3471,#3488,#1774,.T.);
#4223=EDGE_CURVE('',#3489,#3490,#3070,.T.);
#4224=EDGE_CURVE('',#3490,#3476,#1775,.T.);
#4225=EDGE_CURVE('',#3475,#3489,#1776,.T.);
#4226=EDGE_CURVE('',#3490,#3486,#1777,.T.);
#4227=EDGE_CURVE('',#3491,#3492,#3071,.T.);
#4228=EDGE_CURVE('',#3492,#3474,#1778,.T.);
#4229=EDGE_CURVE('',#3473,#3491,#1779,.T.);
#4230=EDGE_CURVE('',#3492,#3489,#1780,.T.);
#4231=EDGE_CURVE('',#3488,#3493,#3072,.T.);
#4232=EDGE_CURVE('',#3493,#3472,#1781,.T.);
#4233=EDGE_CURVE('',#3493,#3491,#1782,.T.);
#4234=EDGE_CURVE('',#3494,#3495,#3073,.T.);
#4235=EDGE_CURVE('',#3495,#3422,#1783,.T.);
#4236=EDGE_CURVE('',#3494,#3429,#1784,.T.);
#4237=EDGE_CURVE('',#3496,#3494,#1785,.T.);
#4238=EDGE_CURVE('',#3496,#3428,#1786,.T.);
#4239=EDGE_CURVE('',#3497,#3496,#3074,.T.);
#4240=EDGE_CURVE('',#3497,#3427,#1787,.T.);
#4241=EDGE_CURVE('',#3498,#3497,#1788,.T.);
#4242=EDGE_CURVE('',#3498,#3426,#1789,.T.);
#4243=EDGE_CURVE('',#3499,#3498,#3075,.T.);
#4244=EDGE_CURVE('',#3499,#3425,#1790,.T.);
#4245=EDGE_CURVE('',#3500,#3499,#1791,.T.);
#4246=EDGE_CURVE('',#3500,#3424,#1792,.T.);
#4247=EDGE_CURVE('',#3501,#3500,#3076,.T.);
#4248=EDGE_CURVE('',#3501,#3423,#1793,.T.);
#4249=EDGE_CURVE('',#3495,#3501,#1794,.T.);
#4250=EDGE_CURVE('',#3502,#3503,#1795,.T.);
#4251=EDGE_CURVE('',#3503,#3430,#1796,.T.);
#4252=EDGE_CURVE('',#3502,#3437,#1797,.T.);
#4253=EDGE_CURVE('',#3504,#3502,#3077,.T.);
#4254=EDGE_CURVE('',#3504,#3436,#1798,.T.);
#4255=EDGE_CURVE('',#3505,#3504,#1799,.T.);
#4256=EDGE_CURVE('',#3505,#3435,#1800,.T.);
#4257=EDGE_CURVE('',#3506,#3505,#3078,.T.);
#4258=EDGE_CURVE('',#3506,#3434,#1801,.T.);
#4259=EDGE_CURVE('',#3507,#3506,#1802,.T.);
#4260=EDGE_CURVE('',#3507,#3433,#1803,.T.);
#4261=EDGE_CURVE('',#3508,#3507,#3079,.T.);
#4262=EDGE_CURVE('',#3508,#3432,#1804,.T.);
#4263=EDGE_CURVE('',#3509,#3508,#1805,.T.);
#4264=EDGE_CURVE('',#3509,#3431,#1806,.T.);
#4265=EDGE_CURVE('',#3503,#3509,#3080,.T.);
#4266=EDGE_CURVE('',#3510,#3511,#1807,.T.);
#4267=EDGE_CURVE('',#3511,#3438,#1808,.T.);
#4268=EDGE_CURVE('',#3510,#3445,#1809,.T.);
#4269=EDGE_CURVE('',#3512,#3510,#3081,.T.);
#4270=EDGE_CURVE('',#3512,#3444,#1810,.T.);
#4271=EDGE_CURVE('',#3513,#3512,#1811,.T.);
#4272=EDGE_CURVE('',#3513,#3443,#1812,.T.);
#4273=EDGE_CURVE('',#3514,#3513,#3082,.T.);
#4274=EDGE_CURVE('',#3514,#3442,#1813,.T.);
#4275=EDGE_CURVE('',#3515,#3514,#1814,.T.);
#4276=EDGE_CURVE('',#3515,#3441,#1815,.T.);
#4277=EDGE_CURVE('',#3516,#3515,#3083,.T.);
#4278=EDGE_CURVE('',#3516,#3440,#1816,.T.);
#4279=EDGE_CURVE('',#3517,#3516,#1817,.T.);
#4280=EDGE_CURVE('',#3517,#3439,#1818,.T.);
#4281=EDGE_CURVE('',#3511,#3517,#3084,.T.);
#4282=EDGE_CURVE('',#3518,#3519,#1819,.T.);
#4283=EDGE_CURVE('',#3519,#3446,#1820,.T.);
#4284=EDGE_CURVE('',#3518,#3453,#1821,.T.);
#4285=EDGE_CURVE('',#3520,#3518,#3085,.T.);
#4286=EDGE_CURVE('',#3520,#3452,#1822,.T.);
#4287=EDGE_CURVE('',#3521,#3520,#1823,.T.);
#4288=EDGE_CURVE('',#3521,#3451,#1824,.T.);
#4289=EDGE_CURVE('',#3522,#3521,#3086,.T.);
#4290=EDGE_CURVE('',#3522,#3450,#1825,.T.);
#4291=EDGE_CURVE('',#3523,#3522,#1826,.T.);
#4292=EDGE_CURVE('',#3523,#3449,#1827,.T.);
#4293=EDGE_CURVE('',#3524,#3523,#3087,.T.);
#4294=EDGE_CURVE('',#3524,#3448,#1828,.T.);
#4295=EDGE_CURVE('',#3525,#3524,#1829,.T.);
#4296=EDGE_CURVE('',#3525,#3447,#1830,.T.);
#4297=EDGE_CURVE('',#3519,#3525,#3088,.T.);
#4298=EDGE_CURVE('',#3526,#3527,#3089,.T.);
#4299=EDGE_CURVE('',#3527,#3454,#1831,.T.);
#4300=EDGE_CURVE('',#3526,#3461,#1832,.T.);
#4301=EDGE_CURVE('',#3528,#3526,#1833,.T.);
#4302=EDGE_CURVE('',#3528,#3460,#1834,.T.);
#4303=EDGE_CURVE('',#3529,#3528,#3090,.T.);
#4304=EDGE_CURVE('',#3529,#3459,#1835,.T.);
#4305=EDGE_CURVE('',#3530,#3529,#1836,.T.);
#4306=EDGE_CURVE('',#3530,#3458,#1837,.T.);
#4307=EDGE_CURVE('',#3531,#3530,#3091,.T.);
#4308=EDGE_CURVE('',#3531,#3457,#1838,.T.);
#4309=EDGE_CURVE('',#3532,#3531,#1839,.T.);
#4310=EDGE_CURVE('',#3532,#3456,#1840,.T.);
#4311=EDGE_CURVE('',#3533,#3532,#3092,.T.);
#4312=EDGE_CURVE('',#3533,#3455,#1841,.T.);
#4313=EDGE_CURVE('',#3527,#3533,#1842,.T.);
#4314=EDGE_CURVE('',#3534,#3535,#1843,.T.);
#4315=EDGE_CURVE('',#3535,#3462,#1844,.T.);
#4316=EDGE_CURVE('',#3534,#3469,#1845,.T.);
#4317=EDGE_CURVE('',#3536,#3534,#3093,.T.);
#4318=EDGE_CURVE('',#3536,#3468,#1846,.T.);
#4319=EDGE_CURVE('',#3537,#3536,#1847,.T.);
#4320=EDGE_CURVE('',#3537,#3467,#1848,.T.);
#4321=EDGE_CURVE('',#3538,#3537,#3094,.T.);
#4322=EDGE_CURVE('',#3538,#3466,#1849,.T.);
#4323=EDGE_CURVE('',#3539,#3538,#1850,.T.);
#4324=EDGE_CURVE('',#3539,#3465,#1851,.T.);
#4325=EDGE_CURVE('',#3540,#3539,#3095,.T.);
#4326=EDGE_CURVE('',#3540,#3464,#1852,.T.);
#4327=EDGE_CURVE('',#3541,#3540,#1853,.T.);
#4328=EDGE_CURVE('',#3541,#3463,#1854,.T.);
#4329=EDGE_CURVE('',#3535,#3541,#3096,.T.);
#4330=EDGE_CURVE('',#3542,#3407,#1855,.T.);
#4331=EDGE_CURVE('',#3413,#3542,#1856,.T.);
#4332=EDGE_CURVE('',#3543,#3405,#1857,.T.);
#4333=EDGE_CURVE('',#3543,#3542,#3097,.T.);
#4334=EDGE_CURVE('',#3544,#3403,#1858,.T.);
#4335=EDGE_CURVE('',#3543,#3544,#1859,.T.);
#4336=EDGE_CURVE('',#3410,#3544,#3098,.T.);
#4337=EDGE_CURVE('',#3545,#3545,#3099,.T.);
#4338=EDGE_CURVE('',#3545,#3546,#1860,.T.);
#4339=EDGE_CURVE('',#3546,#3546,#3100,.T.);
#4340=EDGE_CURVE('',#3547,#3547,#3101,.T.);
#4341=EDGE_CURVE('',#3547,#3548,#3102,.T.);
#4342=EDGE_CURVE('',#3548,#3548,#3103,.T.);
#4343=EDGE_CURVE('',#3549,#3549,#3104,.T.);
#4344=EDGE_CURVE('',#3550,#3550,#3105,.T.);
#4345=EDGE_CURVE('',#3550,#3548,#1861,.T.);
#4346=EDGE_CURVE('',#3551,#3551,#3106,.T.);
#4347=EDGE_CURVE('',#3551,#3552,#3107,.T.);
#4348=EDGE_CURVE('',#3552,#3553,#3108,.T.);
#4349=EDGE_CURVE('',#3553,#3552,#3109,.T.);
#4350=EDGE_CURVE('',#3554,#3555,#3110,.T.);
#4351=EDGE_CURVE('',#3555,#3556,#3111,.T.);
#4352=EDGE_CURVE('',#3556,#3557,#3112,.T.);
#4353=EDGE_CURVE('',#3557,#3553,#3113,.T.);
#4354=EDGE_CURVE('',#3557,#3558,#3114,.T.);
#4355=EDGE_CURVE('',#3558,#3559,#3115,.T.);
#4356=EDGE_CURVE('',#3559,#3560,#3116,.T.);
#4357=EDGE_CURVE('',#3560,#3561,#3117,.T.);
#4358=EDGE_CURVE('',#3561,#3562,#3118,.T.);
#4359=EDGE_CURVE('',#3562,#3563,#3119,.T.);
#4360=EDGE_CURVE('',#3563,#3564,#3120,.T.);
#4361=EDGE_CURVE('',#3564,#3565,#3121,.T.);
#4362=EDGE_CURVE('',#3565,#3566,#3122,.T.);
#4363=EDGE_CURVE('',#3566,#3567,#3123,.T.);
#4364=EDGE_CURVE('',#3567,#3568,#3124,.T.);
#4365=EDGE_CURVE('',#3568,#3569,#3125,.T.);
#4366=EDGE_CURVE('',#3569,#3570,#3126,.T.);
#4367=EDGE_CURVE('',#3570,#3571,#3127,.T.);
#4368=EDGE_CURVE('',#3571,#3572,#3128,.T.);
#4369=EDGE_CURVE('',#3572,#3573,#3129,.T.);
#4370=EDGE_CURVE('',#3573,#3574,#3130,.T.);
#4371=EDGE_CURVE('',#3574,#3554,#3131,.T.);
#4372=EDGE_CURVE('',#3549,#3551,#1862,.T.);
#4373=EDGE_CURVE('',#3575,#3554,#1863,.T.);
#4374=EDGE_CURVE('',#3576,#3575,#1864,.T.);
#4375=EDGE_CURVE('',#3555,#3576,#1865,.T.);
#4376=EDGE_CURVE('',#3577,#3574,#1866,.T.);
#4377=EDGE_CURVE('',#3575,#3577,#1867,.T.);
#4378=EDGE_CURVE('',#3578,#3576,#1868,.T.);
#4379=EDGE_CURVE('',#3578,#3579,#1869,.T.);
#4380=EDGE_CURVE('',#3580,#3579,#1870,.T.);
#4381=EDGE_CURVE('',#3556,#3580,#1871,.F.);
#4382=EDGE_CURVE('',#3575,#3578,#1872,.T.);
#4383=EDGE_CURVE('',#3577,#3578,#1873,.T.);
#4384=EDGE_CURVE('',#3581,#3560,#1874,.T.);
#4385=EDGE_CURVE('',#3582,#3581,#1875,.T.);
#4386=EDGE_CURVE('',#3561,#3582,#1876,.T.);
#4387=EDGE_CURVE('',#3583,#3559,#1877,.T.);
#4388=EDGE_CURVE('',#3581,#3583,#1878,.T.);
#4389=EDGE_CURVE('',#3584,#3582,#1879,.T.);
#4390=EDGE_CURVE('',#3584,#3585,#1880,.T.);
#4391=EDGE_CURVE('',#3586,#3585,#1881,.T.);
#4392=EDGE_CURVE('',#3562,#3586,#1882,.F.);
#4393=EDGE_CURVE('',#3581,#3584,#1883,.T.);
#4394=EDGE_CURVE('',#3583,#3584,#1884,.T.);
#4395=EDGE_CURVE('',#3587,#3565,#1885,.T.);
#4396=EDGE_CURVE('',#3588,#3587,#1886,.T.);
#4397=EDGE_CURVE('',#3566,#3588,#1887,.T.);
#4398=EDGE_CURVE('',#3589,#3564,#1888,.T.);
#4399=EDGE_CURVE('',#3587,#3589,#1889,.T.);
#4400=EDGE_CURVE('',#3590,#3588,#1890,.T.);
#4401=EDGE_CURVE('',#3590,#3591,#1891,.T.);
#4402=EDGE_CURVE('',#3592,#3591,#1892,.T.);
#4403=EDGE_CURVE('',#3567,#3592,#1893,.F.);
#4404=EDGE_CURVE('',#3587,#3590,#1894,.T.);
#4405=EDGE_CURVE('',#3589,#3590,#1895,.T.);
#4406=EDGE_CURVE('',#3593,#3570,#1896,.T.);
#4407=EDGE_CURVE('',#3594,#3593,#1897,.T.);
#4408=EDGE_CURVE('',#3571,#3594,#1898,.T.);
#4409=EDGE_CURVE('',#3595,#3569,#1899,.T.);
#4410=EDGE_CURVE('',#3593,#3595,#1900,.T.);
#4411=EDGE_CURVE('',#3596,#3594,#1901,.T.);
#4412=EDGE_CURVE('',#3596,#3597,#1902,.T.);
#4413=EDGE_CURVE('',#3598,#3597,#1903,.T.);
#4414=EDGE_CURVE('',#3572,#3598,#1904,.F.);
#4415=EDGE_CURVE('',#3593,#3596,#1905,.T.);
#4416=EDGE_CURVE('',#3595,#3596,#1906,.T.);
#4417=EDGE_CURVE('',#3599,#3580,#1907,.F.);
#4418=EDGE_CURVE('',#3558,#3599,#1908,.T.);
#4419=EDGE_CURVE('',#3585,#3599,#1909,.T.);
#4420=EDGE_CURVE('',#3600,#3586,#1910,.F.);
#4421=EDGE_CURVE('',#3563,#3600,#1911,.T.);
#4422=EDGE_CURVE('',#3591,#3600,#1912,.T.);
#4423=EDGE_CURVE('',#3573,#3601,#1913,.T.);
#4424=EDGE_CURVE('',#3579,#3601,#1914,.T.);
#4425=EDGE_CURVE('',#3601,#3598,#1915,.F.);
#4426=EDGE_CURVE('',#3568,#3602,#1916,.T.);
#4427=EDGE_CURVE('',#3597,#3602,#1917,.T.);
#4428=EDGE_CURVE('',#3602,#3592,#1918,.F.);
#4429=EDGE_CURVE('',#3545,#3603,#1919,.T.);
#4430=EDGE_CURVE('',#3603,#3603,#3132,.T.);
#4431=EDGE_CURVE('',#3603,#3550,#1920,.T.);
#4432=EDGE_CURVE('',#3604,#3605,#1921,.T.);
#4433=EDGE_CURVE('',#3604,#3606,#1922,.T.);
#4434=EDGE_CURVE('',#3606,#3607,#1923,.T.);
#4435=EDGE_CURVE('',#3605,#3607,#1924,.T.);
#4436=EDGE_CURVE('',#3608,#3609,#1925,.T.);
#4437=EDGE_CURVE('',#3608,#3604,#1926,.T.);
#4438=EDGE_CURVE('',#3609,#3605,#1927,.T.);
#4439=EDGE_CURVE('',#3606,#3610,#1928,.T.);
#4440=EDGE_CURVE('',#3610,#3611,#1929,.T.);
#4441=EDGE_CURVE('',#3607,#3611,#1930,.T.);
#4442=EDGE_CURVE('',#3612,#3608,#1931,.T.);
#4443=EDGE_CURVE('',#3613,#3612,#1932,.T.);
#4444=EDGE_CURVE('',#3614,#3613,#1933,.T.);
#4445=EDGE_CURVE('',#3615,#3614,#1934,.T.);
#4446=EDGE_CURVE('',#3616,#3615,#1935,.T.);
#4447=EDGE_CURVE('',#3617,#3616,#1936,.T.);
#4448=EDGE_CURVE('',#3618,#3617,#1937,.T.);
#4449=EDGE_CURVE('',#3619,#3618,#1938,.T.);
#4450=EDGE_CURVE('',#3620,#3619,#1939,.T.);
#4451=EDGE_CURVE('',#3621,#3620,#1940,.T.);
#4452=EDGE_CURVE('',#3622,#3621,#1941,.T.);
#4453=EDGE_CURVE('',#3623,#3622,#1942,.T.);
#4454=EDGE_CURVE('',#3624,#3623,#1943,.T.);
#4455=EDGE_CURVE('',#3625,#3624,#1944,.T.);
#4456=EDGE_CURVE('',#3626,#3625,#1945,.T.);
#4457=EDGE_CURVE('',#3627,#3626,#1946,.T.);
#4458=EDGE_CURVE('',#3628,#3627,#1947,.T.);
#4459=EDGE_CURVE('',#3629,#3628,#1948,.T.);
#4460=EDGE_CURVE('',#3630,#3629,#1949,.T.);
#4461=EDGE_CURVE('',#3631,#3630,#1950,.T.);
#4462=EDGE_CURVE('',#3632,#3631,#1951,.T.);
#4463=EDGE_CURVE('',#3633,#3632,#1952,.T.);
#4464=EDGE_CURVE('',#3610,#3633,#1953,.T.);
#4465=EDGE_CURVE('',#3634,#3635,#1954,.T.);
#4466=EDGE_CURVE('',#3636,#3635,#1955,.T.);
#4467=EDGE_CURVE('',#3637,#3636,#1956,.T.);
#4468=EDGE_CURVE('',#3637,#3634,#1957,.T.);
#4469=EDGE_CURVE('',#3638,#3639,#1958,.T.);
#4470=EDGE_CURVE('',#3639,#3640,#1959,.T.);
#4471=EDGE_CURVE('',#3641,#3640,#1960,.T.);
#4472=EDGE_CURVE('',#3638,#3641,#1961,.T.);
#4473=EDGE_CURVE('',#3642,#3643,#1962,.T.);
#4474=EDGE_CURVE('',#3643,#3644,#1963,.T.);
#4475=EDGE_CURVE('',#3645,#3644,#1964,.T.);
#4476=EDGE_CURVE('',#3642,#3645,#1965,.T.);
#4477=EDGE_CURVE('',#3646,#3647,#1966,.T.);
#4478=EDGE_CURVE('',#3648,#3647,#1967,.T.);
#4479=EDGE_CURVE('',#3649,#3648,#1968,.T.);
#4480=EDGE_CURVE('',#3649,#3646,#1969,.T.);
#4481=EDGE_CURVE('',#3611,#3650,#1970,.T.);
#4482=EDGE_CURVE('',#3650,#3651,#1971,.T.);
#4483=EDGE_CURVE('',#3651,#3652,#1972,.T.);
#4484=EDGE_CURVE('',#3652,#3653,#1973,.T.);
#4485=EDGE_CURVE('',#3653,#3654,#1974,.T.);
#4486=EDGE_CURVE('',#3654,#3655,#1975,.T.);
#4487=EDGE_CURVE('',#3655,#3656,#1976,.T.);
#4488=EDGE_CURVE('',#3656,#3657,#1977,.T.);
#4489=EDGE_CURVE('',#3657,#3658,#1978,.T.);
#4490=EDGE_CURVE('',#3658,#3659,#1979,.T.);
#4491=EDGE_CURVE('',#3659,#3660,#1980,.T.);
#4492=EDGE_CURVE('',#3660,#3661,#1981,.T.);
#4493=EDGE_CURVE('',#3661,#3662,#1982,.T.);
#4494=EDGE_CURVE('',#3662,#3663,#1983,.T.);
#4495=EDGE_CURVE('',#3663,#3664,#1984,.T.);
#4496=EDGE_CURVE('',#3664,#3665,#1985,.T.);
#4497=EDGE_CURVE('',#3665,#3666,#1986,.T.);
#4498=EDGE_CURVE('',#3666,#3667,#1987,.T.);
#4499=EDGE_CURVE('',#3667,#3668,#1988,.T.);
#4500=EDGE_CURVE('',#3668,#3669,#1989,.T.);
#4501=EDGE_CURVE('',#3669,#3670,#1990,.T.);
#4502=EDGE_CURVE('',#3670,#3671,#1991,.T.);
#4503=EDGE_CURVE('',#3671,#3609,#1992,.T.);
#4504=EDGE_CURVE('',#3672,#3673,#1993,.T.);
#4505=EDGE_CURVE('',#3674,#3672,#1994,.T.);
#4506=EDGE_CURVE('',#3674,#3675,#1995,.T.);
#4507=EDGE_CURVE('',#3675,#3673,#1996,.T.);
#4508=EDGE_CURVE('',#3676,#3677,#1997,.T.);
#4509=EDGE_CURVE('',#3676,#3678,#1998,.T.);
#4510=EDGE_CURVE('',#3678,#3679,#1999,.T.);
#4511=EDGE_CURVE('',#3677,#3679,#2000,.T.);
#4512=EDGE_CURVE('',#3680,#3681,#2001,.T.);
#4513=EDGE_CURVE('',#3680,#3682,#2002,.T.);
#4514=EDGE_CURVE('',#3682,#3683,#2003,.T.);
#4515=EDGE_CURVE('',#3681,#3683,#2004,.T.);
#4516=EDGE_CURVE('',#3684,#3685,#2005,.T.);
#4517=EDGE_CURVE('',#3686,#3684,#2006,.T.);
#4518=EDGE_CURVE('',#3686,#3687,#2007,.T.);
#4519=EDGE_CURVE('',#3687,#3685,#2008,.T.);
#4520=EDGE_CURVE('',#3612,#3671,#2009,.T.);
#4521=EDGE_CURVE('',#3633,#3650,#2010,.T.);
#4522=EDGE_CURVE('',#3613,#3670,#2011,.T.);
#4523=EDGE_CURVE('',#3632,#3651,#2012,.T.);
#4524=EDGE_CURVE('',#3614,#3669,#2013,.T.);
#4525=EDGE_CURVE('',#3631,#3652,#2014,.T.);
#4526=EDGE_CURVE('',#3615,#3668,#2015,.T.);
#4527=EDGE_CURVE('',#3630,#3653,#2016,.T.);
#4528=EDGE_CURVE('',#3616,#3667,#2017,.T.);
#4529=EDGE_CURVE('',#3629,#3654,#2018,.T.);
#4530=EDGE_CURVE('',#3617,#3666,#2019,.T.);
#4531=EDGE_CURVE('',#3628,#3655,#2020,.T.);
#4532=EDGE_CURVE('',#3618,#3665,#2021,.T.);
#4533=EDGE_CURVE('',#3627,#3656,#2022,.T.);
#4534=EDGE_CURVE('',#3619,#3664,#2023,.T.);
#4535=EDGE_CURVE('',#3626,#3657,#2024,.T.);
#4536=EDGE_CURVE('',#3620,#3663,#2025,.T.);
#4537=EDGE_CURVE('',#3625,#3658,#2026,.T.);
#4538=EDGE_CURVE('',#3621,#3662,#2027,.T.);
#4539=EDGE_CURVE('',#3624,#3659,#2028,.T.);
#4540=EDGE_CURVE('',#3622,#3661,#2029,.T.);
#4541=EDGE_CURVE('',#3623,#3660,#2030,.T.);
#4542=EDGE_CURVE('',#3688,#3634,#2031,.T.);
#4543=EDGE_CURVE('',#3689,#3688,#2032,.T.);
#4544=EDGE_CURVE('',#3689,#3635,#2033,.T.);
#4545=EDGE_CURVE('',#3690,#3636,#2034,.T.);
#4546=EDGE_CURVE('',#3690,#3689,#2035,.T.);
#4547=EDGE_CURVE('',#3691,#3637,#2036,.T.);
#4548=EDGE_CURVE('',#3690,#3691,#2037,.T.);
#4549=EDGE_CURVE('',#3691,#3688,#2038,.T.);
#4550=EDGE_CURVE('',#3692,#3638,#2039,.T.);
#4551=EDGE_CURVE('',#3692,#3693,#2040,.T.);
#4552=EDGE_CURVE('',#3693,#3639,#2041,.T.);
#4553=EDGE_CURVE('',#3694,#3693,#2042,.T.);
#4554=EDGE_CURVE('',#3694,#3640,#2043,.T.);
#4555=EDGE_CURVE('',#3695,#3641,#2044,.T.);
#4556=EDGE_CURVE('',#3695,#3694,#2045,.T.);
#4557=EDGE_CURVE('',#3695,#3692,#2046,.T.);
#4558=EDGE_CURVE('',#3696,#3642,#2047,.T.);
#4559=EDGE_CURVE('',#3696,#3697,#2048,.T.);
#4560=EDGE_CURVE('',#3697,#3643,#2049,.T.);
#4561=EDGE_CURVE('',#3698,#3697,#2050,.T.);
#4562=EDGE_CURVE('',#3698,#3644,#2051,.T.);
#4563=EDGE_CURVE('',#3699,#3645,#2052,.T.);
#4564=EDGE_CURVE('',#3699,#3698,#2053,.T.);
#4565=EDGE_CURVE('',#3699,#3696,#2054,.T.);
#4566=EDGE_CURVE('',#3700,#3646,#2055,.T.);
#4567=EDGE_CURVE('',#3701,#3700,#2056,.T.);
#4568=EDGE_CURVE('',#3701,#3647,#2057,.T.);
#4569=EDGE_CURVE('',#3702,#3648,#2058,.T.);
#4570=EDGE_CURVE('',#3702,#3701,#2059,.T.);
#4571=EDGE_CURVE('',#3703,#3649,#2060,.T.);
#4572=EDGE_CURVE('',#3702,#3703,#2061,.T.);
#4573=EDGE_CURVE('',#3703,#3700,#2062,.T.);
#4574=EDGE_CURVE('',#3672,#3704,#2063,.T.);
#4575=EDGE_CURVE('',#3673,#3705,#2064,.T.);
#4576=EDGE_CURVE('',#3705,#3704,#2065,.T.);
#4577=EDGE_CURVE('',#3675,#3706,#2066,.T.);
#4578=EDGE_CURVE('',#3706,#3705,#2067,.T.);
#4579=EDGE_CURVE('',#3674,#3707,#2068,.T.);
#4580=EDGE_CURVE('',#3706,#3707,#2069,.T.);
#4581=EDGE_CURVE('',#3707,#3704,#2070,.T.);
#4582=EDGE_CURVE('',#3676,#3708,#2071,.T.);
#4583=EDGE_CURVE('',#3677,#3709,#2072,.T.);
#4584=EDGE_CURVE('',#3708,#3709,#2073,.T.);
#4585=EDGE_CURVE('',#3679,#3710,#2074,.T.);
#4586=EDGE_CURVE('',#3710,#3709,#2075,.T.);
#4587=EDGE_CURVE('',#3678,#3711,#2076,.T.);
#4588=EDGE_CURVE('',#3711,#3710,#2077,.T.);
#4589=EDGE_CURVE('',#3711,#3708,#2078,.T.);
#4590=EDGE_CURVE('',#3680,#3712,#2079,.T.);
#4591=EDGE_CURVE('',#3681,#3713,#2080,.T.);
#4592=EDGE_CURVE('',#3712,#3713,#2081,.T.);
#4593=EDGE_CURVE('',#3683,#3714,#2082,.T.);
#4594=EDGE_CURVE('',#3714,#3713,#2083,.T.);
#4595=EDGE_CURVE('',#3682,#3715,#2084,.T.);
#4596=EDGE_CURVE('',#3715,#3714,#2085,.T.);
#4597=EDGE_CURVE('',#3715,#3712,#2086,.T.);
#4598=EDGE_CURVE('',#3684,#3716,#2087,.T.);
#4599=EDGE_CURVE('',#3685,#3717,#2088,.T.);
#4600=EDGE_CURVE('',#3717,#3716,#2089,.T.);
#4601=EDGE_CURVE('',#3687,#3718,#2090,.T.);
#4602=EDGE_CURVE('',#3718,#3717,#2091,.T.);
#4603=EDGE_CURVE('',#3686,#3719,#2092,.T.);
#4604=EDGE_CURVE('',#3718,#3719,#2093,.T.);
#4605=EDGE_CURVE('',#3719,#3716,#2094,.T.);
#4606=EDGE_CURVE('',#3689,#3720,#2095,.T.);
#4607=EDGE_CURVE('',#3688,#3721,#2096,.T.);
#4608=EDGE_CURVE('',#3720,#3721,#2097,.T.);
#4609=EDGE_CURVE('',#3690,#3722,#2098,.T.);
#4610=EDGE_CURVE('',#3722,#3720,#2099,.T.);
#4611=EDGE_CURVE('',#3722,#3723,#2100,.T.);
#4612=EDGE_CURVE('',#3691,#3723,#2101,.T.);
#4613=EDGE_CURVE('',#3723,#3721,#2102,.T.);
#4614=EDGE_CURVE('',#3692,#3724,#2103,.T.);
#4615=EDGE_CURVE('',#3724,#3725,#2104,.T.);
#4616=EDGE_CURVE('',#3693,#3725,#2105,.T.);
#4617=EDGE_CURVE('',#3694,#3726,#2106,.T.);
#4618=EDGE_CURVE('',#3726,#3725,#2107,.T.);
#4619=EDGE_CURVE('',#3695,#3727,#2108,.T.);
#4620=EDGE_CURVE('',#3727,#3726,#2109,.T.);
#4621=EDGE_CURVE('',#3727,#3724,#2110,.T.);
#4622=EDGE_CURVE('',#3696,#3728,#2111,.T.);
#4623=EDGE_CURVE('',#3728,#3729,#2112,.T.);
#4624=EDGE_CURVE('',#3697,#3729,#2113,.T.);
#4625=EDGE_CURVE('',#3698,#3730,#2114,.T.);
#4626=EDGE_CURVE('',#3730,#3729,#2115,.T.);
#4627=EDGE_CURVE('',#3699,#3731,#2116,.T.);
#4628=EDGE_CURVE('',#3731,#3730,#2117,.T.);
#4629=EDGE_CURVE('',#3731,#3728,#2118,.T.);
#4630=EDGE_CURVE('',#3701,#3732,#2119,.T.);
#4631=EDGE_CURVE('',#3700,#3733,#2120,.T.);
#4632=EDGE_CURVE('',#3732,#3733,#2121,.T.);
#4633=EDGE_CURVE('',#3702,#3734,#2122,.T.);
#4634=EDGE_CURVE('',#3734,#3732,#2123,.T.);
#4635=EDGE_CURVE('',#3734,#3735,#2124,.T.);
#4636=EDGE_CURVE('',#3703,#3735,#2125,.T.);
#4637=EDGE_CURVE('',#3735,#3733,#2126,.T.);
#4638=EDGE_CURVE('',#3705,#3736,#2127,.T.);
#4639=EDGE_CURVE('',#3736,#3737,#2128,.T.);
#4640=EDGE_CURVE('',#3704,#3737,#2129,.T.);
#4641=EDGE_CURVE('',#3706,#3738,#2130,.T.);
#4642=EDGE_CURVE('',#3738,#3736,#2131,.T.);
#4643=EDGE_CURVE('',#3707,#3739,#2132,.T.);
#4644=EDGE_CURVE('',#3738,#3739,#2133,.T.);
#4645=EDGE_CURVE('',#3739,#3737,#2134,.T.);
#4646=EDGE_CURVE('',#3708,#3740,#2135,.T.);
#4647=EDGE_CURVE('',#3709,#3741,#2136,.T.);
#4648=EDGE_CURVE('',#3740,#3741,#2137,.T.);
#4649=EDGE_CURVE('',#3710,#3742,#2138,.T.);
#4650=EDGE_CURVE('',#3742,#3741,#2139,.T.);
#4651=EDGE_CURVE('',#3711,#3743,#2140,.T.);
#4652=EDGE_CURVE('',#3743,#3742,#2141,.T.);
#4653=EDGE_CURVE('',#3743,#3740,#2142,.T.);
#4654=EDGE_CURVE('',#3712,#3744,#2143,.T.);
#4655=EDGE_CURVE('',#3713,#3745,#2144,.T.);
#4656=EDGE_CURVE('',#3744,#3745,#2145,.T.);
#4657=EDGE_CURVE('',#3714,#3746,#2146,.T.);
#4658=EDGE_CURVE('',#3746,#3745,#2147,.T.);
#4659=EDGE_CURVE('',#3715,#3747,#2148,.T.);
#4660=EDGE_CURVE('',#3747,#3746,#2149,.T.);
#4661=EDGE_CURVE('',#3747,#3744,#2150,.T.);
#4662=EDGE_CURVE('',#3717,#3748,#2151,.T.);
#4663=EDGE_CURVE('',#3748,#3749,#2152,.T.);
#4664=EDGE_CURVE('',#3716,#3749,#2153,.T.);
#4665=EDGE_CURVE('',#3718,#3750,#2154,.T.);
#4666=EDGE_CURVE('',#3750,#3748,#2155,.T.);
#4667=EDGE_CURVE('',#3719,#3751,#2156,.T.);
#4668=EDGE_CURVE('',#3750,#3751,#2157,.T.);
#4669=EDGE_CURVE('',#3751,#3749,#2158,.T.);
#4670=EDGE_CURVE('',#3752,#3753,#2159,.T.);
#4671=EDGE_CURVE('',#3753,#3754,#2160,.T.);
#4672=EDGE_CURVE('',#3755,#3754,#2161,.T.);
#4673=EDGE_CURVE('',#3752,#3755,#2162,.T.);
#4674=EDGE_CURVE('',#3756,#3757,#2163,.T.);
#4675=EDGE_CURVE('',#3757,#3753,#2164,.T.);
#4676=EDGE_CURVE('',#3756,#3752,#2165,.T.);
#4677=EDGE_CURVE('',#3754,#3758,#2166,.T.);
#4678=EDGE_CURVE('',#3759,#3758,#2167,.T.);
#4679=EDGE_CURVE('',#3755,#3759,#2168,.T.);
#4680=EDGE_CURVE('',#3759,#3756,#2169,.T.);
#4681=EDGE_CURVE('',#3760,#3760,#3133,.T.);
#4682=EDGE_CURVE('',#3761,#3761,#3134,.T.);
#4683=EDGE_CURVE('',#3762,#3762,#3135,.T.);
#4684=EDGE_CURVE('',#3763,#3763,#3136,.T.);
#4685=EDGE_CURVE('',#3764,#3764,#3137,.T.);
#4686=EDGE_CURVE('',#3765,#3765,#3138,.T.);
#4687=EDGE_CURVE('',#3766,#3766,#3139,.T.);
#4688=EDGE_CURVE('',#3767,#3767,#3140,.T.);
#4689=EDGE_CURVE('',#3768,#3768,#3141,.T.);
#4690=EDGE_CURVE('',#3769,#3769,#3142,.T.);
#4691=EDGE_CURVE('',#3770,#3770,#3143,.T.);
#4692=EDGE_CURVE('',#3771,#3771,#3144,.T.);
#4693=EDGE_CURVE('',#3772,#3772,#3145,.T.);
#4694=EDGE_CURVE('',#3773,#3774,#2170,.T.);
#4695=EDGE_CURVE('',#3774,#3775,#2171,.T.);
#4696=EDGE_CURVE('',#3775,#3776,#2172,.T.);
#4697=EDGE_CURVE('',#3776,#3773,#2173,.T.);
#4698=EDGE_CURVE('',#3777,#3778,#3146,.T.);
#4699=EDGE_CURVE('',#3779,#3777,#2174,.T.);
#4700=EDGE_CURVE('',#3780,#3779,#3147,.T.);
#4701=EDGE_CURVE('',#3778,#3780,#2175,.T.);
#4702=EDGE_CURVE('',#3781,#3781,#3148,.T.);
#4703=EDGE_CURVE('',#3782,#3782,#3149,.T.);
#4704=EDGE_CURVE('',#3783,#3784,#3150,.T.);
#4705=EDGE_CURVE('',#3785,#3783,#2176,.T.);
#4706=EDGE_CURVE('',#3786,#3785,#3151,.T.);
#4707=EDGE_CURVE('',#3784,#3786,#2177,.T.);
#4708=EDGE_CURVE('',#3787,#3787,#3152,.T.);
#4709=EDGE_CURVE('',#3788,#3788,#3153,.T.);
#4710=EDGE_CURVE('',#3789,#3789,#3154,.T.);
#4711=EDGE_CURVE('',#3790,#3790,#3155,.T.);
#4712=EDGE_CURVE('',#3791,#3791,#3156,.T.);
#4713=EDGE_CURVE('',#3792,#3792,#3157,.T.);
#4714=EDGE_CURVE('',#3793,#3793,#3158,.T.);
#4715=EDGE_CURVE('',#3794,#3794,#3159,.T.);
#4716=EDGE_CURVE('',#3795,#3795,#3160,.T.);
#4717=EDGE_CURVE('',#3796,#3796,#3161,.T.);
#4718=EDGE_CURVE('',#3797,#3797,#3162,.T.);
#4719=EDGE_CURVE('',#3798,#3798,#3163,.T.);
#4720=EDGE_CURVE('',#3799,#3799,#3164,.T.);
#4721=EDGE_CURVE('',#3800,#3800,#3165,.T.);
#4722=EDGE_CURVE('',#3801,#3801,#3166,.T.);
#4723=EDGE_CURVE('',#3802,#3802,#3167,.T.);
#4724=EDGE_CURVE('',#3803,#3803,#3168,.T.);
#4725=EDGE_CURVE('',#3804,#3804,#3169,.T.);
#4726=EDGE_CURVE('',#3805,#3805,#3170,.T.);
#4727=EDGE_CURVE('',#3806,#3806,#3171,.T.);
#4728=EDGE_CURVE('',#3807,#3807,#3172,.T.);
#4729=EDGE_CURVE('',#3808,#3808,#3173,.T.);
#4730=EDGE_CURVE('',#3809,#3809,#3174,.T.);
#4731=EDGE_CURVE('',#3810,#3810,#3175,.T.);
#4732=EDGE_CURVE('',#3811,#3812,#2178,.T.);
#4733=EDGE_CURVE('',#3812,#3813,#2179,.T.);
#4734=EDGE_CURVE('',#3813,#3814,#2180,.T.);
#4735=EDGE_CURVE('',#3814,#3811,#2181,.T.);
#4736=EDGE_CURVE('',#3815,#3815,#3176,.T.);
#4737=EDGE_CURVE('',#3816,#3816,#3177,.T.);
#4738=EDGE_CURVE('',#3817,#3817,#3178,.T.);
#4739=EDGE_CURVE('',#3818,#3818,#3179,.T.);
#4740=EDGE_CURVE('',#3819,#3819,#3180,.T.);
#4741=EDGE_CURVE('',#3820,#3820,#3181,.T.);
#4742=EDGE_CURVE('',#3821,#3821,#3182,.T.);
#4743=EDGE_CURVE('',#3822,#3822,#3183,.T.);
#4744=EDGE_CURVE('',#3823,#3823,#3184,.T.);
#4745=EDGE_CURVE('',#3824,#3824,#3185,.T.);
#4746=EDGE_CURVE('',#3825,#3825,#3186,.T.);
#4747=EDGE_CURVE('',#3826,#3826,#3187,.T.);
#4748=EDGE_CURVE('',#3827,#3827,#3188,.T.);
#4749=EDGE_CURVE('',#3828,#3828,#3189,.T.);
#4750=EDGE_CURVE('',#3829,#3829,#3190,.T.);
#4751=EDGE_CURVE('',#3830,#3830,#3191,.T.);
#4752=EDGE_CURVE('',#3831,#3831,#3192,.T.);
#4753=EDGE_CURVE('',#3832,#3832,#3193,.T.);
#4754=EDGE_CURVE('',#3833,#3833,#3194,.T.);
#4755=EDGE_CURVE('',#3834,#3834,#3195,.T.);
#4756=EDGE_CURVE('',#3835,#3835,#3196,.T.);
#4757=EDGE_CURVE('',#3758,#3757,#2182,.T.);
#4758=EDGE_CURVE('',#3836,#3836,#3197,.T.);
#4759=EDGE_CURVE('',#3837,#3837,#3198,.T.);
#4760=EDGE_CURVE('',#3838,#3838,#3199,.T.);
#4761=EDGE_CURVE('',#3839,#3839,#3200,.T.);
#4762=EDGE_CURVE('',#3840,#3840,#3201,.T.);
#4763=EDGE_CURVE('',#3841,#3841,#3202,.T.);
#4764=EDGE_CURVE('',#3842,#3842,#3203,.T.);
#4765=EDGE_CURVE('',#3843,#3843,#3204,.T.);
#4766=EDGE_CURVE('',#3844,#3844,#3205,.T.);
#4767=EDGE_CURVE('',#3845,#3845,#3206,.T.);
#4768=EDGE_CURVE('',#3846,#3846,#3207,.T.);
#4769=EDGE_CURVE('',#3847,#3847,#3208,.T.);
#4770=EDGE_CURVE('',#3848,#3848,#3209,.T.);
#4771=EDGE_CURVE('',#3849,#3850,#2183,.T.);
#4772=EDGE_CURVE('',#3851,#3849,#2184,.T.);
#4773=EDGE_CURVE('',#3852,#3851,#2185,.T.);
#4774=EDGE_CURVE('',#3850,#3852,#2186,.T.);
#4775=EDGE_CURVE('',#3853,#3854,#3210,.T.);
#4776=EDGE_CURVE('',#3854,#3855,#2187,.T.);
#4777=EDGE_CURVE('',#3855,#3856,#3211,.T.);
#4778=EDGE_CURVE('',#3856,#3853,#2188,.T.);
#4779=EDGE_CURVE('',#3857,#3857,#3212,.T.);
#4780=EDGE_CURVE('',#3858,#3858,#3213,.T.);
#4781=EDGE_CURVE('',#3859,#3860,#3214,.T.);
#4782=EDGE_CURVE('',#3860,#3861,#2189,.T.);
#4783=EDGE_CURVE('',#3861,#3862,#3215,.T.);
#4784=EDGE_CURVE('',#3862,#3859,#2190,.T.);
#4785=EDGE_CURVE('',#3863,#3863,#3216,.T.);
#4786=EDGE_CURVE('',#3864,#3864,#3217,.T.);
#4787=EDGE_CURVE('',#3865,#3865,#3218,.T.);
#4788=EDGE_CURVE('',#3866,#3866,#3219,.T.);
#4789=EDGE_CURVE('',#3867,#3867,#3220,.T.);
#4790=EDGE_CURVE('',#3868,#3868,#3221,.T.);
#4791=EDGE_CURVE('',#3869,#3869,#3222,.T.);
#4792=EDGE_CURVE('',#3870,#3870,#3223,.T.);
#4793=EDGE_CURVE('',#3871,#3871,#3224,.T.);
#4794=EDGE_CURVE('',#3872,#3872,#3225,.T.);
#4795=EDGE_CURVE('',#3873,#3873,#3226,.T.);
#4796=EDGE_CURVE('',#3874,#3874,#3227,.T.);
#4797=EDGE_CURVE('',#3875,#3875,#3228,.T.);
#4798=EDGE_CURVE('',#3876,#3876,#3229,.T.);
#4799=EDGE_CURVE('',#3877,#3877,#3230,.T.);
#4800=EDGE_CURVE('',#3878,#3878,#3231,.T.);
#4801=EDGE_CURVE('',#3879,#3879,#3232,.T.);
#4802=EDGE_CURVE('',#3880,#3880,#3233,.T.);
#4803=EDGE_CURVE('',#3881,#3881,#3234,.T.);
#4804=EDGE_CURVE('',#3882,#3882,#3235,.T.);
#4805=EDGE_CURVE('',#3883,#3883,#3236,.T.);
#4806=EDGE_CURVE('',#3884,#3884,#3237,.T.);
#4807=EDGE_CURVE('',#3885,#3885,#3238,.T.);
#4808=EDGE_CURVE('',#3886,#3886,#3239,.T.);
#4809=EDGE_CURVE('',#3887,#3888,#2191,.T.);
#4810=EDGE_CURVE('',#3889,#3887,#2192,.T.);
#4811=EDGE_CURVE('',#3890,#3889,#2193,.T.);
#4812=EDGE_CURVE('',#3888,#3890,#2194,.T.);
#4813=EDGE_CURVE('',#3891,#3891,#3240,.T.);
#4814=EDGE_CURVE('',#3892,#3892,#3241,.T.);
#4815=EDGE_CURVE('',#3893,#3893,#3242,.T.);
#4816=EDGE_CURVE('',#3894,#3894,#3243,.T.);
#4817=EDGE_CURVE('',#3895,#3895,#3244,.T.);
#4818=EDGE_CURVE('',#3896,#3896,#3245,.T.);
#4819=EDGE_CURVE('',#3897,#3897,#3246,.T.);
#4820=EDGE_CURVE('',#3898,#3898,#3247,.T.);
#4821=EDGE_CURVE('',#3899,#3899,#3248,.T.);
#4822=EDGE_CURVE('',#3900,#3900,#3249,.T.);
#4823=EDGE_CURVE('',#3901,#3901,#3250,.T.);
#4824=EDGE_CURVE('',#3902,#3902,#3251,.T.);
#4825=EDGE_CURVE('',#3903,#3903,#3252,.T.);
#4826=EDGE_CURVE('',#3904,#3904,#3253,.T.);
#4827=EDGE_CURVE('',#3905,#3905,#3254,.T.);
#4828=EDGE_CURVE('',#3906,#3906,#3255,.T.);
#4829=EDGE_CURVE('',#3907,#3907,#3256,.T.);
#4830=EDGE_CURVE('',#3908,#3908,#3257,.T.);
#4831=EDGE_CURVE('',#3909,#3909,#3258,.T.);
#4832=EDGE_CURVE('',#3910,#3910,#3259,.T.);
#4833=EDGE_CURVE('',#3911,#3911,#3260,.T.);
#4834=EDGE_CURVE('',#3836,#3760,#2195,.T.);
#4835=EDGE_CURVE('',#3837,#3761,#2196,.T.);
#4836=EDGE_CURVE('',#3838,#3762,#2197,.T.);
#4837=EDGE_CURVE('',#3839,#3763,#2198,.T.);
#4838=EDGE_CURVE('',#3840,#3764,#2199,.T.);
#4839=EDGE_CURVE('',#3841,#3765,#2200,.T.);
#4840=EDGE_CURVE('',#3842,#3766,#2201,.T.);
#4841=EDGE_CURVE('',#3843,#3767,#2202,.T.);
#4842=EDGE_CURVE('',#3844,#3768,#2203,.T.);
#4843=EDGE_CURVE('',#3845,#3769,#2204,.T.);
#4844=EDGE_CURVE('',#3846,#3770,#2205,.T.);
#4845=EDGE_CURVE('',#3847,#3771,#2206,.T.);
#4846=EDGE_CURVE('',#3848,#3772,#2207,.T.);
#4847=EDGE_CURVE('',#3773,#3849,#2208,.T.);
#4848=EDGE_CURVE('',#3774,#3850,#2209,.T.);
#4849=EDGE_CURVE('',#3776,#3851,#2210,.T.);
#4850=EDGE_CURVE('',#3775,#3852,#2211,.T.);
#4851=EDGE_CURVE('',#3778,#3854,#2212,.T.);
#4852=EDGE_CURVE('',#3777,#3853,#2213,.T.);
#4853=EDGE_CURVE('',#3779,#3856,#2214,.T.);
#4854=EDGE_CURVE('',#3780,#3855,#2215,.T.);
#4855=EDGE_CURVE('',#3857,#3781,#2216,.T.);
#4856=EDGE_CURVE('',#3858,#3782,#2217,.T.);
#4857=EDGE_CURVE('',#3784,#3860,#2218,.T.);
#4858=EDGE_CURVE('',#3783,#3859,#2219,.T.);
#4859=EDGE_CURVE('',#3785,#3862,#2220,.T.);
#4860=EDGE_CURVE('',#3786,#3861,#2221,.T.);
#4861=EDGE_CURVE('',#3863,#3787,#2222,.T.);
#4862=EDGE_CURVE('',#3864,#3788,#2223,.T.);
#4863=EDGE_CURVE('',#3865,#3789,#2224,.T.);
#4864=EDGE_CURVE('',#3866,#3790,#2225,.T.);
#4865=EDGE_CURVE('',#3867,#3791,#2226,.T.);
#4866=EDGE_CURVE('',#3868,#3792,#2227,.T.);
#4867=EDGE_CURVE('',#3869,#3793,#2228,.T.);
#4868=EDGE_CURVE('',#3870,#3794,#2229,.T.);
#4869=EDGE_CURVE('',#3871,#3795,#2230,.T.);
#4870=EDGE_CURVE('',#3872,#3796,#2231,.T.);
#4871=EDGE_CURVE('',#3873,#3797,#2232,.T.);
#4872=EDGE_CURVE('',#3874,#3798,#2233,.T.);
#4873=EDGE_CURVE('',#3875,#3799,#2234,.T.);
#4874=EDGE_CURVE('',#3876,#3800,#2235,.T.);
#4875=EDGE_CURVE('',#3877,#3801,#2236,.T.);
#4876=EDGE_CURVE('',#3878,#3802,#2237,.T.);
#4877=EDGE_CURVE('',#3879,#3803,#2238,.T.);
#4878=EDGE_CURVE('',#3880,#3804,#2239,.T.);
#4879=EDGE_CURVE('',#3881,#3805,#2240,.T.);
#4880=EDGE_CURVE('',#3882,#3806,#2241,.T.);
#4881=EDGE_CURVE('',#3883,#3807,#2242,.T.);
#4882=EDGE_CURVE('',#3884,#3808,#2243,.T.);
#4883=EDGE_CURVE('',#3885,#3809,#2244,.T.);
#4884=EDGE_CURVE('',#3886,#3810,#2245,.T.);
#4885=EDGE_CURVE('',#3811,#3887,#2246,.T.);
#4886=EDGE_CURVE('',#3812,#3888,#2247,.T.);
#4887=EDGE_CURVE('',#3814,#3889,#2248,.T.);
#4888=EDGE_CURVE('',#3813,#3890,#2249,.T.);
#4889=EDGE_CURVE('',#3891,#3815,#2250,.T.);
#4890=EDGE_CURVE('',#3892,#3816,#2251,.T.);
#4891=EDGE_CURVE('',#3893,#3817,#2252,.T.);
#4892=EDGE_CURVE('',#3894,#3818,#2253,.T.);
#4893=EDGE_CURVE('',#3895,#3819,#2254,.T.);
#4894=EDGE_CURVE('',#3896,#3820,#2255,.T.);
#4895=EDGE_CURVE('',#3897,#3821,#2256,.T.);
#4896=EDGE_CURVE('',#3898,#3822,#2257,.T.);
#4897=EDGE_CURVE('',#3899,#3823,#2258,.T.);
#4898=EDGE_CURVE('',#3900,#3824,#2259,.T.);
#4899=EDGE_CURVE('',#3901,#3825,#2260,.T.);
#4900=EDGE_CURVE('',#3902,#3826,#2261,.T.);
#4901=EDGE_CURVE('',#3903,#3827,#2262,.T.);
#4902=EDGE_CURVE('',#3904,#3828,#2263,.T.);
#4903=EDGE_CURVE('',#3905,#3829,#2264,.T.);
#4904=EDGE_CURVE('',#3906,#3830,#2265,.T.);
#4905=EDGE_CURVE('',#3907,#3831,#2266,.T.);
#4906=EDGE_CURVE('',#3908,#3832,#2267,.T.);
#4907=EDGE_CURVE('',#3909,#3833,#2268,.T.);
#4908=EDGE_CURVE('',#3910,#3834,#2269,.T.);
#4909=EDGE_CURVE('',#3911,#3835,#2270,.T.);
#4910=EDGE_CURVE('',#3912,#3913,#3261,.T.);
#4911=EDGE_CURVE('',#3913,#3912,#3262,.T.);
#4912=EDGE_CURVE('',#3913,#3914,#2271,.T.);
#4913=EDGE_CURVE('',#3914,#3914,#3263,.T.);
#4914=EDGE_CURVE('',#3915,#3916,#3264,.T.);
#4915=EDGE_CURVE('',#3916,#3915,#3265,.T.);
#4916=EDGE_CURVE('',#3915,#3912,#3266,.T.);
#4917=EDGE_CURVE('',#3917,#3918,#3267,.T.);
#4918=EDGE_CURVE('',#3918,#3917,#3268,.T.);
#4919=EDGE_CURVE('',#3918,#3916,#2272,.T.);
#4920=EDGE_CURVE('',#3919,#3920,#3269,.T.);
#4921=EDGE_CURVE('',#3920,#3919,#3270,.T.);
#4922=EDGE_CURVE('',#3919,#3917,#3271,.T.);
#4923=EDGE_CURVE('',#3921,#3921,#3272,.T.);
#4924=EDGE_CURVE('',#3921,#3920,#2273,.T.);
#4925=EDGE_CURVE('',#3922,#3922,#3273,.T.);
#4926=EDGE_CURVE('',#3922,#3923,#2274,.T.);
#4927=EDGE_CURVE('',#3923,#3923,#3274,.T.);
#4928=EDGE_CURVE('',#3924,#3924,#3275,.T.);
#4929=EDGE_CURVE('',#3925,#3925,#3276,.T.);
#4930=EDGE_CURVE('',#3924,#3926,#2275,.T.);
#4931=EDGE_CURVE('',#3926,#3926,#3277,.T.);
#4932=EDGE_CURVE('',#3927,#3927,#3278,.T.);
#4933=EDGE_CURVE('',#3927,#3925,#2276,.T.);
#4934=EDGE_CURVE('',#3928,#3928,#3279,.T.);
#4935=EDGE_CURVE('',#3928,#3926,#3280,.T.);
#4936=EDGE_CURVE('',#3927,#3929,#3281,.T.);
#4937=EDGE_CURVE('',#3929,#3929,#3282,.T.);
#4938=ORIENTED_EDGE('',*,*,#3930,.F.);
#4939=ORIENTED_EDGE('',*,*,#3931,.T.);
#4940=ORIENTED_EDGE('',*,*,#3932,.T.);
#4941=ORIENTED_EDGE('',*,*,#3931,.F.);
#4942=ORIENTED_EDGE('',*,*,#3932,.F.);
#4943=ORIENTED_EDGE('',*,*,#3933,.F.);
#4944=ORIENTED_EDGE('',*,*,#3934,.T.);
#4945=ORIENTED_EDGE('',*,*,#3935,.T.);
#4946=ORIENTED_EDGE('',*,*,#3934,.F.);
#4947=ORIENTED_EDGE('',*,*,#3935,.F.);
#4948=ORIENTED_EDGE('',*,*,#3936,.F.);
#4949=ORIENTED_EDGE('',*,*,#3937,.T.);
#4950=ORIENTED_EDGE('',*,*,#3938,.T.);
#4951=ORIENTED_EDGE('',*,*,#3937,.F.);
#4952=ORIENTED_EDGE('',*,*,#3938,.F.);
#4953=ORIENTED_EDGE('',*,*,#3939,.F.);
#4954=ORIENTED_EDGE('',*,*,#3940,.T.);
#4955=ORIENTED_EDGE('',*,*,#3941,.T.);
#4956=ORIENTED_EDGE('',*,*,#3940,.F.);
#4957=ORIENTED_EDGE('',*,*,#3941,.F.);
#4958=ORIENTED_EDGE('',*,*,#3942,.T.);
#4959=ORIENTED_EDGE('',*,*,#3943,.T.);
#4960=ORIENTED_EDGE('',*,*,#3944,.T.);
#4961=ORIENTED_EDGE('',*,*,#3945,.T.);
#4962=ORIENTED_EDGE('',*,*,#3943,.F.);
#4963=ORIENTED_EDGE('',*,*,#3946,.F.);
#4964=ORIENTED_EDGE('',*,*,#3947,.F.);
#4965=ORIENTED_EDGE('',*,*,#3948,.F.);
#4966=ORIENTED_EDGE('',*,*,#3949,.F.);
#4967=ORIENTED_EDGE('',*,*,#3950,.F.);
#4968=ORIENTED_EDGE('',*,*,#3951,.F.);
#4969=ORIENTED_EDGE('',*,*,#3952,.F.);
#4970=ORIENTED_EDGE('',*,*,#3953,.T.);
#4971=ORIENTED_EDGE('',*,*,#3954,.F.);
#4972=ORIENTED_EDGE('',*,*,#3955,.T.);
#4973=ORIENTED_EDGE('',*,*,#3956,.F.);
#4974=ORIENTED_EDGE('',*,*,#3957,.T.);
#4975=ORIENTED_EDGE('',*,*,#3958,.F.);
#4976=ORIENTED_EDGE('',*,*,#3959,.T.);
#4977=ORIENTED_EDGE('',*,*,#3960,.F.);
#4978=ORIENTED_EDGE('',*,*,#3961,.T.);
#4979=ORIENTED_EDGE('',*,*,#3962,.F.);
#4980=ORIENTED_EDGE('',*,*,#3963,.T.);
#4981=ORIENTED_EDGE('',*,*,#3964,.F.);
#4982=ORIENTED_EDGE('',*,*,#3965,.T.);
#4983=ORIENTED_EDGE('',*,*,#3966,.F.);
#4984=ORIENTED_EDGE('',*,*,#3967,.T.);
#4985=ORIENTED_EDGE('',*,*,#3968,.F.);
#4986=ORIENTED_EDGE('',*,*,#3969,.T.);
#4987=ORIENTED_EDGE('',*,*,#3970,.T.);
#4988=ORIENTED_EDGE('',*,*,#3971,.T.);
#4989=ORIENTED_EDGE('',*,*,#3972,.T.);
#4990=ORIENTED_EDGE('',*,*,#3970,.F.);
#4991=ORIENTED_EDGE('',*,*,#3973,.F.);
#4992=ORIENTED_EDGE('',*,*,#3974,.F.);
#4993=ORIENTED_EDGE('',*,*,#3975,.F.);
#4994=ORIENTED_EDGE('',*,*,#3976,.T.);
#4995=ORIENTED_EDGE('',*,*,#3974,.T.);
#4996=ORIENTED_EDGE('',*,*,#3977,.T.);
#4997=ORIENTED_EDGE('',*,*,#3978,.T.);
#4998=ORIENTED_EDGE('',*,*,#3979,.T.);
#4999=ORIENTED_EDGE('',*,*,#3980,.T.);
#5000=ORIENTED_EDGE('',*,*,#3981,.T.);
#5001=ORIENTED_EDGE('',*,*,#3951,.T.);
#5002=ORIENTED_EDGE('',*,*,#3978,.F.);
#5003=ORIENTED_EDGE('',*,*,#3982,.F.);
#5004=ORIENTED_EDGE('',*,*,#3980,.F.);
#5005=ORIENTED_EDGE('',*,*,#3983,.T.);
#5006=ORIENTED_EDGE('',*,*,#3984,.F.);
#5007=ORIENTED_EDGE('',*,*,#3985,.F.);
#5008=ORIENTED_EDGE('',*,*,#3986,.T.);
#5009=ORIENTED_EDGE('',*,*,#3987,.T.);
#5010=ORIENTED_EDGE('',*,*,#3946,.T.);
#5011=ORIENTED_EDGE('',*,*,#3942,.F.);
#5012=ORIENTED_EDGE('',*,*,#3945,.F.);
#5013=ORIENTED_EDGE('',*,*,#3988,.F.);
#5014=ORIENTED_EDGE('',*,*,#3972,.F.);
#5015=ORIENTED_EDGE('',*,*,#3989,.F.);
#5016=ORIENTED_EDGE('',*,*,#3985,.T.);
#5017=ORIENTED_EDGE('',*,*,#3950,.T.);
#5018=ORIENTED_EDGE('',*,*,#3990,.T.);
#5019=ORIENTED_EDGE('',*,*,#3991,.T.);
#5020=ORIENTED_EDGE('',*,*,#3983,.F.);
#5021=ORIENTED_EDGE('',*,*,#3979,.F.);
#5022=ORIENTED_EDGE('',*,*,#3992,.T.);
#5023=ORIENTED_EDGE('',*,*,#3993,.T.);
#5024=ORIENTED_EDGE('',*,*,#3994,.T.);
#5025=ORIENTED_EDGE('',*,*,#3995,.T.);
#5026=ORIENTED_EDGE('',*,*,#3996,.T.);
#5027=ORIENTED_EDGE('',*,*,#3997,.T.);
#5028=ORIENTED_EDGE('',*,*,#3994,.F.);
#5029=ORIENTED_EDGE('',*,*,#3998,.T.);
#5030=ORIENTED_EDGE('',*,*,#3999,.T.);
#5031=ORIENTED_EDGE('',*,*,#4000,.T.);
#5032=ORIENTED_EDGE('',*,*,#3996,.F.);
#5033=ORIENTED_EDGE('',*,*,#4001,.T.);
#5034=ORIENTED_EDGE('',*,*,#4002,.T.);
#5035=ORIENTED_EDGE('',*,*,#4003,.T.);
#5036=ORIENTED_EDGE('',*,*,#3999,.F.);
#5037=ORIENTED_EDGE('',*,*,#4004,.T.);
#5038=ORIENTED_EDGE('',*,*,#4005,.T.);
#5039=ORIENTED_EDGE('',*,*,#4006,.T.);
#5040=ORIENTED_EDGE('',*,*,#4002,.F.);
#5041=ORIENTED_EDGE('',*,*,#4007,.T.);
#5042=ORIENTED_EDGE('',*,*,#4008,.T.);
#5043=ORIENTED_EDGE('',*,*,#4009,.T.);
#5044=ORIENTED_EDGE('',*,*,#4005,.F.);
#5045=ORIENTED_EDGE('',*,*,#4010,.T.);
#5046=ORIENTED_EDGE('',*,*,#4011,.T.);
#5047=ORIENTED_EDGE('',*,*,#4012,.T.);
#5048=ORIENTED_EDGE('',*,*,#4008,.F.);
#5049=ORIENTED_EDGE('',*,*,#4013,.T.);
#5050=ORIENTED_EDGE('',*,*,#4011,.F.);
#5051=ORIENTED_EDGE('',*,*,#4014,.T.);
#5052=ORIENTED_EDGE('',*,*,#3992,.F.);
#5053=ORIENTED_EDGE('',*,*,#4015,.T.);
#5054=ORIENTED_EDGE('',*,*,#4009,.F.);
#5055=ORIENTED_EDGE('',*,*,#4016,.T.);
#5056=ORIENTED_EDGE('',*,*,#4017,.F.);
#5057=ORIENTED_EDGE('',*,*,#4018,.F.);
#5058=ORIENTED_EDGE('',*,*,#4012,.F.);
#5059=ORIENTED_EDGE('',*,*,#4019,.T.);
#5060=ORIENTED_EDGE('',*,*,#4020,.F.);
#5061=ORIENTED_EDGE('',*,*,#4016,.F.);
#5062=ORIENTED_EDGE('',*,*,#4015,.F.);
#5063=ORIENTED_EDGE('',*,*,#4021,.T.);
#5064=ORIENTED_EDGE('',*,*,#4022,.F.);
#5065=ORIENTED_EDGE('',*,*,#4019,.F.);
#5066=ORIENTED_EDGE('',*,*,#3995,.F.);
#5067=ORIENTED_EDGE('',*,*,#4023,.T.);
#5068=ORIENTED_EDGE('',*,*,#4024,.F.);
#5069=ORIENTED_EDGE('',*,*,#4021,.F.);
#5070=ORIENTED_EDGE('',*,*,#3993,.F.);
#5071=ORIENTED_EDGE('',*,*,#4014,.F.);
#5072=ORIENTED_EDGE('',*,*,#4013,.F.);
#5073=ORIENTED_EDGE('',*,*,#4010,.F.);
#5074=ORIENTED_EDGE('',*,*,#4007,.F.);
#5075=ORIENTED_EDGE('',*,*,#4004,.F.);
#5076=ORIENTED_EDGE('',*,*,#4001,.F.);
#5077=ORIENTED_EDGE('',*,*,#3998,.F.);
#5078=ORIENTED_EDGE('',*,*,#4025,.F.);
#5079=ORIENTED_EDGE('',*,*,#4026,.F.);
#5080=ORIENTED_EDGE('',*,*,#4027,.F.);
#5081=ORIENTED_EDGE('',*,*,#4028,.F.);
#5082=ORIENTED_EDGE('',*,*,#4029,.F.);
#5083=ORIENTED_EDGE('',*,*,#4030,.F.);
#5084=ORIENTED_EDGE('',*,*,#4031,.F.);
#5085=ORIENTED_EDGE('',*,*,#4032,.F.);
#5086=ORIENTED_EDGE('',*,*,#4033,.F.);
#5087=ORIENTED_EDGE('',*,*,#4034,.F.);
#5088=ORIENTED_EDGE('',*,*,#4035,.F.);
#5089=ORIENTED_EDGE('',*,*,#4036,.F.);
#5090=ORIENTED_EDGE('',*,*,#4037,.F.);
#5091=ORIENTED_EDGE('',*,*,#4038,.F.);
#5092=ORIENTED_EDGE('',*,*,#4039,.F.);
#5093=ORIENTED_EDGE('',*,*,#4040,.F.);
#5094=ORIENTED_EDGE('',*,*,#4029,.T.);
#5095=ORIENTED_EDGE('',*,*,#4041,.T.);
#5096=ORIENTED_EDGE('',*,*,#3964,.T.);
#5097=ORIENTED_EDGE('',*,*,#4042,.T.);
#5098=ORIENTED_EDGE('',*,*,#4041,.F.);
#5099=ORIENTED_EDGE('',*,*,#4028,.T.);
#5100=ORIENTED_EDGE('',*,*,#4043,.F.);
#5101=ORIENTED_EDGE('',*,*,#3965,.F.);
#5102=ORIENTED_EDGE('',*,*,#4025,.T.);
#5103=ORIENTED_EDGE('',*,*,#4044,.T.);
#5104=ORIENTED_EDGE('',*,*,#3968,.T.);
#5105=ORIENTED_EDGE('',*,*,#4045,.T.);
#5106=ORIENTED_EDGE('',*,*,#4044,.F.);
#5107=ORIENTED_EDGE('',*,*,#4032,.T.);
#5108=ORIENTED_EDGE('',*,*,#4046,.F.);
#5109=ORIENTED_EDGE('',*,*,#3961,.F.);
#5110=ORIENTED_EDGE('',*,*,#4031,.T.);
#5111=ORIENTED_EDGE('',*,*,#4047,.T.);
#5112=ORIENTED_EDGE('',*,*,#3962,.T.);
#5113=ORIENTED_EDGE('',*,*,#4046,.T.);
#5114=ORIENTED_EDGE('',*,*,#4042,.F.);
#5115=ORIENTED_EDGE('',*,*,#3963,.F.);
#5116=ORIENTED_EDGE('',*,*,#4047,.F.);
#5117=ORIENTED_EDGE('',*,*,#4030,.T.);
#5118=ORIENTED_EDGE('',*,*,#4027,.T.);
#5119=ORIENTED_EDGE('',*,*,#4048,.T.);
#5120=ORIENTED_EDGE('',*,*,#3966,.T.);
#5121=ORIENTED_EDGE('',*,*,#4043,.T.);
#5122=ORIENTED_EDGE('',*,*,#4045,.F.);
#5123=ORIENTED_EDGE('',*,*,#3967,.F.);
#5124=ORIENTED_EDGE('',*,*,#4048,.F.);
#5125=ORIENTED_EDGE('',*,*,#4026,.T.);
#5126=ORIENTED_EDGE('',*,*,#4035,.T.);
#5127=ORIENTED_EDGE('',*,*,#4049,.T.);
#5128=ORIENTED_EDGE('',*,*,#3958,.T.);
#5129=ORIENTED_EDGE('',*,*,#4050,.T.);
#5130=ORIENTED_EDGE('',*,*,#4049,.F.);
#5131=ORIENTED_EDGE('',*,*,#4034,.T.);
#5132=ORIENTED_EDGE('',*,*,#4051,.F.);
#5133=ORIENTED_EDGE('',*,*,#3959,.F.);
#5134=ORIENTED_EDGE('',*,*,#4037,.T.);
#5135=ORIENTED_EDGE('',*,*,#4052,.T.);
#5136=ORIENTED_EDGE('',*,*,#3956,.T.);
#5137=ORIENTED_EDGE('',*,*,#4053,.T.);
#5138=ORIENTED_EDGE('',*,*,#4050,.F.);
#5139=ORIENTED_EDGE('',*,*,#3957,.F.);
#5140=ORIENTED_EDGE('',*,*,#4052,.F.);
#5141=ORIENTED_EDGE('',*,*,#4036,.T.);
#5142=ORIENTED_EDGE('',*,*,#4033,.T.);
#5143=ORIENTED_EDGE('',*,*,#4054,.T.);
#5144=ORIENTED_EDGE('',*,*,#3960,.T.);
#5145=ORIENTED_EDGE('',*,*,#4051,.T.);
#5146=ORIENTED_EDGE('',*,*,#4054,.F.);
#5147=ORIENTED_EDGE('',*,*,#4040,.T.);
#5148=ORIENTED_EDGE('',*,*,#4055,.F.);
#5149=ORIENTED_EDGE('',*,*,#3953,.F.);
#5150=ORIENTED_EDGE('',*,*,#4039,.T.);
#5151=ORIENTED_EDGE('',*,*,#4056,.T.);
#5152=ORIENTED_EDGE('',*,*,#3954,.T.);
#5153=ORIENTED_EDGE('',*,*,#4055,.T.);
#5154=ORIENTED_EDGE('',*,*,#4053,.F.);
#5155=ORIENTED_EDGE('',*,*,#3955,.F.);
#5156=ORIENTED_EDGE('',*,*,#4056,.F.);
#5157=ORIENTED_EDGE('',*,*,#4038,.T.);
#5158=ORIENTED_EDGE('',*,*,#4057,.F.);
#5159=ORIENTED_EDGE('',*,*,#3990,.F.);
#5160=ORIENTED_EDGE('',*,*,#4058,.F.);
#5161=ORIENTED_EDGE('',*,*,#4059,.F.);
#5162=ORIENTED_EDGE('',*,*,#3987,.F.);
#5163=ORIENTED_EDGE('',*,*,#4060,.F.);
#5164=ORIENTED_EDGE('',*,*,#4061,.T.);
#5165=ORIENTED_EDGE('',*,*,#4062,.T.);
#5166=ORIENTED_EDGE('',*,*,#4060,.T.);
#5167=ORIENTED_EDGE('',*,*,#4063,.T.);
#5168=ORIENTED_EDGE('',*,*,#4064,.F.);
#5169=ORIENTED_EDGE('',*,*,#4065,.F.);
#5170=ORIENTED_EDGE('',*,*,#4066,.F.);
#5171=ORIENTED_EDGE('',*,*,#4067,.F.);
#5172=ORIENTED_EDGE('',*,*,#4068,.F.);
#5173=ORIENTED_EDGE('',*,*,#4069,.F.);
#5174=ORIENTED_EDGE('',*,*,#4068,.T.);
#5175=ORIENTED_EDGE('',*,*,#3947,.T.);
#5176=ORIENTED_EDGE('',*,*,#4059,.T.);
#5177=ORIENTED_EDGE('',*,*,#4070,.T.);
#5178=ORIENTED_EDGE('',*,*,#4071,.T.);
#5179=ORIENTED_EDGE('',*,*,#4072,.T.);
#5180=ORIENTED_EDGE('',*,*,#4069,.T.);
#5181=ORIENTED_EDGE('',*,*,#4073,.T.);
#5182=ORIENTED_EDGE('',*,*,#4065,.T.);
#5183=ORIENTED_EDGE('',*,*,#3948,.T.);
#5184=ORIENTED_EDGE('',*,*,#4067,.T.);
#5185=ORIENTED_EDGE('',*,*,#4074,.T.);
#5186=ORIENTED_EDGE('',*,*,#4075,.T.);
#5187=ORIENTED_EDGE('',*,*,#4076,.T.);
#5188=ORIENTED_EDGE('',*,*,#4066,.T.);
#5189=ORIENTED_EDGE('',*,*,#4077,.T.);
#5190=ORIENTED_EDGE('',*,*,#4058,.T.);
#5191=ORIENTED_EDGE('',*,*,#3949,.T.);
#5192=ORIENTED_EDGE('',*,*,#4064,.T.);
#5193=ORIENTED_EDGE('',*,*,#4078,.T.);
#5194=ORIENTED_EDGE('',*,*,#4079,.T.);
#5195=ORIENTED_EDGE('',*,*,#4080,.T.);
#5196=ORIENTED_EDGE('',*,*,#4057,.T.);
#5197=ORIENTED_EDGE('',*,*,#4081,.T.);
#5198=ORIENTED_EDGE('',*,*,#4081,.F.);
#5199=ORIENTED_EDGE('',*,*,#4078,.F.);
#5200=ORIENTED_EDGE('',*,*,#4076,.F.);
#5201=ORIENTED_EDGE('',*,*,#4082,.F.);
#5202=ORIENTED_EDGE('',*,*,#4077,.F.);
#5203=ORIENTED_EDGE('',*,*,#4074,.F.);
#5204=ORIENTED_EDGE('',*,*,#4072,.F.);
#5205=ORIENTED_EDGE('',*,*,#4083,.F.);
#5206=ORIENTED_EDGE('',*,*,#4073,.F.);
#5207=ORIENTED_EDGE('',*,*,#4070,.F.);
#5208=ORIENTED_EDGE('',*,*,#4062,.F.);
#5209=ORIENTED_EDGE('',*,*,#4084,.F.);
#5210=ORIENTED_EDGE('',*,*,#3989,.T.);
#5211=ORIENTED_EDGE('',*,*,#3971,.F.);
#5212=ORIENTED_EDGE('',*,*,#3975,.T.);
#5213=ORIENTED_EDGE('',*,*,#3976,.F.);
#5214=ORIENTED_EDGE('',*,*,#3984,.T.);
#5215=ORIENTED_EDGE('',*,*,#3991,.F.);
#5216=ORIENTED_EDGE('',*,*,#4080,.F.);
#5217=ORIENTED_EDGE('',*,*,#4085,.F.);
#5218=ORIENTED_EDGE('',*,*,#4063,.F.);
#5219=ORIENTED_EDGE('',*,*,#3986,.F.);
#5220=ORIENTED_EDGE('',*,*,#4020,.T.);
#5221=ORIENTED_EDGE('',*,*,#4022,.T.);
#5222=ORIENTED_EDGE('',*,*,#4024,.T.);
#5223=ORIENTED_EDGE('',*,*,#4086,.T.);
#5224=ORIENTED_EDGE('',*,*,#4087,.T.);
#5225=ORIENTED_EDGE('',*,*,#4088,.T.);
#5226=ORIENTED_EDGE('',*,*,#4089,.T.);
#5227=ORIENTED_EDGE('',*,*,#4017,.T.);
#5228=ORIENTED_EDGE('',*,*,#3930,.T.);
#5229=ORIENTED_EDGE('',*,*,#3933,.T.);
#5230=ORIENTED_EDGE('',*,*,#3936,.T.);
#5231=ORIENTED_EDGE('',*,*,#3939,.T.);
#5232=ORIENTED_EDGE('',*,*,#4082,.T.);
#5233=ORIENTED_EDGE('',*,*,#4075,.F.);
#5234=ORIENTED_EDGE('',*,*,#4083,.T.);
#5235=ORIENTED_EDGE('',*,*,#4071,.F.);
#5236=ORIENTED_EDGE('',*,*,#4084,.T.);
#5237=ORIENTED_EDGE('',*,*,#4061,.F.);
#5238=ORIENTED_EDGE('',*,*,#4085,.T.);
#5239=ORIENTED_EDGE('',*,*,#4079,.F.);
#5240=ORIENTED_EDGE('',*,*,#4006,.F.);
#5241=ORIENTED_EDGE('',*,*,#4018,.T.);
#5242=ORIENTED_EDGE('',*,*,#4089,.F.);
#5243=ORIENTED_EDGE('',*,*,#4090,.F.);
#5244=ORIENTED_EDGE('',*,*,#4003,.F.);
#5245=ORIENTED_EDGE('',*,*,#4090,.T.);
#5246=ORIENTED_EDGE('',*,*,#4088,.F.);
#5247=ORIENTED_EDGE('',*,*,#4091,.F.);
#5248=ORIENTED_EDGE('',*,*,#3952,.T.);
#5249=ORIENTED_EDGE('',*,*,#3981,.F.);
#5250=ORIENTED_EDGE('',*,*,#3982,.T.);
#5251=ORIENTED_EDGE('',*,*,#3977,.F.);
#5252=ORIENTED_EDGE('',*,*,#3973,.T.);
#5253=ORIENTED_EDGE('',*,*,#3969,.F.);
#5254=ORIENTED_EDGE('',*,*,#3988,.T.);
#5255=ORIENTED_EDGE('',*,*,#3944,.F.);
#5256=ORIENTED_EDGE('',*,*,#4000,.F.);
#5257=ORIENTED_EDGE('',*,*,#4091,.T.);
#5258=ORIENTED_EDGE('',*,*,#4087,.F.);
#5259=ORIENTED_EDGE('',*,*,#4092,.F.);
#5260=ORIENTED_EDGE('',*,*,#3997,.F.);
#5261=ORIENTED_EDGE('',*,*,#4092,.T.);
#5262=ORIENTED_EDGE('',*,*,#4086,.F.);
#5263=ORIENTED_EDGE('',*,*,#4023,.F.);
#5264=ORIENTED_EDGE('',*,*,#4093,.F.);
#5265=ORIENTED_EDGE('',*,*,#4094,.T.);
#5266=ORIENTED_EDGE('',*,*,#4095,.F.);
#5267=ORIENTED_EDGE('',*,*,#4094,.F.);
#5268=ORIENTED_EDGE('',*,*,#4096,.F.);
#5269=ORIENTED_EDGE('',*,*,#4097,.T.);
#5270=ORIENTED_EDGE('',*,*,#4098,.F.);
#5271=ORIENTED_EDGE('',*,*,#4097,.F.);
#5272=ORIENTED_EDGE('',*,*,#4099,.F.);
#5273=ORIENTED_EDGE('',*,*,#4100,.T.);
#5274=ORIENTED_EDGE('',*,*,#4101,.F.);
#5275=ORIENTED_EDGE('',*,*,#4100,.F.);
#5276=ORIENTED_EDGE('',*,*,#4102,.F.);
#5277=ORIENTED_EDGE('',*,*,#4103,.T.);
#5278=ORIENTED_EDGE('',*,*,#4104,.F.);
#5279=ORIENTED_EDGE('',*,*,#4103,.F.);
#5280=ORIENTED_EDGE('',*,*,#4105,.T.);
#5281=ORIENTED_EDGE('',*,*,#4106,.T.);
#5282=ORIENTED_EDGE('',*,*,#4107,.T.);
#5283=ORIENTED_EDGE('',*,*,#4108,.T.);
#5284=ORIENTED_EDGE('',*,*,#4109,.T.);
#5285=ORIENTED_EDGE('',*,*,#4110,.T.);
#5286=ORIENTED_EDGE('',*,*,#4107,.F.);
#5287=ORIENTED_EDGE('',*,*,#4111,.T.);
#5288=ORIENTED_EDGE('',*,*,#4112,.T.);
#5289=ORIENTED_EDGE('',*,*,#4113,.T.);
#5290=ORIENTED_EDGE('',*,*,#4109,.F.);
#5291=ORIENTED_EDGE('',*,*,#4114,.T.);
#5292=ORIENTED_EDGE('',*,*,#4115,.T.);
#5293=ORIENTED_EDGE('',*,*,#4116,.T.);
#5294=ORIENTED_EDGE('',*,*,#4112,.F.);
#5295=ORIENTED_EDGE('',*,*,#4117,.T.);
#5296=ORIENTED_EDGE('',*,*,#4118,.T.);
#5297=ORIENTED_EDGE('',*,*,#4119,.T.);
#5298=ORIENTED_EDGE('',*,*,#4115,.F.);
#5299=ORIENTED_EDGE('',*,*,#4120,.T.);
#5300=ORIENTED_EDGE('',*,*,#4121,.T.);
#5301=ORIENTED_EDGE('',*,*,#4122,.T.);
#5302=ORIENTED_EDGE('',*,*,#4118,.F.);
#5303=ORIENTED_EDGE('',*,*,#4123,.T.);
#5304=ORIENTED_EDGE('',*,*,#4124,.T.);
#5305=ORIENTED_EDGE('',*,*,#4125,.T.);
#5306=ORIENTED_EDGE('',*,*,#4121,.F.);
#5307=ORIENTED_EDGE('',*,*,#4126,.T.);
#5308=ORIENTED_EDGE('',*,*,#4105,.F.);
#5309=ORIENTED_EDGE('',*,*,#4127,.T.);
#5310=ORIENTED_EDGE('',*,*,#4124,.F.);
#5311=ORIENTED_EDGE('',*,*,#4128,.T.);
#5312=ORIENTED_EDGE('',*,*,#4117,.F.);
#5313=ORIENTED_EDGE('',*,*,#4129,.F.);
#5314=ORIENTED_EDGE('',*,*,#4130,.F.);
#5315=ORIENTED_EDGE('',*,*,#4131,.T.);
#5316=ORIENTED_EDGE('',*,*,#4114,.F.);
#5317=ORIENTED_EDGE('',*,*,#4132,.F.);
#5318=ORIENTED_EDGE('',*,*,#4133,.T.);
#5319=ORIENTED_EDGE('',*,*,#4129,.T.);
#5320=ORIENTED_EDGE('',*,*,#4111,.F.);
#5321=ORIENTED_EDGE('',*,*,#4134,.F.);
#5322=ORIENTED_EDGE('',*,*,#4135,.F.);
#5323=ORIENTED_EDGE('',*,*,#4132,.T.);
#5324=ORIENTED_EDGE('',*,*,#4106,.F.);
#5325=ORIENTED_EDGE('',*,*,#4136,.F.);
#5326=ORIENTED_EDGE('',*,*,#4137,.T.);
#5327=ORIENTED_EDGE('',*,*,#4134,.T.);
#5328=ORIENTED_EDGE('',*,*,#4108,.F.);
#5329=ORIENTED_EDGE('',*,*,#4110,.F.);
#5330=ORIENTED_EDGE('',*,*,#4113,.F.);
#5331=ORIENTED_EDGE('',*,*,#4116,.F.);
#5332=ORIENTED_EDGE('',*,*,#4119,.F.);
#5333=ORIENTED_EDGE('',*,*,#4122,.F.);
#5334=ORIENTED_EDGE('',*,*,#4125,.F.);
#5335=ORIENTED_EDGE('',*,*,#4127,.F.);
#5336=ORIENTED_EDGE('',*,*,#4096,.T.);
#5337=ORIENTED_EDGE('',*,*,#4102,.T.);
#5338=ORIENTED_EDGE('',*,*,#4138,.T.);
#5339=ORIENTED_EDGE('',*,*,#4139,.F.);
#5340=ORIENTED_EDGE('',*,*,#4140,.T.);
#5341=ORIENTED_EDGE('',*,*,#4141,.F.);
#5342=ORIENTED_EDGE('',*,*,#4142,.T.);
#5343=ORIENTED_EDGE('',*,*,#4143,.F.);
#5344=ORIENTED_EDGE('',*,*,#4144,.T.);
#5345=ORIENTED_EDGE('',*,*,#4145,.F.);
#5346=ORIENTED_EDGE('',*,*,#4146,.T.);
#5347=ORIENTED_EDGE('',*,*,#4147,.T.);
#5348=ORIENTED_EDGE('',*,*,#4148,.T.);
#5349=ORIENTED_EDGE('',*,*,#4149,.T.);
#5350=ORIENTED_EDGE('',*,*,#4150,.T.);
#5351=ORIENTED_EDGE('',*,*,#4151,.T.);
#5352=ORIENTED_EDGE('',*,*,#4152,.T.);
#5353=ORIENTED_EDGE('',*,*,#4153,.T.);
#5354=ORIENTED_EDGE('',*,*,#4154,.T.);
#5355=ORIENTED_EDGE('',*,*,#4155,.T.);
#5356=ORIENTED_EDGE('',*,*,#4156,.T.);
#5357=ORIENTED_EDGE('',*,*,#4157,.T.);
#5358=ORIENTED_EDGE('',*,*,#4158,.T.);
#5359=ORIENTED_EDGE('',*,*,#4159,.T.);
#5360=ORIENTED_EDGE('',*,*,#4160,.T.);
#5361=ORIENTED_EDGE('',*,*,#4161,.T.);
#5362=ORIENTED_EDGE('',*,*,#4162,.T.);
#5363=ORIENTED_EDGE('',*,*,#4163,.T.);
#5364=ORIENTED_EDGE('',*,*,#4164,.T.);
#5365=ORIENTED_EDGE('',*,*,#4165,.T.);
#5366=ORIENTED_EDGE('',*,*,#4166,.T.);
#5367=ORIENTED_EDGE('',*,*,#4167,.T.);
#5368=ORIENTED_EDGE('',*,*,#4168,.T.);
#5369=ORIENTED_EDGE('',*,*,#4169,.T.);
#5370=ORIENTED_EDGE('',*,*,#4170,.T.);
#5371=ORIENTED_EDGE('',*,*,#4171,.T.);
#5372=ORIENTED_EDGE('',*,*,#4172,.T.);
#5373=ORIENTED_EDGE('',*,*,#4173,.T.);
#5374=ORIENTED_EDGE('',*,*,#4174,.T.);
#5375=ORIENTED_EDGE('',*,*,#4175,.T.);
#5376=ORIENTED_EDGE('',*,*,#4176,.T.);
#5377=ORIENTED_EDGE('',*,*,#4177,.T.);
#5378=ORIENTED_EDGE('',*,*,#4178,.T.);
#5379=ORIENTED_EDGE('',*,*,#4179,.T.);
#5380=ORIENTED_EDGE('',*,*,#4180,.T.);
#5381=ORIENTED_EDGE('',*,*,#4181,.T.);
#5382=ORIENTED_EDGE('',*,*,#4182,.T.);
#5383=ORIENTED_EDGE('',*,*,#4183,.T.);
#5384=ORIENTED_EDGE('',*,*,#4184,.T.);
#5385=ORIENTED_EDGE('',*,*,#4185,.T.);
#5386=ORIENTED_EDGE('',*,*,#4186,.T.);
#5387=ORIENTED_EDGE('',*,*,#4187,.T.);
#5388=ORIENTED_EDGE('',*,*,#4188,.T.);
#5389=ORIENTED_EDGE('',*,*,#4189,.T.);
#5390=ORIENTED_EDGE('',*,*,#4190,.T.);
#5391=ORIENTED_EDGE('',*,*,#4191,.T.);
#5392=ORIENTED_EDGE('',*,*,#4192,.T.);
#5393=ORIENTED_EDGE('',*,*,#4193,.T.);
#5394=ORIENTED_EDGE('',*,*,#4194,.T.);
#5395=ORIENTED_EDGE('',*,*,#4195,.F.);
#5396=ORIENTED_EDGE('',*,*,#4196,.T.);
#5397=ORIENTED_EDGE('',*,*,#4197,.F.);
#5398=ORIENTED_EDGE('',*,*,#4198,.T.);
#5399=ORIENTED_EDGE('',*,*,#4199,.F.);
#5400=ORIENTED_EDGE('',*,*,#4200,.T.);
#5401=ORIENTED_EDGE('',*,*,#4201,.F.);
#5402=ORIENTED_EDGE('',*,*,#4099,.T.);
#5403=ORIENTED_EDGE('',*,*,#4093,.T.);
#5404=ORIENTED_EDGE('',*,*,#4202,.T.);
#5405=ORIENTED_EDGE('',*,*,#4203,.T.);
#5406=ORIENTED_EDGE('',*,*,#4143,.T.);
#5407=ORIENTED_EDGE('',*,*,#4204,.T.);
#5408=ORIENTED_EDGE('',*,*,#4203,.F.);
#5409=ORIENTED_EDGE('',*,*,#4205,.T.);
#5410=ORIENTED_EDGE('',*,*,#4206,.F.);
#5411=ORIENTED_EDGE('',*,*,#4144,.F.);
#5412=ORIENTED_EDGE('',*,*,#4207,.T.);
#5413=ORIENTED_EDGE('',*,*,#4208,.T.);
#5414=ORIENTED_EDGE('',*,*,#4141,.T.);
#5415=ORIENTED_EDGE('',*,*,#4209,.T.);
#5416=ORIENTED_EDGE('',*,*,#4204,.F.);
#5417=ORIENTED_EDGE('',*,*,#4142,.F.);
#5418=ORIENTED_EDGE('',*,*,#4208,.F.);
#5419=ORIENTED_EDGE('',*,*,#4210,.T.);
#5420=ORIENTED_EDGE('',*,*,#4211,.T.);
#5421=ORIENTED_EDGE('',*,*,#4212,.T.);
#5422=ORIENTED_EDGE('',*,*,#4139,.T.);
#5423=ORIENTED_EDGE('',*,*,#4213,.T.);
#5424=ORIENTED_EDGE('',*,*,#4209,.F.);
#5425=ORIENTED_EDGE('',*,*,#4140,.F.);
#5426=ORIENTED_EDGE('',*,*,#4212,.F.);
#5427=ORIENTED_EDGE('',*,*,#4214,.T.);
#5428=ORIENTED_EDGE('',*,*,#4215,.T.);
#5429=ORIENTED_EDGE('',*,*,#4216,.T.);
#5430=ORIENTED_EDGE('',*,*,#4145,.T.);
#5431=ORIENTED_EDGE('',*,*,#4206,.T.);
#5432=ORIENTED_EDGE('',*,*,#4213,.F.);
#5433=ORIENTED_EDGE('',*,*,#4138,.F.);
#5434=ORIENTED_EDGE('',*,*,#4216,.F.);
#5435=ORIENTED_EDGE('',*,*,#4217,.T.);
#5436=ORIENTED_EDGE('',*,*,#4218,.T.);
#5437=ORIENTED_EDGE('',*,*,#4219,.T.);
#5438=ORIENTED_EDGE('',*,*,#4201,.T.);
#5439=ORIENTED_EDGE('',*,*,#4220,.T.);
#5440=ORIENTED_EDGE('',*,*,#4219,.F.);
#5441=ORIENTED_EDGE('',*,*,#4221,.T.);
#5442=ORIENTED_EDGE('',*,*,#4222,.F.);
#5443=ORIENTED_EDGE('',*,*,#4194,.F.);
#5444=ORIENTED_EDGE('',*,*,#4223,.T.);
#5445=ORIENTED_EDGE('',*,*,#4224,.T.);
#5446=ORIENTED_EDGE('',*,*,#4199,.T.);
#5447=ORIENTED_EDGE('',*,*,#4225,.T.);
#5448=ORIENTED_EDGE('',*,*,#4220,.F.);
#5449=ORIENTED_EDGE('',*,*,#4200,.F.);
#5450=ORIENTED_EDGE('',*,*,#4224,.F.);
#5451=ORIENTED_EDGE('',*,*,#4226,.T.);
#5452=ORIENTED_EDGE('',*,*,#4227,.T.);
#5453=ORIENTED_EDGE('',*,*,#4228,.T.);
#5454=ORIENTED_EDGE('',*,*,#4197,.T.);
#5455=ORIENTED_EDGE('',*,*,#4229,.T.);
#5456=ORIENTED_EDGE('',*,*,#4225,.F.);
#5457=ORIENTED_EDGE('',*,*,#4198,.F.);
#5458=ORIENTED_EDGE('',*,*,#4228,.F.);
#5459=ORIENTED_EDGE('',*,*,#4230,.T.);
#5460=ORIENTED_EDGE('',*,*,#4231,.T.);
#5461=ORIENTED_EDGE('',*,*,#4232,.T.);
#5462=ORIENTED_EDGE('',*,*,#4195,.T.);
#5463=ORIENTED_EDGE('',*,*,#4222,.T.);
#5464=ORIENTED_EDGE('',*,*,#4229,.F.);
#5465=ORIENTED_EDGE('',*,*,#4196,.F.);
#5466=ORIENTED_EDGE('',*,*,#4232,.F.);
#5467=ORIENTED_EDGE('',*,*,#4233,.T.);
#5468=ORIENTED_EDGE('',*,*,#4234,.T.);
#5469=ORIENTED_EDGE('',*,*,#4235,.T.);
#5470=ORIENTED_EDGE('',*,*,#4153,.F.);
#5471=ORIENTED_EDGE('',*,*,#4236,.F.);
#5472=ORIENTED_EDGE('',*,*,#4237,.T.);
#5473=ORIENTED_EDGE('',*,*,#4236,.T.);
#5474=ORIENTED_EDGE('',*,*,#4152,.F.);
#5475=ORIENTED_EDGE('',*,*,#4238,.F.);
#5476=ORIENTED_EDGE('',*,*,#4239,.T.);
#5477=ORIENTED_EDGE('',*,*,#4238,.T.);
#5478=ORIENTED_EDGE('',*,*,#4151,.F.);
#5479=ORIENTED_EDGE('',*,*,#4240,.F.);
#5480=ORIENTED_EDGE('',*,*,#4241,.T.);
#5481=ORIENTED_EDGE('',*,*,#4240,.T.);
#5482=ORIENTED_EDGE('',*,*,#4150,.F.);
#5483=ORIENTED_EDGE('',*,*,#4242,.F.);
#5484=ORIENTED_EDGE('',*,*,#4243,.T.);
#5485=ORIENTED_EDGE('',*,*,#4242,.T.);
#5486=ORIENTED_EDGE('',*,*,#4149,.F.);
#5487=ORIENTED_EDGE('',*,*,#4244,.F.);
#5488=ORIENTED_EDGE('',*,*,#4245,.T.);
#5489=ORIENTED_EDGE('',*,*,#4244,.T.);
#5490=ORIENTED_EDGE('',*,*,#4148,.F.);
#5491=ORIENTED_EDGE('',*,*,#4246,.F.);
#5492=ORIENTED_EDGE('',*,*,#4247,.T.);
#5493=ORIENTED_EDGE('',*,*,#4246,.T.);
#5494=ORIENTED_EDGE('',*,*,#4147,.F.);
#5495=ORIENTED_EDGE('',*,*,#4248,.F.);
#5496=ORIENTED_EDGE('',*,*,#4249,.T.);
#5497=ORIENTED_EDGE('',*,*,#4248,.T.);
#5498=ORIENTED_EDGE('',*,*,#4146,.F.);
#5499=ORIENTED_EDGE('',*,*,#4235,.F.);
#5500=ORIENTED_EDGE('',*,*,#4250,.T.);
#5501=ORIENTED_EDGE('',*,*,#4251,.T.);
#5502=ORIENTED_EDGE('',*,*,#4161,.F.);
#5503=ORIENTED_EDGE('',*,*,#4252,.F.);
#5504=ORIENTED_EDGE('',*,*,#4253,.T.);
#5505=ORIENTED_EDGE('',*,*,#4252,.T.);
#5506=ORIENTED_EDGE('',*,*,#4160,.F.);
#5507=ORIENTED_EDGE('',*,*,#4254,.F.);
#5508=ORIENTED_EDGE('',*,*,#4255,.T.);
#5509=ORIENTED_EDGE('',*,*,#4254,.T.);
#5510=ORIENTED_EDGE('',*,*,#4159,.F.);
#5511=ORIENTED_EDGE('',*,*,#4256,.F.);
#5512=ORIENTED_EDGE('',*,*,#4257,.T.);
#5513=ORIENTED_EDGE('',*,*,#4256,.T.);
#5514=ORIENTED_EDGE('',*,*,#4158,.F.);
#5515=ORIENTED_EDGE('',*,*,#4258,.F.);
#5516=ORIENTED_EDGE('',*,*,#4259,.T.);
#5517=ORIENTED_EDGE('',*,*,#4258,.T.);
#5518=ORIENTED_EDGE('',*,*,#4157,.F.);
#5519=ORIENTED_EDGE('',*,*,#4260,.F.);
#5520=ORIENTED_EDGE('',*,*,#4261,.T.);
#5521=ORIENTED_EDGE('',*,*,#4260,.T.);
#5522=ORIENTED_EDGE('',*,*,#4156,.F.);
#5523=ORIENTED_EDGE('',*,*,#4262,.F.);
#5524=ORIENTED_EDGE('',*,*,#4263,.T.);
#5525=ORIENTED_EDGE('',*,*,#4262,.T.);
#5526=ORIENTED_EDGE('',*,*,#4155,.F.);
#5527=ORIENTED_EDGE('',*,*,#4264,.F.);
#5528=ORIENTED_EDGE('',*,*,#4265,.T.);
#5529=ORIENTED_EDGE('',*,*,#4264,.T.);
#5530=ORIENTED_EDGE('',*,*,#4154,.F.);
#5531=ORIENTED_EDGE('',*,*,#4251,.F.);
#5532=ORIENTED_EDGE('',*,*,#4266,.T.);
#5533=ORIENTED_EDGE('',*,*,#4267,.T.);
#5534=ORIENTED_EDGE('',*,*,#4169,.F.);
#5535=ORIENTED_EDGE('',*,*,#4268,.F.);
#5536=ORIENTED_EDGE('',*,*,#4269,.T.);
#5537=ORIENTED_EDGE('',*,*,#4268,.T.);
#5538=ORIENTED_EDGE('',*,*,#4168,.F.);
#5539=ORIENTED_EDGE('',*,*,#4270,.F.);
#5540=ORIENTED_EDGE('',*,*,#4271,.T.);
#5541=ORIENTED_EDGE('',*,*,#4270,.T.);
#5542=ORIENTED_EDGE('',*,*,#4167,.F.);
#5543=ORIENTED_EDGE('',*,*,#4272,.F.);
#5544=ORIENTED_EDGE('',*,*,#4273,.T.);
#5545=ORIENTED_EDGE('',*,*,#4272,.T.);
#5546=ORIENTED_EDGE('',*,*,#4166,.F.);
#5547=ORIENTED_EDGE('',*,*,#4274,.F.);
#5548=ORIENTED_EDGE('',*,*,#4275,.T.);
#5549=ORIENTED_EDGE('',*,*,#4274,.T.);
#5550=ORIENTED_EDGE('',*,*,#4165,.F.);
#5551=ORIENTED_EDGE('',*,*,#4276,.F.);
#5552=ORIENTED_EDGE('',*,*,#4277,.T.);
#5553=ORIENTED_EDGE('',*,*,#4276,.T.);
#5554=ORIENTED_EDGE('',*,*,#4164,.F.);
#5555=ORIENTED_EDGE('',*,*,#4278,.F.);
#5556=ORIENTED_EDGE('',*,*,#4279,.T.);
#5557=ORIENTED_EDGE('',*,*,#4278,.T.);
#5558=ORIENTED_EDGE('',*,*,#4163,.F.);
#5559=ORIENTED_EDGE('',*,*,#4280,.F.);
#5560=ORIENTED_EDGE('',*,*,#4281,.T.);
#5561=ORIENTED_EDGE('',*,*,#4280,.T.);
#5562=ORIENTED_EDGE('',*,*,#4162,.F.);
#5563=ORIENTED_EDGE('',*,*,#4267,.F.);
#5564=ORIENTED_EDGE('',*,*,#4282,.T.);
#5565=ORIENTED_EDGE('',*,*,#4283,.T.);
#5566=ORIENTED_EDGE('',*,*,#4177,.F.);
#5567=ORIENTED_EDGE('',*,*,#4284,.F.);
#5568=ORIENTED_EDGE('',*,*,#4285,.T.);
#5569=ORIENTED_EDGE('',*,*,#4284,.T.);
#5570=ORIENTED_EDGE('',*,*,#4176,.F.);
#5571=ORIENTED_EDGE('',*,*,#4286,.F.);
#5572=ORIENTED_EDGE('',*,*,#4287,.T.);
#5573=ORIENTED_EDGE('',*,*,#4286,.T.);
#5574=ORIENTED_EDGE('',*,*,#4175,.F.);
#5575=ORIENTED_EDGE('',*,*,#4288,.F.);
#5576=ORIENTED_EDGE('',*,*,#4289,.T.);
#5577=ORIENTED_EDGE('',*,*,#4288,.T.);
#5578=ORIENTED_EDGE('',*,*,#4174,.F.);
#5579=ORIENTED_EDGE('',*,*,#4290,.F.);
#5580=ORIENTED_EDGE('',*,*,#4291,.T.);
#5581=ORIENTED_EDGE('',*,*,#4290,.T.);
#5582=ORIENTED_EDGE('',*,*,#4173,.F.);
#5583=ORIENTED_EDGE('',*,*,#4292,.F.);
#5584=ORIENTED_EDGE('',*,*,#4293,.T.);
#5585=ORIENTED_EDGE('',*,*,#4292,.T.);
#5586=ORIENTED_EDGE('',*,*,#4172,.F.);
#5587=ORIENTED_EDGE('',*,*,#4294,.F.);
#5588=ORIENTED_EDGE('',*,*,#4295,.T.);
#5589=ORIENTED_EDGE('',*,*,#4294,.T.);
#5590=ORIENTED_EDGE('',*,*,#4171,.F.);
#5591=ORIENTED_EDGE('',*,*,#4296,.F.);
#5592=ORIENTED_EDGE('',*,*,#4297,.T.);
#5593=ORIENTED_EDGE('',*,*,#4296,.T.);
#5594=ORIENTED_EDGE('',*,*,#4170,.F.);
#5595=ORIENTED_EDGE('',*,*,#4283,.F.);
#5596=ORIENTED_EDGE('',*,*,#4298,.T.);
#5597=ORIENTED_EDGE('',*,*,#4299,.T.);
#5598=ORIENTED_EDGE('',*,*,#4185,.F.);
#5599=ORIENTED_EDGE('',*,*,#4300,.F.);
#5600=ORIENTED_EDGE('',*,*,#4301,.T.);
#5601=ORIENTED_EDGE('',*,*,#4300,.T.);
#5602=ORIENTED_EDGE('',*,*,#4184,.F.);
#5603=ORIENTED_EDGE('',*,*,#4302,.F.);
#5604=ORIENTED_EDGE('',*,*,#4303,.T.);
#5605=ORIENTED_EDGE('',*,*,#4302,.T.);
#5606=ORIENTED_EDGE('',*,*,#4183,.F.);
#5607=ORIENTED_EDGE('',*,*,#4304,.F.);
#5608=ORIENTED_EDGE('',*,*,#4305,.T.);
#5609=ORIENTED_EDGE('',*,*,#4304,.T.);
#5610=ORIENTED_EDGE('',*,*,#4182,.F.);
#5611=ORIENTED_EDGE('',*,*,#4306,.F.);
#5612=ORIENTED_EDGE('',*,*,#4307,.T.);
#5613=ORIENTED_EDGE('',*,*,#4306,.T.);
#5614=ORIENTED_EDGE('',*,*,#4181,.F.);
#5615=ORIENTED_EDGE('',*,*,#4308,.F.);
#5616=ORIENTED_EDGE('',*,*,#4309,.T.);
#5617=ORIENTED_EDGE('',*,*,#4308,.T.);
#5618=ORIENTED_EDGE('',*,*,#4180,.F.);
#5619=ORIENTED_EDGE('',*,*,#4310,.F.);
#5620=ORIENTED_EDGE('',*,*,#4311,.T.);
#5621=ORIENTED_EDGE('',*,*,#4310,.T.);
#5622=ORIENTED_EDGE('',*,*,#4179,.F.);
#5623=ORIENTED_EDGE('',*,*,#4312,.F.);
#5624=ORIENTED_EDGE('',*,*,#4313,.T.);
#5625=ORIENTED_EDGE('',*,*,#4312,.T.);
#5626=ORIENTED_EDGE('',*,*,#4178,.F.);
#5627=ORIENTED_EDGE('',*,*,#4299,.F.);
#5628=ORIENTED_EDGE('',*,*,#4314,.T.);
#5629=ORIENTED_EDGE('',*,*,#4315,.T.);
#5630=ORIENTED_EDGE('',*,*,#4193,.F.);
#5631=ORIENTED_EDGE('',*,*,#4316,.F.);
#5632=ORIENTED_EDGE('',*,*,#4317,.T.);
#5633=ORIENTED_EDGE('',*,*,#4316,.T.);
#5634=ORIENTED_EDGE('',*,*,#4192,.F.);
#5635=ORIENTED_EDGE('',*,*,#4318,.F.);
#5636=ORIENTED_EDGE('',*,*,#4319,.T.);
#5637=ORIENTED_EDGE('',*,*,#4318,.T.);
#5638=ORIENTED_EDGE('',*,*,#4191,.F.);
#5639=ORIENTED_EDGE('',*,*,#4320,.F.);
#5640=ORIENTED_EDGE('',*,*,#4321,.T.);
#5641=ORIENTED_EDGE('',*,*,#4320,.T.);
#5642=ORIENTED_EDGE('',*,*,#4190,.F.);
#5643=ORIENTED_EDGE('',*,*,#4322,.F.);
#5644=ORIENTED_EDGE('',*,*,#4323,.T.);
#5645=ORIENTED_EDGE('',*,*,#4322,.T.);
#5646=ORIENTED_EDGE('',*,*,#4189,.F.);
#5647=ORIENTED_EDGE('',*,*,#4324,.F.);
#5648=ORIENTED_EDGE('',*,*,#4325,.T.);
#5649=ORIENTED_EDGE('',*,*,#4324,.T.);
#5650=ORIENTED_EDGE('',*,*,#4188,.F.);
#5651=ORIENTED_EDGE('',*,*,#4326,.F.);
#5652=ORIENTED_EDGE('',*,*,#4327,.T.);
#5653=ORIENTED_EDGE('',*,*,#4326,.T.);
#5654=ORIENTED_EDGE('',*,*,#4187,.F.);
#5655=ORIENTED_EDGE('',*,*,#4328,.F.);
#5656=ORIENTED_EDGE('',*,*,#4329,.T.);
#5657=ORIENTED_EDGE('',*,*,#4328,.T.);
#5658=ORIENTED_EDGE('',*,*,#4186,.F.);
#5659=ORIENTED_EDGE('',*,*,#4315,.F.);
#5660=ORIENTED_EDGE('',*,*,#4128,.F.);
#5661=ORIENTED_EDGE('',*,*,#4330,.F.);
#5662=ORIENTED_EDGE('',*,*,#4331,.F.);
#5663=ORIENTED_EDGE('',*,*,#4136,.T.);
#5664=ORIENTED_EDGE('',*,*,#4126,.F.);
#5665=ORIENTED_EDGE('',*,*,#4332,.F.);
#5666=ORIENTED_EDGE('',*,*,#4333,.T.);
#5667=ORIENTED_EDGE('',*,*,#4330,.T.);
#5668=ORIENTED_EDGE('',*,*,#4123,.F.);
#5669=ORIENTED_EDGE('',*,*,#4334,.F.);
#5670=ORIENTED_EDGE('',*,*,#4335,.F.);
#5671=ORIENTED_EDGE('',*,*,#4332,.T.);
#5672=ORIENTED_EDGE('',*,*,#4120,.F.);
#5673=ORIENTED_EDGE('',*,*,#4131,.F.);
#5674=ORIENTED_EDGE('',*,*,#4336,.T.);
#5675=ORIENTED_EDGE('',*,*,#4334,.T.);
#5676=ORIENTED_EDGE('',*,*,#4137,.F.);
#5677=ORIENTED_EDGE('',*,*,#4331,.T.);
#5678=ORIENTED_EDGE('',*,*,#4333,.F.);
#5679=ORIENTED_EDGE('',*,*,#4335,.T.);
#5680=ORIENTED_EDGE('',*,*,#4336,.F.);
#5681=ORIENTED_EDGE('',*,*,#4130,.T.);
#5682=ORIENTED_EDGE('',*,*,#4133,.F.);
#5683=ORIENTED_EDGE('',*,*,#4135,.T.);
#5684=ORIENTED_EDGE('',*,*,#4098,.T.);
#5685=ORIENTED_EDGE('',*,*,#4104,.T.);
#5686=ORIENTED_EDGE('',*,*,#4218,.F.);
#5687=ORIENTED_EDGE('',*,*,#4226,.F.);
#5688=ORIENTED_EDGE('',*,*,#4223,.F.);
#5689=ORIENTED_EDGE('',*,*,#4230,.F.);
#5690=ORIENTED_EDGE('',*,*,#4227,.F.);
#5691=ORIENTED_EDGE('',*,*,#4233,.F.);
#5692=ORIENTED_EDGE('',*,*,#4231,.F.);
#5693=ORIENTED_EDGE('',*,*,#4221,.F.);
#5694=ORIENTED_EDGE('',*,*,#4329,.F.);
#5695=ORIENTED_EDGE('',*,*,#4314,.F.);
#5696=ORIENTED_EDGE('',*,*,#4317,.F.);
#5697=ORIENTED_EDGE('',*,*,#4319,.F.);
#5698=ORIENTED_EDGE('',*,*,#4321,.F.);
#5699=ORIENTED_EDGE('',*,*,#4323,.F.);
#5700=ORIENTED_EDGE('',*,*,#4325,.F.);
#5701=ORIENTED_EDGE('',*,*,#4327,.F.);
#5702=ORIENTED_EDGE('',*,*,#4313,.F.);
#5703=ORIENTED_EDGE('',*,*,#4298,.F.);
#5704=ORIENTED_EDGE('',*,*,#4301,.F.);
#5705=ORIENTED_EDGE('',*,*,#4303,.F.);
#5706=ORIENTED_EDGE('',*,*,#4305,.F.);
#5707=ORIENTED_EDGE('',*,*,#4307,.F.);
#5708=ORIENTED_EDGE('',*,*,#4309,.F.);
#5709=ORIENTED_EDGE('',*,*,#4311,.F.);
#5710=ORIENTED_EDGE('',*,*,#4297,.F.);
#5711=ORIENTED_EDGE('',*,*,#4282,.F.);
#5712=ORIENTED_EDGE('',*,*,#4285,.F.);
#5713=ORIENTED_EDGE('',*,*,#4287,.F.);
#5714=ORIENTED_EDGE('',*,*,#4289,.F.);
#5715=ORIENTED_EDGE('',*,*,#4291,.F.);
#5716=ORIENTED_EDGE('',*,*,#4293,.F.);
#5717=ORIENTED_EDGE('',*,*,#4295,.F.);
#5718=ORIENTED_EDGE('',*,*,#4281,.F.);
#5719=ORIENTED_EDGE('',*,*,#4266,.F.);
#5720=ORIENTED_EDGE('',*,*,#4269,.F.);
#5721=ORIENTED_EDGE('',*,*,#4271,.F.);
#5722=ORIENTED_EDGE('',*,*,#4273,.F.);
#5723=ORIENTED_EDGE('',*,*,#4275,.F.);
#5724=ORIENTED_EDGE('',*,*,#4277,.F.);
#5725=ORIENTED_EDGE('',*,*,#4279,.F.);
#5726=ORIENTED_EDGE('',*,*,#4265,.F.);
#5727=ORIENTED_EDGE('',*,*,#4250,.F.);
#5728=ORIENTED_EDGE('',*,*,#4253,.F.);
#5729=ORIENTED_EDGE('',*,*,#4255,.F.);
#5730=ORIENTED_EDGE('',*,*,#4257,.F.);
#5731=ORIENTED_EDGE('',*,*,#4259,.F.);
#5732=ORIENTED_EDGE('',*,*,#4261,.F.);
#5733=ORIENTED_EDGE('',*,*,#4263,.F.);
#5734=ORIENTED_EDGE('',*,*,#4249,.F.);
#5735=ORIENTED_EDGE('',*,*,#4234,.F.);
#5736=ORIENTED_EDGE('',*,*,#4237,.F.);
#5737=ORIENTED_EDGE('',*,*,#4239,.F.);
#5738=ORIENTED_EDGE('',*,*,#4241,.F.);
#5739=ORIENTED_EDGE('',*,*,#4243,.F.);
#5740=ORIENTED_EDGE('',*,*,#4245,.F.);
#5741=ORIENTED_EDGE('',*,*,#4247,.F.);
#5742=ORIENTED_EDGE('',*,*,#4215,.F.);
#5743=ORIENTED_EDGE('',*,*,#4205,.F.);
#5744=ORIENTED_EDGE('',*,*,#4202,.F.);
#5745=ORIENTED_EDGE('',*,*,#4210,.F.);
#5746=ORIENTED_EDGE('',*,*,#4207,.F.);
#5747=ORIENTED_EDGE('',*,*,#4214,.F.);
#5748=ORIENTED_EDGE('',*,*,#4211,.F.);
#5749=ORIENTED_EDGE('',*,*,#4217,.F.);
#5750=ORIENTED_EDGE('',*,*,#4101,.T.);
#5751=ORIENTED_EDGE('',*,*,#4095,.T.);
#5752=ORIENTED_EDGE('',*,*,#4337,.F.);
#5753=ORIENTED_EDGE('',*,*,#4338,.T.);
#5754=ORIENTED_EDGE('',*,*,#4339,.F.);
#5755=ORIENTED_EDGE('',*,*,#4338,.F.);
#5756=ORIENTED_EDGE('',*,*,#4340,.T.);
#5757=ORIENTED_EDGE('',*,*,#4341,.T.);
#5758=ORIENTED_EDGE('',*,*,#4342,.T.);
#5759=ORIENTED_EDGE('',*,*,#4341,.F.);
#5760=ORIENTED_EDGE('',*,*,#4343,.T.);
#5761=ORIENTED_EDGE('',*,*,#4340,.F.);
#5762=ORIENTED_EDGE('',*,*,#4344,.F.);
#5763=ORIENTED_EDGE('',*,*,#4345,.T.);
#5764=ORIENTED_EDGE('',*,*,#4342,.F.);
#5765=ORIENTED_EDGE('',*,*,#4345,.F.);
#5766=ORIENTED_EDGE('',*,*,#4346,.T.);
#5767=ORIENTED_EDGE('',*,*,#4347,.T.);
#5768=ORIENTED_EDGE('',*,*,#4348,.T.);
#5769=ORIENTED_EDGE('',*,*,#4349,.T.);
#5770=ORIENTED_EDGE('',*,*,#4347,.F.);
#5771=ORIENTED_EDGE('',*,*,#4350,.T.);
#5772=ORIENTED_EDGE('',*,*,#4351,.T.);
#5773=ORIENTED_EDGE('',*,*,#4352,.T.);
#5774=ORIENTED_EDGE('',*,*,#4353,.T.);
#5775=ORIENTED_EDGE('',*,*,#4348,.F.);
#5776=ORIENTED_EDGE('',*,*,#4349,.F.);
#5777=ORIENTED_EDGE('',*,*,#4353,.F.);
#5778=ORIENTED_EDGE('',*,*,#4354,.T.);
#5779=ORIENTED_EDGE('',*,*,#4355,.T.);
#5780=ORIENTED_EDGE('',*,*,#4356,.T.);
#5781=ORIENTED_EDGE('',*,*,#4357,.T.);
#5782=ORIENTED_EDGE('',*,*,#4358,.T.);
#5783=ORIENTED_EDGE('',*,*,#4359,.T.);
#5784=ORIENTED_EDGE('',*,*,#4360,.T.);
#5785=ORIENTED_EDGE('',*,*,#4361,.T.);
#5786=ORIENTED_EDGE('',*,*,#4362,.T.);
#5787=ORIENTED_EDGE('',*,*,#4363,.T.);
#5788=ORIENTED_EDGE('',*,*,#4364,.T.);
#5789=ORIENTED_EDGE('',*,*,#4365,.T.);
#5790=ORIENTED_EDGE('',*,*,#4366,.T.);
#5791=ORIENTED_EDGE('',*,*,#4367,.T.);
#5792=ORIENTED_EDGE('',*,*,#4368,.T.);
#5793=ORIENTED_EDGE('',*,*,#4369,.T.);
#5794=ORIENTED_EDGE('',*,*,#4370,.T.);
#5795=ORIENTED_EDGE('',*,*,#4371,.T.);
#5796=ORIENTED_EDGE('',*,*,#4343,.F.);
#5797=ORIENTED_EDGE('',*,*,#4372,.T.);
#5798=ORIENTED_EDGE('',*,*,#4346,.F.);
#5799=ORIENTED_EDGE('',*,*,#4372,.F.);
#5800=ORIENTED_EDGE('',*,*,#4350,.F.);
#5801=ORIENTED_EDGE('',*,*,#4373,.F.);
#5802=ORIENTED_EDGE('',*,*,#4374,.F.);
#5803=ORIENTED_EDGE('',*,*,#4375,.F.);
#5804=ORIENTED_EDGE('',*,*,#4371,.F.);
#5805=ORIENTED_EDGE('',*,*,#4376,.F.);
#5806=ORIENTED_EDGE('',*,*,#4377,.F.);
#5807=ORIENTED_EDGE('',*,*,#4373,.T.);
#5808=ORIENTED_EDGE('',*,*,#4375,.T.);
#5809=ORIENTED_EDGE('',*,*,#4378,.F.);
#5810=ORIENTED_EDGE('',*,*,#4379,.T.);
#5811=ORIENTED_EDGE('',*,*,#4380,.F.);
#5812=ORIENTED_EDGE('',*,*,#4381,.F.);
#5813=ORIENTED_EDGE('',*,*,#4351,.F.);
#5814=ORIENTED_EDGE('',*,*,#4374,.T.);
#5815=ORIENTED_EDGE('',*,*,#4382,.T.);
#5816=ORIENTED_EDGE('',*,*,#4378,.T.);
#5817=ORIENTED_EDGE('',*,*,#4377,.T.);
#5818=ORIENTED_EDGE('',*,*,#4383,.T.);
#5819=ORIENTED_EDGE('',*,*,#4382,.F.);
#5820=ORIENTED_EDGE('',*,*,#4357,.F.);
#5821=ORIENTED_EDGE('',*,*,#4384,.F.);
#5822=ORIENTED_EDGE('',*,*,#4385,.F.);
#5823=ORIENTED_EDGE('',*,*,#4386,.F.);
#5824=ORIENTED_EDGE('',*,*,#4356,.F.);
#5825=ORIENTED_EDGE('',*,*,#4387,.F.);
#5826=ORIENTED_EDGE('',*,*,#4388,.F.);
#5827=ORIENTED_EDGE('',*,*,#4384,.T.);
#5828=ORIENTED_EDGE('',*,*,#4386,.T.);
#5829=ORIENTED_EDGE('',*,*,#4389,.F.);
#5830=ORIENTED_EDGE('',*,*,#4390,.T.);
#5831=ORIENTED_EDGE('',*,*,#4391,.F.);
#5832=ORIENTED_EDGE('',*,*,#4392,.F.);
#5833=ORIENTED_EDGE('',*,*,#4358,.F.);
#5834=ORIENTED_EDGE('',*,*,#4385,.T.);
#5835=ORIENTED_EDGE('',*,*,#4393,.T.);
#5836=ORIENTED_EDGE('',*,*,#4389,.T.);
#5837=ORIENTED_EDGE('',*,*,#4388,.T.);
#5838=ORIENTED_EDGE('',*,*,#4394,.T.);
#5839=ORIENTED_EDGE('',*,*,#4393,.F.);
#5840=ORIENTED_EDGE('',*,*,#4362,.F.);
#5841=ORIENTED_EDGE('',*,*,#4395,.F.);
#5842=ORIENTED_EDGE('',*,*,#4396,.F.);
#5843=ORIENTED_EDGE('',*,*,#4397,.F.);
#5844=ORIENTED_EDGE('',*,*,#4361,.F.);
#5845=ORIENTED_EDGE('',*,*,#4398,.F.);
#5846=ORIENTED_EDGE('',*,*,#4399,.F.);
#5847=ORIENTED_EDGE('',*,*,#4395,.T.);
#5848=ORIENTED_EDGE('',*,*,#4397,.T.);
#5849=ORIENTED_EDGE('',*,*,#4400,.F.);
#5850=ORIENTED_EDGE('',*,*,#4401,.T.);
#5851=ORIENTED_EDGE('',*,*,#4402,.F.);
#5852=ORIENTED_EDGE('',*,*,#4403,.F.);
#5853=ORIENTED_EDGE('',*,*,#4363,.F.);
#5854=ORIENTED_EDGE('',*,*,#4396,.T.);
#5855=ORIENTED_EDGE('',*,*,#4404,.T.);
#5856=ORIENTED_EDGE('',*,*,#4400,.T.);
#5857=ORIENTED_EDGE('',*,*,#4399,.T.);
#5858=ORIENTED_EDGE('',*,*,#4405,.T.);
#5859=ORIENTED_EDGE('',*,*,#4404,.F.);
#5860=ORIENTED_EDGE('',*,*,#4367,.F.);
#5861=ORIENTED_EDGE('',*,*,#4406,.F.);
#5862=ORIENTED_EDGE('',*,*,#4407,.F.);
#5863=ORIENTED_EDGE('',*,*,#4408,.F.);
#5864=ORIENTED_EDGE('',*,*,#4366,.F.);
#5865=ORIENTED_EDGE('',*,*,#4409,.F.);
#5866=ORIENTED_EDGE('',*,*,#4410,.F.);
#5867=ORIENTED_EDGE('',*,*,#4406,.T.);
#5868=ORIENTED_EDGE('',*,*,#4408,.T.);
#5869=ORIENTED_EDGE('',*,*,#4411,.F.);
#5870=ORIENTED_EDGE('',*,*,#4412,.T.);
#5871=ORIENTED_EDGE('',*,*,#4413,.F.);
#5872=ORIENTED_EDGE('',*,*,#4414,.F.);
#5873=ORIENTED_EDGE('',*,*,#4368,.F.);
#5874=ORIENTED_EDGE('',*,*,#4407,.T.);
#5875=ORIENTED_EDGE('',*,*,#4415,.T.);
#5876=ORIENTED_EDGE('',*,*,#4411,.T.);
#5877=ORIENTED_EDGE('',*,*,#4410,.T.);
#5878=ORIENTED_EDGE('',*,*,#4416,.T.);
#5879=ORIENTED_EDGE('',*,*,#4415,.F.);
#5880=ORIENTED_EDGE('',*,*,#4352,.F.);
#5881=ORIENTED_EDGE('',*,*,#4381,.T.);
#5882=ORIENTED_EDGE('',*,*,#4417,.F.);
#5883=ORIENTED_EDGE('',*,*,#4418,.F.);
#5884=ORIENTED_EDGE('',*,*,#4354,.F.);
#5885=ORIENTED_EDGE('',*,*,#4387,.T.);
#5886=ORIENTED_EDGE('',*,*,#4355,.F.);
#5887=ORIENTED_EDGE('',*,*,#4418,.T.);
#5888=ORIENTED_EDGE('',*,*,#4419,.F.);
#5889=ORIENTED_EDGE('',*,*,#4390,.F.);
#5890=ORIENTED_EDGE('',*,*,#4394,.F.);
#5891=ORIENTED_EDGE('',*,*,#4359,.F.);
#5892=ORIENTED_EDGE('',*,*,#4392,.T.);
#5893=ORIENTED_EDGE('',*,*,#4420,.F.);
#5894=ORIENTED_EDGE('',*,*,#4421,.F.);
#5895=ORIENTED_EDGE('',*,*,#4398,.T.);
#5896=ORIENTED_EDGE('',*,*,#4360,.F.);
#5897=ORIENTED_EDGE('',*,*,#4421,.T.);
#5898=ORIENTED_EDGE('',*,*,#4422,.F.);
#5899=ORIENTED_EDGE('',*,*,#4401,.F.);
#5900=ORIENTED_EDGE('',*,*,#4405,.F.);
#5901=ORIENTED_EDGE('',*,*,#4376,.T.);
#5902=ORIENTED_EDGE('',*,*,#4370,.F.);
#5903=ORIENTED_EDGE('',*,*,#4423,.T.);
#5904=ORIENTED_EDGE('',*,*,#4424,.F.);
#5905=ORIENTED_EDGE('',*,*,#4379,.F.);
#5906=ORIENTED_EDGE('',*,*,#4383,.F.);
#5907=ORIENTED_EDGE('',*,*,#4369,.F.);
#5908=ORIENTED_EDGE('',*,*,#4414,.T.);
#5909=ORIENTED_EDGE('',*,*,#4425,.F.);
#5910=ORIENTED_EDGE('',*,*,#4423,.F.);
#5911=ORIENTED_EDGE('',*,*,#4409,.T.);
#5912=ORIENTED_EDGE('',*,*,#4365,.F.);
#5913=ORIENTED_EDGE('',*,*,#4426,.T.);
#5914=ORIENTED_EDGE('',*,*,#4427,.F.);
#5915=ORIENTED_EDGE('',*,*,#4412,.F.);
#5916=ORIENTED_EDGE('',*,*,#4416,.F.);
#5917=ORIENTED_EDGE('',*,*,#4364,.F.);
#5918=ORIENTED_EDGE('',*,*,#4403,.T.);
#5919=ORIENTED_EDGE('',*,*,#4428,.F.);
#5920=ORIENTED_EDGE('',*,*,#4426,.F.);
#5921=ORIENTED_EDGE('',*,*,#4419,.T.);
#5922=ORIENTED_EDGE('',*,*,#4417,.T.);
#5923=ORIENTED_EDGE('',*,*,#4380,.T.);
#5924=ORIENTED_EDGE('',*,*,#4424,.T.);
#5925=ORIENTED_EDGE('',*,*,#4425,.T.);
#5926=ORIENTED_EDGE('',*,*,#4413,.T.);
#5927=ORIENTED_EDGE('',*,*,#4427,.T.);
#5928=ORIENTED_EDGE('',*,*,#4428,.T.);
#5929=ORIENTED_EDGE('',*,*,#4402,.T.);
#5930=ORIENTED_EDGE('',*,*,#4422,.T.);
#5931=ORIENTED_EDGE('',*,*,#4420,.T.);
#5932=ORIENTED_EDGE('',*,*,#4391,.T.);
#5933=ORIENTED_EDGE('',*,*,#4337,.T.);
#5934=ORIENTED_EDGE('',*,*,#4429,.T.);
#5935=ORIENTED_EDGE('',*,*,#4430,.T.);
#5936=ORIENTED_EDGE('',*,*,#4429,.F.);
#5937=ORIENTED_EDGE('',*,*,#4339,.T.);
#5938=ORIENTED_EDGE('',*,*,#4430,.F.);
#5939=ORIENTED_EDGE('',*,*,#4431,.T.);
#5940=ORIENTED_EDGE('',*,*,#4344,.T.);
#5941=ORIENTED_EDGE('',*,*,#4431,.F.);
#5942=ORIENTED_EDGE('',*,*,#4432,.F.);
#5943=ORIENTED_EDGE('',*,*,#4433,.T.);
#5944=ORIENTED_EDGE('',*,*,#4434,.T.);
#5945=ORIENTED_EDGE('',*,*,#4435,.F.);
#5946=ORIENTED_EDGE('',*,*,#4436,.F.);
#5947=ORIENTED_EDGE('',*,*,#4437,.T.);
#5948=ORIENTED_EDGE('',*,*,#4432,.T.);
#5949=ORIENTED_EDGE('',*,*,#4438,.F.);
#5950=ORIENTED_EDGE('',*,*,#4434,.F.);
#5951=ORIENTED_EDGE('',*,*,#4439,.T.);
#5952=ORIENTED_EDGE('',*,*,#4440,.T.);
#5953=ORIENTED_EDGE('',*,*,#4441,.F.);
#5954=ORIENTED_EDGE('',*,*,#4433,.F.);
#5955=ORIENTED_EDGE('',*,*,#4437,.F.);
#5956=ORIENTED_EDGE('',*,*,#4442,.F.);
#5957=ORIENTED_EDGE('',*,*,#4443,.F.);
#5958=ORIENTED_EDGE('',*,*,#4444,.F.);
#5959=ORIENTED_EDGE('',*,*,#4445,.F.);
#5960=ORIENTED_EDGE('',*,*,#4446,.F.);
#5961=ORIENTED_EDGE('',*,*,#4447,.F.);
#5962=ORIENTED_EDGE('',*,*,#4448,.F.);
#5963=ORIENTED_EDGE('',*,*,#4449,.F.);
#5964=ORIENTED_EDGE('',*,*,#4450,.F.);
#5965=ORIENTED_EDGE('',*,*,#4451,.F.);
#5966=ORIENTED_EDGE('',*,*,#4452,.F.);
#5967=ORIENTED_EDGE('',*,*,#4453,.F.);
#5968=ORIENTED_EDGE('',*,*,#4454,.F.);
#5969=ORIENTED_EDGE('',*,*,#4455,.F.);
#5970=ORIENTED_EDGE('',*,*,#4456,.F.);
#5971=ORIENTED_EDGE('',*,*,#4457,.F.);
#5972=ORIENTED_EDGE('',*,*,#4458,.F.);
#5973=ORIENTED_EDGE('',*,*,#4459,.F.);
#5974=ORIENTED_EDGE('',*,*,#4460,.F.);
#5975=ORIENTED_EDGE('',*,*,#4461,.F.);
#5976=ORIENTED_EDGE('',*,*,#4462,.F.);
#5977=ORIENTED_EDGE('',*,*,#4463,.F.);
#5978=ORIENTED_EDGE('',*,*,#4464,.F.);
#5979=ORIENTED_EDGE('',*,*,#4439,.F.);
#5980=ORIENTED_EDGE('',*,*,#4465,.T.);
#5981=ORIENTED_EDGE('',*,*,#4466,.F.);
#5982=ORIENTED_EDGE('',*,*,#4467,.F.);
#5983=ORIENTED_EDGE('',*,*,#4468,.T.);
#5984=ORIENTED_EDGE('',*,*,#4469,.T.);
#5985=ORIENTED_EDGE('',*,*,#4470,.T.);
#5986=ORIENTED_EDGE('',*,*,#4471,.F.);
#5987=ORIENTED_EDGE('',*,*,#4472,.F.);
#5988=ORIENTED_EDGE('',*,*,#4473,.T.);
#5989=ORIENTED_EDGE('',*,*,#4474,.T.);
#5990=ORIENTED_EDGE('',*,*,#4475,.F.);
#5991=ORIENTED_EDGE('',*,*,#4476,.F.);
#5992=ORIENTED_EDGE('',*,*,#4477,.T.);
#5993=ORIENTED_EDGE('',*,*,#4478,.F.);
#5994=ORIENTED_EDGE('',*,*,#4479,.F.);
#5995=ORIENTED_EDGE('',*,*,#4480,.T.);
#5996=ORIENTED_EDGE('',*,*,#4435,.T.);
#5997=ORIENTED_EDGE('',*,*,#4441,.T.);
#5998=ORIENTED_EDGE('',*,*,#4481,.T.);
#5999=ORIENTED_EDGE('',*,*,#4482,.T.);
#6000=ORIENTED_EDGE('',*,*,#4483,.T.);
#6001=ORIENTED_EDGE('',*,*,#4484,.T.);
#6002=ORIENTED_EDGE('',*,*,#4485,.T.);
#6003=ORIENTED_EDGE('',*,*,#4486,.T.);
#6004=ORIENTED_EDGE('',*,*,#4487,.T.);
#6005=ORIENTED_EDGE('',*,*,#4488,.T.);
#6006=ORIENTED_EDGE('',*,*,#4489,.T.);
#6007=ORIENTED_EDGE('',*,*,#4490,.T.);
#6008=ORIENTED_EDGE('',*,*,#4491,.T.);
#6009=ORIENTED_EDGE('',*,*,#4492,.T.);
#6010=ORIENTED_EDGE('',*,*,#4493,.T.);
#6011=ORIENTED_EDGE('',*,*,#4494,.T.);
#6012=ORIENTED_EDGE('',*,*,#4495,.T.);
#6013=ORIENTED_EDGE('',*,*,#4496,.T.);
#6014=ORIENTED_EDGE('',*,*,#4497,.T.);
#6015=ORIENTED_EDGE('',*,*,#4498,.T.);
#6016=ORIENTED_EDGE('',*,*,#4499,.T.);
#6017=ORIENTED_EDGE('',*,*,#4500,.T.);
#6018=ORIENTED_EDGE('',*,*,#4501,.T.);
#6019=ORIENTED_EDGE('',*,*,#4502,.T.);
#6020=ORIENTED_EDGE('',*,*,#4503,.T.);
#6021=ORIENTED_EDGE('',*,*,#4438,.T.);
#6022=ORIENTED_EDGE('',*,*,#4504,.F.);
#6023=ORIENTED_EDGE('',*,*,#4505,.F.);
#6024=ORIENTED_EDGE('',*,*,#4506,.T.);
#6025=ORIENTED_EDGE('',*,*,#4507,.T.);
#6026=ORIENTED_EDGE('',*,*,#4508,.F.);
#6027=ORIENTED_EDGE('',*,*,#4509,.T.);
#6028=ORIENTED_EDGE('',*,*,#4510,.T.);
#6029=ORIENTED_EDGE('',*,*,#4511,.F.);
#6030=ORIENTED_EDGE('',*,*,#4512,.F.);
#6031=ORIENTED_EDGE('',*,*,#4513,.T.);
#6032=ORIENTED_EDGE('',*,*,#4514,.T.);
#6033=ORIENTED_EDGE('',*,*,#4515,.F.);
#6034=ORIENTED_EDGE('',*,*,#4516,.F.);
#6035=ORIENTED_EDGE('',*,*,#4517,.F.);
#6036=ORIENTED_EDGE('',*,*,#4518,.T.);
#6037=ORIENTED_EDGE('',*,*,#4519,.T.);
#6038=ORIENTED_EDGE('',*,*,#4520,.F.);
#6039=ORIENTED_EDGE('',*,*,#4442,.T.);
#6040=ORIENTED_EDGE('',*,*,#4436,.T.);
#6041=ORIENTED_EDGE('',*,*,#4503,.F.);
#6042=ORIENTED_EDGE('',*,*,#4440,.F.);
#6043=ORIENTED_EDGE('',*,*,#4464,.T.);
#6044=ORIENTED_EDGE('',*,*,#4521,.T.);
#6045=ORIENTED_EDGE('',*,*,#4481,.F.);
#6046=ORIENTED_EDGE('',*,*,#4522,.F.);
#6047=ORIENTED_EDGE('',*,*,#4443,.T.);
#6048=ORIENTED_EDGE('',*,*,#4520,.T.);
#6049=ORIENTED_EDGE('',*,*,#4502,.F.);
#6050=ORIENTED_EDGE('',*,*,#4521,.F.);
#6051=ORIENTED_EDGE('',*,*,#4463,.T.);
#6052=ORIENTED_EDGE('',*,*,#4523,.T.);
#6053=ORIENTED_EDGE('',*,*,#4482,.F.);
#6054=ORIENTED_EDGE('',*,*,#4524,.F.);
#6055=ORIENTED_EDGE('',*,*,#4444,.T.);
#6056=ORIENTED_EDGE('',*,*,#4522,.T.);
#6057=ORIENTED_EDGE('',*,*,#4501,.F.);
#6058=ORIENTED_EDGE('',*,*,#4523,.F.);
#6059=ORIENTED_EDGE('',*,*,#4462,.T.);
#6060=ORIENTED_EDGE('',*,*,#4525,.T.);
#6061=ORIENTED_EDGE('',*,*,#4483,.F.);
#6062=ORIENTED_EDGE('',*,*,#4526,.F.);
#6063=ORIENTED_EDGE('',*,*,#4445,.T.);
#6064=ORIENTED_EDGE('',*,*,#4524,.T.);
#6065=ORIENTED_EDGE('',*,*,#4500,.F.);
#6066=ORIENTED_EDGE('',*,*,#4525,.F.);
#6067=ORIENTED_EDGE('',*,*,#4461,.T.);
#6068=ORIENTED_EDGE('',*,*,#4527,.T.);
#6069=ORIENTED_EDGE('',*,*,#4484,.F.);
#6070=ORIENTED_EDGE('',*,*,#4528,.F.);
#6071=ORIENTED_EDGE('',*,*,#4446,.T.);
#6072=ORIENTED_EDGE('',*,*,#4526,.T.);
#6073=ORIENTED_EDGE('',*,*,#4499,.F.);
#6074=ORIENTED_EDGE('',*,*,#4527,.F.);
#6075=ORIENTED_EDGE('',*,*,#4460,.T.);
#6076=ORIENTED_EDGE('',*,*,#4529,.T.);
#6077=ORIENTED_EDGE('',*,*,#4485,.F.);
#6078=ORIENTED_EDGE('',*,*,#4530,.F.);
#6079=ORIENTED_EDGE('',*,*,#4447,.T.);
#6080=ORIENTED_EDGE('',*,*,#4528,.T.);
#6081=ORIENTED_EDGE('',*,*,#4498,.F.);
#6082=ORIENTED_EDGE('',*,*,#4529,.F.);
#6083=ORIENTED_EDGE('',*,*,#4459,.T.);
#6084=ORIENTED_EDGE('',*,*,#4531,.T.);
#6085=ORIENTED_EDGE('',*,*,#4486,.F.);
#6086=ORIENTED_EDGE('',*,*,#4532,.F.);
#6087=ORIENTED_EDGE('',*,*,#4448,.T.);
#6088=ORIENTED_EDGE('',*,*,#4530,.T.);
#6089=ORIENTED_EDGE('',*,*,#4497,.F.);
#6090=ORIENTED_EDGE('',*,*,#4531,.F.);
#6091=ORIENTED_EDGE('',*,*,#4458,.T.);
#6092=ORIENTED_EDGE('',*,*,#4533,.T.);
#6093=ORIENTED_EDGE('',*,*,#4487,.F.);
#6094=ORIENTED_EDGE('',*,*,#4534,.F.);
#6095=ORIENTED_EDGE('',*,*,#4449,.T.);
#6096=ORIENTED_EDGE('',*,*,#4532,.T.);
#6097=ORIENTED_EDGE('',*,*,#4496,.F.);
#6098=ORIENTED_EDGE('',*,*,#4533,.F.);
#6099=ORIENTED_EDGE('',*,*,#4457,.T.);
#6100=ORIENTED_EDGE('',*,*,#4535,.T.);
#6101=ORIENTED_EDGE('',*,*,#4488,.F.);
#6102=ORIENTED_EDGE('',*,*,#4536,.F.);
#6103=ORIENTED_EDGE('',*,*,#4450,.T.);
#6104=ORIENTED_EDGE('',*,*,#4534,.T.);
#6105=ORIENTED_EDGE('',*,*,#4495,.F.);
#6106=ORIENTED_EDGE('',*,*,#4535,.F.);
#6107=ORIENTED_EDGE('',*,*,#4456,.T.);
#6108=ORIENTED_EDGE('',*,*,#4537,.T.);
#6109=ORIENTED_EDGE('',*,*,#4489,.F.);
#6110=ORIENTED_EDGE('',*,*,#4538,.F.);
#6111=ORIENTED_EDGE('',*,*,#4451,.T.);
#6112=ORIENTED_EDGE('',*,*,#4536,.T.);
#6113=ORIENTED_EDGE('',*,*,#4494,.F.);
#6114=ORIENTED_EDGE('',*,*,#4537,.F.);
#6115=ORIENTED_EDGE('',*,*,#4455,.T.);
#6116=ORIENTED_EDGE('',*,*,#4539,.T.);
#6117=ORIENTED_EDGE('',*,*,#4490,.F.);
#6118=ORIENTED_EDGE('',*,*,#4540,.F.);
#6119=ORIENTED_EDGE('',*,*,#4452,.T.);
#6120=ORIENTED_EDGE('',*,*,#4538,.T.);
#6121=ORIENTED_EDGE('',*,*,#4493,.F.);
#6122=ORIENTED_EDGE('',*,*,#4539,.F.);
#6123=ORIENTED_EDGE('',*,*,#4454,.T.);
#6124=ORIENTED_EDGE('',*,*,#4541,.T.);
#6125=ORIENTED_EDGE('',*,*,#4491,.F.);
#6126=ORIENTED_EDGE('',*,*,#4541,.F.);
#6127=ORIENTED_EDGE('',*,*,#4453,.T.);
#6128=ORIENTED_EDGE('',*,*,#4540,.T.);
#6129=ORIENTED_EDGE('',*,*,#4492,.F.);
#6130=ORIENTED_EDGE('',*,*,#4542,.F.);
#6131=ORIENTED_EDGE('',*,*,#4543,.F.);
#6132=ORIENTED_EDGE('',*,*,#4544,.T.);
#6133=ORIENTED_EDGE('',*,*,#4465,.F.);
#6134=ORIENTED_EDGE('',*,*,#4545,.T.);
#6135=ORIENTED_EDGE('',*,*,#4466,.T.);
#6136=ORIENTED_EDGE('',*,*,#4544,.F.);
#6137=ORIENTED_EDGE('',*,*,#4546,.F.);
#6138=ORIENTED_EDGE('',*,*,#4547,.T.);
#6139=ORIENTED_EDGE('',*,*,#4467,.T.);
#6140=ORIENTED_EDGE('',*,*,#4545,.F.);
#6141=ORIENTED_EDGE('',*,*,#4548,.T.);
#6142=ORIENTED_EDGE('',*,*,#4547,.F.);
#6143=ORIENTED_EDGE('',*,*,#4549,.T.);
#6144=ORIENTED_EDGE('',*,*,#4542,.T.);
#6145=ORIENTED_EDGE('',*,*,#4468,.F.);
#6146=ORIENTED_EDGE('',*,*,#4550,.F.);
#6147=ORIENTED_EDGE('',*,*,#4551,.T.);
#6148=ORIENTED_EDGE('',*,*,#4552,.T.);
#6149=ORIENTED_EDGE('',*,*,#4469,.F.);
#6150=ORIENTED_EDGE('',*,*,#4552,.F.);
#6151=ORIENTED_EDGE('',*,*,#4553,.F.);
#6152=ORIENTED_EDGE('',*,*,#4554,.T.);
#6153=ORIENTED_EDGE('',*,*,#4470,.F.);
#6154=ORIENTED_EDGE('',*,*,#4555,.T.);
#6155=ORIENTED_EDGE('',*,*,#4471,.T.);
#6156=ORIENTED_EDGE('',*,*,#4554,.F.);
#6157=ORIENTED_EDGE('',*,*,#4556,.F.);
#6158=ORIENTED_EDGE('',*,*,#4550,.T.);
#6159=ORIENTED_EDGE('',*,*,#4472,.T.);
#6160=ORIENTED_EDGE('',*,*,#4555,.F.);
#6161=ORIENTED_EDGE('',*,*,#4557,.T.);
#6162=ORIENTED_EDGE('',*,*,#4558,.F.);
#6163=ORIENTED_EDGE('',*,*,#4559,.T.);
#6164=ORIENTED_EDGE('',*,*,#4560,.T.);
#6165=ORIENTED_EDGE('',*,*,#4473,.F.);
#6166=ORIENTED_EDGE('',*,*,#4560,.F.);
#6167=ORIENTED_EDGE('',*,*,#4561,.F.);
#6168=ORIENTED_EDGE('',*,*,#4562,.T.);
#6169=ORIENTED_EDGE('',*,*,#4474,.F.);
#6170=ORIENTED_EDGE('',*,*,#4563,.T.);
#6171=ORIENTED_EDGE('',*,*,#4475,.T.);
#6172=ORIENTED_EDGE('',*,*,#4562,.F.);
#6173=ORIENTED_EDGE('',*,*,#4564,.F.);
#6174=ORIENTED_EDGE('',*,*,#4558,.T.);
#6175=ORIENTED_EDGE('',*,*,#4476,.T.);
#6176=ORIENTED_EDGE('',*,*,#4563,.F.);
#6177=ORIENTED_EDGE('',*,*,#4565,.T.);
#6178=ORIENTED_EDGE('',*,*,#4566,.F.);
#6179=ORIENTED_EDGE('',*,*,#4567,.F.);
#6180=ORIENTED_EDGE('',*,*,#4568,.T.);
#6181=ORIENTED_EDGE('',*,*,#4477,.F.);
#6182=ORIENTED_EDGE('',*,*,#4569,.T.);
#6183=ORIENTED_EDGE('',*,*,#4478,.T.);
#6184=ORIENTED_EDGE('',*,*,#4568,.F.);
#6185=ORIENTED_EDGE('',*,*,#4570,.F.);
#6186=ORIENTED_EDGE('',*,*,#4571,.T.);
#6187=ORIENTED_EDGE('',*,*,#4479,.T.);
#6188=ORIENTED_EDGE('',*,*,#4569,.F.);
#6189=ORIENTED_EDGE('',*,*,#4572,.T.);
#6190=ORIENTED_EDGE('',*,*,#4571,.F.);
#6191=ORIENTED_EDGE('',*,*,#4573,.T.);
#6192=ORIENTED_EDGE('',*,*,#4566,.T.);
#6193=ORIENTED_EDGE('',*,*,#4480,.F.);
#6194=ORIENTED_EDGE('',*,*,#4574,.F.);
#6195=ORIENTED_EDGE('',*,*,#4504,.T.);
#6196=ORIENTED_EDGE('',*,*,#4575,.T.);
#6197=ORIENTED_EDGE('',*,*,#4576,.T.);
#6198=ORIENTED_EDGE('',*,*,#4577,.T.);
#6199=ORIENTED_EDGE('',*,*,#4578,.T.);
#6200=ORIENTED_EDGE('',*,*,#4575,.F.);
#6201=ORIENTED_EDGE('',*,*,#4507,.F.);
#6202=ORIENTED_EDGE('',*,*,#4579,.T.);
#6203=ORIENTED_EDGE('',*,*,#4580,.F.);
#6204=ORIENTED_EDGE('',*,*,#4577,.F.);
#6205=ORIENTED_EDGE('',*,*,#4506,.F.);
#6206=ORIENTED_EDGE('',*,*,#4579,.F.);
#6207=ORIENTED_EDGE('',*,*,#4505,.T.);
#6208=ORIENTED_EDGE('',*,*,#4574,.T.);
#6209=ORIENTED_EDGE('',*,*,#4581,.F.);
#6210=ORIENTED_EDGE('',*,*,#4582,.F.);
#6211=ORIENTED_EDGE('',*,*,#4508,.T.);
#6212=ORIENTED_EDGE('',*,*,#4583,.T.);
#6213=ORIENTED_EDGE('',*,*,#4584,.F.);
#6214=ORIENTED_EDGE('',*,*,#4583,.F.);
#6215=ORIENTED_EDGE('',*,*,#4511,.T.);
#6216=ORIENTED_EDGE('',*,*,#4585,.T.);
#6217=ORIENTED_EDGE('',*,*,#4586,.T.);
#6218=ORIENTED_EDGE('',*,*,#4587,.T.);
#6219=ORIENTED_EDGE('',*,*,#4588,.T.);
#6220=ORIENTED_EDGE('',*,*,#4585,.F.);
#6221=ORIENTED_EDGE('',*,*,#4510,.F.);
#6222=ORIENTED_EDGE('',*,*,#4582,.T.);
#6223=ORIENTED_EDGE('',*,*,#4589,.F.);
#6224=ORIENTED_EDGE('',*,*,#4587,.F.);
#6225=ORIENTED_EDGE('',*,*,#4509,.F.);
#6226=ORIENTED_EDGE('',*,*,#4590,.F.);
#6227=ORIENTED_EDGE('',*,*,#4512,.T.);
#6228=ORIENTED_EDGE('',*,*,#4591,.T.);
#6229=ORIENTED_EDGE('',*,*,#4592,.F.);
#6230=ORIENTED_EDGE('',*,*,#4591,.F.);
#6231=ORIENTED_EDGE('',*,*,#4515,.T.);
#6232=ORIENTED_EDGE('',*,*,#4593,.T.);
#6233=ORIENTED_EDGE('',*,*,#4594,.T.);
#6234=ORIENTED_EDGE('',*,*,#4595,.T.);
#6235=ORIENTED_EDGE('',*,*,#4596,.T.);
#6236=ORIENTED_EDGE('',*,*,#4593,.F.);
#6237=ORIENTED_EDGE('',*,*,#4514,.F.);
#6238=ORIENTED_EDGE('',*,*,#4590,.T.);
#6239=ORIENTED_EDGE('',*,*,#4597,.F.);
#6240=ORIENTED_EDGE('',*,*,#4595,.F.);
#6241=ORIENTED_EDGE('',*,*,#4513,.F.);
#6242=ORIENTED_EDGE('',*,*,#4598,.F.);
#6243=ORIENTED_EDGE('',*,*,#4516,.T.);
#6244=ORIENTED_EDGE('',*,*,#4599,.T.);
#6245=ORIENTED_EDGE('',*,*,#4600,.T.);
#6246=ORIENTED_EDGE('',*,*,#4601,.T.);
#6247=ORIENTED_EDGE('',*,*,#4602,.T.);
#6248=ORIENTED_EDGE('',*,*,#4599,.F.);
#6249=ORIENTED_EDGE('',*,*,#4519,.F.);
#6250=ORIENTED_EDGE('',*,*,#4603,.T.);
#6251=ORIENTED_EDGE('',*,*,#4604,.F.);
#6252=ORIENTED_EDGE('',*,*,#4601,.F.);
#6253=ORIENTED_EDGE('',*,*,#4518,.F.);
#6254=ORIENTED_EDGE('',*,*,#4603,.F.);
#6255=ORIENTED_EDGE('',*,*,#4517,.T.);
#6256=ORIENTED_EDGE('',*,*,#4598,.T.);
#6257=ORIENTED_EDGE('',*,*,#4605,.F.);
#6258=ORIENTED_EDGE('',*,*,#4606,.F.);
#6259=ORIENTED_EDGE('',*,*,#4543,.T.);
#6260=ORIENTED_EDGE('',*,*,#4607,.T.);
#6261=ORIENTED_EDGE('',*,*,#4608,.F.);
#6262=ORIENTED_EDGE('',*,*,#4609,.F.);
#6263=ORIENTED_EDGE('',*,*,#4546,.T.);
#6264=ORIENTED_EDGE('',*,*,#4606,.T.);
#6265=ORIENTED_EDGE('',*,*,#4610,.F.);
#6266=ORIENTED_EDGE('',*,*,#4609,.T.);
#6267=ORIENTED_EDGE('',*,*,#4611,.T.);
#6268=ORIENTED_EDGE('',*,*,#4612,.F.);
#6269=ORIENTED_EDGE('',*,*,#4548,.F.);
#6270=ORIENTED_EDGE('',*,*,#4612,.T.);
#6271=ORIENTED_EDGE('',*,*,#4613,.T.);
#6272=ORIENTED_EDGE('',*,*,#4607,.F.);
#6273=ORIENTED_EDGE('',*,*,#4549,.F.);
#6274=ORIENTED_EDGE('',*,*,#4614,.T.);
#6275=ORIENTED_EDGE('',*,*,#4615,.T.);
#6276=ORIENTED_EDGE('',*,*,#4616,.F.);
#6277=ORIENTED_EDGE('',*,*,#4551,.F.);
#6278=ORIENTED_EDGE('',*,*,#4617,.F.);
#6279=ORIENTED_EDGE('',*,*,#4553,.T.);
#6280=ORIENTED_EDGE('',*,*,#4616,.T.);
#6281=ORIENTED_EDGE('',*,*,#4618,.F.);
#6282=ORIENTED_EDGE('',*,*,#4619,.F.);
#6283=ORIENTED_EDGE('',*,*,#4556,.T.);
#6284=ORIENTED_EDGE('',*,*,#4617,.T.);
#6285=ORIENTED_EDGE('',*,*,#4620,.F.);
#6286=ORIENTED_EDGE('',*,*,#4619,.T.);
#6287=ORIENTED_EDGE('',*,*,#4621,.T.);
#6288=ORIENTED_EDGE('',*,*,#4614,.F.);
#6289=ORIENTED_EDGE('',*,*,#4557,.F.);
#6290=ORIENTED_EDGE('',*,*,#4622,.T.);
#6291=ORIENTED_EDGE('',*,*,#4623,.T.);
#6292=ORIENTED_EDGE('',*,*,#4624,.F.);
#6293=ORIENTED_EDGE('',*,*,#4559,.F.);
#6294=ORIENTED_EDGE('',*,*,#4625,.F.);
#6295=ORIENTED_EDGE('',*,*,#4561,.T.);
#6296=ORIENTED_EDGE('',*,*,#4624,.T.);
#6297=ORIENTED_EDGE('',*,*,#4626,.F.);
#6298=ORIENTED_EDGE('',*,*,#4627,.F.);
#6299=ORIENTED_EDGE('',*,*,#4564,.T.);
#6300=ORIENTED_EDGE('',*,*,#4625,.T.);
#6301=ORIENTED_EDGE('',*,*,#4628,.F.);
#6302=ORIENTED_EDGE('',*,*,#4627,.T.);
#6303=ORIENTED_EDGE('',*,*,#4629,.T.);
#6304=ORIENTED_EDGE('',*,*,#4622,.F.);
#6305=ORIENTED_EDGE('',*,*,#4565,.F.);
#6306=ORIENTED_EDGE('',*,*,#4630,.F.);
#6307=ORIENTED_EDGE('',*,*,#4567,.T.);
#6308=ORIENTED_EDGE('',*,*,#4631,.T.);
#6309=ORIENTED_EDGE('',*,*,#4632,.F.);
#6310=ORIENTED_EDGE('',*,*,#4633,.F.);
#6311=ORIENTED_EDGE('',*,*,#4570,.T.);
#6312=ORIENTED_EDGE('',*,*,#4630,.T.);
#6313=ORIENTED_EDGE('',*,*,#4634,.F.);
#6314=ORIENTED_EDGE('',*,*,#4633,.T.);
#6315=ORIENTED_EDGE('',*,*,#4635,.T.);
#6316=ORIENTED_EDGE('',*,*,#4636,.F.);
#6317=ORIENTED_EDGE('',*,*,#4572,.F.);
#6318=ORIENTED_EDGE('',*,*,#4636,.T.);
#6319=ORIENTED_EDGE('',*,*,#4637,.T.);
#6320=ORIENTED_EDGE('',*,*,#4631,.F.);
#6321=ORIENTED_EDGE('',*,*,#4573,.F.);
#6322=ORIENTED_EDGE('',*,*,#4638,.T.);
#6323=ORIENTED_EDGE('',*,*,#4639,.T.);
#6324=ORIENTED_EDGE('',*,*,#4640,.F.);
#6325=ORIENTED_EDGE('',*,*,#4576,.F.);
#6326=ORIENTED_EDGE('',*,*,#4641,.T.);
#6327=ORIENTED_EDGE('',*,*,#4642,.T.);
#6328=ORIENTED_EDGE('',*,*,#4638,.F.);
#6329=ORIENTED_EDGE('',*,*,#4578,.F.);
#6330=ORIENTED_EDGE('',*,*,#4641,.F.);
#6331=ORIENTED_EDGE('',*,*,#4580,.T.);
#6332=ORIENTED_EDGE('',*,*,#4643,.T.);
#6333=ORIENTED_EDGE('',*,*,#4644,.F.);
#6334=ORIENTED_EDGE('',*,*,#4643,.F.);
#6335=ORIENTED_EDGE('',*,*,#4581,.T.);
#6336=ORIENTED_EDGE('',*,*,#4640,.T.);
#6337=ORIENTED_EDGE('',*,*,#4645,.F.);
#6338=ORIENTED_EDGE('',*,*,#4646,.F.);
#6339=ORIENTED_EDGE('',*,*,#4584,.T.);
#6340=ORIENTED_EDGE('',*,*,#4647,.T.);
#6341=ORIENTED_EDGE('',*,*,#4648,.F.);
#6342=ORIENTED_EDGE('',*,*,#4649,.T.);
#6343=ORIENTED_EDGE('',*,*,#4650,.T.);
#6344=ORIENTED_EDGE('',*,*,#4647,.F.);
#6345=ORIENTED_EDGE('',*,*,#4586,.F.);
#6346=ORIENTED_EDGE('',*,*,#4651,.T.);
#6347=ORIENTED_EDGE('',*,*,#4652,.T.);
#6348=ORIENTED_EDGE('',*,*,#4649,.F.);
#6349=ORIENTED_EDGE('',*,*,#4588,.F.);
#6350=ORIENTED_EDGE('',*,*,#4651,.F.);
#6351=ORIENTED_EDGE('',*,*,#4589,.T.);
#6352=ORIENTED_EDGE('',*,*,#4646,.T.);
#6353=ORIENTED_EDGE('',*,*,#4653,.F.);
#6354=ORIENTED_EDGE('',*,*,#4654,.F.);
#6355=ORIENTED_EDGE('',*,*,#4592,.T.);
#6356=ORIENTED_EDGE('',*,*,#4655,.T.);
#6357=ORIENTED_EDGE('',*,*,#4656,.F.);
#6358=ORIENTED_EDGE('',*,*,#4657,.T.);
#6359=ORIENTED_EDGE('',*,*,#4658,.T.);
#6360=ORIENTED_EDGE('',*,*,#4655,.F.);
#6361=ORIENTED_EDGE('',*,*,#4594,.F.);
#6362=ORIENTED_EDGE('',*,*,#4659,.T.);
#6363=ORIENTED_EDGE('',*,*,#4660,.T.);
#6364=ORIENTED_EDGE('',*,*,#4657,.F.);
#6365=ORIENTED_EDGE('',*,*,#4596,.F.);
#6366=ORIENTED_EDGE('',*,*,#4659,.F.);
#6367=ORIENTED_EDGE('',*,*,#4597,.T.);
#6368=ORIENTED_EDGE('',*,*,#4654,.T.);
#6369=ORIENTED_EDGE('',*,*,#4661,.F.);
#6370=ORIENTED_EDGE('',*,*,#4662,.T.);
#6371=ORIENTED_EDGE('',*,*,#4663,.T.);
#6372=ORIENTED_EDGE('',*,*,#4664,.F.);
#6373=ORIENTED_EDGE('',*,*,#4600,.F.);
#6374=ORIENTED_EDGE('',*,*,#4665,.T.);
#6375=ORIENTED_EDGE('',*,*,#4666,.T.);
#6376=ORIENTED_EDGE('',*,*,#4662,.F.);
#6377=ORIENTED_EDGE('',*,*,#4602,.F.);
#6378=ORIENTED_EDGE('',*,*,#4665,.F.);
#6379=ORIENTED_EDGE('',*,*,#4604,.T.);
#6380=ORIENTED_EDGE('',*,*,#4667,.T.);
#6381=ORIENTED_EDGE('',*,*,#4668,.F.);
#6382=ORIENTED_EDGE('',*,*,#4667,.F.);
#6383=ORIENTED_EDGE('',*,*,#4605,.T.);
#6384=ORIENTED_EDGE('',*,*,#4664,.T.);
#6385=ORIENTED_EDGE('',*,*,#4669,.F.);
#6386=ORIENTED_EDGE('',*,*,#4613,.F.);
#6387=ORIENTED_EDGE('',*,*,#4611,.F.);
#6388=ORIENTED_EDGE('',*,*,#4610,.T.);
#6389=ORIENTED_EDGE('',*,*,#4608,.T.);
#6390=ORIENTED_EDGE('',*,*,#4615,.F.);
#6391=ORIENTED_EDGE('',*,*,#4621,.F.);
#6392=ORIENTED_EDGE('',*,*,#4620,.T.);
#6393=ORIENTED_EDGE('',*,*,#4618,.T.);
#6394=ORIENTED_EDGE('',*,*,#4623,.F.);
#6395=ORIENTED_EDGE('',*,*,#4629,.F.);
#6396=ORIENTED_EDGE('',*,*,#4628,.T.);
#6397=ORIENTED_EDGE('',*,*,#4626,.T.);
#6398=ORIENTED_EDGE('',*,*,#4637,.F.);
#6399=ORIENTED_EDGE('',*,*,#4635,.F.);
#6400=ORIENTED_EDGE('',*,*,#4634,.T.);
#6401=ORIENTED_EDGE('',*,*,#4632,.T.);
#6402=ORIENTED_EDGE('',*,*,#4645,.T.);
#6403=ORIENTED_EDGE('',*,*,#4639,.F.);
#6404=ORIENTED_EDGE('',*,*,#4642,.F.);
#6405=ORIENTED_EDGE('',*,*,#4644,.T.);
#6406=ORIENTED_EDGE('',*,*,#4648,.T.);
#6407=ORIENTED_EDGE('',*,*,#4650,.F.);
#6408=ORIENTED_EDGE('',*,*,#4652,.F.);
#6409=ORIENTED_EDGE('',*,*,#4653,.T.);
#6410=ORIENTED_EDGE('',*,*,#4656,.T.);
#6411=ORIENTED_EDGE('',*,*,#4658,.F.);
#6412=ORIENTED_EDGE('',*,*,#4660,.F.);
#6413=ORIENTED_EDGE('',*,*,#4661,.T.);
#6414=ORIENTED_EDGE('',*,*,#4669,.T.);
#6415=ORIENTED_EDGE('',*,*,#4663,.F.);
#6416=ORIENTED_EDGE('',*,*,#4666,.F.);
#6417=ORIENTED_EDGE('',*,*,#4668,.T.);
#6418=ORIENTED_EDGE('',*,*,#4670,.T.);
#6419=ORIENTED_EDGE('',*,*,#4671,.T.);
#6420=ORIENTED_EDGE('',*,*,#4672,.F.);
#6421=ORIENTED_EDGE('',*,*,#4673,.F.);
#6422=ORIENTED_EDGE('',*,*,#4674,.T.);
#6423=ORIENTED_EDGE('',*,*,#4675,.T.);
#6424=ORIENTED_EDGE('',*,*,#4670,.F.);
#6425=ORIENTED_EDGE('',*,*,#4676,.F.);
#6426=ORIENTED_EDGE('',*,*,#4672,.T.);
#6427=ORIENTED_EDGE('',*,*,#4677,.T.);
#6428=ORIENTED_EDGE('',*,*,#4678,.F.);
#6429=ORIENTED_EDGE('',*,*,#4679,.F.);
#6430=ORIENTED_EDGE('',*,*,#4673,.T.);
#6431=ORIENTED_EDGE('',*,*,#4679,.T.);
#6432=ORIENTED_EDGE('',*,*,#4680,.T.);
#6433=ORIENTED_EDGE('',*,*,#4676,.T.);
#6434=ORIENTED_EDGE('',*,*,#4681,.F.);
#6435=ORIENTED_EDGE('',*,*,#4682,.F.);
#6436=ORIENTED_EDGE('',*,*,#4683,.F.);
#6437=ORIENTED_EDGE('',*,*,#4684,.F.);
#6438=ORIENTED_EDGE('',*,*,#4685,.F.);
#6439=ORIENTED_EDGE('',*,*,#4686,.F.);
#6440=ORIENTED_EDGE('',*,*,#4687,.F.);
#6441=ORIENTED_EDGE('',*,*,#4688,.F.);
#6442=ORIENTED_EDGE('',*,*,#4689,.F.);
#6443=ORIENTED_EDGE('',*,*,#4690,.F.);
#6444=ORIENTED_EDGE('',*,*,#4691,.F.);
#6445=ORIENTED_EDGE('',*,*,#4692,.F.);
#6446=ORIENTED_EDGE('',*,*,#4693,.F.);
#6447=ORIENTED_EDGE('',*,*,#4694,.T.);
#6448=ORIENTED_EDGE('',*,*,#4695,.T.);
#6449=ORIENTED_EDGE('',*,*,#4696,.T.);
#6450=ORIENTED_EDGE('',*,*,#4697,.T.);
#6451=ORIENTED_EDGE('',*,*,#4698,.F.);
#6452=ORIENTED_EDGE('',*,*,#4699,.F.);
#6453=ORIENTED_EDGE('',*,*,#4700,.F.);
#6454=ORIENTED_EDGE('',*,*,#4701,.F.);
#6455=ORIENTED_EDGE('',*,*,#4702,.F.);
#6456=ORIENTED_EDGE('',*,*,#4703,.F.);
#6457=ORIENTED_EDGE('',*,*,#4704,.F.);
#6458=ORIENTED_EDGE('',*,*,#4705,.F.);
#6459=ORIENTED_EDGE('',*,*,#4706,.F.);
#6460=ORIENTED_EDGE('',*,*,#4707,.F.);
#6461=ORIENTED_EDGE('',*,*,#4708,.F.);
#6462=ORIENTED_EDGE('',*,*,#4709,.F.);
#6463=ORIENTED_EDGE('',*,*,#4710,.F.);
#6464=ORIENTED_EDGE('',*,*,#4711,.F.);
#6465=ORIENTED_EDGE('',*,*,#4712,.F.);
#6466=ORIENTED_EDGE('',*,*,#4713,.F.);
#6467=ORIENTED_EDGE('',*,*,#4714,.F.);
#6468=ORIENTED_EDGE('',*,*,#4715,.F.);
#6469=ORIENTED_EDGE('',*,*,#4716,.F.);
#6470=ORIENTED_EDGE('',*,*,#4717,.F.);
#6471=ORIENTED_EDGE('',*,*,#4718,.F.);
#6472=ORIENTED_EDGE('',*,*,#4719,.F.);
#6473=ORIENTED_EDGE('',*,*,#4720,.F.);
#6474=ORIENTED_EDGE('',*,*,#4721,.F.);
#6475=ORIENTED_EDGE('',*,*,#4722,.F.);
#6476=ORIENTED_EDGE('',*,*,#4723,.F.);
#6477=ORIENTED_EDGE('',*,*,#4724,.F.);
#6478=ORIENTED_EDGE('',*,*,#4725,.F.);
#6479=ORIENTED_EDGE('',*,*,#4726,.F.);
#6480=ORIENTED_EDGE('',*,*,#4727,.F.);
#6481=ORIENTED_EDGE('',*,*,#4728,.F.);
#6482=ORIENTED_EDGE('',*,*,#4729,.F.);
#6483=ORIENTED_EDGE('',*,*,#4730,.F.);
#6484=ORIENTED_EDGE('',*,*,#4731,.F.);
#6485=ORIENTED_EDGE('',*,*,#4732,.T.);
#6486=ORIENTED_EDGE('',*,*,#4733,.T.);
#6487=ORIENTED_EDGE('',*,*,#4734,.T.);
#6488=ORIENTED_EDGE('',*,*,#4735,.T.);
#6489=ORIENTED_EDGE('',*,*,#4736,.F.);
#6490=ORIENTED_EDGE('',*,*,#4737,.F.);
#6491=ORIENTED_EDGE('',*,*,#4738,.F.);
#6492=ORIENTED_EDGE('',*,*,#4739,.F.);
#6493=ORIENTED_EDGE('',*,*,#4740,.F.);
#6494=ORIENTED_EDGE('',*,*,#4741,.F.);
#6495=ORIENTED_EDGE('',*,*,#4742,.F.);
#6496=ORIENTED_EDGE('',*,*,#4743,.F.);
#6497=ORIENTED_EDGE('',*,*,#4744,.F.);
#6498=ORIENTED_EDGE('',*,*,#4745,.F.);
#6499=ORIENTED_EDGE('',*,*,#4746,.F.);
#6500=ORIENTED_EDGE('',*,*,#4747,.F.);
#6501=ORIENTED_EDGE('',*,*,#4748,.F.);
#6502=ORIENTED_EDGE('',*,*,#4749,.F.);
#6503=ORIENTED_EDGE('',*,*,#4750,.F.);
#6504=ORIENTED_EDGE('',*,*,#4751,.F.);
#6505=ORIENTED_EDGE('',*,*,#4752,.F.);
#6506=ORIENTED_EDGE('',*,*,#4753,.F.);
#6507=ORIENTED_EDGE('',*,*,#4754,.F.);
#6508=ORIENTED_EDGE('',*,*,#4755,.F.);
#6509=ORIENTED_EDGE('',*,*,#4756,.F.);
#6510=ORIENTED_EDGE('',*,*,#4671,.F.);
#6511=ORIENTED_EDGE('',*,*,#4675,.F.);
#6512=ORIENTED_EDGE('',*,*,#4757,.F.);
#6513=ORIENTED_EDGE('',*,*,#4677,.F.);
#6514=ORIENTED_EDGE('',*,*,#4758,.T.);
#6515=ORIENTED_EDGE('',*,*,#4759,.T.);
#6516=ORIENTED_EDGE('',*,*,#4760,.T.);
#6517=ORIENTED_EDGE('',*,*,#4761,.T.);
#6518=ORIENTED_EDGE('',*,*,#4762,.T.);
#6519=ORIENTED_EDGE('',*,*,#4763,.T.);
#6520=ORIENTED_EDGE('',*,*,#4764,.T.);
#6521=ORIENTED_EDGE('',*,*,#4765,.T.);
#6522=ORIENTED_EDGE('',*,*,#4766,.T.);
#6523=ORIENTED_EDGE('',*,*,#4767,.T.);
#6524=ORIENTED_EDGE('',*,*,#4768,.T.);
#6525=ORIENTED_EDGE('',*,*,#4769,.T.);
#6526=ORIENTED_EDGE('',*,*,#4770,.T.);
#6527=ORIENTED_EDGE('',*,*,#4771,.F.);
#6528=ORIENTED_EDGE('',*,*,#4772,.F.);
#6529=ORIENTED_EDGE('',*,*,#4773,.F.);
#6530=ORIENTED_EDGE('',*,*,#4774,.F.);
#6531=ORIENTED_EDGE('',*,*,#4775,.T.);
#6532=ORIENTED_EDGE('',*,*,#4776,.T.);
#6533=ORIENTED_EDGE('',*,*,#4777,.T.);
#6534=ORIENTED_EDGE('',*,*,#4778,.T.);
#6535=ORIENTED_EDGE('',*,*,#4779,.T.);
#6536=ORIENTED_EDGE('',*,*,#4780,.T.);
#6537=ORIENTED_EDGE('',*,*,#4781,.T.);
#6538=ORIENTED_EDGE('',*,*,#4782,.T.);
#6539=ORIENTED_EDGE('',*,*,#4783,.T.);
#6540=ORIENTED_EDGE('',*,*,#4784,.T.);
#6541=ORIENTED_EDGE('',*,*,#4785,.T.);
#6542=ORIENTED_EDGE('',*,*,#4786,.T.);
#6543=ORIENTED_EDGE('',*,*,#4787,.T.);
#6544=ORIENTED_EDGE('',*,*,#4788,.T.);
#6545=ORIENTED_EDGE('',*,*,#4789,.T.);
#6546=ORIENTED_EDGE('',*,*,#4790,.T.);
#6547=ORIENTED_EDGE('',*,*,#4791,.T.);
#6548=ORIENTED_EDGE('',*,*,#4792,.T.);
#6549=ORIENTED_EDGE('',*,*,#4793,.T.);
#6550=ORIENTED_EDGE('',*,*,#4794,.T.);
#6551=ORIENTED_EDGE('',*,*,#4795,.T.);
#6552=ORIENTED_EDGE('',*,*,#4796,.T.);
#6553=ORIENTED_EDGE('',*,*,#4797,.T.);
#6554=ORIENTED_EDGE('',*,*,#4798,.T.);
#6555=ORIENTED_EDGE('',*,*,#4799,.T.);
#6556=ORIENTED_EDGE('',*,*,#4800,.T.);
#6557=ORIENTED_EDGE('',*,*,#4801,.T.);
#6558=ORIENTED_EDGE('',*,*,#4802,.T.);
#6559=ORIENTED_EDGE('',*,*,#4803,.T.);
#6560=ORIENTED_EDGE('',*,*,#4804,.T.);
#6561=ORIENTED_EDGE('',*,*,#4805,.T.);
#6562=ORIENTED_EDGE('',*,*,#4806,.T.);
#6563=ORIENTED_EDGE('',*,*,#4807,.T.);
#6564=ORIENTED_EDGE('',*,*,#4808,.T.);
#6565=ORIENTED_EDGE('',*,*,#4809,.F.);
#6566=ORIENTED_EDGE('',*,*,#4810,.F.);
#6567=ORIENTED_EDGE('',*,*,#4811,.F.);
#6568=ORIENTED_EDGE('',*,*,#4812,.F.);
#6569=ORIENTED_EDGE('',*,*,#4813,.T.);
#6570=ORIENTED_EDGE('',*,*,#4814,.T.);
#6571=ORIENTED_EDGE('',*,*,#4815,.T.);
#6572=ORIENTED_EDGE('',*,*,#4816,.T.);
#6573=ORIENTED_EDGE('',*,*,#4817,.T.);
#6574=ORIENTED_EDGE('',*,*,#4818,.T.);
#6575=ORIENTED_EDGE('',*,*,#4819,.T.);
#6576=ORIENTED_EDGE('',*,*,#4820,.T.);
#6577=ORIENTED_EDGE('',*,*,#4821,.T.);
#6578=ORIENTED_EDGE('',*,*,#4822,.T.);
#6579=ORIENTED_EDGE('',*,*,#4823,.T.);
#6580=ORIENTED_EDGE('',*,*,#4824,.T.);
#6581=ORIENTED_EDGE('',*,*,#4825,.T.);
#6582=ORIENTED_EDGE('',*,*,#4826,.T.);
#6583=ORIENTED_EDGE('',*,*,#4827,.T.);
#6584=ORIENTED_EDGE('',*,*,#4828,.T.);
#6585=ORIENTED_EDGE('',*,*,#4829,.T.);
#6586=ORIENTED_EDGE('',*,*,#4830,.T.);
#6587=ORIENTED_EDGE('',*,*,#4831,.T.);
#6588=ORIENTED_EDGE('',*,*,#4832,.T.);
#6589=ORIENTED_EDGE('',*,*,#4833,.T.);
#6590=ORIENTED_EDGE('',*,*,#4678,.T.);
#6591=ORIENTED_EDGE('',*,*,#4757,.T.);
#6592=ORIENTED_EDGE('',*,*,#4674,.F.);
#6593=ORIENTED_EDGE('',*,*,#4680,.F.);
#6594=ORIENTED_EDGE('',*,*,#4758,.F.);
#6595=ORIENTED_EDGE('',*,*,#4834,.T.);
#6596=ORIENTED_EDGE('',*,*,#4681,.T.);
#6597=ORIENTED_EDGE('',*,*,#4834,.F.);
#6598=ORIENTED_EDGE('',*,*,#4759,.F.);
#6599=ORIENTED_EDGE('',*,*,#4835,.T.);
#6600=ORIENTED_EDGE('',*,*,#4682,.T.);
#6601=ORIENTED_EDGE('',*,*,#4835,.F.);
#6602=ORIENTED_EDGE('',*,*,#4760,.F.);
#6603=ORIENTED_EDGE('',*,*,#4836,.T.);
#6604=ORIENTED_EDGE('',*,*,#4683,.T.);
#6605=ORIENTED_EDGE('',*,*,#4836,.F.);
#6606=ORIENTED_EDGE('',*,*,#4761,.F.);
#6607=ORIENTED_EDGE('',*,*,#4837,.T.);
#6608=ORIENTED_EDGE('',*,*,#4684,.T.);
#6609=ORIENTED_EDGE('',*,*,#4837,.F.);
#6610=ORIENTED_EDGE('',*,*,#4762,.F.);
#6611=ORIENTED_EDGE('',*,*,#4838,.T.);
#6612=ORIENTED_EDGE('',*,*,#4685,.T.);
#6613=ORIENTED_EDGE('',*,*,#4838,.F.);
#6614=ORIENTED_EDGE('',*,*,#4763,.F.);
#6615=ORIENTED_EDGE('',*,*,#4839,.T.);
#6616=ORIENTED_EDGE('',*,*,#4686,.T.);
#6617=ORIENTED_EDGE('',*,*,#4839,.F.);
#6618=ORIENTED_EDGE('',*,*,#4764,.F.);
#6619=ORIENTED_EDGE('',*,*,#4840,.T.);
#6620=ORIENTED_EDGE('',*,*,#4687,.T.);
#6621=ORIENTED_EDGE('',*,*,#4840,.F.);
#6622=ORIENTED_EDGE('',*,*,#4765,.F.);
#6623=ORIENTED_EDGE('',*,*,#4841,.T.);
#6624=ORIENTED_EDGE('',*,*,#4688,.T.);
#6625=ORIENTED_EDGE('',*,*,#4841,.F.);
#6626=ORIENTED_EDGE('',*,*,#4766,.F.);
#6627=ORIENTED_EDGE('',*,*,#4842,.T.);
#6628=ORIENTED_EDGE('',*,*,#4689,.T.);
#6629=ORIENTED_EDGE('',*,*,#4842,.F.);
#6630=ORIENTED_EDGE('',*,*,#4767,.F.);
#6631=ORIENTED_EDGE('',*,*,#4843,.T.);
#6632=ORIENTED_EDGE('',*,*,#4690,.T.);
#6633=ORIENTED_EDGE('',*,*,#4843,.F.);
#6634=ORIENTED_EDGE('',*,*,#4768,.F.);
#6635=ORIENTED_EDGE('',*,*,#4844,.T.);
#6636=ORIENTED_EDGE('',*,*,#4691,.T.);
#6637=ORIENTED_EDGE('',*,*,#4844,.F.);
#6638=ORIENTED_EDGE('',*,*,#4769,.F.);
#6639=ORIENTED_EDGE('',*,*,#4845,.T.);
#6640=ORIENTED_EDGE('',*,*,#4692,.T.);
#6641=ORIENTED_EDGE('',*,*,#4845,.F.);
#6642=ORIENTED_EDGE('',*,*,#4770,.F.);
#6643=ORIENTED_EDGE('',*,*,#4846,.T.);
#6644=ORIENTED_EDGE('',*,*,#4693,.T.);
#6645=ORIENTED_EDGE('',*,*,#4846,.F.);
#6646=ORIENTED_EDGE('',*,*,#4847,.T.);
#6647=ORIENTED_EDGE('',*,*,#4771,.T.);
#6648=ORIENTED_EDGE('',*,*,#4848,.F.);
#6649=ORIENTED_EDGE('',*,*,#4694,.F.);
#6650=ORIENTED_EDGE('',*,*,#4849,.T.);
#6651=ORIENTED_EDGE('',*,*,#4772,.T.);
#6652=ORIENTED_EDGE('',*,*,#4847,.F.);
#6653=ORIENTED_EDGE('',*,*,#4697,.F.);
#6654=ORIENTED_EDGE('',*,*,#4848,.T.);
#6655=ORIENTED_EDGE('',*,*,#4774,.T.);
#6656=ORIENTED_EDGE('',*,*,#4850,.F.);
#6657=ORIENTED_EDGE('',*,*,#4695,.F.);
#6658=ORIENTED_EDGE('',*,*,#4850,.T.);
#6659=ORIENTED_EDGE('',*,*,#4773,.T.);
#6660=ORIENTED_EDGE('',*,*,#4849,.F.);
#6661=ORIENTED_EDGE('',*,*,#4696,.F.);
#6662=ORIENTED_EDGE('',*,*,#4698,.T.);
#6663=ORIENTED_EDGE('',*,*,#4851,.T.);
#6664=ORIENTED_EDGE('',*,*,#4775,.F.);
#6665=ORIENTED_EDGE('',*,*,#4852,.F.);
#6666=ORIENTED_EDGE('',*,*,#4699,.T.);
#6667=ORIENTED_EDGE('',*,*,#4852,.T.);
#6668=ORIENTED_EDGE('',*,*,#4778,.F.);
#6669=ORIENTED_EDGE('',*,*,#4853,.F.);
#6670=ORIENTED_EDGE('',*,*,#4700,.T.);
#6671=ORIENTED_EDGE('',*,*,#4853,.T.);
#6672=ORIENTED_EDGE('',*,*,#4777,.F.);
#6673=ORIENTED_EDGE('',*,*,#4854,.F.);
#6674=ORIENTED_EDGE('',*,*,#4701,.T.);
#6675=ORIENTED_EDGE('',*,*,#4854,.T.);
#6676=ORIENTED_EDGE('',*,*,#4776,.F.);
#6677=ORIENTED_EDGE('',*,*,#4851,.F.);
#6678=ORIENTED_EDGE('',*,*,#4779,.F.);
#6679=ORIENTED_EDGE('',*,*,#4855,.T.);
#6680=ORIENTED_EDGE('',*,*,#4702,.T.);
#6681=ORIENTED_EDGE('',*,*,#4855,.F.);
#6682=ORIENTED_EDGE('',*,*,#4780,.F.);
#6683=ORIENTED_EDGE('',*,*,#4856,.T.);
#6684=ORIENTED_EDGE('',*,*,#4703,.T.);
#6685=ORIENTED_EDGE('',*,*,#4856,.F.);
#6686=ORIENTED_EDGE('',*,*,#4704,.T.);
#6687=ORIENTED_EDGE('',*,*,#4857,.T.);
#6688=ORIENTED_EDGE('',*,*,#4781,.F.);
#6689=ORIENTED_EDGE('',*,*,#4858,.F.);
#6690=ORIENTED_EDGE('',*,*,#4705,.T.);
#6691=ORIENTED_EDGE('',*,*,#4858,.T.);
#6692=ORIENTED_EDGE('',*,*,#4784,.F.);
#6693=ORIENTED_EDGE('',*,*,#4859,.F.);
#6694=ORIENTED_EDGE('',*,*,#4706,.T.);
#6695=ORIENTED_EDGE('',*,*,#4859,.T.);
#6696=ORIENTED_EDGE('',*,*,#4783,.F.);
#6697=ORIENTED_EDGE('',*,*,#4860,.F.);
#6698=ORIENTED_EDGE('',*,*,#4707,.T.);
#6699=ORIENTED_EDGE('',*,*,#4860,.T.);
#6700=ORIENTED_EDGE('',*,*,#4782,.F.);
#6701=ORIENTED_EDGE('',*,*,#4857,.F.);
#6702=ORIENTED_EDGE('',*,*,#4785,.F.);
#6703=ORIENTED_EDGE('',*,*,#4861,.T.);
#6704=ORIENTED_EDGE('',*,*,#4708,.T.);
#6705=ORIENTED_EDGE('',*,*,#4861,.F.);
#6706=ORIENTED_EDGE('',*,*,#4786,.F.);
#6707=ORIENTED_EDGE('',*,*,#4862,.T.);
#6708=ORIENTED_EDGE('',*,*,#4709,.T.);
#6709=ORIENTED_EDGE('',*,*,#4862,.F.);
#6710=ORIENTED_EDGE('',*,*,#4787,.F.);
#6711=ORIENTED_EDGE('',*,*,#4863,.T.);
#6712=ORIENTED_EDGE('',*,*,#4710,.T.);
#6713=ORIENTED_EDGE('',*,*,#4863,.F.);
#6714=ORIENTED_EDGE('',*,*,#4788,.F.);
#6715=ORIENTED_EDGE('',*,*,#4864,.T.);
#6716=ORIENTED_EDGE('',*,*,#4711,.T.);
#6717=ORIENTED_EDGE('',*,*,#4864,.F.);
#6718=ORIENTED_EDGE('',*,*,#4789,.F.);
#6719=ORIENTED_EDGE('',*,*,#4865,.T.);
#6720=ORIENTED_EDGE('',*,*,#4712,.T.);
#6721=ORIENTED_EDGE('',*,*,#4865,.F.);
#6722=ORIENTED_EDGE('',*,*,#4790,.F.);
#6723=ORIENTED_EDGE('',*,*,#4866,.T.);
#6724=ORIENTED_EDGE('',*,*,#4713,.T.);
#6725=ORIENTED_EDGE('',*,*,#4866,.F.);
#6726=ORIENTED_EDGE('',*,*,#4791,.F.);
#6727=ORIENTED_EDGE('',*,*,#4867,.T.);
#6728=ORIENTED_EDGE('',*,*,#4714,.T.);
#6729=ORIENTED_EDGE('',*,*,#4867,.F.);
#6730=ORIENTED_EDGE('',*,*,#4792,.F.);
#6731=ORIENTED_EDGE('',*,*,#4868,.T.);
#6732=ORIENTED_EDGE('',*,*,#4715,.T.);
#6733=ORIENTED_EDGE('',*,*,#4868,.F.);
#6734=ORIENTED_EDGE('',*,*,#4793,.F.);
#6735=ORIENTED_EDGE('',*,*,#4869,.T.);
#6736=ORIENTED_EDGE('',*,*,#4716,.T.);
#6737=ORIENTED_EDGE('',*,*,#4869,.F.);
#6738=ORIENTED_EDGE('',*,*,#4794,.F.);
#6739=ORIENTED_EDGE('',*,*,#4870,.T.);
#6740=ORIENTED_EDGE('',*,*,#4717,.T.);
#6741=ORIENTED_EDGE('',*,*,#4870,.F.);
#6742=ORIENTED_EDGE('',*,*,#4795,.F.);
#6743=ORIENTED_EDGE('',*,*,#4871,.T.);
#6744=ORIENTED_EDGE('',*,*,#4718,.T.);
#6745=ORIENTED_EDGE('',*,*,#4871,.F.);
#6746=ORIENTED_EDGE('',*,*,#4796,.F.);
#6747=ORIENTED_EDGE('',*,*,#4872,.T.);
#6748=ORIENTED_EDGE('',*,*,#4719,.T.);
#6749=ORIENTED_EDGE('',*,*,#4872,.F.);
#6750=ORIENTED_EDGE('',*,*,#4797,.F.);
#6751=ORIENTED_EDGE('',*,*,#4873,.T.);
#6752=ORIENTED_EDGE('',*,*,#4720,.T.);
#6753=ORIENTED_EDGE('',*,*,#4873,.F.);
#6754=ORIENTED_EDGE('',*,*,#4798,.F.);
#6755=ORIENTED_EDGE('',*,*,#4874,.T.);
#6756=ORIENTED_EDGE('',*,*,#4721,.T.);
#6757=ORIENTED_EDGE('',*,*,#4874,.F.);
#6758=ORIENTED_EDGE('',*,*,#4799,.F.);
#6759=ORIENTED_EDGE('',*,*,#4875,.T.);
#6760=ORIENTED_EDGE('',*,*,#4722,.T.);
#6761=ORIENTED_EDGE('',*,*,#4875,.F.);
#6762=ORIENTED_EDGE('',*,*,#4800,.F.);
#6763=ORIENTED_EDGE('',*,*,#4876,.T.);
#6764=ORIENTED_EDGE('',*,*,#4723,.T.);
#6765=ORIENTED_EDGE('',*,*,#4876,.F.);
#6766=ORIENTED_EDGE('',*,*,#4801,.F.);
#6767=ORIENTED_EDGE('',*,*,#4877,.T.);
#6768=ORIENTED_EDGE('',*,*,#4724,.T.);
#6769=ORIENTED_EDGE('',*,*,#4877,.F.);
#6770=ORIENTED_EDGE('',*,*,#4802,.F.);
#6771=ORIENTED_EDGE('',*,*,#4878,.T.);
#6772=ORIENTED_EDGE('',*,*,#4725,.T.);
#6773=ORIENTED_EDGE('',*,*,#4878,.F.);
#6774=ORIENTED_EDGE('',*,*,#4803,.F.);
#6775=ORIENTED_EDGE('',*,*,#4879,.T.);
#6776=ORIENTED_EDGE('',*,*,#4726,.T.);
#6777=ORIENTED_EDGE('',*,*,#4879,.F.);
#6778=ORIENTED_EDGE('',*,*,#4804,.F.);
#6779=ORIENTED_EDGE('',*,*,#4880,.T.);
#6780=ORIENTED_EDGE('',*,*,#4727,.T.);
#6781=ORIENTED_EDGE('',*,*,#4880,.F.);
#6782=ORIENTED_EDGE('',*,*,#4805,.F.);
#6783=ORIENTED_EDGE('',*,*,#4881,.T.);
#6784=ORIENTED_EDGE('',*,*,#4728,.T.);
#6785=ORIENTED_EDGE('',*,*,#4881,.F.);
#6786=ORIENTED_EDGE('',*,*,#4806,.F.);
#6787=ORIENTED_EDGE('',*,*,#4882,.T.);
#6788=ORIENTED_EDGE('',*,*,#4729,.T.);
#6789=ORIENTED_EDGE('',*,*,#4882,.F.);
#6790=ORIENTED_EDGE('',*,*,#4807,.F.);
#6791=ORIENTED_EDGE('',*,*,#4883,.T.);
#6792=ORIENTED_EDGE('',*,*,#4730,.T.);
#6793=ORIENTED_EDGE('',*,*,#4883,.F.);
#6794=ORIENTED_EDGE('',*,*,#4808,.F.);
#6795=ORIENTED_EDGE('',*,*,#4884,.T.);
#6796=ORIENTED_EDGE('',*,*,#4731,.T.);
#6797=ORIENTED_EDGE('',*,*,#4884,.F.);
#6798=ORIENTED_EDGE('',*,*,#4885,.T.);
#6799=ORIENTED_EDGE('',*,*,#4809,.T.);
#6800=ORIENTED_EDGE('',*,*,#4886,.F.);
#6801=ORIENTED_EDGE('',*,*,#4732,.F.);
#6802=ORIENTED_EDGE('',*,*,#4887,.T.);
#6803=ORIENTED_EDGE('',*,*,#4810,.T.);
#6804=ORIENTED_EDGE('',*,*,#4885,.F.);
#6805=ORIENTED_EDGE('',*,*,#4735,.F.);
#6806=ORIENTED_EDGE('',*,*,#4886,.T.);
#6807=ORIENTED_EDGE('',*,*,#4812,.T.);
#6808=ORIENTED_EDGE('',*,*,#4888,.F.);
#6809=ORIENTED_EDGE('',*,*,#4733,.F.);
#6810=ORIENTED_EDGE('',*,*,#4888,.T.);
#6811=ORIENTED_EDGE('',*,*,#4811,.T.);
#6812=ORIENTED_EDGE('',*,*,#4887,.F.);
#6813=ORIENTED_EDGE('',*,*,#4734,.F.);
#6814=ORIENTED_EDGE('',*,*,#4813,.F.);
#6815=ORIENTED_EDGE('',*,*,#4889,.T.);
#6816=ORIENTED_EDGE('',*,*,#4736,.T.);
#6817=ORIENTED_EDGE('',*,*,#4889,.F.);
#6818=ORIENTED_EDGE('',*,*,#4814,.F.);
#6819=ORIENTED_EDGE('',*,*,#4890,.T.);
#6820=ORIENTED_EDGE('',*,*,#4737,.T.);
#6821=ORIENTED_EDGE('',*,*,#4890,.F.);
#6822=ORIENTED_EDGE('',*,*,#4815,.F.);
#6823=ORIENTED_EDGE('',*,*,#4891,.T.);
#6824=ORIENTED_EDGE('',*,*,#4738,.T.);
#6825=ORIENTED_EDGE('',*,*,#4891,.F.);
#6826=ORIENTED_EDGE('',*,*,#4816,.F.);
#6827=ORIENTED_EDGE('',*,*,#4892,.T.);
#6828=ORIENTED_EDGE('',*,*,#4739,.T.);
#6829=ORIENTED_EDGE('',*,*,#4892,.F.);
#6830=ORIENTED_EDGE('',*,*,#4817,.F.);
#6831=ORIENTED_EDGE('',*,*,#4893,.T.);
#6832=ORIENTED_EDGE('',*,*,#4740,.T.);
#6833=ORIENTED_EDGE('',*,*,#4893,.F.);
#6834=ORIENTED_EDGE('',*,*,#4818,.F.);
#6835=ORIENTED_EDGE('',*,*,#4894,.T.);
#6836=ORIENTED_EDGE('',*,*,#4741,.T.);
#6837=ORIENTED_EDGE('',*,*,#4894,.F.);
#6838=ORIENTED_EDGE('',*,*,#4819,.F.);
#6839=ORIENTED_EDGE('',*,*,#4895,.T.);
#6840=ORIENTED_EDGE('',*,*,#4742,.T.);
#6841=ORIENTED_EDGE('',*,*,#4895,.F.);
#6842=ORIENTED_EDGE('',*,*,#4820,.F.);
#6843=ORIENTED_EDGE('',*,*,#4896,.T.);
#6844=ORIENTED_EDGE('',*,*,#4743,.T.);
#6845=ORIENTED_EDGE('',*,*,#4896,.F.);
#6846=ORIENTED_EDGE('',*,*,#4821,.F.);
#6847=ORIENTED_EDGE('',*,*,#4897,.T.);
#6848=ORIENTED_EDGE('',*,*,#4744,.T.);
#6849=ORIENTED_EDGE('',*,*,#4897,.F.);
#6850=ORIENTED_EDGE('',*,*,#4822,.F.);
#6851=ORIENTED_EDGE('',*,*,#4898,.T.);
#6852=ORIENTED_EDGE('',*,*,#4745,.T.);
#6853=ORIENTED_EDGE('',*,*,#4898,.F.);
#6854=ORIENTED_EDGE('',*,*,#4823,.F.);
#6855=ORIENTED_EDGE('',*,*,#4899,.T.);
#6856=ORIENTED_EDGE('',*,*,#4746,.T.);
#6857=ORIENTED_EDGE('',*,*,#4899,.F.);
#6858=ORIENTED_EDGE('',*,*,#4824,.F.);
#6859=ORIENTED_EDGE('',*,*,#4900,.T.);
#6860=ORIENTED_EDGE('',*,*,#4747,.T.);
#6861=ORIENTED_EDGE('',*,*,#4900,.F.);
#6862=ORIENTED_EDGE('',*,*,#4825,.F.);
#6863=ORIENTED_EDGE('',*,*,#4901,.T.);
#6864=ORIENTED_EDGE('',*,*,#4748,.T.);
#6865=ORIENTED_EDGE('',*,*,#4901,.F.);
#6866=ORIENTED_EDGE('',*,*,#4826,.F.);
#6867=ORIENTED_EDGE('',*,*,#4902,.T.);
#6868=ORIENTED_EDGE('',*,*,#4749,.T.);
#6869=ORIENTED_EDGE('',*,*,#4902,.F.);
#6870=ORIENTED_EDGE('',*,*,#4827,.F.);
#6871=ORIENTED_EDGE('',*,*,#4903,.T.);
#6872=ORIENTED_EDGE('',*,*,#4750,.T.);
#6873=ORIENTED_EDGE('',*,*,#4903,.F.);
#6874=ORIENTED_EDGE('',*,*,#4828,.F.);
#6875=ORIENTED_EDGE('',*,*,#4904,.T.);
#6876=ORIENTED_EDGE('',*,*,#4751,.T.);
#6877=ORIENTED_EDGE('',*,*,#4904,.F.);
#6878=ORIENTED_EDGE('',*,*,#4829,.F.);
#6879=ORIENTED_EDGE('',*,*,#4905,.T.);
#6880=ORIENTED_EDGE('',*,*,#4752,.T.);
#6881=ORIENTED_EDGE('',*,*,#4905,.F.);
#6882=ORIENTED_EDGE('',*,*,#4830,.F.);
#6883=ORIENTED_EDGE('',*,*,#4906,.T.);
#6884=ORIENTED_EDGE('',*,*,#4753,.T.);
#6885=ORIENTED_EDGE('',*,*,#4906,.F.);
#6886=ORIENTED_EDGE('',*,*,#4831,.F.);
#6887=ORIENTED_EDGE('',*,*,#4907,.T.);
#6888=ORIENTED_EDGE('',*,*,#4754,.T.);
#6889=ORIENTED_EDGE('',*,*,#4907,.F.);
#6890=ORIENTED_EDGE('',*,*,#4832,.F.);
#6891=ORIENTED_EDGE('',*,*,#4908,.T.);
#6892=ORIENTED_EDGE('',*,*,#4755,.T.);
#6893=ORIENTED_EDGE('',*,*,#4908,.F.);
#6894=ORIENTED_EDGE('',*,*,#4833,.F.);
#6895=ORIENTED_EDGE('',*,*,#4909,.T.);
#6896=ORIENTED_EDGE('',*,*,#4756,.T.);
#6897=ORIENTED_EDGE('',*,*,#4909,.F.);
#6898=ORIENTED_EDGE('',*,*,#4910,.F.);
#6899=ORIENTED_EDGE('',*,*,#4911,.F.);
#6900=ORIENTED_EDGE('',*,*,#4912,.T.);
#6901=ORIENTED_EDGE('',*,*,#4913,.T.);
#6902=ORIENTED_EDGE('',*,*,#4912,.F.);
#6903=ORIENTED_EDGE('',*,*,#4914,.T.);
#6904=ORIENTED_EDGE('',*,*,#4915,.T.);
#6905=ORIENTED_EDGE('',*,*,#4916,.T.);
#6906=ORIENTED_EDGE('',*,*,#4910,.T.);
#6907=ORIENTED_EDGE('',*,*,#4911,.T.);
#6908=ORIENTED_EDGE('',*,*,#4916,.F.);
#6909=ORIENTED_EDGE('',*,*,#4917,.F.);
#6910=ORIENTED_EDGE('',*,*,#4918,.F.);
#6911=ORIENTED_EDGE('',*,*,#4919,.T.);
#6912=ORIENTED_EDGE('',*,*,#4914,.F.);
#6913=ORIENTED_EDGE('',*,*,#4915,.F.);
#6914=ORIENTED_EDGE('',*,*,#4919,.F.);
#6915=ORIENTED_EDGE('',*,*,#4920,.T.);
#6916=ORIENTED_EDGE('',*,*,#4921,.T.);
#6917=ORIENTED_EDGE('',*,*,#4922,.T.);
#6918=ORIENTED_EDGE('',*,*,#4917,.T.);
#6919=ORIENTED_EDGE('',*,*,#4918,.T.);
#6920=ORIENTED_EDGE('',*,*,#4922,.F.);
#6921=ORIENTED_EDGE('',*,*,#4923,.F.);
#6922=ORIENTED_EDGE('',*,*,#4924,.T.);
#6923=ORIENTED_EDGE('',*,*,#4920,.F.);
#6924=ORIENTED_EDGE('',*,*,#4921,.F.);
#6925=ORIENTED_EDGE('',*,*,#4924,.F.);
#6926=ORIENTED_EDGE('',*,*,#4913,.F.);
#6927=ORIENTED_EDGE('',*,*,#4923,.T.);
#6928=ORIENTED_EDGE('',*,*,#4925,.F.);
#6929=ORIENTED_EDGE('',*,*,#4926,.T.);
#6930=ORIENTED_EDGE('',*,*,#4927,.T.);
#6931=ORIENTED_EDGE('',*,*,#4926,.F.);
#6932=ORIENTED_EDGE('',*,*,#4927,.F.);
#6933=ORIENTED_EDGE('',*,*,#4928,.T.);
#6934=ORIENTED_EDGE('',*,*,#4925,.T.);
#6935=ORIENTED_EDGE('',*,*,#4929,.F.);
#6936=ORIENTED_EDGE('',*,*,#4928,.F.);
#6937=ORIENTED_EDGE('',*,*,#4930,.T.);
#6938=ORIENTED_EDGE('',*,*,#4931,.T.);
#6939=ORIENTED_EDGE('',*,*,#4930,.F.);
#6940=ORIENTED_EDGE('',*,*,#4932,.F.);
#6941=ORIENTED_EDGE('',*,*,#4933,.T.);
#6942=ORIENTED_EDGE('',*,*,#4929,.T.);
#6943=ORIENTED_EDGE('',*,*,#4933,.F.);
#6944=ORIENTED_EDGE('',*,*,#4934,.T.);
#6945=ORIENTED_EDGE('',*,*,#4935,.T.);
#6946=ORIENTED_EDGE('',*,*,#4931,.F.);
#6947=ORIENTED_EDGE('',*,*,#4935,.F.);
#6948=ORIENTED_EDGE('',*,*,#4932,.T.);
#6949=ORIENTED_EDGE('',*,*,#4936,.T.);
#6950=ORIENTED_EDGE('',*,*,#4937,.F.);
#6951=ORIENTED_EDGE('',*,*,#4936,.F.);
#6952=ORIENTED_EDGE('',*,*,#4934,.F.);
#6953=ORIENTED_EDGE('',*,*,#4937,.T.);
#6954=CYLINDRICAL_SURFACE('',#7569,2.35000000000001);
#6955=CYLINDRICAL_SURFACE('',#7573,2.35000000000001);
#6956=CYLINDRICAL_SURFACE('',#7577,2.35);
#6957=CYLINDRICAL_SURFACE('',#7581,2.35000000000001);
#6958=CYLINDRICAL_SURFACE('',#7585,0.5);
#6959=CYLINDRICAL_SURFACE('',#7596,0.5);
#6960=CYLINDRICAL_SURFACE('',#7600,0.5);
#6961=CYLINDRICAL_SURFACE('',#7603,0.5);
#6962=CYLINDRICAL_SURFACE('',#7607,2.);
#6963=CYLINDRICAL_SURFACE('',#7611,2.);
#6964=CYLINDRICAL_SURFACE('',#7618,0.5);
#6965=CYLINDRICAL_SURFACE('',#7624,0.5);
#6966=CYLINDRICAL_SURFACE('',#7630,0.5);
#6967=CYLINDRICAL_SURFACE('',#7636,0.5);
#6968=CYLINDRICAL_SURFACE('',#7638,5.00000000000001);
#6969=CYLINDRICAL_SURFACE('',#7641,5.);
#6970=CYLINDRICAL_SURFACE('',#7652,0.5);
#6971=CYLINDRICAL_SURFACE('',#7654,0.5);
#6972=CYLINDRICAL_SURFACE('',#7656,0.5);
#6973=CYLINDRICAL_SURFACE('',#7658,0.5);
#6974=CYLINDRICAL_SURFACE('',#7660,0.5);
#6975=CYLINDRICAL_SURFACE('',#7662,0.5);
#6976=CYLINDRICAL_SURFACE('',#7664,0.5);
#6977=CYLINDRICAL_SURFACE('',#7666,0.5);
#6978=CYLINDRICAL_SURFACE('',#7674,2.);
#6979=CYLINDRICAL_SURFACE('',#7684,2.);
#6980=CYLINDRICAL_SURFACE('',#7685,2.);
#6981=CYLINDRICAL_SURFACE('',#7687,2.);
#6982=CYLINDRICAL_SURFACE('',#7688,2.);
#6983=CYLINDRICAL_SURFACE('',#7690,2.);
#6984=CYLINDRICAL_SURFACE('',#7691,2.);
#6985=CYLINDRICAL_SURFACE('',#7700,4.99999999999999);
#6986=CYLINDRICAL_SURFACE('',#7702,5.);
#6987=CYLINDRICAL_SURFACE('',#7705,1.7);
#6988=CYLINDRICAL_SURFACE('',#7708,1.7);
#6989=CYLINDRICAL_SURFACE('',#7711,1.7);
#6990=CYLINDRICAL_SURFACE('',#7714,1.7);
#6991=CYLINDRICAL_SURFACE('',#7722,1.);
#6992=CYLINDRICAL_SURFACE('',#7728,1.);
#6993=CYLINDRICAL_SURFACE('',#7734,1.);
#6994=CYLINDRICAL_SURFACE('',#7740,1.);
#6995=CYLINDRICAL_SURFACE('',#7742,5.);
#6996=CYLINDRICAL_SURFACE('',#7745,5.);
#6997=CYLINDRICAL_SURFACE('',#7780,1.);
#6998=CYLINDRICAL_SURFACE('',#7783,1.);
#6999=CYLINDRICAL_SURFACE('',#7786,1.);
#7000=CYLINDRICAL_SURFACE('',#7789,1.);
#7001=CYLINDRICAL_SURFACE('',#7792,1.);
#7002=CYLINDRICAL_SURFACE('',#7795,1.);
#7003=CYLINDRICAL_SURFACE('',#7798,1.);
#7004=CYLINDRICAL_SURFACE('',#7801,1.);
#7005=CYLINDRICAL_SURFACE('',#7804,0.499999999999998);
#7006=CYLINDRICAL_SURFACE('',#7807,0.499999999999998);
#7007=CYLINDRICAL_SURFACE('',#7810,0.499999999999998);
#7008=CYLINDRICAL_SURFACE('',#7813,0.499999999999989);
#7009=CYLINDRICAL_SURFACE('',#7817,0.499999999999998);
#7010=CYLINDRICAL_SURFACE('',#7820,0.5);
#7011=CYLINDRICAL_SURFACE('',#7823,0.499999999999998);
#7012=CYLINDRICAL_SURFACE('',#7826,0.499999999999998);
#7013=CYLINDRICAL_SURFACE('',#7829,0.500000000000007);
#7014=CYLINDRICAL_SURFACE('',#7832,0.499999999999998);
#7015=CYLINDRICAL_SURFACE('',#7835,0.499999999999998);
#7016=CYLINDRICAL_SURFACE('',#7838,0.499999999999989);
#7017=CYLINDRICAL_SURFACE('',#7841,0.499999999999989);
#7018=CYLINDRICAL_SURFACE('',#7844,0.5);
#7019=CYLINDRICAL_SURFACE('',#7847,0.500000000000007);
#7020=CYLINDRICAL_SURFACE('',#7850,0.499999999999998);
#7021=CYLINDRICAL_SURFACE('',#7852,0.500000000000007);
#7022=CYLINDRICAL_SURFACE('',#7855,0.5);
#7023=CYLINDRICAL_SURFACE('',#7858,0.499999999999989);
#7024=CYLINDRICAL_SURFACE('',#7861,0.499999999999998);
#7025=CYLINDRICAL_SURFACE('',#7865,0.499999999999989);
#7026=CYLINDRICAL_SURFACE('',#7868,0.499999999999998);
#7027=CYLINDRICAL_SURFACE('',#7871,0.500000000000007);
#7028=CYLINDRICAL_SURFACE('',#7874,0.499999999999989);
#7029=CYLINDRICAL_SURFACE('',#7877,5.00000000000001);
#7030=CYLINDRICAL_SURFACE('',#7880,4.99999999999999);
#7031=CYLINDRICAL_SURFACE('',#7893,1.34675);
#7032=CYLINDRICAL_SURFACE('',#7953,1.4635);
#7033=CYLINDRICAL_SURFACE('',#8197,0.85);
#7034=CYLINDRICAL_SURFACE('',#8198,0.75);
#7035=CYLINDRICAL_SURFACE('',#8199,2.);
#7036=CYLINDRICAL_SURFACE('',#8200,0.75);
#7037=CYLINDRICAL_SURFACE('',#8201,0.85);
#7038=CYLINDRICAL_SURFACE('',#8202,0.5);
#7039=CYLINDRICAL_SURFACE('',#8203,0.85);
#7040=CYLINDRICAL_SURFACE('',#8204,0.75);
#7041=CYLINDRICAL_SURFACE('',#8205,2.);
#7042=CYLINDRICAL_SURFACE('',#8206,0.75);
#7043=CYLINDRICAL_SURFACE('',#8207,0.85);
#7044=CYLINDRICAL_SURFACE('',#8208,0.5);
#7045=CYLINDRICAL_SURFACE('',#8209,0.5);
#7046=CYLINDRICAL_SURFACE('',#8214,0.75);
#7047=CYLINDRICAL_SURFACE('',#8216,0.75);
#7048=CYLINDRICAL_SURFACE('',#8218,0.5);
#7049=CYLINDRICAL_SURFACE('',#8219,0.4);
#7050=CYLINDRICAL_SURFACE('',#8220,0.75);
#7051=CYLINDRICAL_SURFACE('',#8222,0.75);
#7052=CYLINDRICAL_SURFACE('',#8224,0.5);
#7053=CYLINDRICAL_SURFACE('',#8225,0.4);
#7054=CYLINDRICAL_SURFACE('',#8226,0.4);
#7055=CYLINDRICAL_SURFACE('',#8227,0.4);
#7056=CYLINDRICAL_SURFACE('',#8228,0.4);
#7057=CYLINDRICAL_SURFACE('',#8229,0.4);
#7058=CYLINDRICAL_SURFACE('',#8230,0.4);
#7059=CYLINDRICAL_SURFACE('',#8231,0.4);
#7060=CYLINDRICAL_SURFACE('',#8232,0.4);
#7061=CYLINDRICAL_SURFACE('',#8233,0.4);
#7062=CYLINDRICAL_SURFACE('',#8234,0.4);
#7063=CYLINDRICAL_SURFACE('',#8235,0.4);
#7064=CYLINDRICAL_SURFACE('',#8236,0.5);
#7065=CYLINDRICAL_SURFACE('',#8237,0.5);
#7066=CYLINDRICAL_SURFACE('',#8238,0.5);
#7067=CYLINDRICAL_SURFACE('',#8239,0.5);
#7068=CYLINDRICAL_SURFACE('',#8240,0.5);
#7069=CYLINDRICAL_SURFACE('',#8241,0.5);
#7070=CYLINDRICAL_SURFACE('',#8242,0.5);
#7071=CYLINDRICAL_SURFACE('',#8243,0.85);
#7072=CYLINDRICAL_SURFACE('',#8244,2.);
#7073=CYLINDRICAL_SURFACE('',#8245,0.75);
#7074=CYLINDRICAL_SURFACE('',#8246,0.85);
#7075=CYLINDRICAL_SURFACE('',#8247,0.75);
#7076=CYLINDRICAL_SURFACE('',#8252,0.85);
#7077=CYLINDRICAL_SURFACE('',#8253,2.);
#7078=CYLINDRICAL_SURFACE('',#8254,0.75);
#7079=CYLINDRICAL_SURFACE('',#8255,0.85);
#7080=CYLINDRICAL_SURFACE('',#8256,0.75);
#7081=CYLINDRICAL_SURFACE('',#8257,0.5);
#7082=CYLINDRICAL_SURFACE('',#8258,0.5);
#7083=CYLINDRICAL_SURFACE('',#8259,0.5);
#7084=CYLINDRICAL_SURFACE('',#8260,0.5);
#7085=CYLINDRICAL_SURFACE('',#8261,0.85);
#7086=CYLINDRICAL_SURFACE('',#8262,2.);
#7087=CYLINDRICAL_SURFACE('',#8263,0.75);
#7088=CYLINDRICAL_SURFACE('',#8264,0.85);
#7089=CYLINDRICAL_SURFACE('',#8265,0.75);
#7090=CYLINDRICAL_SURFACE('',#8266,0.5);
#7091=CYLINDRICAL_SURFACE('',#8267,0.5);
#7092=CYLINDRICAL_SURFACE('',#8268,0.5);
#7093=CYLINDRICAL_SURFACE('',#8269,0.5);
#7094=CYLINDRICAL_SURFACE('',#8270,0.5);
#7095=CYLINDRICAL_SURFACE('',#8271,0.5);
#7096=CYLINDRICAL_SURFACE('',#8272,0.5);
#7097=CYLINDRICAL_SURFACE('',#8279,0.25);
#7098=CYLINDRICAL_SURFACE('',#8287,0.25);
#7099=CYLINDRICAL_SURFACE('',#8294,0.25);
#7100=CYLINDRICAL_SURFACE('',#8298,1.01);
#7101=CYLINDRICAL_SURFACE('',#8305,1.);
#7102=CYLINDRICAL_SURFACE('',#8307,1.);
#7103=ADVANCED_FACE('',(#662),#6954,.F.);
#7104=ADVANCED_FACE('',(#663),#443,.F.);
#7105=ADVANCED_FACE('',(#664),#6955,.F.);
#7106=ADVANCED_FACE('',(#665),#444,.F.);
#7107=ADVANCED_FACE('',(#666),#6956,.F.);
#7108=ADVANCED_FACE('',(#667),#445,.F.);
#7109=ADVANCED_FACE('',(#668),#6957,.F.);
#7110=ADVANCED_FACE('',(#669),#446,.F.);
#7111=ADVANCED_FACE('',(#670),#6958,.F.);
#7112=ADVANCED_FACE('',(#671,#268,#269),#447,.T.);
#7113=ADVANCED_FACE('',(#672),#6959,.F.);
#7114=ADVANCED_FACE('',(#673),#448,.F.);
#7115=ADVANCED_FACE('',(#674),#6960,.F.);
#7116=ADVANCED_FACE('',(#675),#6961,.F.);
#7117=ADVANCED_FACE('',(#676),#449,.F.);
#7118=ADVANCED_FACE('',(#677),#6962,.F.);
#7119=ADVANCED_FACE('',(#678),#450,.F.);
#7120=ADVANCED_FACE('',(#679),#6963,.F.);
#7121=ADVANCED_FACE('',(#680),#254,.T.);
#7122=ADVANCED_FACE('',(#681),#6964,.T.);
#7123=ADVANCED_FACE('',(#682),#255,.T.);
#7124=ADVANCED_FACE('',(#683),#6965,.T.);
#7125=ADVANCED_FACE('',(#684),#256,.T.);
#7126=ADVANCED_FACE('',(#685),#6966,.T.);
#7127=ADVANCED_FACE('',(#686),#257,.T.);
#7128=ADVANCED_FACE('',(#687),#6967,.T.);
#7129=ADVANCED_FACE('',(#688),#451,.T.);
#7130=ADVANCED_FACE('',(#689),#6968,.T.);
#7131=ADVANCED_FACE('',(#690),#452,.T.);
#7132=ADVANCED_FACE('',(#691),#6969,.T.);
#7133=ADVANCED_FACE('',(#692,#270,#271),#453,.F.);
#7134=ADVANCED_FACE('',(#693),#6970,.F.);
#7135=ADVANCED_FACE('',(#694),#454,.T.);
#7136=ADVANCED_FACE('',(#695),#6971,.F.);
#7137=ADVANCED_FACE('',(#696),#455,.T.);
#7138=ADVANCED_FACE('',(#697),#6972,.F.);
#7139=ADVANCED_FACE('',(#698),#456,.T.);
#7140=ADVANCED_FACE('',(#699),#6973,.F.);
#7141=ADVANCED_FACE('',(#700),#457,.T.);
#7142=ADVANCED_FACE('',(#701),#6974,.F.);
#7143=ADVANCED_FACE('',(#702),#458,.T.);
#7144=ADVANCED_FACE('',(#703),#6975,.F.);
#7145=ADVANCED_FACE('',(#704),#459,.T.);
#7146=ADVANCED_FACE('',(#705),#6976,.F.);
#7147=ADVANCED_FACE('',(#706),#460,.T.);
#7148=ADVANCED_FACE('',(#707),#6977,.F.);
#7149=ADVANCED_FACE('',(#708),#461,.T.);
#7150=ADVANCED_FACE('',(#709),#249,.F.);
#7151=ADVANCED_FACE('',(#710),#250,.F.);
#7152=ADVANCED_FACE('',(#711),#6978,.F.);
#7153=ADVANCED_FACE('',(#712),#251,.F.);
#7154=ADVANCED_FACE('',(#713),#252,.F.);
#7155=ADVANCED_FACE('',(#714),#6979,.F.);
#7156=ADVANCED_FACE('',(#715),#6980,.F.);
#7157=ADVANCED_FACE('',(#716),#6981,.F.);
#7158=ADVANCED_FACE('',(#717),#6982,.F.);
#7159=ADVANCED_FACE('',(#718),#6983,.F.);
#7160=ADVANCED_FACE('',(#719),#6984,.F.);
#7161=ADVANCED_FACE('',(#720),#462,.T.);
#7162=ADVANCED_FACE('',(#721),#463,.T.);
#7163=ADVANCED_FACE('',(#722),#464,.T.);
#7164=ADVANCED_FACE('',(#723),#465,.T.);
#7165=ADVANCED_FACE('',(#724,#272,#273,#274,#275,#276),#466,.T.);
#7166=ADVANCED_FACE('',(#725),#6985,.T.);
#7167=ADVANCED_FACE('',(#726,#277),#467,.T.);
#7168=ADVANCED_FACE('',(#727),#6986,.T.);
#7169=ADVANCED_FACE('',(#728),#468,.T.);
#7170=ADVANCED_FACE('',(#729),#6987,.F.);
#7171=ADVANCED_FACE('',(#730),#6988,.F.);
#7172=ADVANCED_FACE('',(#731),#6989,.F.);
#7173=ADVANCED_FACE('',(#732),#6990,.F.);
#7174=ADVANCED_FACE('',(#733),#258,.T.);
#7175=ADVANCED_FACE('',(#734),#6991,.T.);
#7176=ADVANCED_FACE('',(#735),#259,.T.);
#7177=ADVANCED_FACE('',(#736),#6992,.T.);
#7178=ADVANCED_FACE('',(#737),#260,.T.);
#7179=ADVANCED_FACE('',(#738),#6993,.T.);
#7180=ADVANCED_FACE('',(#739),#261,.T.);
#7181=ADVANCED_FACE('',(#740),#6994,.T.);
#7182=ADVANCED_FACE('',(#741),#469,.T.);
#7183=ADVANCED_FACE('',(#742),#6995,.T.);
#7184=ADVANCED_FACE('',(#743),#470,.T.);
#7185=ADVANCED_FACE('',(#744),#6996,.T.);
#7186=ADVANCED_FACE('',(#745,#278,#279,#280,#281,#282,#283,#284,#285,#286,
#287,#288,#289),#471,.T.);
#7187=ADVANCED_FACE('',(#746),#6997,.F.);
#7188=ADVANCED_FACE('',(#747),#472,.T.);
#7189=ADVANCED_FACE('',(#748),#6998,.F.);
#7190=ADVANCED_FACE('',(#749),#473,.T.);
#7191=ADVANCED_FACE('',(#750),#6999,.F.);
#7192=ADVANCED_FACE('',(#751),#474,.T.);
#7193=ADVANCED_FACE('',(#752),#7000,.F.);
#7194=ADVANCED_FACE('',(#753),#475,.T.);
#7195=ADVANCED_FACE('',(#754),#7001,.F.);
#7196=ADVANCED_FACE('',(#755),#476,.T.);
#7197=ADVANCED_FACE('',(#756),#7002,.F.);
#7198=ADVANCED_FACE('',(#757),#477,.T.);
#7199=ADVANCED_FACE('',(#758),#7003,.F.);
#7200=ADVANCED_FACE('',(#759),#478,.T.);
#7201=ADVANCED_FACE('',(#760),#7004,.F.);
#7202=ADVANCED_FACE('',(#761),#479,.T.);
#7203=ADVANCED_FACE('',(#762),#7005,.F.);
#7204=ADVANCED_FACE('',(#763),#480,.T.);
#7205=ADVANCED_FACE('',(#764),#7006,.F.);
#7206=ADVANCED_FACE('',(#765),#481,.T.);
#7207=ADVANCED_FACE('',(#766),#7007,.F.);
#7208=ADVANCED_FACE('',(#767),#482,.T.);
#7209=ADVANCED_FACE('',(#768),#7008,.F.);
#7210=ADVANCED_FACE('',(#769),#483,.T.);
#7211=ADVANCED_FACE('',(#770),#484,.T.);
#7212=ADVANCED_FACE('',(#771),#7009,.F.);
#7213=ADVANCED_FACE('',(#772),#485,.T.);
#7214=ADVANCED_FACE('',(#773),#7010,.F.);
#7215=ADVANCED_FACE('',(#774),#486,.T.);
#7216=ADVANCED_FACE('',(#775),#7011,.F.);
#7217=ADVANCED_FACE('',(#776),#487,.T.);
#7218=ADVANCED_FACE('',(#777),#7012,.F.);
#7219=ADVANCED_FACE('',(#778),#488,.T.);
#7220=ADVANCED_FACE('',(#779),#7013,.F.);
#7221=ADVANCED_FACE('',(#780),#489,.T.);
#7222=ADVANCED_FACE('',(#781),#7014,.F.);
#7223=ADVANCED_FACE('',(#782),#490,.T.);
#7224=ADVANCED_FACE('',(#783),#7015,.F.);
#7225=ADVANCED_FACE('',(#784),#491,.T.);
#7226=ADVANCED_FACE('',(#785),#7016,.F.);
#7227=ADVANCED_FACE('',(#786),#492,.T.);
#7228=ADVANCED_FACE('',(#787),#7017,.F.);
#7229=ADVANCED_FACE('',(#788),#493,.T.);
#7230=ADVANCED_FACE('',(#789),#7018,.F.);
#7231=ADVANCED_FACE('',(#790),#494,.T.);
#7232=ADVANCED_FACE('',(#791),#7019,.F.);
#7233=ADVANCED_FACE('',(#792),#495,.T.);
#7234=ADVANCED_FACE('',(#793),#7020,.F.);
#7235=ADVANCED_FACE('',(#794),#7021,.F.);
#7236=ADVANCED_FACE('',(#795),#496,.T.);
#7237=ADVANCED_FACE('',(#796),#7022,.F.);
#7238=ADVANCED_FACE('',(#797),#497,.T.);
#7239=ADVANCED_FACE('',(#798),#7023,.F.);
#7240=ADVANCED_FACE('',(#799),#498,.T.);
#7241=ADVANCED_FACE('',(#800),#7024,.F.);
#7242=ADVANCED_FACE('',(#801),#499,.T.);
#7243=ADVANCED_FACE('',(#802),#500,.T.);
#7244=ADVANCED_FACE('',(#803),#7025,.F.);
#7245=ADVANCED_FACE('',(#804),#501,.T.);
#7246=ADVANCED_FACE('',(#805),#7026,.F.);
#7247=ADVANCED_FACE('',(#806),#502,.T.);
#7248=ADVANCED_FACE('',(#807),#7027,.F.);
#7249=ADVANCED_FACE('',(#808),#503,.T.);
#7250=ADVANCED_FACE('',(#809),#7028,.F.);
#7251=ADVANCED_FACE('',(#810),#504,.T.);
#7252=ADVANCED_FACE('',(#811),#7029,.T.);
#7253=ADVANCED_FACE('',(#812),#505,.T.);
#7254=ADVANCED_FACE('',(#813),#7030,.T.);
#7255=ADVANCED_FACE('',(#814,#290,#291,#292,#293,#294,#295,#296,#297,#298,
#299,#300,#301),#506,.F.);
#7256=ADVANCED_FACE('',(#815),#103,.T.);
#7257=ADVANCED_FACE('',(#816),#262,.F.);
#7258=ADVANCED_FACE('',(#817,#302),#507,.T.);
#7259=ADVANCED_FACE('',(#818),#7031,.T.);
#7260=ADVANCED_FACE('',(#819),#263,.T.);
#7261=ADVANCED_FACE('',(#820),#253,.T.);
#7262=ADVANCED_FACE('',(#821),#104,.T.);
#7263=ADVANCED_FACE('',(#822),#508,.F.);
#7264=ADVANCED_FACE('',(#823),#509,.T.);
#7265=ADVANCED_FACE('',(#824),#510,.F.);
#7266=ADVANCED_FACE('',(#825),#511,.F.);
#7267=ADVANCED_FACE('',(#826),#512,.F.);
#7268=ADVANCED_FACE('',(#827),#513,.F.);
#7269=ADVANCED_FACE('',(#828),#514,.T.);
#7270=ADVANCED_FACE('',(#829),#515,.F.);
#7271=ADVANCED_FACE('',(#830),#516,.F.);
#7272=ADVANCED_FACE('',(#831),#517,.F.);
#7273=ADVANCED_FACE('',(#832),#518,.F.);
#7274=ADVANCED_FACE('',(#833),#519,.T.);
#7275=ADVANCED_FACE('',(#834),#520,.F.);
#7276=ADVANCED_FACE('',(#835),#521,.F.);
#7277=ADVANCED_FACE('',(#836),#522,.F.);
#7278=ADVANCED_FACE('',(#837),#523,.F.);
#7279=ADVANCED_FACE('',(#838),#524,.T.);
#7280=ADVANCED_FACE('',(#839),#525,.F.);
#7281=ADVANCED_FACE('',(#840),#526,.F.);
#7282=ADVANCED_FACE('',(#841),#527,.F.);
#7283=ADVANCED_FACE('',(#842),#528,.F.);
#7284=ADVANCED_FACE('',(#843),#529,.F.);
#7285=ADVANCED_FACE('',(#844),#530,.F.);
#7286=ADVANCED_FACE('',(#845),#531,.F.);
#7287=ADVANCED_FACE('',(#846),#532,.F.);
#7288=ADVANCED_FACE('',(#847),#533,.F.);
#7289=ADVANCED_FACE('',(#848),#534,.F.);
#7290=ADVANCED_FACE('',(#849),#535,.F.);
#7291=ADVANCED_FACE('',(#850),#536,.T.);
#7292=ADVANCED_FACE('',(#851),#7032,.T.);
#7293=ADVANCED_FACE('',(#852),#537,.T.);
#7294=ADVANCED_FACE('',(#853),#105,.T.);
#7295=ADVANCED_FACE('',(#854),#538,.F.);
#7296=ADVANCED_FACE('',(#855),#539,.F.);
#7297=ADVANCED_FACE('',(#856),#540,.F.);
#7298=ADVANCED_FACE('',(#857,#303,#304,#305,#306),#541,.F.);
#7299=ADVANCED_FACE('',(#858,#307,#308,#309,#310),#542,.T.);
#7300=ADVANCED_FACE('',(#859),#543,.F.);
#7301=ADVANCED_FACE('',(#860),#544,.F.);
#7302=ADVANCED_FACE('',(#861),#545,.F.);
#7303=ADVANCED_FACE('',(#862),#546,.F.);
#7304=ADVANCED_FACE('',(#863),#547,.F.);
#7305=ADVANCED_FACE('',(#864),#548,.F.);
#7306=ADVANCED_FACE('',(#865),#549,.F.);
#7307=ADVANCED_FACE('',(#866),#550,.F.);
#7308=ADVANCED_FACE('',(#867),#551,.F.);
#7309=ADVANCED_FACE('',(#868),#552,.F.);
#7310=ADVANCED_FACE('',(#869),#553,.F.);
#7311=ADVANCED_FACE('',(#870),#554,.F.);
#7312=ADVANCED_FACE('',(#871),#555,.F.);
#7313=ADVANCED_FACE('',(#872),#556,.F.);
#7314=ADVANCED_FACE('',(#873),#557,.F.);
#7315=ADVANCED_FACE('',(#874),#558,.F.);
#7316=ADVANCED_FACE('',(#875),#559,.F.);
#7317=ADVANCED_FACE('',(#876),#560,.F.);
#7318=ADVANCED_FACE('',(#877),#561,.F.);
#7319=ADVANCED_FACE('',(#878),#562,.F.);
#7320=ADVANCED_FACE('',(#879),#563,.F.);
#7321=ADVANCED_FACE('',(#880),#564,.F.);
#7322=ADVANCED_FACE('',(#881),#565,.F.);
#7323=ADVANCED_FACE('',(#882),#566,.T.);
#7324=ADVANCED_FACE('',(#883),#567,.F.);
#7325=ADVANCED_FACE('',(#884),#568,.F.);
#7326=ADVANCED_FACE('',(#885),#569,.T.);
#7327=ADVANCED_FACE('',(#886),#570,.T.);
#7328=ADVANCED_FACE('',(#887),#571,.T.);
#7329=ADVANCED_FACE('',(#888),#572,.F.);
#7330=ADVANCED_FACE('',(#889),#573,.F.);
#7331=ADVANCED_FACE('',(#890),#574,.T.);
#7332=ADVANCED_FACE('',(#891),#575,.T.);
#7333=ADVANCED_FACE('',(#892),#576,.F.);
#7334=ADVANCED_FACE('',(#893),#577,.F.);
#7335=ADVANCED_FACE('',(#894),#578,.T.);
#7336=ADVANCED_FACE('',(#895),#579,.F.);
#7337=ADVANCED_FACE('',(#896),#580,.F.);
#7338=ADVANCED_FACE('',(#897),#581,.T.);
#7339=ADVANCED_FACE('',(#898),#582,.T.);
#7340=ADVANCED_FACE('',(#899),#583,.F.);
#7341=ADVANCED_FACE('',(#900),#584,.F.);
#7342=ADVANCED_FACE('',(#901),#585,.T.);
#7343=ADVANCED_FACE('',(#902),#586,.T.);
#7344=ADVANCED_FACE('',(#903),#587,.T.);
#7345=ADVANCED_FACE('',(#904),#588,.F.);
#7346=ADVANCED_FACE('',(#905),#589,.F.);
#7347=ADVANCED_FACE('',(#906),#590,.T.);
#7348=ADVANCED_FACE('',(#907),#591,.T.);
#7349=ADVANCED_FACE('',(#908),#592,.F.);
#7350=ADVANCED_FACE('',(#909),#593,.F.);
#7351=ADVANCED_FACE('',(#910),#594,.T.);
#7352=ADVANCED_FACE('',(#911),#595,.F.);
#7353=ADVANCED_FACE('',(#912),#596,.F.);
#7354=ADVANCED_FACE('',(#913),#597,.T.);
#7355=ADVANCED_FACE('',(#914),#598,.F.);
#7356=ADVANCED_FACE('',(#915),#599,.T.);
#7357=ADVANCED_FACE('',(#916),#600,.T.);
#7358=ADVANCED_FACE('',(#917),#601,.F.);
#7359=ADVANCED_FACE('',(#918),#602,.F.);
#7360=ADVANCED_FACE('',(#919),#603,.F.);
#7361=ADVANCED_FACE('',(#920),#604,.T.);
#7362=ADVANCED_FACE('',(#921),#605,.T.);
#7363=ADVANCED_FACE('',(#922),#606,.F.);
#7364=ADVANCED_FACE('',(#923),#607,.F.);
#7365=ADVANCED_FACE('',(#924),#608,.T.);
#7366=ADVANCED_FACE('',(#925),#609,.T.);
#7367=ADVANCED_FACE('',(#926),#610,.F.);
#7368=ADVANCED_FACE('',(#927),#611,.T.);
#7369=ADVANCED_FACE('',(#928),#612,.T.);
#7370=ADVANCED_FACE('',(#929),#613,.F.);
#7371=ADVANCED_FACE('',(#930),#614,.T.);
#7372=ADVANCED_FACE('',(#931),#615,.F.);
#7373=ADVANCED_FACE('',(#932),#616,.F.);
#7374=ADVANCED_FACE('',(#933),#617,.T.);
#7375=ADVANCED_FACE('',(#934),#618,.T.);
#7376=ADVANCED_FACE('',(#935),#619,.T.);
#7377=ADVANCED_FACE('',(#936),#620,.F.);
#7378=ADVANCED_FACE('',(#937),#621,.F.);
#7379=ADVANCED_FACE('',(#938),#622,.T.);
#7380=ADVANCED_FACE('',(#939),#623,.T.);
#7381=ADVANCED_FACE('',(#940),#624,.F.);
#7382=ADVANCED_FACE('',(#941),#625,.F.);
#7383=ADVANCED_FACE('',(#942),#626,.T.);
#7384=ADVANCED_FACE('',(#943),#627,.F.);
#7385=ADVANCED_FACE('',(#944),#628,.F.);
#7386=ADVANCED_FACE('',(#945),#629,.T.);
#7387=ADVANCED_FACE('',(#946),#630,.F.);
#7388=ADVANCED_FACE('',(#947),#631,.F.);
#7389=ADVANCED_FACE('',(#948),#632,.F.);
#7390=ADVANCED_FACE('',(#949),#633,.F.);
#7391=ADVANCED_FACE('',(#950),#634,.T.);
#7392=ADVANCED_FACE('',(#951),#635,.T.);
#7393=ADVANCED_FACE('',(#952),#636,.T.);
#7394=ADVANCED_FACE('',(#953),#637,.T.);
#7395=ADVANCED_FACE('',(#954),#638,.T.);
#7396=ADVANCED_FACE('',(#955),#639,.T.);
#7397=ADVANCED_FACE('',(#956),#640,.T.);
#7398=ADVANCED_FACE('',(#957,#311,#312,#313,#314,#315,#316,#317,#318,#319,
#320,#321,#322,#323,#324,#325,#326,#327,#328,#329,#330,#331,#332,#333,#334,
#335,#336,#337,#338,#339,#340,#341,#342,#343,#344,#345,#346,#347,#348,#349,
#350,#351,#352,#353,#354,#355,#356,#357,#358,#359,#360,#361,#362,#363,#364,
#365,#366,#367,#368,#369,#370,#371,#372,#373,#374),#641,.F.);
#7399=ADVANCED_FACE('',(#958,#375,#376,#377,#378,#379,#380,#381,#382,#383,
#384,#385,#386,#387,#388,#389,#390,#391,#392,#393,#394,#395,#396,#397,#398,
#399,#400,#401,#402,#403,#404,#405,#406,#407,#408,#409,#410,#411,#412,#413,
#414,#415,#416,#417,#418,#419,#420,#421,#422,#423,#424,#425,#426,#427,#428,
#429,#430,#431,#432,#433,#434,#435,#436,#437,#438),#642,.T.);
#7400=ADVANCED_FACE('',(#959),#643,.T.);
#7401=ADVANCED_FACE('',(#960),#7033,.F.);
#7402=ADVANCED_FACE('',(#961),#7034,.F.);
#7403=ADVANCED_FACE('',(#962),#7035,.F.);
#7404=ADVANCED_FACE('',(#963),#7036,.F.);
#7405=ADVANCED_FACE('',(#964),#7037,.F.);
#7406=ADVANCED_FACE('',(#965),#7038,.F.);
#7407=ADVANCED_FACE('',(#966),#7039,.F.);
#7408=ADVANCED_FACE('',(#967),#7040,.F.);
#7409=ADVANCED_FACE('',(#968),#7041,.F.);
#7410=ADVANCED_FACE('',(#969),#7042,.F.);
#7411=ADVANCED_FACE('',(#970),#7043,.F.);
#7412=ADVANCED_FACE('',(#971),#7044,.F.);
#7413=ADVANCED_FACE('',(#972),#7045,.F.);
#7414=ADVANCED_FACE('',(#973),#644,.T.);
#7415=ADVANCED_FACE('',(#974),#645,.T.);
#7416=ADVANCED_FACE('',(#975),#646,.T.);
#7417=ADVANCED_FACE('',(#976),#647,.T.);
#7418=ADVANCED_FACE('',(#977),#7046,.F.);
#7419=ADVANCED_FACE('',(#978),#648,.T.);
#7420=ADVANCED_FACE('',(#979),#7047,.F.);
#7421=ADVANCED_FACE('',(#980),#649,.T.);
#7422=ADVANCED_FACE('',(#981),#7048,.F.);
#7423=ADVANCED_FACE('',(#982),#7049,.F.);
#7424=ADVANCED_FACE('',(#983),#7050,.F.);
#7425=ADVANCED_FACE('',(#984),#650,.T.);
#7426=ADVANCED_FACE('',(#985),#7051,.F.);
#7427=ADVANCED_FACE('',(#986),#651,.T.);
#7428=ADVANCED_FACE('',(#987),#7052,.F.);
#7429=ADVANCED_FACE('',(#988),#7053,.F.);
#7430=ADVANCED_FACE('',(#989),#7054,.F.);
#7431=ADVANCED_FACE('',(#990),#7055,.F.);
#7432=ADVANCED_FACE('',(#991),#7056,.F.);
#7433=ADVANCED_FACE('',(#992),#7057,.F.);
#7434=ADVANCED_FACE('',(#993),#7058,.F.);
#7435=ADVANCED_FACE('',(#994),#7059,.F.);
#7436=ADVANCED_FACE('',(#995),#7060,.F.);
#7437=ADVANCED_FACE('',(#996),#7061,.F.);
#7438=ADVANCED_FACE('',(#997),#7062,.F.);
#7439=ADVANCED_FACE('',(#998),#7063,.F.);
#7440=ADVANCED_FACE('',(#999),#7064,.F.);
#7441=ADVANCED_FACE('',(#1000),#7065,.F.);
#7442=ADVANCED_FACE('',(#1001),#7066,.F.);
#7443=ADVANCED_FACE('',(#1002),#7067,.F.);
#7444=ADVANCED_FACE('',(#1003),#7068,.F.);
#7445=ADVANCED_FACE('',(#1004),#7069,.F.);
#7446=ADVANCED_FACE('',(#1005),#7070,.F.);
#7447=ADVANCED_FACE('',(#1006),#7071,.F.);
#7448=ADVANCED_FACE('',(#1007),#7072,.F.);
#7449=ADVANCED_FACE('',(#1008),#7073,.F.);
#7450=ADVANCED_FACE('',(#1009),#7074,.F.);
#7451=ADVANCED_FACE('',(#1010),#7075,.F.);
#7452=ADVANCED_FACE('',(#1011),#652,.T.);
#7453=ADVANCED_FACE('',(#1012),#653,.T.);
#7454=ADVANCED_FACE('',(#1013),#654,.T.);
#7455=ADVANCED_FACE('',(#1014),#655,.T.);
#7456=ADVANCED_FACE('',(#1015),#7076,.F.);
#7457=ADVANCED_FACE('',(#1016),#7077,.F.);
#7458=ADVANCED_FACE('',(#1017),#7078,.F.);
#7459=ADVANCED_FACE('',(#1018),#7079,.F.);
#7460=ADVANCED_FACE('',(#1019),#7080,.F.);
#7461=ADVANCED_FACE('',(#1020),#7081,.F.);
#7462=ADVANCED_FACE('',(#1021),#7082,.F.);
#7463=ADVANCED_FACE('',(#1022),#7083,.F.);
#7464=ADVANCED_FACE('',(#1023),#7084,.F.);
#7465=ADVANCED_FACE('',(#1024),#7085,.F.);
#7466=ADVANCED_FACE('',(#1025),#7086,.F.);
#7467=ADVANCED_FACE('',(#1026),#7087,.F.);
#7468=ADVANCED_FACE('',(#1027),#7088,.F.);
#7469=ADVANCED_FACE('',(#1028),#7089,.F.);
#7470=ADVANCED_FACE('',(#1029),#7090,.F.);
#7471=ADVANCED_FACE('',(#1030),#7091,.F.);
#7472=ADVANCED_FACE('',(#1031),#7092,.F.);
#7473=ADVANCED_FACE('',(#1032),#7093,.F.);
#7474=ADVANCED_FACE('',(#1033),#7094,.F.);
#7475=ADVANCED_FACE('',(#1034),#7095,.F.);
#7476=ADVANCED_FACE('',(#1035),#7096,.F.);
#7477=ADVANCED_FACE('',(#1036),#7097,.T.);
#7478=ADVANCED_FACE('',(#1037),#264,.T.);
#7479=ADVANCED_FACE('',(#1038),#7098,.T.);
#7480=ADVANCED_FACE('',(#1039),#265,.T.);
#7481=ADVANCED_FACE('',(#1040),#7099,.T.);
#7482=ADVANCED_FACE('',(#1041),#656,.T.);
#7483=ADVANCED_FACE('',(#1042),#657,.F.);
#7484=ADVANCED_FACE('',(#1043),#7100,.T.);
#7485=ADVANCED_FACE('',(#1044,#439),#658,.F.);
#7486=ADVANCED_FACE('',(#1045,#440),#659,.T.);
#7487=ADVANCED_FACE('',(#1046),#7101,.T.);
#7488=ADVANCED_FACE('',(#1047),#7102,.T.);
#7489=ADVANCED_FACE('',(#1048),#266,.T.);
#7490=ADVANCED_FACE('',(#1049),#267,.T.);
#7491=ADVANCED_FACE('',(#1050),#660,.F.);
#7492=ADVANCED_FACE('',(#1051),#661,.T.);
#7493=CLOSED_SHELL('',(#7103,#7104,#7105,#7106,#7107,#7108,#7109,#7110,
#7111,#7112,#7113,#7114,#7115,#7116,#7117,#7118,#7119,#7120,#7121,#7122,
#7123,#7124,#7125,#7126,#7127,#7128,#7129,#7130,#7131,#7132,#7133,#7134,
#7135,#7136,#7137,#7138,#7139,#7140,#7141,#7142,#7143,#7144,#7145,#7146,
#7147,#7148,#7149,#7150,#7151,#7152,#7153,#7154,#7155,#7156,#7157,#7158,
#7159,#7160,#7161,#7162,#7163,#7164,#7165,#7166,#7167,#7168,#7169));
#7494=CLOSED_SHELL('',(#7170,#7171,#7172,#7173,#7174,#7175,#7176,#7177,
#7178,#7179,#7180,#7181,#7182,#7183,#7184,#7185,#7186,#7187,#7188,#7189,
#7190,#7191,#7192,#7193,#7194,#7195,#7196,#7197,#7198,#7199,#7200,#7201,
#7202,#7203,#7204,#7205,#7206,#7207,#7208,#7209,#7210,#7211,#7212,#7213,
#7214,#7215,#7216,#7217,#7218,#7219,#7220,#7221,#7222,#7223,#7224,#7225,
#7226,#7227,#7228,#7229,#7230,#7231,#7232,#7233,#7234,#7235,#7236,#7237,
#7238,#7239,#7240,#7241,#7242,#7243,#7244,#7245,#7246,#7247,#7248,#7249,
#7250,#7251,#7252,#7253,#7254,#7255));
#7495=CLOSED_SHELL('',(#7256,#7257,#7258,#7259,#7260,#7261,#7262,#7263,
#7264,#7265,#7266,#7267,#7268,#7269,#7270,#7271,#7272,#7273,#7274,#7275,
#7276,#7277,#7278,#7279,#7280,#7281,#7282,#7283,#7284,#7285,#7286,#7287,
#7288,#7289,#7290,#7291,#7292,#7293,#7294));
#7496=CLOSED_SHELL('',(#7295,#7296,#7297,#7298,#7299,#7300,#7301,#7302,
#7303,#7304,#7305,#7306,#7307,#7308,#7309,#7310,#7311,#7312,#7313,#7314,
#7315,#7316,#7317,#7318,#7319,#7320,#7321,#7322,#7323,#7324,#7325,#7326,
#7327,#7328,#7329,#7330,#7331,#7332,#7333,#7334,#7335,#7336,#7337,#7338,
#7339,#7340,#7341,#7342,#7343,#7344,#7345,#7346,#7347,#7348,#7349,#7350,
#7351,#7352,#7353,#7354,#7355,#7356,#7357,#7358,#7359,#7360,#7361,#7362,
#7363,#7364,#7365,#7366,#7367,#7368,#7369,#7370,#7371,#7372,#7373,#7374,
#7375,#7376,#7377,#7378,#7379,#7380,#7381,#7382,#7383,#7384,#7385,#7386,
#7387,#7388,#7389,#7390,#7391,#7392,#7393,#7394));
#7497=CLOSED_SHELL('',(#7395,#7396,#7397,#7398,#7399,#7400,#7401,#7402,
#7403,#7404,#7405,#7406,#7407,#7408,#7409,#7410,#7411,#7412,#7413,#7414,
#7415,#7416,#7417,#7418,#7419,#7420,#7421,#7422,#7423,#7424,#7425,#7426,
#7427,#7428,#7429,#7430,#7431,#7432,#7433,#7434,#7435,#7436,#7437,#7438,
#7439,#7440,#7441,#7442,#7443,#7444,#7445,#7446,#7447,#7448,#7449,#7450,
#7451,#7452,#7453,#7454,#7455,#7456,#7457,#7458,#7459,#7460,#7461,#7462,
#7463,#7464,#7465,#7466,#7467,#7468,#7469,#7470,#7471,#7472,#7473,#7474,
#7475,#7476));
#7498=CLOSED_SHELL('',(#7477,#7478,#7479,#7480,#7481,#7482,#7483));
#7499=CLOSED_SHELL('',(#7484,#7485,#7486,#7487,#7488,#7489,#7490,#7491,
#7492));
#7500=DERIVED_UNIT_ELEMENT(#7512,1.);
#7501=DERIVED_UNIT_ELEMENT(#12671,-3.);
#7502=DERIVED_UNIT_ELEMENT(#7512,1.);
#7503=DERIVED_UNIT_ELEMENT(#12671,-3.);
#7504=DERIVED_UNIT_ELEMENT(#7512,1.);
#7505=DERIVED_UNIT_ELEMENT(#12671,-3.);
#7506=DERIVED_UNIT_ELEMENT(#7512,1.);
#7507=DERIVED_UNIT_ELEMENT(#12671,-3.);
#7508=DERIVED_UNIT_ELEMENT(#7512,1.);
#7509=DERIVED_UNIT_ELEMENT(#12671,-3.);
#7510=DERIVED_UNIT_ELEMENT(#7512,1.);
#7511=DERIVED_UNIT_ELEMENT(#12671,-3.);
#7512=(
MASS_UNIT()
NAMED_UNIT(*)
SI_UNIT(.KILO.,.GRAM.)
);
#7513=DERIVED_UNIT((#7500,#7501));
#7514=DERIVED_UNIT((#7502,#7503));
#7515=DERIVED_UNIT((#7504,#7505));
#7516=DERIVED_UNIT((#7506,#7507));
#7517=DERIVED_UNIT((#7508,#7509));
#7518=DERIVED_UNIT((#7510,#7511));
#7519=MEASURE_REPRESENTATION_ITEM('density measure',
POSITIVE_RATIO_MEASURE(7850.),#7513);
#7520=MEASURE_REPRESENTATION_ITEM('density measure',
POSITIVE_RATIO_MEASURE(7850.),#7514);
#7521=MEASURE_REPRESENTATION_ITEM('density measure',
POSITIVE_RATIO_MEASURE(7750.),#7515);
#7522=MEASURE_REPRESENTATION_ITEM('density measure',
POSITIVE_RATIO_MEASURE(7850.),#7516);
#7523=MEASURE_REPRESENTATION_ITEM('density measure',
POSITIVE_RATIO_MEASURE(7850.),#7517);
#7524=MEASURE_REPRESENTATION_ITEM('density measure',
POSITIVE_RATIO_MEASURE(7850.),#7518);
#7525=PROPERTY_DEFINITION_REPRESENTATION(#7555,#7537);
#7526=PROPERTY_DEFINITION_REPRESENTATION(#7556,#7538);
#7527=PROPERTY_DEFINITION_REPRESENTATION(#7557,#7539);
#7528=PROPERTY_DEFINITION_REPRESENTATION(#7558,#7540);
#7529=PROPERTY_DEFINITION_REPRESENTATION(#7559,#7541);
#7530=PROPERTY_DEFINITION_REPRESENTATION(#7560,#7542);
#7531=PROPERTY_DEFINITION_REPRESENTATION(#7561,#7543);
#7532=PROPERTY_DEFINITION_REPRESENTATION(#7562,#7544);
#7533=PROPERTY_DEFINITION_REPRESENTATION(#7563,#7545);
#7534=PROPERTY_DEFINITION_REPRESENTATION(#7564,#7546);
#7535=PROPERTY_DEFINITION_REPRESENTATION(#7565,#7547);
#7536=PROPERTY_DEFINITION_REPRESENTATION(#7566,#7548);
#7537=REPRESENTATION('material name',(#7549),#12655);
#7538=REPRESENTATION('density',(#7519),#12655);
#7539=REPRESENTATION('material name',(#7550),#12656);
#7540=REPRESENTATION('density',(#7520),#12656);
#7541=REPRESENTATION('material name',(#7551),#12657);
#7542=REPRESENTATION('density',(#7521),#12657);
#7543=REPRESENTATION('material name',(#7552),#12661);
#7544=REPRESENTATION('density',(#7522),#12661);
#7545=REPRESENTATION('material name',(#7553),#12662);
#7546=REPRESENTATION('density',(#7523),#12662);
#7547=REPRESENTATION('material name',(#7554),#12668);
#7548=REPRESENTATION('density',(#7524),#12668);
#7549=DESCRIPTIVE_REPRESENTATION_ITEM('Steel','Steel');
#7550=DESCRIPTIVE_REPRESENTATION_ITEM('Steel','Steel');
#7551=DESCRIPTIVE_REPRESENTATION_ITEM('Steel 4.6, Plain',
'Steel 4.6, Plain');
#7552=DESCRIPTIVE_REPRESENTATION_ITEM('Steel','Steel');
#7553=DESCRIPTIVE_REPRESENTATION_ITEM('Steel','Steel');
#7554=DESCRIPTIVE_REPRESENTATION_ITEM('Steel','Steel');
#7555=PROPERTY_DEFINITION('material property','material name',#12743);
#7556=PROPERTY_DEFINITION('material property','density of part',#12743);
#7557=PROPERTY_DEFINITION('material property','material name',#12744);
#7558=PROPERTY_DEFINITION('material property','density of part',#12744);
#7559=PROPERTY_DEFINITION('material property','material name',#12745);
#7560=PROPERTY_DEFINITION('material property','density of part',#12745);
#7561=PROPERTY_DEFINITION('material property','material name',#12749);
#7562=PROPERTY_DEFINITION('material property','density of part',#12749);
#7563=PROPERTY_DEFINITION('material property','material name',#12750);
#7564=PROPERTY_DEFINITION('material property','density of part',#12750);
#7565=PROPERTY_DEFINITION('material property','material name',#12756);
#7566=PROPERTY_DEFINITION('material property','density of part',#12756);
#7567=AXIS2_PLACEMENT_3D('',#10545,#8339,#8340);
#7568=AXIS2_PLACEMENT_3D('',#10546,#8341,#8342);
#7569=AXIS2_PLACEMENT_3D('',#10547,#8343,#8344);
#7570=AXIS2_PLACEMENT_3D('',#10549,#8345,#8346);
#7571=AXIS2_PLACEMENT_3D('',#10552,#8348,#8349);
#7572=AXIS2_PLACEMENT_3D('',#10553,#8350,#8351);
#7573=AXIS2_PLACEMENT_3D('',#10554,#8352,#8353);
#7574=AXIS2_PLACEMENT_3D('',#10556,#8354,#8355);
#7575=AXIS2_PLACEMENT_3D('',#10559,#8357,#8358);
#7576=AXIS2_PLACEMENT_3D('',#10560,#8359,#8360);
#7577=AXIS2_PLACEMENT_3D('',#10561,#8361,#8362);
#7578=AXIS2_PLACEMENT_3D('',#10563,#8363,#8364);
#7579=AXIS2_PLACEMENT_3D('',#10566,#8366,#8367);
#7580=AXIS2_PLACEMENT_3D('',#10567,#8368,#8369);
#7581=AXIS2_PLACEMENT_3D('',#10568,#8370,#8371);
#7582=AXIS2_PLACEMENT_3D('',#10570,#8372,#8373);
#7583=AXIS2_PLACEMENT_3D('',#10573,#8375,#8376);
#7584=AXIS2_PLACEMENT_3D('',#10574,#8377,#8378);
#7585=AXIS2_PLACEMENT_3D('',#10575,#8379,#8380);
#7586=AXIS2_PLACEMENT_3D('',#10587,#8382,#8383);
#7587=AXIS2_PLACEMENT_3D('',#10589,#8385,#8386);
#7588=AXIS2_PLACEMENT_3D('',#10607,#8395,#8396);
#7589=AXIS2_PLACEMENT_3D('',#10611,#8398,#8399);
#7590=AXIS2_PLACEMENT_3D('',#10615,#8401,#8402);
#7591=AXIS2_PLACEMENT_3D('',#10618,#8404,#8405);
#7592=AXIS2_PLACEMENT_3D('',#10623,#8407,#8408);
#7593=AXIS2_PLACEMENT_3D('',#10627,#8410,#8411);
#7594=AXIS2_PLACEMENT_3D('',#10631,#8413,#8414);
#7595=AXIS2_PLACEMENT_3D('',#10634,#8416,#8417);
#7596=AXIS2_PLACEMENT_3D('',#10635,#8418,#8419);
#7597=AXIS2_PLACEMENT_3D('',#10638,#8420,#8421);
#7598=AXIS2_PLACEMENT_3D('',#10642,#8423,#8424);
#7599=AXIS2_PLACEMENT_3D('',#10644,#8426,#8427);
#7600=AXIS2_PLACEMENT_3D('',#10650,#8431,#8432);
#7601=AXIS2_PLACEMENT_3D('',#10652,#8433,#8434);
#7602=AXIS2_PLACEMENT_3D('',#10654,#8435,#8436);
#7603=AXIS2_PLACEMENT_3D('',#10656,#8438,#8439);
#7604=AXIS2_PLACEMENT_3D('',#10666,#8441,#8442);
#7605=AXIS2_PLACEMENT_3D('',#10667,#8443,#8444);
#7606=AXIS2_PLACEMENT_3D('',#10670,#8446,#8447);
#7607=AXIS2_PLACEMENT_3D('',#10672,#8449,#8450);
#7608=AXIS2_PLACEMENT_3D('',#10674,#8451,#8452);
#7609=AXIS2_PLACEMENT_3D('',#10677,#8454,#8455);
#7610=AXIS2_PLACEMENT_3D('',#10678,#8456,#8457);
#7611=AXIS2_PLACEMENT_3D('',#10681,#8460,#8461);
#7612=AXIS2_PLACEMENT_3D('',#10683,#8462,#8463);
#7613=AXIS2_PLACEMENT_3D('',#10685,#8465,#8466);
#7614=AXIS2_PLACEMENT_3D('',#10688,#8467,#8468);
#7615=AXIS2_PLACEMENT_3D('',#10690,#8469,#8470);
#7616=AXIS2_PLACEMENT_3D('',#10692,#8471,#8472);
#7617=AXIS2_PLACEMENT_3D('',#10693,#8473,#8474);
#7618=AXIS2_PLACEMENT_3D('',#10694,#8475,#8476);
#7619=AXIS2_PLACEMENT_3D('',#10697,#8477,#8478);
#7620=AXIS2_PLACEMENT_3D('',#10700,#8481,#8482);
#7621=AXIS2_PLACEMENT_3D('',#10703,#8483,#8484);
#7622=AXIS2_PLACEMENT_3D('',#10704,#8485,#8486);
#7623=AXIS2_PLACEMENT_3D('',#10705,#8487,#8488);
#7624=AXIS2_PLACEMENT_3D('',#10706,#8489,#8490);
#7625=AXIS2_PLACEMENT_3D('',#10709,#8491,#8492);
#7626=AXIS2_PLACEMENT_3D('',#10712,#8495,#8496);
#7627=AXIS2_PLACEMENT_3D('',#10715,#8497,#8498);
#7628=AXIS2_PLACEMENT_3D('',#10716,#8499,#8500);
#7629=AXIS2_PLACEMENT_3D('',#10717,#8501,#8502);
#7630=AXIS2_PLACEMENT_3D('',#10718,#8503,#8504);
#7631=AXIS2_PLACEMENT_3D('',#10721,#8505,#8506);
#7632=AXIS2_PLACEMENT_3D('',#10724,#8509,#8510);
#7633=AXIS2_PLACEMENT_3D('',#10727,#8511,#8512);
#7634=AXIS2_PLACEMENT_3D('',#10728,#8513,#8514);
#7635=AXIS2_PLACEMENT_3D('',#10729,#8515,#8516);
#7636=AXIS2_PLACEMENT_3D('',#10730,#8517,#8518);
#7637=AXIS2_PLACEMENT_3D('',#10733,#8521,#8522);
#7638=AXIS2_PLACEMENT_3D('',#10739,#8526,#8527);
#7639=AXIS2_PLACEMENT_3D('',#10742,#8529,#8530);
#7640=AXIS2_PLACEMENT_3D('',#10743,#8531,#8532);
#7641=AXIS2_PLACEMENT_3D('',#10747,#8535,#8536);
#7642=AXIS2_PLACEMENT_3D('',#10750,#8538,#8539);
#7643=AXIS2_PLACEMENT_3D('',#10751,#8540,#8541);
#7644=AXIS2_PLACEMENT_3D('',#10754,#8542,#8543);
#7645=AXIS2_PLACEMENT_3D('',#10758,#8545,#8546);
#7646=AXIS2_PLACEMENT_3D('',#10762,#8548,#8549);
#7647=AXIS2_PLACEMENT_3D('',#10766,#8551,#8552);
#7648=AXIS2_PLACEMENT_3D('',#10770,#8554,#8555);
#7649=AXIS2_PLACEMENT_3D('',#10774,#8557,#8558);
#7650=AXIS2_PLACEMENT_3D('',#10778,#8560,#8561);
#7651=AXIS2_PLACEMENT_3D('',#10782,#8563,#8564);
#7652=AXIS2_PLACEMENT_3D('',#10784,#8566,#8567);
#7653=AXIS2_PLACEMENT_3D('',#10787,#8570,#8571);
#7654=AXIS2_PLACEMENT_3D('',#10789,#8573,#8574);
#7655=AXIS2_PLACEMENT_3D('',#10792,#8577,#8578);
#7656=AXIS2_PLACEMENT_3D('',#10794,#8580,#8581);
#7657=AXIS2_PLACEMENT_3D('',#10796,#8583,#8584);
#7658=AXIS2_PLACEMENT_3D('',#10797,#8585,#8586);
#7659=AXIS2_PLACEMENT_3D('',#10799,#8588,#8589);
#7660=AXIS2_PLACEMENT_3D('',#10800,#8590,#8591);
#7661=AXIS2_PLACEMENT_3D('',#10803,#8594,#8595);
#7662=AXIS2_PLACEMENT_3D('',#10805,#8597,#8598);
#7663=AXIS2_PLACEMENT_3D('',#10808,#8601,#8602);
#7664=AXIS2_PLACEMENT_3D('',#10809,#8603,#8604);
#7665=AXIS2_PLACEMENT_3D('',#10811,#8606,#8607);
#7666=AXIS2_PLACEMENT_3D('',#10813,#8609,#8610);
#7667=AXIS2_PLACEMENT_3D('',#10815,#8612,#8613);
#7668=AXIS2_PLACEMENT_3D('',#10816,#8614,#8615);
#7669=AXIS2_PLACEMENT_3D('',#10818,#8616,#8617);
#7670=AXIS2_PLACEMENT_3D('',#10819,#8618,#8619);
#7671=AXIS2_PLACEMENT_3D('',#10820,#8620,#8621);
#7672=AXIS2_PLACEMENT_3D('',#10822,#8622,#8623);
#7673=AXIS2_PLACEMENT_3D('',#10823,#8624,#8625);
#7674=AXIS2_PLACEMENT_3D('',#10824,#8626,#8627);
#7675=AXIS2_PLACEMENT_3D('',#10827,#8628,#8629);
#7676=AXIS2_PLACEMENT_3D('',#10830,#8632,#8633);
#7677=AXIS2_PLACEMENT_3D('',#10832,#8634,#8635);
#7678=AXIS2_PLACEMENT_3D('',#10834,#8636,#8637);
#7679=AXIS2_PLACEMENT_3D('',#10835,#8638,#8639);
#7680=AXIS2_PLACEMENT_3D('',#10836,#8640,#8641);
#7681=AXIS2_PLACEMENT_3D('',#10838,#8642,#8643);
#7682=AXIS2_PLACEMENT_3D('',#10840,#8644,#8645);
#7683=AXIS2_PLACEMENT_3D('',#10841,#8646,#8647);
#7684=AXIS2_PLACEMENT_3D('',#10842,#8648,#8649);
#7685=AXIS2_PLACEMENT_3D('',#10844,#8651,#8652);
#7686=AXIS2_PLACEMENT_3D('',#10847,#8653,#8654);
#7687=AXIS2_PLACEMENT_3D('',#10850,#8657,#8658);
#7688=AXIS2_PLACEMENT_3D('',#10852,#8660,#8661);
#7689=AXIS2_PLACEMENT_3D('',#10855,#8662,#8663);
#7690=AXIS2_PLACEMENT_3D('',#10858,#8666,#8667);
#7691=AXIS2_PLACEMENT_3D('',#10860,#8669,#8670);
#7692=AXIS2_PLACEMENT_3D('',#10863,#8671,#8672);
#7693=AXIS2_PLACEMENT_3D('',#10866,#8675,#8676);
#7694=AXIS2_PLACEMENT_3D('',#10868,#8678,#8679);
#7695=AXIS2_PLACEMENT_3D('',#10870,#8681,#8682);
#7696=AXIS2_PLACEMENT_3D('',#10872,#8684,#8685);
#7697=AXIS2_PLACEMENT_3D('',#10874,#8687,#8688);
#7698=AXIS2_PLACEMENT_3D('',#10878,#8690,#8691);
#7699=AXIS2_PLACEMENT_3D('',#10881,#8693,#8694);
#7700=AXIS2_PLACEMENT_3D('',#10882,#8695,#8696);
#7701=AXIS2_PLACEMENT_3D('',#10884,#8698,#8699);
#7702=AXIS2_PLACEMENT_3D('',#10886,#8701,#8702);
#7703=AXIS2_PLACEMENT_3D('',#10888,#8704,#8705);
#7704=AXIS2_PLACEMENT_3D('',#10889,#8706,#8707);
#7705=AXIS2_PLACEMENT_3D('',#10890,#8708,#8709);
#7706=AXIS2_PLACEMENT_3D('',#10892,#8710,#8711);
#7707=AXIS2_PLACEMENT_3D('',#10895,#8713,#8714);
#7708=AXIS2_PLACEMENT_3D('',#10896,#8715,#8716);
#7709=AXIS2_PLACEMENT_3D('',#10898,#8717,#8718);
#7710=AXIS2_PLACEMENT_3D('',#10901,#8720,#8721);
#7711=AXIS2_PLACEMENT_3D('',#10902,#8722,#8723);
#7712=AXIS2_PLACEMENT_3D('',#10904,#8724,#8725);
#7713=AXIS2_PLACEMENT_3D('',#10907,#8727,#8728);
#7714=AXIS2_PLACEMENT_3D('',#10908,#8729,#8730);
#7715=AXIS2_PLACEMENT_3D('',#10910,#8731,#8732);
#7716=AXIS2_PLACEMENT_3D('',#10913,#8734,#8735);
#7717=AXIS2_PLACEMENT_3D('',#10914,#8736,#8737);
#7718=AXIS2_PLACEMENT_3D('',#10917,#8738,#8739);
#7719=AXIS2_PLACEMENT_3D('',#10919,#8740,#8741);
#7720=AXIS2_PLACEMENT_3D('',#10921,#8742,#8743);
#7721=AXIS2_PLACEMENT_3D('',#10922,#8744,#8745);
#7722=AXIS2_PLACEMENT_3D('',#10923,#8746,#8747);
#7723=AXIS2_PLACEMENT_3D('',#10926,#8748,#8749);
#7724=AXIS2_PLACEMENT_3D('',#10929,#8752,#8753);
#7725=AXIS2_PLACEMENT_3D('',#10932,#8754,#8755);
#7726=AXIS2_PLACEMENT_3D('',#10933,#8756,#8757);
#7727=AXIS2_PLACEMENT_3D('',#10934,#8758,#8759);
#7728=AXIS2_PLACEMENT_3D('',#10935,#8760,#8761);
#7729=AXIS2_PLACEMENT_3D('',#10938,#8762,#8763);
#7730=AXIS2_PLACEMENT_3D('',#10941,#8766,#8767);
#7731=AXIS2_PLACEMENT_3D('',#10944,#8768,#8769);
#7732=AXIS2_PLACEMENT_3D('',#10945,#8770,#8771);
#7733=AXIS2_PLACEMENT_3D('',#10946,#8772,#8773);
#7734=AXIS2_PLACEMENT_3D('',#10947,#8774,#8775);
#7735=AXIS2_PLACEMENT_3D('',#10950,#8776,#8777);
#7736=AXIS2_PLACEMENT_3D('',#10953,#8780,#8781);
#7737=AXIS2_PLACEMENT_3D('',#10956,#8782,#8783);
#7738=AXIS2_PLACEMENT_3D('',#10957,#8784,#8785);
#7739=AXIS2_PLACEMENT_3D('',#10958,#8786,#8787);
#7740=AXIS2_PLACEMENT_3D('',#10959,#8788,#8789);
#7741=AXIS2_PLACEMENT_3D('',#10962,#8792,#8793);
#7742=AXIS2_PLACEMENT_3D('',#10968,#8797,#8798);
#7743=AXIS2_PLACEMENT_3D('',#10971,#8800,#8801);
#7744=AXIS2_PLACEMENT_3D('',#10972,#8802,#8803);
#7745=AXIS2_PLACEMENT_3D('',#10976,#8806,#8807);
#7746=AXIS2_PLACEMENT_3D('',#10979,#8809,#8810);
#7747=AXIS2_PLACEMENT_3D('',#10980,#8811,#8812);
#7748=AXIS2_PLACEMENT_3D('',#10985,#8814,#8815);
#7749=AXIS2_PLACEMENT_3D('',#10989,#8817,#8818);
#7750=AXIS2_PLACEMENT_3D('',#10993,#8820,#8821);
#7751=AXIS2_PLACEMENT_3D('',#10996,#8823,#8824);
#7752=AXIS2_PLACEMENT_3D('',#11001,#8826,#8827);
#7753=AXIS2_PLACEMENT_3D('',#11005,#8829,#8830);
#7754=AXIS2_PLACEMENT_3D('',#11009,#8832,#8833);
#7755=AXIS2_PLACEMENT_3D('',#11012,#8835,#8836);
#7756=AXIS2_PLACEMENT_3D('',#11015,#8837,#8838);
#7757=AXIS2_PLACEMENT_3D('',#11019,#8840,#8841);
#7758=AXIS2_PLACEMENT_3D('',#11023,#8843,#8844);
#7759=AXIS2_PLACEMENT_3D('',#11027,#8846,#8847);
#7760=AXIS2_PLACEMENT_3D('',#11031,#8849,#8850);
#7761=AXIS2_PLACEMENT_3D('',#11035,#8852,#8853);
#7762=AXIS2_PLACEMENT_3D('',#11039,#8855,#8856);
#7763=AXIS2_PLACEMENT_3D('',#11043,#8858,#8859);
#7764=AXIS2_PLACEMENT_3D('',#11047,#8861,#8862);
#7765=AXIS2_PLACEMENT_3D('',#11051,#8864,#8865);
#7766=AXIS2_PLACEMENT_3D('',#11055,#8867,#8868);
#7767=AXIS2_PLACEMENT_3D('',#11059,#8870,#8871);
#7768=AXIS2_PLACEMENT_3D('',#11065,#8874,#8875);
#7769=AXIS2_PLACEMENT_3D('',#11069,#8877,#8878);
#7770=AXIS2_PLACEMENT_3D('',#11073,#8880,#8881);
#7771=AXIS2_PLACEMENT_3D('',#11076,#8883,#8884);
#7772=AXIS2_PLACEMENT_3D('',#11079,#8885,#8886);
#7773=AXIS2_PLACEMENT_3D('',#11083,#8888,#8889);
#7774=AXIS2_PLACEMENT_3D('',#11087,#8891,#8892);
#7775=AXIS2_PLACEMENT_3D('',#11091,#8894,#8895);
#7776=AXIS2_PLACEMENT_3D('',#11097,#8898,#8899);
#7777=AXIS2_PLACEMENT_3D('',#11101,#8901,#8902);
#7778=AXIS2_PLACEMENT_3D('',#11105,#8904,#8905);
#7779=AXIS2_PLACEMENT_3D('',#11108,#8907,#8908);
#7780=AXIS2_PLACEMENT_3D('',#11109,#8909,#8910);
#7781=AXIS2_PLACEMENT_3D('',#11112,#8911,#8912);
#7782=AXIS2_PLACEMENT_3D('',#11115,#8915,#8916);
#7783=AXIS2_PLACEMENT_3D('',#11119,#8919,#8920);
#7784=AXIS2_PLACEMENT_3D('',#11122,#8921,#8922);
#7785=AXIS2_PLACEMENT_3D('',#11125,#8925,#8926);
#7786=AXIS2_PLACEMENT_3D('',#11127,#8928,#8929);
#7787=AXIS2_PLACEMENT_3D('',#11130,#8930,#8931);
#7788=AXIS2_PLACEMENT_3D('',#11133,#8934,#8935);
#7789=AXIS2_PLACEMENT_3D('',#11135,#8937,#8938);
#7790=AXIS2_PLACEMENT_3D('',#11137,#8939,#8940);
#7791=AXIS2_PLACEMENT_3D('',#11139,#8942,#8943);
#7792=AXIS2_PLACEMENT_3D('',#11141,#8945,#8946);
#7793=AXIS2_PLACEMENT_3D('',#11144,#8947,#8948);
#7794=AXIS2_PLACEMENT_3D('',#11147,#8951,#8952);
#7795=AXIS2_PLACEMENT_3D('',#11151,#8955,#8956);
#7796=AXIS2_PLACEMENT_3D('',#11154,#8957,#8958);
#7797=AXIS2_PLACEMENT_3D('',#11157,#8961,#8962);
#7798=AXIS2_PLACEMENT_3D('',#11159,#8964,#8965);
#7799=AXIS2_PLACEMENT_3D('',#11162,#8966,#8967);
#7800=AXIS2_PLACEMENT_3D('',#11165,#8970,#8971);
#7801=AXIS2_PLACEMENT_3D('',#11167,#8973,#8974);
#7802=AXIS2_PLACEMENT_3D('',#11169,#8975,#8976);
#7803=AXIS2_PLACEMENT_3D('',#11171,#8978,#8979);
#7804=AXIS2_PLACEMENT_3D('',#11173,#8981,#8982);
#7805=AXIS2_PLACEMENT_3D('',#11176,#8983,#8984);
#7806=AXIS2_PLACEMENT_3D('',#11179,#8987,#8988);
#7807=AXIS2_PLACEMENT_3D('',#11183,#8991,#8992);
#7808=AXIS2_PLACEMENT_3D('',#11185,#8993,#8994);
#7809=AXIS2_PLACEMENT_3D('',#11187,#8996,#8997);
#7810=AXIS2_PLACEMENT_3D('',#11191,#9000,#9001);
#7811=AXIS2_PLACEMENT_3D('',#11193,#9002,#9003);
#7812=AXIS2_PLACEMENT_3D('',#11195,#9005,#9006);
#7813=AXIS2_PLACEMENT_3D('',#11199,#9009,#9010);
#7814=AXIS2_PLACEMENT_3D('',#11201,#9011,#9012);
#7815=AXIS2_PLACEMENT_3D('',#11203,#9014,#9015);
#7816=AXIS2_PLACEMENT_3D('',#11205,#9017,#9018);
#7817=AXIS2_PLACEMENT_3D('',#11211,#9022,#9023);
#7818=AXIS2_PLACEMENT_3D('',#11213,#9024,#9025);
#7819=AXIS2_PLACEMENT_3D('',#11215,#9027,#9028);
#7820=AXIS2_PLACEMENT_3D('',#11219,#9031,#9032);
#7821=AXIS2_PLACEMENT_3D('',#11221,#9033,#9034);
#7822=AXIS2_PLACEMENT_3D('',#11223,#9036,#9037);
#7823=AXIS2_PLACEMENT_3D('',#11227,#9040,#9041);
#7824=AXIS2_PLACEMENT_3D('',#11229,#9042,#9043);
#7825=AXIS2_PLACEMENT_3D('',#11231,#9045,#9046);
#7826=AXIS2_PLACEMENT_3D('',#11235,#9049,#9050);
#7827=AXIS2_PLACEMENT_3D('',#11236,#9051,#9052);
#7828=AXIS2_PLACEMENT_3D('',#11237,#9053,#9054);
#7829=AXIS2_PLACEMENT_3D('',#11243,#9058,#9059);
#7830=AXIS2_PLACEMENT_3D('',#11245,#9060,#9061);
#7831=AXIS2_PLACEMENT_3D('',#11247,#9063,#9064);
#7832=AXIS2_PLACEMENT_3D('',#11251,#9067,#9068);
#7833=AXIS2_PLACEMENT_3D('',#11253,#9069,#9070);
#7834=AXIS2_PLACEMENT_3D('',#11255,#9072,#9073);
#7835=AXIS2_PLACEMENT_3D('',#11259,#9076,#9077);
#7836=AXIS2_PLACEMENT_3D('',#11261,#9078,#9079);
#7837=AXIS2_PLACEMENT_3D('',#11263,#9081,#9082);
#7838=AXIS2_PLACEMENT_3D('',#11267,#9085,#9086);
#7839=AXIS2_PLACEMENT_3D('',#11268,#9087,#9088);
#7840=AXIS2_PLACEMENT_3D('',#11269,#9089,#9090);
#7841=AXIS2_PLACEMENT_3D('',#11275,#9094,#9095);
#7842=AXIS2_PLACEMENT_3D('',#11277,#9096,#9097);
#7843=AXIS2_PLACEMENT_3D('',#11279,#9099,#9100);
#7844=AXIS2_PLACEMENT_3D('',#11283,#9103,#9104);
#7845=AXIS2_PLACEMENT_3D('',#11285,#9105,#9106);
#7846=AXIS2_PLACEMENT_3D('',#11287,#9108,#9109);
#7847=AXIS2_PLACEMENT_3D('',#11291,#9112,#9113);
#7848=AXIS2_PLACEMENT_3D('',#11293,#9114,#9115);
#7849=AXIS2_PLACEMENT_3D('',#11295,#9117,#9118);
#7850=AXIS2_PLACEMENT_3D('',#11299,#9121,#9122);
#7851=AXIS2_PLACEMENT_3D('',#11300,#9123,#9124);
#7852=AXIS2_PLACEMENT_3D('',#11301,#9125,#9126);
#7853=AXIS2_PLACEMENT_3D('',#11304,#9127,#9128);
#7854=AXIS2_PLACEMENT_3D('',#11307,#9131,#9132);
#7855=AXIS2_PLACEMENT_3D('',#11311,#9135,#9136);
#7856=AXIS2_PLACEMENT_3D('',#11313,#9137,#9138);
#7857=AXIS2_PLACEMENT_3D('',#11315,#9140,#9141);
#7858=AXIS2_PLACEMENT_3D('',#11319,#9144,#9145);
#7859=AXIS2_PLACEMENT_3D('',#11321,#9146,#9147);
#7860=AXIS2_PLACEMENT_3D('',#11323,#9149,#9150);
#7861=AXIS2_PLACEMENT_3D('',#11327,#9153,#9154);
#7862=AXIS2_PLACEMENT_3D('',#11329,#9155,#9156);
#7863=AXIS2_PLACEMENT_3D('',#11331,#9158,#9159);
#7864=AXIS2_PLACEMENT_3D('',#11333,#9161,#9162);
#7865=AXIS2_PLACEMENT_3D('',#11339,#9166,#9167);
#7866=AXIS2_PLACEMENT_3D('',#11341,#9168,#9169);
#7867=AXIS2_PLACEMENT_3D('',#11343,#9171,#9172);
#7868=AXIS2_PLACEMENT_3D('',#11347,#9175,#9176);
#7869=AXIS2_PLACEMENT_3D('',#11349,#9177,#9178);
#7870=AXIS2_PLACEMENT_3D('',#11351,#9180,#9181);
#7871=AXIS2_PLACEMENT_3D('',#11355,#9184,#9185);
#7872=AXIS2_PLACEMENT_3D('',#11357,#9186,#9187);
#7873=AXIS2_PLACEMENT_3D('',#11359,#9189,#9190);
#7874=AXIS2_PLACEMENT_3D('',#11363,#9193,#9194);
#7875=AXIS2_PLACEMENT_3D('',#11364,#9195,#9196);
#7876=AXIS2_PLACEMENT_3D('',#11365,#9197,#9198);
#7877=AXIS2_PLACEMENT_3D('',#11369,#9201,#9202);
#7878=AXIS2_PLACEMENT_3D('',#11372,#9204,#9205);
#7879=AXIS2_PLACEMENT_3D('',#11373,#9206,#9207);
#7880=AXIS2_PLACEMENT_3D('',#11377,#9210,#9211);
#7881=AXIS2_PLACEMENT_3D('',#11378,#9212,#9213);
#7882=AXIS2_PLACEMENT_3D('',#11379,#9214,#9215);
#7883=AXIS2_PLACEMENT_3D('',#11380,#9216,#9217);
#7884=AXIS2_PLACEMENT_3D('',#11381,#9218,#9219);
#7885=AXIS2_PLACEMENT_3D('',#11383,#9220,#9221);
#7886=AXIS2_PLACEMENT_3D('',#11386,#9223,#9224);
#7887=AXIS2_PLACEMENT_3D('',#11387,#9225,#9226);
#7888=AXIS2_PLACEMENT_3D('',#11389,#9227,#9228);
#7889=AXIS2_PLACEMENT_3D('',#11391,#9229,#9230);
#7890=AXIS2_PLACEMENT_3D('',#11392,#9231,#9232);
#7891=AXIS2_PLACEMENT_3D('',#11393,#9233,#9234);
#7892=AXIS2_PLACEMENT_3D('',#11395,#9235,#9236);
#7893=AXIS2_PLACEMENT_3D('',#11396,#9237,#9238);
#7894=AXIS2_PLACEMENT_3D('',#11398,#9239,#9240);
#7895=AXIS2_PLACEMENT_3D('',#11400,#9242,#9243);
#7896=AXIS2_PLACEMENT_3D('',#11402,#9244,#9245);
#7897=AXIS2_PLACEMENT_3D('',#11404,#9246,#9247);
#7898=AXIS2_PLACEMENT_3D('',#11406,#9248,#9249);
#7899=AXIS2_PLACEMENT_3D('',#11407,#9250,#9251);
#7900=AXIS2_PLACEMENT_3D('',#11408,#9252,#9253);
#7901=AXIS2_PLACEMENT_3D('',#11411,#9254,#9255);
#7902=AXIS2_PLACEMENT_3D('',#11413,#9256,#9257);
#7903=AXIS2_PLACEMENT_3D('',#11415,#9258,#9259);
#7904=AXIS2_PLACEMENT_3D('',#11416,#9260,#9261);
#7905=AXIS2_PLACEMENT_3D('',#11418,#9262,#9263);
#7906=AXIS2_PLACEMENT_3D('',#11420,#9264,#9265);
#7907=AXIS2_PLACEMENT_3D('',#11422,#9266,#9267);
#7908=AXIS2_PLACEMENT_3D('',#11424,#9268,#9269);
#7909=AXIS2_PLACEMENT_3D('',#11426,#9270,#9271);
#7910=AXIS2_PLACEMENT_3D('',#11428,#9272,#9273);
#7911=AXIS2_PLACEMENT_3D('',#11430,#9274,#9275);
#7912=AXIS2_PLACEMENT_3D('',#11432,#9276,#9277);
#7913=AXIS2_PLACEMENT_3D('',#11434,#9278,#9279);
#7914=AXIS2_PLACEMENT_3D('',#11436,#9280,#9281);
#7915=AXIS2_PLACEMENT_3D('',#11438,#9282,#9283);
#7916=AXIS2_PLACEMENT_3D('',#11440,#9284,#9285);
#7917=AXIS2_PLACEMENT_3D('',#11442,#9286,#9287);
#7918=AXIS2_PLACEMENT_3D('',#11444,#9288,#9289);
#7919=AXIS2_PLACEMENT_3D('',#11446,#9290,#9291);
#7920=AXIS2_PLACEMENT_3D('',#11448,#9292,#9293);
#7921=AXIS2_PLACEMENT_3D('',#11450,#9294,#9295);
#7922=AXIS2_PLACEMENT_3D('',#11451,#9296,#9297);
#7923=AXIS2_PLACEMENT_3D('',#11452,#9298,#9299);
#7924=AXIS2_PLACEMENT_3D('',#11454,#9301,#9302);
#7925=AXIS2_PLACEMENT_3D('',#11460,#9306,#9307);
#7926=AXIS2_PLACEMENT_3D('',#11464,#9310,#9311);
#7927=AXIS2_PLACEMENT_3D('',#11472,#9316,#9317);
#7928=AXIS2_PLACEMENT_3D('',#11474,#9319,#9320);
#7929=AXIS2_PLACEMENT_3D('',#11476,#9322,#9323);
#7930=AXIS2_PLACEMENT_3D('',#11482,#9327,#9328);
#7931=AXIS2_PLACEMENT_3D('',#11486,#9331,#9332);
#7932=AXIS2_PLACEMENT_3D('',#11494,#9337,#9338);
#7933=AXIS2_PLACEMENT_3D('',#11496,#9340,#9341);
#7934=AXIS2_PLACEMENT_3D('',#11498,#9343,#9344);
#7935=AXIS2_PLACEMENT_3D('',#11504,#9348,#9349);
#7936=AXIS2_PLACEMENT_3D('',#11508,#9352,#9353);
#7937=AXIS2_PLACEMENT_3D('',#11516,#9358,#9359);
#7938=AXIS2_PLACEMENT_3D('',#11518,#9361,#9362);
#7939=AXIS2_PLACEMENT_3D('',#11520,#9364,#9365);
#7940=AXIS2_PLACEMENT_3D('',#11526,#9369,#9370);
#7941=AXIS2_PLACEMENT_3D('',#11530,#9373,#9374);
#7942=AXIS2_PLACEMENT_3D('',#11538,#9379,#9380);
#7943=AXIS2_PLACEMENT_3D('',#11540,#9382,#9383);
#7944=AXIS2_PLACEMENT_3D('',#11542,#9385,#9386);
#7945=AXIS2_PLACEMENT_3D('',#11546,#9389,#9390);
#7946=AXIS2_PLACEMENT_3D('',#11548,#9392,#9393);
#7947=AXIS2_PLACEMENT_3D('',#11552,#9396,#9397);
#7948=AXIS2_PLACEMENT_3D('',#11554,#9399,#9400);
#7949=AXIS2_PLACEMENT_3D('',#11558,#9403,#9404);
#7950=AXIS2_PLACEMENT_3D('',#11560,#9406,#9407);
#7951=AXIS2_PLACEMENT_3D('',#11564,#9410,#9411);
#7952=AXIS2_PLACEMENT_3D('',#11566,#9413,#9414);
#7953=AXIS2_PLACEMENT_3D('',#11567,#9415,#9416);
#7954=AXIS2_PLACEMENT_3D('',#11570,#9418,#9419);
#7955=AXIS2_PLACEMENT_3D('',#11571,#9420,#9421);
#7956=AXIS2_PLACEMENT_3D('',#11572,#9422,#9423);
#7957=AXIS2_PLACEMENT_3D('',#11574,#9425,#9426);
#7958=AXIS2_PLACEMENT_3D('',#11575,#9427,#9428);
#7959=AXIS2_PLACEMENT_3D('',#11576,#9429,#9430);
#7960=AXIS2_PLACEMENT_3D('',#11577,#9431,#9432);
#7961=AXIS2_PLACEMENT_3D('',#11578,#9433,#9434);
#7962=AXIS2_PLACEMENT_3D('',#11587,#9439,#9440);
#7963=AXIS2_PLACEMENT_3D('',#11593,#9444,#9445);
#7964=AXIS2_PLACEMENT_3D('',#11599,#9449,#9450);
#7965=AXIS2_PLACEMENT_3D('',#11677,#9490,#9491);
#7966=AXIS2_PLACEMENT_3D('',#11755,#9531,#9532);
#7967=AXIS2_PLACEMENT_3D('',#11757,#9534,#9535);
#7968=AXIS2_PLACEMENT_3D('',#11759,#9537,#9538);
#7969=AXIS2_PLACEMENT_3D('',#11761,#9540,#9541);
#7970=AXIS2_PLACEMENT_3D('',#11763,#9543,#9544);
#7971=AXIS2_PLACEMENT_3D('',#11765,#9546,#9547);
#7972=AXIS2_PLACEMENT_3D('',#11767,#9549,#9550);
#7973=AXIS2_PLACEMENT_3D('',#11769,#9552,#9553);
#7974=AXIS2_PLACEMENT_3D('',#11771,#9555,#9556);
#7975=AXIS2_PLACEMENT_3D('',#11773,#9558,#9559);
#7976=AXIS2_PLACEMENT_3D('',#11775,#9561,#9562);
#7977=AXIS2_PLACEMENT_3D('',#11777,#9564,#9565);
#7978=AXIS2_PLACEMENT_3D('',#11779,#9567,#9568);
#7979=AXIS2_PLACEMENT_3D('',#11781,#9570,#9571);
#7980=AXIS2_PLACEMENT_3D('',#11783,#9573,#9574);
#7981=AXIS2_PLACEMENT_3D('',#11785,#9576,#9577);
#7982=AXIS2_PLACEMENT_3D('',#11787,#9579,#9580);
#7983=AXIS2_PLACEMENT_3D('',#11789,#9582,#9583);
#7984=AXIS2_PLACEMENT_3D('',#11791,#9585,#9586);
#7985=AXIS2_PLACEMENT_3D('',#11793,#9588,#9589);
#7986=AXIS2_PLACEMENT_3D('',#11795,#9591,#9592);
#7987=AXIS2_PLACEMENT_3D('',#11797,#9594,#9595);
#7988=AXIS2_PLACEMENT_3D('',#11799,#9597,#9598);
#7989=AXIS2_PLACEMENT_3D('',#11800,#9599,#9600);
#7990=AXIS2_PLACEMENT_3D('',#11806,#9604,#9605);
#7991=AXIS2_PLACEMENT_3D('',#11810,#9608,#9609);
#7992=AXIS2_PLACEMENT_3D('',#11814,#9612,#9613);
#7993=AXIS2_PLACEMENT_3D('',#11816,#9615,#9616);
#7994=AXIS2_PLACEMENT_3D('',#11822,#9620,#9621);
#7995=AXIS2_PLACEMENT_3D('',#11826,#9624,#9625);
#7996=AXIS2_PLACEMENT_3D('',#11830,#9628,#9629);
#7997=AXIS2_PLACEMENT_3D('',#11832,#9631,#9632);
#7998=AXIS2_PLACEMENT_3D('',#11838,#9636,#9637);
#7999=AXIS2_PLACEMENT_3D('',#11842,#9640,#9641);
#8000=AXIS2_PLACEMENT_3D('',#11846,#9644,#9645);
#8001=AXIS2_PLACEMENT_3D('',#11848,#9647,#9648);
#8002=AXIS2_PLACEMENT_3D('',#11854,#9652,#9653);
#8003=AXIS2_PLACEMENT_3D('',#11858,#9656,#9657);
#8004=AXIS2_PLACEMENT_3D('',#11862,#9660,#9661);
#8005=AXIS2_PLACEMENT_3D('',#11864,#9663,#9664);
#8006=AXIS2_PLACEMENT_3D('',#11870,#9668,#9669);
#8007=AXIS2_PLACEMENT_3D('',#11874,#9672,#9673);
#8008=AXIS2_PLACEMENT_3D('',#11878,#9676,#9677);
#8009=AXIS2_PLACEMENT_3D('',#11880,#9679,#9680);
#8010=AXIS2_PLACEMENT_3D('',#11886,#9684,#9685);
#8011=AXIS2_PLACEMENT_3D('',#11890,#9688,#9689);
#8012=AXIS2_PLACEMENT_3D('',#11894,#9692,#9693);
#8013=AXIS2_PLACEMENT_3D('',#11896,#9695,#9696);
#8014=AXIS2_PLACEMENT_3D('',#11902,#9700,#9701);
#8015=AXIS2_PLACEMENT_3D('',#11906,#9704,#9705);
#8016=AXIS2_PLACEMENT_3D('',#11910,#9708,#9709);
#8017=AXIS2_PLACEMENT_3D('',#11912,#9711,#9712);
#8018=AXIS2_PLACEMENT_3D('',#11918,#9716,#9717);
#8019=AXIS2_PLACEMENT_3D('',#11922,#9720,#9721);
#8020=AXIS2_PLACEMENT_3D('',#11926,#9724,#9725);
#8021=AXIS2_PLACEMENT_3D('',#11928,#9727,#9728);
#8022=AXIS2_PLACEMENT_3D('',#11934,#9732,#9733);
#8023=AXIS2_PLACEMENT_3D('',#11938,#9736,#9737);
#8024=AXIS2_PLACEMENT_3D('',#11942,#9740,#9741);
#8025=AXIS2_PLACEMENT_3D('',#11944,#9743,#9744);
#8026=AXIS2_PLACEMENT_3D('',#11950,#9748,#9749);
#8027=AXIS2_PLACEMENT_3D('',#11954,#9752,#9753);
#8028=AXIS2_PLACEMENT_3D('',#11958,#9756,#9757);
#8029=AXIS2_PLACEMENT_3D('',#11960,#9759,#9760);
#8030=AXIS2_PLACEMENT_3D('',#11966,#9764,#9765);
#8031=AXIS2_PLACEMENT_3D('',#11970,#9768,#9769);
#8032=AXIS2_PLACEMENT_3D('',#11974,#9772,#9773);
#8033=AXIS2_PLACEMENT_3D('',#11976,#9775,#9776);
#8034=AXIS2_PLACEMENT_3D('',#11982,#9780,#9781);
#8035=AXIS2_PLACEMENT_3D('',#11986,#9784,#9785);
#8036=AXIS2_PLACEMENT_3D('',#11990,#9788,#9789);
#8037=AXIS2_PLACEMENT_3D('',#11992,#9791,#9792);
#8038=AXIS2_PLACEMENT_3D('',#11998,#9796,#9797);
#8039=AXIS2_PLACEMENT_3D('',#12002,#9800,#9801);
#8040=AXIS2_PLACEMENT_3D('',#12006,#9804,#9805);
#8041=AXIS2_PLACEMENT_3D('',#12008,#9807,#9808);
#8042=AXIS2_PLACEMENT_3D('',#12014,#9812,#9813);
#8043=AXIS2_PLACEMENT_3D('',#12018,#9816,#9817);
#8044=AXIS2_PLACEMENT_3D('',#12022,#9820,#9821);
#8045=AXIS2_PLACEMENT_3D('',#12024,#9823,#9824);
#8046=AXIS2_PLACEMENT_3D('',#12030,#9828,#9829);
#8047=AXIS2_PLACEMENT_3D('',#12034,#9832,#9833);
#8048=AXIS2_PLACEMENT_3D('',#12038,#9836,#9837);
#8049=AXIS2_PLACEMENT_3D('',#12040,#9839,#9840);
#8050=AXIS2_PLACEMENT_3D('',#12046,#9844,#9845);
#8051=AXIS2_PLACEMENT_3D('',#12050,#9848,#9849);
#8052=AXIS2_PLACEMENT_3D('',#12054,#9852,#9853);
#8053=AXIS2_PLACEMENT_3D('',#12056,#9855,#9856);
#8054=AXIS2_PLACEMENT_3D('',#12057,#9857,#9858);
#8055=AXIS2_PLACEMENT_3D('',#12058,#9859,#9860);
#8056=AXIS2_PLACEMENT_3D('',#12059,#9861,#9862);
#8057=AXIS2_PLACEMENT_3D('',#12060,#9863,#9864);
#8058=AXIS2_PLACEMENT_3D('',#12061,#9865,#9866);
#8059=AXIS2_PLACEMENT_3D('',#12062,#9867,#9868);
#8060=AXIS2_PLACEMENT_3D('',#12063,#9869,#9870);
#8061=AXIS2_PLACEMENT_3D('',#12064,#9871,#9872);
#8062=AXIS2_PLACEMENT_3D('',#12065,#9873,#9874);
#8063=AXIS2_PLACEMENT_3D('',#12066,#9875,#9876);
#8064=AXIS2_PLACEMENT_3D('',#12075,#9881,#9882);
#8065=AXIS2_PLACEMENT_3D('',#12081,#9886,#9887);
#8066=AXIS2_PLACEMENT_3D('',#12087,#9891,#9892);
#8067=AXIS2_PLACEMENT_3D('',#12090,#9894,#9895);
#8068=AXIS2_PLACEMENT_3D('',#12092,#9896,#9897);
#8069=AXIS2_PLACEMENT_3D('',#12094,#9898,#9899);
#8070=AXIS2_PLACEMENT_3D('',#12096,#9900,#9901);
#8071=AXIS2_PLACEMENT_3D('',#12098,#9902,#9903);
#8072=AXIS2_PLACEMENT_3D('',#12100,#9904,#9905);
#8073=AXIS2_PLACEMENT_3D('',#12102,#9906,#9907);
#8074=AXIS2_PLACEMENT_3D('',#12104,#9908,#9909);
#8075=AXIS2_PLACEMENT_3D('',#12106,#9910,#9911);
#8076=AXIS2_PLACEMENT_3D('',#12108,#9912,#9913);
#8077=AXIS2_PLACEMENT_3D('',#12110,#9914,#9915);
#8078=AXIS2_PLACEMENT_3D('',#12112,#9916,#9917);
#8079=AXIS2_PLACEMENT_3D('',#12114,#9918,#9919);
#8080=AXIS2_PLACEMENT_3D('',#12125,#9924,#9925);
#8081=AXIS2_PLACEMENT_3D('',#12129,#9927,#9928);
#8082=AXIS2_PLACEMENT_3D('',#12132,#9930,#9931);
#8083=AXIS2_PLACEMENT_3D('',#12134,#9932,#9933);
#8084=AXIS2_PLACEMENT_3D('',#12137,#9934,#9935);
#8085=AXIS2_PLACEMENT_3D('',#12141,#9937,#9938);
#8086=AXIS2_PLACEMENT_3D('',#12144,#9940,#9941);
#8087=AXIS2_PLACEMENT_3D('',#12146,#9942,#9943);
#8088=AXIS2_PLACEMENT_3D('',#12148,#9944,#9945);
#8089=AXIS2_PLACEMENT_3D('',#12150,#9946,#9947);
#8090=AXIS2_PLACEMENT_3D('',#12152,#9948,#9949);
#8091=AXIS2_PLACEMENT_3D('',#12154,#9950,#9951);
#8092=AXIS2_PLACEMENT_3D('',#12156,#9952,#9953);
#8093=AXIS2_PLACEMENT_3D('',#12158,#9954,#9955);
#8094=AXIS2_PLACEMENT_3D('',#12160,#9956,#9957);
#8095=AXIS2_PLACEMENT_3D('',#12162,#9958,#9959);
#8096=AXIS2_PLACEMENT_3D('',#12164,#9960,#9961);
#8097=AXIS2_PLACEMENT_3D('',#12166,#9962,#9963);
#8098=AXIS2_PLACEMENT_3D('',#12168,#9964,#9965);
#8099=AXIS2_PLACEMENT_3D('',#12170,#9966,#9967);
#8100=AXIS2_PLACEMENT_3D('',#12172,#9968,#9969);
#8101=AXIS2_PLACEMENT_3D('',#12174,#9970,#9971);
#8102=AXIS2_PLACEMENT_3D('',#12176,#9972,#9973);
#8103=AXIS2_PLACEMENT_3D('',#12178,#9974,#9975);
#8104=AXIS2_PLACEMENT_3D('',#12180,#9976,#9977);
#8105=AXIS2_PLACEMENT_3D('',#12182,#9978,#9979);
#8106=AXIS2_PLACEMENT_3D('',#12184,#9980,#9981);
#8107=AXIS2_PLACEMENT_3D('',#12186,#9982,#9983);
#8108=AXIS2_PLACEMENT_3D('',#12188,#9984,#9985);
#8109=AXIS2_PLACEMENT_3D('',#12190,#9986,#9987);
#8110=AXIS2_PLACEMENT_3D('',#12200,#9992,#9993);
#8111=AXIS2_PLACEMENT_3D('',#12202,#9994,#9995);
#8112=AXIS2_PLACEMENT_3D('',#12204,#9996,#9997);
#8113=AXIS2_PLACEMENT_3D('',#12206,#9998,#9999);
#8114=AXIS2_PLACEMENT_3D('',#12208,#10000,#10001);
#8115=AXIS2_PLACEMENT_3D('',#12210,#10002,#10003);
#8116=AXIS2_PLACEMENT_3D('',#12212,#10004,#10005);
#8117=AXIS2_PLACEMENT_3D('',#12214,#10006,#10007);
#8118=AXIS2_PLACEMENT_3D('',#12216,#10008,#10009);
#8119=AXIS2_PLACEMENT_3D('',#12218,#10010,#10011);
#8120=AXIS2_PLACEMENT_3D('',#12220,#10012,#10013);
#8121=AXIS2_PLACEMENT_3D('',#12222,#10014,#10015);
#8122=AXIS2_PLACEMENT_3D('',#12224,#10016,#10017);
#8123=AXIS2_PLACEMENT_3D('',#12226,#10018,#10019);
#8124=AXIS2_PLACEMENT_3D('',#12228,#10020,#10021);
#8125=AXIS2_PLACEMENT_3D('',#12230,#10022,#10023);
#8126=AXIS2_PLACEMENT_3D('',#12232,#10024,#10025);
#8127=AXIS2_PLACEMENT_3D('',#12234,#10026,#10027);
#8128=AXIS2_PLACEMENT_3D('',#12236,#10028,#10029);
#8129=AXIS2_PLACEMENT_3D('',#12238,#10030,#10031);
#8130=AXIS2_PLACEMENT_3D('',#12240,#10032,#10033);
#8131=AXIS2_PLACEMENT_3D('',#12241,#10034,#10035);
#8132=AXIS2_PLACEMENT_3D('',#12244,#10037,#10038);
#8133=AXIS2_PLACEMENT_3D('',#12246,#10039,#10040);
#8134=AXIS2_PLACEMENT_3D('',#12248,#10041,#10042);
#8135=AXIS2_PLACEMENT_3D('',#12250,#10043,#10044);
#8136=AXIS2_PLACEMENT_3D('',#12252,#10045,#10046);
#8137=AXIS2_PLACEMENT_3D('',#12254,#10047,#10048);
#8138=AXIS2_PLACEMENT_3D('',#12256,#10049,#10050);
#8139=AXIS2_PLACEMENT_3D('',#12258,#10051,#10052);
#8140=AXIS2_PLACEMENT_3D('',#12260,#10053,#10054);
#8141=AXIS2_PLACEMENT_3D('',#12262,#10055,#10056);
#8142=AXIS2_PLACEMENT_3D('',#12264,#10057,#10058);
#8143=AXIS2_PLACEMENT_3D('',#12266,#10059,#10060);
#8144=AXIS2_PLACEMENT_3D('',#12268,#10061,#10062);
#8145=AXIS2_PLACEMENT_3D('',#12279,#10067,#10068);
#8146=AXIS2_PLACEMENT_3D('',#12283,#10070,#10071);
#8147=AXIS2_PLACEMENT_3D('',#12286,#10073,#10074);
#8148=AXIS2_PLACEMENT_3D('',#12288,#10075,#10076);
#8149=AXIS2_PLACEMENT_3D('',#12291,#10077,#10078);
#8150=AXIS2_PLACEMENT_3D('',#12295,#10080,#10081);
#8151=AXIS2_PLACEMENT_3D('',#12298,#10083,#10084);
#8152=AXIS2_PLACEMENT_3D('',#12300,#10085,#10086);
#8153=AXIS2_PLACEMENT_3D('',#12302,#10087,#10088);
#8154=AXIS2_PLACEMENT_3D('',#12304,#10089,#10090);
#8155=AXIS2_PLACEMENT_3D('',#12306,#10091,#10092);
#8156=AXIS2_PLACEMENT_3D('',#12308,#10093,#10094);
#8157=AXIS2_PLACEMENT_3D('',#12310,#10095,#10096);
#8158=AXIS2_PLACEMENT_3D('',#12312,#10097,#10098);
#8159=AXIS2_PLACEMENT_3D('',#12314,#10099,#10100);
#8160=AXIS2_PLACEMENT_3D('',#12316,#10101,#10102);
#8161=AXIS2_PLACEMENT_3D('',#12318,#10103,#10104);
#8162=AXIS2_PLACEMENT_3D('',#12320,#10105,#10106);
#8163=AXIS2_PLACEMENT_3D('',#12322,#10107,#10108);
#8164=AXIS2_PLACEMENT_3D('',#12324,#10109,#10110);
#8165=AXIS2_PLACEMENT_3D('',#12326,#10111,#10112);
#8166=AXIS2_PLACEMENT_3D('',#12328,#10113,#10114);
#8167=AXIS2_PLACEMENT_3D('',#12330,#10115,#10116);
#8168=AXIS2_PLACEMENT_3D('',#12332,#10117,#10118);
#8169=AXIS2_PLACEMENT_3D('',#12334,#10119,#10120);
#8170=AXIS2_PLACEMENT_3D('',#12336,#10121,#10122);
#8171=AXIS2_PLACEMENT_3D('',#12338,#10123,#10124);
#8172=AXIS2_PLACEMENT_3D('',#12340,#10125,#10126);
#8173=AXIS2_PLACEMENT_3D('',#12342,#10127,#10128);
#8174=AXIS2_PLACEMENT_3D('',#12344,#10129,#10130);
#8175=AXIS2_PLACEMENT_3D('',#12354,#10135,#10136);
#8176=AXIS2_PLACEMENT_3D('',#12356,#10137,#10138);
#8177=AXIS2_PLACEMENT_3D('',#12358,#10139,#10140);
#8178=AXIS2_PLACEMENT_3D('',#12360,#10141,#10142);
#8179=AXIS2_PLACEMENT_3D('',#12362,#10143,#10144);
#8180=AXIS2_PLACEMENT_3D('',#12364,#10145,#10146);
#8181=AXIS2_PLACEMENT_3D('',#12366,#10147,#10148);
#8182=AXIS2_PLACEMENT_3D('',#12368,#10149,#10150);
#8183=AXIS2_PLACEMENT_3D('',#12370,#10151,#10152);
#8184=AXIS2_PLACEMENT_3D('',#12372,#10153,#10154);
#8185=AXIS2_PLACEMENT_3D('',#12374,#10155,#10156);
#8186=AXIS2_PLACEMENT_3D('',#12376,#10157,#10158);
#8187=AXIS2_PLACEMENT_3D('',#12378,#10159,#10160);
#8188=AXIS2_PLACEMENT_3D('',#12380,#10161,#10162);
#8189=AXIS2_PLACEMENT_3D('',#12382,#10163,#10164);
#8190=AXIS2_PLACEMENT_3D('',#12384,#10165,#10166);
#8191=AXIS2_PLACEMENT_3D('',#12386,#10167,#10168);
#8192=AXIS2_PLACEMENT_3D('',#12388,#10169,#10170);
#8193=AXIS2_PLACEMENT_3D('',#12390,#10171,#10172);
#8194=AXIS2_PLACEMENT_3D('',#12392,#10173,#10174);
#8195=AXIS2_PLACEMENT_3D('',#12394,#10175,#10176);
#8196=AXIS2_PLACEMENT_3D('',#12395,#10177,#10178);
#8197=AXIS2_PLACEMENT_3D('',#12396,#10179,#10180);
#8198=AXIS2_PLACEMENT_3D('',#12398,#10182,#10183);
#8199=AXIS2_PLACEMENT_3D('',#12400,#10185,#10186);
#8200=AXIS2_PLACEMENT_3D('',#12402,#10188,#10189);
#8201=AXIS2_PLACEMENT_3D('',#12404,#10191,#10192);
#8202=AXIS2_PLACEMENT_3D('',#12406,#10194,#10195);
#8203=AXIS2_PLACEMENT_3D('',#12408,#10197,#10198);
#8204=AXIS2_PLACEMENT_3D('',#12410,#10200,#10201);
#8205=AXIS2_PLACEMENT_3D('',#12412,#10203,#10204);
#8206=AXIS2_PLACEMENT_3D('',#12414,#10206,#10207);
#8207=AXIS2_PLACEMENT_3D('',#12416,#10209,#10210);
#8208=AXIS2_PLACEMENT_3D('',#12418,#10212,#10213);
#8209=AXIS2_PLACEMENT_3D('',#12420,#10215,#10216);
#8210=AXIS2_PLACEMENT_3D('',#12422,#10218,#10219);
#8211=AXIS2_PLACEMENT_3D('',#12425,#10222,#10223);
#8212=AXIS2_PLACEMENT_3D('',#12427,#10225,#10226);
#8213=AXIS2_PLACEMENT_3D('',#12429,#10228,#10229);
#8214=AXIS2_PLACEMENT_3D('',#12430,#10230,#10231);
#8215=AXIS2_PLACEMENT_3D('',#12433,#10234,#10235);
#8216=AXIS2_PLACEMENT_3D('',#12435,#10237,#10238);
#8217=AXIS2_PLACEMENT_3D('',#12437,#10240,#10241);
#8218=AXIS2_PLACEMENT_3D('',#12438,#10242,#10243);
#8219=AXIS2_PLACEMENT_3D('',#12440,#10245,#10246);
#8220=AXIS2_PLACEMENT_3D('',#12442,#10248,#10249);
#8221=AXIS2_PLACEMENT_3D('',#12445,#10252,#10253);
#8222=AXIS2_PLACEMENT_3D('',#12447,#10255,#10256);
#8223=AXIS2_PLACEMENT_3D('',#12449,#10258,#10259);
#8224=AXIS2_PLACEMENT_3D('',#12450,#10260,#10261);
#8225=AXIS2_PLACEMENT_3D('',#12452,#10263,#10264);
#8226=AXIS2_PLACEMENT_3D('',#12454,#10266,#10267);
#8227=AXIS2_PLACEMENT_3D('',#12456,#10269,#10270);
#8228=AXIS2_PLACEMENT_3D('',#12458,#10272,#10273);
#8229=AXIS2_PLACEMENT_3D('',#12460,#10275,#10276);
#8230=AXIS2_PLACEMENT_3D('',#12462,#10278,#10279);
#8231=AXIS2_PLACEMENT_3D('',#12464,#10281,#10282);
#8232=AXIS2_PLACEMENT_3D('',#12466,#10284,#10285);
#8233=AXIS2_PLACEMENT_3D('',#12468,#10287,#10288);
#8234=AXIS2_PLACEMENT_3D('',#12470,#10290,#10291);
#8235=AXIS2_PLACEMENT_3D('',#12472,#10293,#10294);
#8236=AXIS2_PLACEMENT_3D('',#12474,#10296,#10297);
#8237=AXIS2_PLACEMENT_3D('',#12476,#10299,#10300);
#8238=AXIS2_PLACEMENT_3D('',#12478,#10302,#10303);
#8239=AXIS2_PLACEMENT_3D('',#12480,#10305,#10306);
#8240=AXIS2_PLACEMENT_3D('',#12482,#10308,#10309);
#8241=AXIS2_PLACEMENT_3D('',#12484,#10311,#10312);
#8242=AXIS2_PLACEMENT_3D('',#12486,#10314,#10315);
#8243=AXIS2_PLACEMENT_3D('',#12488,#10317,#10318);
#8244=AXIS2_PLACEMENT_3D('',#12490,#10320,#10321);
#8245=AXIS2_PLACEMENT_3D('',#12492,#10323,#10324);
#8246=AXIS2_PLACEMENT_3D('',#12494,#10326,#10327);
#8247=AXIS2_PLACEMENT_3D('',#12496,#10329,#10330);
#8248=AXIS2_PLACEMENT_3D('',#12498,#10332,#10333);
#8249=AXIS2_PLACEMENT_3D('',#12501,#10336,#10337);
#8250=AXIS2_PLACEMENT_3D('',#12503,#10339,#10340);
#8251=AXIS2_PLACEMENT_3D('',#12505,#10342,#10343);
#8252=AXIS2_PLACEMENT_3D('',#12506,#10344,#10345);
#8253=AXIS2_PLACEMENT_3D('',#12508,#10347,#10348);
#8254=AXIS2_PLACEMENT_3D('',#12510,#10350,#10351);
#8255=AXIS2_PLACEMENT_3D('',#12512,#10353,#10354);
#8256=AXIS2_PLACEMENT_3D('',#12514,#10356,#10357);
#8257=AXIS2_PLACEMENT_3D('',#12516,#10359,#10360);
#8258=AXIS2_PLACEMENT_3D('',#12518,#10362,#10363);
#8259=AXIS2_PLACEMENT_3D('',#12520,#10365,#10366);
#8260=AXIS2_PLACEMENT_3D('',#12522,#10368,#10369);
#8261=AXIS2_PLACEMENT_3D('',#12524,#10371,#10372);
#8262=AXIS2_PLACEMENT_3D('',#12526,#10374,#10375);
#8263=AXIS2_PLACEMENT_3D('',#12528,#10377,#10378);
#8264=AXIS2_PLACEMENT_3D('',#12530,#10380,#10381);
#8265=AXIS2_PLACEMENT_3D('',#12532,#10383,#10384);
#8266=AXIS2_PLACEMENT_3D('',#12534,#10386,#10387);
#8267=AXIS2_PLACEMENT_3D('',#12536,#10389,#10390);
#8268=AXIS2_PLACEMENT_3D('',#12538,#10392,#10393);
#8269=AXIS2_PLACEMENT_3D('',#12540,#10395,#10396);
#8270=AXIS2_PLACEMENT_3D('',#12542,#10398,#10399);
#8271=AXIS2_PLACEMENT_3D('',#12544,#10401,#10402);
#8272=AXIS2_PLACEMENT_3D('',#12546,#10404,#10405);
#8273=AXIS2_PLACEMENT_3D('',#12548,#10407,#10408);
#8274=AXIS2_PLACEMENT_3D('',#12549,#10409,#10410);
#8275=AXIS2_PLACEMENT_3D('',#12550,#10411,#10412);
#8276=AXIS2_PLACEMENT_3D('',#12551,#10413,#10414);
#8277=AXIS2_PLACEMENT_3D('',#12552,#10415,#10416);
#8278=AXIS2_PLACEMENT_3D('',#12553,#10417,#10418);
#8279=AXIS2_PLACEMENT_3D('',#12554,#10419,#10420);
#8280=AXIS2_PLACEMENT_3D('',#12557,#10421,#10422);
#8281=AXIS2_PLACEMENT_3D('',#12558,#10423,#10424);
#8282=AXIS2_PLACEMENT_3D('',#12561,#10426,#10427);
#8283=AXIS2_PLACEMENT_3D('',#12562,#10428,#10429);
#8284=AXIS2_PLACEMENT_3D('',#12565,#10430,#10431);
#8285=AXIS2_PLACEMENT_3D('',#12566,#10432,#10433);
#8286=AXIS2_PLACEMENT_3D('',#12567,#10434,#10435);
#8287=AXIS2_PLACEMENT_3D('',#12568,#10436,#10437);
#8288=AXIS2_PLACEMENT_3D('',#12571,#10438,#10439);
#8289=AXIS2_PLACEMENT_3D('',#12572,#10440,#10441);
#8290=AXIS2_PLACEMENT_3D('',#12574,#10443,#10444);
#8291=AXIS2_PLACEMENT_3D('',#12577,#10445,#10446);
#8292=AXIS2_PLACEMENT_3D('',#12578,#10447,#10448);
#8293=AXIS2_PLACEMENT_3D('',#12579,#10449,#10450);
#8294=AXIS2_PLACEMENT_3D('',#12580,#10451,#10452);
#8295=AXIS2_PLACEMENT_3D('',#12582,#10453,#10454);
#8296=AXIS2_PLACEMENT_3D('',#12584,#10456,#10457);
#8297=AXIS2_PLACEMENT_3D('',#12585,#10458,#10459);
#8298=AXIS2_PLACEMENT_3D('',#12586,#10460,#10461);
#8299=AXIS2_PLACEMENT_3D('',#12588,#10462,#10463);
#8300=AXIS2_PLACEMENT_3D('',#12591,#10465,#10466);
#8301=AXIS2_PLACEMENT_3D('',#12592,#10467,#10468);
#8302=AXIS2_PLACEMENT_3D('',#12594,#10469,#10470);
#8303=AXIS2_PLACEMENT_3D('',#12595,#10471,#10472);
#8304=AXIS2_PLACEMENT_3D('',#12597,#10473,#10474);
#8305=AXIS2_PLACEMENT_3D('',#12598,#10475,#10476);
#8306=AXIS2_PLACEMENT_3D('',#12601,#10478,#10479);
#8307=AXIS2_PLACEMENT_3D('',#12602,#10480,#10481);
#8308=AXIS2_PLACEMENT_3D('',#12604,#10482,#10483);
#8309=AXIS2_PLACEMENT_3D('',#12606,#10485,#10486);
#8310=AXIS2_PLACEMENT_3D('',#12608,#10487,#10488);
#8311=AXIS2_PLACEMENT_3D('',#12609,#10489,#10490);
#8312=AXIS2_PLACEMENT_3D('',#12610,#10491,#10492);
#8313=AXIS2_PLACEMENT_3D('',#12612,#10493,#10494);
#8314=AXIS2_PLACEMENT_3D('',#12613,#10495,#10496);
#8315=AXIS2_PLACEMENT_3D('',#12614,#10497,#10498);
#8316=AXIS2_PLACEMENT_3D('',#12615,#10499,#10500);
#8317=AXIS2_PLACEMENT_3D('',#12616,#10501,#10502);
#8318=AXIS2_PLACEMENT_3D('',#12617,#10503,#10504);
#8319=AXIS2_PLACEMENT_3D('',#12618,#10505,#10506);
#8320=AXIS2_PLACEMENT_3D('',#12619,#10507,#10508);
#8321=AXIS2_PLACEMENT_3D('',#12620,#10509,#10510);
#8322=AXIS2_PLACEMENT_3D('',#12621,#10511,#10512);
#8323=AXIS2_PLACEMENT_3D('',#12622,#10513,#10514);
#8324=AXIS2_PLACEMENT_3D('',#12623,#10515,#10516);
#8325=AXIS2_PLACEMENT_3D('',#12624,#10517,#10518);
#8326=AXIS2_PLACEMENT_3D('',#12625,#10519,#10520);
#8327=AXIS2_PLACEMENT_3D('',#12626,#10521,#10522);
#8328=AXIS2_PLACEMENT_3D('',#12627,#10523,#10524);
#8329=AXIS2_PLACEMENT_3D('',#12628,#10525,#10526);
#8330=AXIS2_PLACEMENT_3D('',#12629,#10527,#10528);
#8331=AXIS2_PLACEMENT_3D('',#12630,#10529,#10530);
#8332=AXIS2_PLACEMENT_3D('',#12631,#10531,#10532);
#8333=AXIS2_PLACEMENT_3D('',#12632,#10533,#10534);
#8334=AXIS2_PLACEMENT_3D('',#12633,#10535,#10536);
#8335=AXIS2_PLACEMENT_3D('',#12634,#10537,#10538);
#8336=AXIS2_PLACEMENT_3D('',#12635,#10539,#10540);
#8337=AXIS2_PLACEMENT_3D('',#12636,#10541,#10542);
#8338=AXIS2_PLACEMENT_3D('',#12637,#10543,#10544);
#8339=DIRECTION('axis',(0.,0.,1.));
#8340=DIRECTION('refdir',(1.,0.,0.));
#8341=DIRECTION('axis',(0.,0.,1.));
#8342=DIRECTION('refdir',(1.,0.,0.));
#8343=DIRECTION('center_axis',(0.,0.,-1.));
#8344=DIRECTION('ref_axis',(1.,0.,0.));
#8345=DIRECTION('center_axis',(0.,0.,-1.));
#8346=DIRECTION('ref_axis',(1.,0.,0.));
#8347=DIRECTION('',(0.,0.,-1.));
#8348=DIRECTION('center_axis',(0.,0.,-1.));
#8349=DIRECTION('ref_axis',(1.,0.,0.));
#8350=DIRECTION('center_axis',(0.,0.,-1.));
#8351=DIRECTION('ref_axis',(1.,0.,0.));
#8352=DIRECTION('center_axis',(0.,0.,-1.));
#8353=DIRECTION('ref_axis',(1.,0.,0.));
#8354=DIRECTION('center_axis',(0.,0.,-1.));
#8355=DIRECTION('ref_axis',(1.,0.,0.));
#8356=DIRECTION('',(0.,0.,-1.));
#8357=DIRECTION('center_axis',(0.,0.,-1.));
#8358=DIRECTION('ref_axis',(1.,0.,0.));
#8359=DIRECTION('center_axis',(0.,0.,-1.));
#8360=DIRECTION('ref_axis',(1.,0.,0.));
#8361=DIRECTION('center_axis',(0.,0.,-1.));
#8362=DIRECTION('ref_axis',(1.,0.,0.));
#8363=DIRECTION('center_axis',(0.,0.,-1.));
#8364=DIRECTION('ref_axis',(1.,0.,0.));
#8365=DIRECTION('',(0.,0.,-1.));
#8366=DIRECTION('center_axis',(0.,0.,-1.));
#8367=DIRECTION('ref_axis',(1.,0.,0.));
#8368=DIRECTION('center_axis',(0.,0.,-1.));
#8369=DIRECTION('ref_axis',(1.,0.,0.));
#8370=DIRECTION('center_axis',(0.,0.,-1.));
#8371=DIRECTION('ref_axis',(1.,0.,0.));
#8372=DIRECTION('center_axis',(0.,0.,-1.));
#8373=DIRECTION('ref_axis',(1.,0.,0.));
#8374=DIRECTION('',(0.,0.,-1.));
#8375=DIRECTION('center_axis',(0.,0.,-1.));
#8376=DIRECTION('ref_axis',(1.,0.,0.));
#8377=DIRECTION('center_axis',(0.,0.,-1.));
#8378=DIRECTION('ref_axis',(1.,0.,0.));
#8379=DIRECTION('center_axis',(1.,0.,0.));
#8380=DIRECTION('ref_axis',(0.,-0.707106781186546,-0.707106781186549));
#8381=DIRECTION('',(-1.,0.,0.));
#8382=DIRECTION('center_axis',(-1.,0.,0.));
#8383=DIRECTION('ref_axis',(0.,-0.707106781186546,-0.707106781186549));
#8384=DIRECTION('',(1.,0.,0.));
#8385=DIRECTION('center_axis',(0.,0.,1.));
#8386=DIRECTION('ref_axis',(1.,0.,0.));
#8387=DIRECTION('',(3.66197947172221E-33,1.,0.));
#8388=DIRECTION('',(-1.,0.,0.));
#8389=DIRECTION('',(0.,-1.,0.));
#8390=DIRECTION('',(1.,0.,0.));
#8391=DIRECTION('',(3.66197947172221E-33,1.,0.));
#8392=DIRECTION('',(1.,0.,0.));
#8393=DIRECTION('',(0.,1.,0.));
#8394=DIRECTION('',(0.,-1.,0.));
#8395=DIRECTION('center_axis',(0.,0.,1.));
#8396=DIRECTION('ref_axis',(0.707106781186551,-0.707106781186544,0.));
#8397=DIRECTION('',(-1.,0.,0.));
#8398=DIRECTION('center_axis',(0.,0.,1.));
#8399=DIRECTION('ref_axis',(-0.707106781186541,-0.707106781186554,0.));
#8400=DIRECTION('',(0.,1.,0.));
#8401=DIRECTION('center_axis',(0.,0.,1.));
#8402=DIRECTION('ref_axis',(-0.707106781186551,0.707106781186544,0.));
#8403=DIRECTION('',(1.,0.,0.));
#8404=DIRECTION('center_axis',(0.,0.,1.));
#8405=DIRECTION('ref_axis',(0.707106781186554,0.707106781186541,0.));
#8406=DIRECTION('',(0.,-1.,0.));
#8407=DIRECTION('center_axis',(0.,0.,1.));
#8408=DIRECTION('ref_axis',(0.707106781186554,-0.707106781186541,0.));
#8409=DIRECTION('',(-1.,0.,0.));
#8410=DIRECTION('center_axis',(0.,0.,1.));
#8411=DIRECTION('ref_axis',(-0.707106781186541,-0.707106781186554,0.));
#8412=DIRECTION('',(0.,1.,0.));
#8413=DIRECTION('center_axis',(0.,0.,1.));
#8414=DIRECTION('ref_axis',(-0.707106781186554,0.707106781186541,0.));
#8415=DIRECTION('',(1.,0.,0.));
#8416=DIRECTION('center_axis',(0.,0.,1.));
#8417=DIRECTION('ref_axis',(0.707106781186554,0.707106781186541,0.));
#8418=DIRECTION('center_axis',(1.,0.,0.));
#8419=DIRECTION('ref_axis',(0.,-0.707106781186548,0.707106781186548));
#8420=DIRECTION('center_axis',(-1.,0.,0.));
#8421=DIRECTION('ref_axis',(0.,-0.707106781186548,0.707106781186548));
#8422=DIRECTION('',(1.,0.,0.));
#8423=DIRECTION('center_axis',(1.,-3.66197947172221E-33,0.));
#8424=DIRECTION('ref_axis',(0.,-0.707106781186548,0.707106781186548));
#8425=DIRECTION('',(-1.,0.,0.));
#8426=DIRECTION('center_axis',(0.,0.,1.));
#8427=DIRECTION('ref_axis',(0.,1.,0.));
#8428=DIRECTION('',(0.,-1.,0.));
#8429=DIRECTION('',(-1.,0.,0.));
#8430=DIRECTION('',(3.66197947172221E-33,1.,0.));
#8431=DIRECTION('center_axis',(-1.,0.,0.));
#8432=DIRECTION('ref_axis',(0.,0.707106781186548,0.707106781186548));
#8433=DIRECTION('center_axis',(1.,-3.66197947172221E-33,0.));
#8434=DIRECTION('ref_axis',(0.,0.707106781186548,0.707106781186548));
#8435=DIRECTION('center_axis',(-1.,0.,0.));
#8436=DIRECTION('ref_axis',(0.,0.707106781186548,0.707106781186548));
#8437=DIRECTION('',(1.,0.,0.));
#8438=DIRECTION('center_axis',(-1.,0.,0.));
#8439=DIRECTION('ref_axis',(0.,0.707106781186546,-0.707106781186549));
#8440=DIRECTION('',(-1.,0.,0.));
#8441=DIRECTION('center_axis',(-1.,0.,0.));
#8442=DIRECTION('ref_axis',(0.,0.707106781186546,-0.707106781186549));
#8443=DIRECTION('center_axis',(0.,1.,0.));
#8444=DIRECTION('ref_axis',(0.,0.,-1.));
#8445=DIRECTION('',(0.,0.,1.));
#8446=DIRECTION('center_axis',(0.,1.,0.));
#8447=DIRECTION('ref_axis',(-0.707106781186548,0.,-0.707106781186547));
#8448=DIRECTION('',(0.,0.,-1.));
#8449=DIRECTION('center_axis',(-3.66197947172221E-33,-1.,0.));
#8450=DIRECTION('ref_axis',(-0.707106781186548,0.,-0.707106781186547));
#8451=DIRECTION('center_axis',(0.,-1.,0.));
#8452=DIRECTION('ref_axis',(-0.707106781186548,0.,-0.707106781186547));
#8453=DIRECTION('',(-3.66197947172221E-33,-1.,0.));
#8454=DIRECTION('center_axis',(0.,1.,0.));
#8455=DIRECTION('ref_axis',(-1.,0.,0.));
#8456=DIRECTION('center_axis',(0.,-1.,0.));
#8457=DIRECTION('ref_axis',(0.,0.,1.));
#8458=DIRECTION('',(0.,0.,-1.));
#8459=DIRECTION('',(0.,0.,1.));
#8460=DIRECTION('center_axis',(-3.66197947172221E-33,-1.,0.));
#8461=DIRECTION('ref_axis',(-0.707106781186548,0.,-0.707106781186547));
#8462=DIRECTION('center_axis',(0.,-1.,0.));
#8463=DIRECTION('ref_axis',(0.,0.,-1.));
#8464=DIRECTION('',(-3.66197947172221E-33,-1.,0.));
#8465=DIRECTION('center_axis',(0.,0.,1.));
#8466=DIRECTION('ref_axis',(1.,0.,0.));
#8467=DIRECTION('center_axis',(0.,1.,0.));
#8468=DIRECTION('ref_axis',(1.,0.,0.));
#8469=DIRECTION('center_axis',(0.,0.,1.));
#8470=DIRECTION('ref_axis',(0.707106781186547,0.707106781186548,0.));
#8471=DIRECTION('center_axis',(1.,0.,0.));
#8472=DIRECTION('ref_axis',(0.,0.,-1.));
#8473=DIRECTION('center_axis',(0.,0.,-1.));
#8474=DIRECTION('ref_axis',(0.707106781186547,0.707106781186548,0.));
#8475=DIRECTION('center_axis',(1.,0.,0.));
#8476=DIRECTION('ref_axis',(0.,0.707106781186553,-0.707106781186543));
#8477=DIRECTION('center_axis',(1.,-2.22044604925032E-15,0.));
#8478=DIRECTION('ref_axis',(0.,0.,-1.));
#8479=DIRECTION('',(1.,0.,0.));
#8480=DIRECTION('',(-1.,0.,0.));
#8481=DIRECTION('center_axis',(0.,0.,1.));
#8482=DIRECTION('ref_axis',(1.,0.,0.));
#8483=DIRECTION('center_axis',(0.,1.,0.));
#8484=DIRECTION('ref_axis',(0.,0.,-1.));
#8485=DIRECTION('center_axis',(0.,0.,-1.));
#8486=DIRECTION('ref_axis',(-0.707106781186547,0.707106781186548,0.));
#8487=DIRECTION('center_axis',(0.,0.,1.));
#8488=DIRECTION('ref_axis',(-0.707106781186547,0.707106781186548,0.));
#8489=DIRECTION('center_axis',(0.,1.,0.));
#8490=DIRECTION('ref_axis',(-0.707106781186546,0.,-0.707106781186549));
#8491=DIRECTION('center_axis',(8.88178419700126E-15,1.,0.));
#8492=DIRECTION('ref_axis',(0.,0.,-1.));
#8493=DIRECTION('',(0.,1.,0.));
#8494=DIRECTION('',(0.,-1.,0.));
#8495=DIRECTION('center_axis',(0.,0.,1.));
#8496=DIRECTION('ref_axis',(1.,0.,0.));
#8497=DIRECTION('center_axis',(-1.,5.55111512312579E-16,0.));
#8498=DIRECTION('ref_axis',(0.,0.,-1.));
#8499=DIRECTION('center_axis',(0.,0.,-1.));
#8500=DIRECTION('ref_axis',(-0.707106781186548,-0.707106781186547,0.));
#8501=DIRECTION('center_axis',(0.,0.,1.));
#8502=DIRECTION('ref_axis',(-0.707106781186548,-0.707106781186547,0.));
#8503=DIRECTION('center_axis',(-1.,-4.9453141408693E-17,0.));
#8504=DIRECTION('ref_axis',(0.,-0.707106781186548,-0.707106781186547));
#8505=DIRECTION('center_axis',(-1.,0.,0.));
#8506=DIRECTION('ref_axis',(0.,0.,-1.));
#8507=DIRECTION('',(-1.,-4.9453141408693E-17,0.));
#8508=DIRECTION('',(1.,4.9453141408693E-17,0.));
#8509=DIRECTION('center_axis',(0.,0.,1.));
#8510=DIRECTION('ref_axis',(1.,0.,0.));
#8511=DIRECTION('center_axis',(-5.5511151231259E-16,-1.,0.));
#8512=DIRECTION('ref_axis',(0.,0.,-1.));
#8513=DIRECTION('center_axis',(0.,0.,-1.));
#8514=DIRECTION('ref_axis',(0.707106781186547,-0.707106781186547,0.));
#8515=DIRECTION('center_axis',(0.,0.,1.));
#8516=DIRECTION('ref_axis',(0.707106781186547,-0.707106781186547,0.));
#8517=DIRECTION('center_axis',(0.,-1.,0.));
#8518=DIRECTION('ref_axis',(0.707106781186553,0.,-0.707106781186543));
#8519=DIRECTION('',(0.,1.,0.));
#8520=DIRECTION('',(0.,-1.,0.));
#8521=DIRECTION('center_axis',(4.9453141408693E-17,-1.,0.));
#8522=DIRECTION('ref_axis',(1.,4.9453141408693E-17,0.));
#8523=DIRECTION('',(0.,0.,1.));
#8524=DIRECTION('',(1.,4.9453141408693E-17,0.));
#8525=DIRECTION('',(0.,0.,1.));
#8526=DIRECTION('center_axis',(0.,0.,1.));
#8527=DIRECTION('ref_axis',(0.,-1.,0.));
#8528=DIRECTION('',(0.,0.,1.));
#8529=DIRECTION('center_axis',(0.,0.,1.));
#8530=DIRECTION('ref_axis',(0.,-1.,0.));
#8531=DIRECTION('center_axis',(1.,0.,0.));
#8532=DIRECTION('ref_axis',(0.,1.,0.));
#8533=DIRECTION('',(0.,0.,1.));
#8534=DIRECTION('',(0.,1.,0.));
#8535=DIRECTION('center_axis',(0.,0.,1.));
#8536=DIRECTION('ref_axis',(1.,0.,0.));
#8537=DIRECTION('',(0.,0.,1.));
#8538=DIRECTION('center_axis',(0.,0.,1.));
#8539=DIRECTION('ref_axis',(1.,0.,0.));
#8540=DIRECTION('center_axis',(0.,0.,1.));
#8541=DIRECTION('ref_axis',(1.,0.,0.));
#8542=DIRECTION('center_axis',(0.,0.,-1.));
#8543=DIRECTION('ref_axis',(0.707106781186554,0.707106781186541,0.));
#8544=DIRECTION('',(1.,0.,0.));
#8545=DIRECTION('center_axis',(0.,0.,-1.));
#8546=DIRECTION('ref_axis',(-0.707106781186554,0.707106781186541,0.));
#8547=DIRECTION('',(0.,1.,0.));
#8548=DIRECTION('center_axis',(0.,0.,-1.));
#8549=DIRECTION('ref_axis',(-0.707106781186541,-0.707106781186554,0.));
#8550=DIRECTION('',(-1.,0.,0.));
#8551=DIRECTION('center_axis',(0.,0.,-1.));
#8552=DIRECTION('ref_axis',(0.707106781186554,-0.707106781186541,0.));
#8553=DIRECTION('',(0.,-1.,0.));
#8554=DIRECTION('center_axis',(0.,0.,-1.));
#8555=DIRECTION('ref_axis',(0.707106781186554,0.707106781186541,0.));
#8556=DIRECTION('',(1.,0.,0.));
#8557=DIRECTION('center_axis',(0.,0.,-1.));
#8558=DIRECTION('ref_axis',(-0.707106781186551,0.707106781186544,0.));
#8559=DIRECTION('',(0.,1.,0.));
#8560=DIRECTION('center_axis',(0.,0.,-1.));
#8561=DIRECTION('ref_axis',(-0.707106781186541,-0.707106781186554,0.));
#8562=DIRECTION('',(-1.,0.,0.));
#8563=DIRECTION('center_axis',(0.,0.,-1.));
#8564=DIRECTION('ref_axis',(0.707106781186551,-0.707106781186544,0.));
#8565=DIRECTION('',(0.,-1.,0.));
#8566=DIRECTION('center_axis',(0.,0.,1.));
#8567=DIRECTION('ref_axis',(-0.707106781186541,-0.707106781186554,0.));
#8568=DIRECTION('',(0.,0.,1.));
#8569=DIRECTION('',(0.,0.,-1.));
#8570=DIRECTION('center_axis',(1.,0.,0.));
#8571=DIRECTION('ref_axis',(0.,1.,0.));
#8572=DIRECTION('',(0.,0.,-1.));
#8573=DIRECTION('center_axis',(0.,0.,1.));
#8574=DIRECTION('ref_axis',(0.707106781186554,0.707106781186541,0.));
#8575=DIRECTION('',(0.,0.,1.));
#8576=DIRECTION('',(0.,0.,-1.));
#8577=DIRECTION('center_axis',(-1.,0.,0.));
#8578=DIRECTION('ref_axis',(0.,-1.,0.));
#8579=DIRECTION('',(0.,0.,-1.));
#8580=DIRECTION('center_axis',(0.,0.,1.));
#8581=DIRECTION('ref_axis',(0.707106781186554,-0.707106781186541,0.));
#8582=DIRECTION('',(0.,0.,1.));
#8583=DIRECTION('center_axis',(0.,1.,0.));
#8584=DIRECTION('ref_axis',(-1.,0.,0.));
#8585=DIRECTION('center_axis',(0.,0.,1.));
#8586=DIRECTION('ref_axis',(-0.707106781186554,0.707106781186541,0.));
#8587=DIRECTION('',(0.,0.,1.));
#8588=DIRECTION('center_axis',(0.,-1.,0.));
#8589=DIRECTION('ref_axis',(1.,0.,0.));
#8590=DIRECTION('center_axis',(0.,0.,1.));
#8591=DIRECTION('ref_axis',(-0.707106781186551,0.707106781186544,0.));
#8592=DIRECTION('',(0.,0.,1.));
#8593=DIRECTION('',(0.,0.,-1.));
#8594=DIRECTION('center_axis',(0.,-1.,0.));
#8595=DIRECTION('ref_axis',(1.,0.,0.));
#8596=DIRECTION('',(0.,0.,-1.));
#8597=DIRECTION('center_axis',(0.,0.,1.));
#8598=DIRECTION('ref_axis',(-0.707106781186541,-0.707106781186554,0.));
#8599=DIRECTION('',(0.,0.,1.));
#8600=DIRECTION('',(0.,0.,-1.));
#8601=DIRECTION('center_axis',(1.,0.,0.));
#8602=DIRECTION('ref_axis',(0.,1.,0.));
#8603=DIRECTION('center_axis',(0.,0.,1.));
#8604=DIRECTION('ref_axis',(0.707106781186554,0.707106781186541,0.));
#8605=DIRECTION('',(0.,0.,1.));
#8606=DIRECTION('center_axis',(-1.,0.,0.));
#8607=DIRECTION('ref_axis',(0.,-1.,0.));
#8608=DIRECTION('',(0.,0.,-1.));
#8609=DIRECTION('center_axis',(0.,0.,1.));
#8610=DIRECTION('ref_axis',(0.707106781186551,-0.707106781186544,0.));
#8611=DIRECTION('',(0.,0.,1.));
#8612=DIRECTION('center_axis',(0.,1.,0.));
#8613=DIRECTION('ref_axis',(-1.,0.,0.));
#8614=DIRECTION('center_axis',(0.408248290463863,-0.408248290463863,-0.816496580927726));
#8615=DIRECTION('ref_axis',(-0.577350269189626,0.577350269189626,-0.577350269189625));
#8616=DIRECTION('center_axis',(0.,0.,1.));
#8617=DIRECTION('ref_axis',(-1.,0.,0.));
#8618=DIRECTION('center_axis',(1.,0.,1.11022302462516E-15));
#8619=DIRECTION('ref_axis',(0.,1.,0.));
#8620=DIRECTION('center_axis',(0.408248290463863,0.408248290463862,-0.816496580927726));
#8621=DIRECTION('ref_axis',(-0.577350269189626,-0.577350269189626,-0.577350269189626));
#8622=DIRECTION('center_axis',(1.,0.,0.));
#8623=DIRECTION('ref_axis',(0.,0.,-1.));
#8624=DIRECTION('center_axis',(0.,0.,1.));
#8625=DIRECTION('ref_axis',(0.,-1.,0.));
#8626=DIRECTION('center_axis',(0.,0.,1.));
#8627=DIRECTION('ref_axis',(-0.707106781186548,-0.707106781186547,0.));
#8628=DIRECTION('center_axis',(0.,0.,1.));
#8629=DIRECTION('ref_axis',(-0.707106781186548,-0.707106781186547,0.));
#8630=DIRECTION('',(0.,0.,-1.));
#8631=DIRECTION('',(0.,0.,1.));
#8632=DIRECTION('center_axis',(0.408248290463861,-0.816496580927728,-0.408248290463861));
#8633=DIRECTION('ref_axis',(0.577350269189625,0.577350269189625,-0.577350269189628));
#8634=DIRECTION('center_axis',(-1.,0.,0.));
#8635=DIRECTION('ref_axis',(0.,0.,-1.));
#8636=DIRECTION('center_axis',(0.,-1.,4.44089209850063E-15));
#8637=DIRECTION('ref_axis',(1.,0.,0.));
#8638=DIRECTION('center_axis',(0.,0.,1.));
#8639=DIRECTION('ref_axis',(0.,1.,0.));
#8640=DIRECTION('center_axis',(-0.40824829046386,-0.816496580927727,0.408248290463864));
#8641=DIRECTION('ref_axis',(0.577350269189623,-0.577350269189627,-0.577350269189627));
#8642=DIRECTION('center_axis',(0.,1.,0.));
#8643=DIRECTION('ref_axis',(0.,0.,-1.));
#8644=DIRECTION('center_axis',(-1.,0.,0.));
#8645=DIRECTION('ref_axis',(0.,-1.,0.));
#8646=DIRECTION('center_axis',(0.,0.,1.));
#8647=DIRECTION('ref_axis',(1.,0.,0.));
#8648=DIRECTION('center_axis',(1.,0.,0.));
#8649=DIRECTION('ref_axis',(0.,-0.707106781186548,-0.707106781186548));
#8650=DIRECTION('',(1.,0.,0.));
#8651=DIRECTION('center_axis',(0.,0.,1.));
#8652=DIRECTION('ref_axis',(0.707106781186546,-0.707106781186549,0.));
#8653=DIRECTION('center_axis',(0.,0.,1.));
#8654=DIRECTION('ref_axis',(0.707106781186546,-0.707106781186549,0.));
#8655=DIRECTION('',(0.,0.,-1.));
#8656=DIRECTION('',(0.,0.,1.));
#8657=DIRECTION('center_axis',(0.,1.,0.));
#8658=DIRECTION('ref_axis',(0.707106781186546,0.,-0.707106781186549));
#8659=DIRECTION('',(0.,1.,0.));
#8660=DIRECTION('center_axis',(0.,0.,1.));
#8661=DIRECTION('ref_axis',(0.707106781186548,0.707106781186548,0.));
#8662=DIRECTION('center_axis',(0.,0.,1.));
#8663=DIRECTION('ref_axis',(0.707106781186548,0.707106781186548,0.));
#8664=DIRECTION('',(0.,0.,-1.));
#8665=DIRECTION('',(0.,0.,1.));
#8666=DIRECTION('center_axis',(-1.,0.,0.));
#8667=DIRECTION('ref_axis',(0.,0.707106781186549,-0.707106781186546));
#8668=DIRECTION('',(-1.,0.,0.));
#8669=DIRECTION('center_axis',(0.,0.,1.));
#8670=DIRECTION('ref_axis',(-0.707106781186546,0.707106781186549,0.));
#8671=DIRECTION('center_axis',(0.,0.,1.));
#8672=DIRECTION('ref_axis',(-0.707106781186546,0.707106781186549,0.));
#8673=DIRECTION('',(0.,0.,-1.));
#8674=DIRECTION('',(0.,0.,1.));
#8675=DIRECTION('center_axis',(0.,-1.,0.));
#8676=DIRECTION('ref_axis',(1.,0.,0.));
#8677=DIRECTION('',(1.,0.,0.));
#8678=DIRECTION('center_axis',(-1.,0.,0.));
#8679=DIRECTION('ref_axis',(0.,-1.,0.));
#8680=DIRECTION('',(0.,-1.,0.));
#8681=DIRECTION('center_axis',(0.,1.,0.));
#8682=DIRECTION('ref_axis',(-1.,0.,0.));
#8683=DIRECTION('',(-1.,0.,0.));
#8684=DIRECTION('center_axis',(1.,-3.66197947172221E-33,0.));
#8685=DIRECTION('ref_axis',(3.66197947172221E-33,1.,0.));
#8686=DIRECTION('',(3.66197947172221E-33,1.,0.));
#8687=DIRECTION('center_axis',(0.,0.,1.));
#8688=DIRECTION('ref_axis',(1.,0.,0.));
#8689=DIRECTION('',(-1.,0.,0.));
#8690=DIRECTION('center_axis',(0.,0.,1.));
#8691=DIRECTION('ref_axis',(0.,1.,0.));
#8692=DIRECTION('',(0.,-1.,0.));
#8693=DIRECTION('center_axis',(0.,0.,1.));
#8694=DIRECTION('ref_axis',(-1.,0.,0.));
#8695=DIRECTION('center_axis',(0.,0.,1.));
#8696=DIRECTION('ref_axis',(-1.,0.,0.));
#8697=DIRECTION('',(0.,0.,1.));
#8698=DIRECTION('center_axis',(-1.,0.,0.));
#8699=DIRECTION('ref_axis',(0.,-1.,0.));
#8700=DIRECTION('',(0.,0.,1.));
#8701=DIRECTION('center_axis',(0.,0.,1.));
#8702=DIRECTION('ref_axis',(0.,1.,0.));
#8703=DIRECTION('',(0.,0.,1.));
#8704=DIRECTION('center_axis',(0.,1.,0.));
#8705=DIRECTION('ref_axis',(-1.,0.,0.));
#8706=DIRECTION('axis',(0.,0.,1.));
#8707=DIRECTION('refdir',(1.,0.,0.));
#8708=DIRECTION('center_axis',(0.,0.,-1.));
#8709=DIRECTION('ref_axis',(1.,0.,0.));
#8710=DIRECTION('center_axis',(0.,0.,-1.));
#8711=DIRECTION('ref_axis',(1.,0.,0.));
#8712=DIRECTION('',(0.,0.,-1.));
#8713=DIRECTION('center_axis',(0.,0.,1.));
#8714=DIRECTION('ref_axis',(1.,0.,0.));
#8715=DIRECTION('center_axis',(0.,0.,-1.));
#8716=DIRECTION('ref_axis',(1.,0.,0.));
#8717=DIRECTION('center_axis',(0.,0.,-1.));
#8718=DIRECTION('ref_axis',(1.,0.,0.));
#8719=DIRECTION('',(0.,0.,-1.));
#8720=DIRECTION('center_axis',(0.,0.,1.));
#8721=DIRECTION('ref_axis',(1.,0.,0.));
#8722=DIRECTION('center_axis',(0.,0.,-1.));
#8723=DIRECTION('ref_axis',(1.,0.,0.));
#8724=DIRECTION('center_axis',(0.,0.,-1.));
#8725=DIRECTION('ref_axis',(1.,0.,0.));
#8726=DIRECTION('',(0.,0.,-1.));
#8727=DIRECTION('center_axis',(0.,0.,1.));
#8728=DIRECTION('ref_axis',(1.,0.,0.));
#8729=DIRECTION('center_axis',(0.,0.,-1.));
#8730=DIRECTION('ref_axis',(1.,0.,0.));
#8731=DIRECTION('center_axis',(0.,0.,-1.));
#8732=DIRECTION('ref_axis',(1.,0.,0.));
#8733=DIRECTION('',(0.,0.,-1.));
#8734=DIRECTION('center_axis',(0.,0.,1.));
#8735=DIRECTION('ref_axis',(1.,0.,0.));
#8736=DIRECTION('center_axis',(0.,0.,1.));
#8737=DIRECTION('ref_axis',(1.,0.,0.));
#8738=DIRECTION('center_axis',(0.,1.,0.));
#8739=DIRECTION('ref_axis',(0.,0.,1.));
#8740=DIRECTION('center_axis',(0.,0.,1.));
#8741=DIRECTION('ref_axis',(0.707106781186547,0.707106781186548,0.));
#8742=DIRECTION('center_axis',(1.,0.,0.));
#8743=DIRECTION('ref_axis',(0.,1.,0.));
#8744=DIRECTION('center_axis',(0.,0.,-1.));
#8745=DIRECTION('ref_axis',(0.707106781186547,0.707106781186548,0.));
#8746=DIRECTION('center_axis',(-1.,0.,0.));
#8747=DIRECTION('ref_axis',(0.,0.707106781186546,0.707106781186549));
#8748=DIRECTION('center_axis',(1.,-1.11022302462516E-15,0.));
#8749=DIRECTION('ref_axis',(1.11022302462516E-15,1.,0.));
#8750=DIRECTION('',(1.,0.,0.));
#8751=DIRECTION('',(-1.,0.,0.));
#8752=DIRECTION('center_axis',(0.,0.,1.));
#8753=DIRECTION('ref_axis',(1.,0.,0.));
#8754=DIRECTION('center_axis',(0.,1.,0.));
#8755=DIRECTION('ref_axis',(-1.,0.,0.));
#8756=DIRECTION('center_axis',(0.,0.,-1.));
#8757=DIRECTION('ref_axis',(-0.707106781186547,0.707106781186548,0.));
#8758=DIRECTION('center_axis',(0.,0.,1.));
#8759=DIRECTION('ref_axis',(-0.707106781186547,0.707106781186548,0.));
#8760=DIRECTION('center_axis',(0.,-1.,0.));
#8761=DIRECTION('ref_axis',(-0.707106781186546,0.,0.707106781186549));
#8762=DIRECTION('center_axis',(4.44089209850064E-15,1.,0.));
#8763=DIRECTION('ref_axis',(-1.,4.44089209850064E-15,0.));
#8764=DIRECTION('',(0.,1.,0.));
#8765=DIRECTION('',(0.,-1.,0.));
#8766=DIRECTION('center_axis',(0.,0.,1.));
#8767=DIRECTION('ref_axis',(1.,0.,0.));
#8768=DIRECTION('center_axis',(-1.,5.55111512312578E-16,0.));
#8769=DIRECTION('ref_axis',(-5.55111512312578E-16,-1.,0.));
#8770=DIRECTION('center_axis',(0.,0.,-1.));
#8771=DIRECTION('ref_axis',(-0.707106781186548,-0.707106781186547,0.));
#8772=DIRECTION('center_axis',(0.,0.,1.));
#8773=DIRECTION('ref_axis',(-0.707106781186548,-0.707106781186547,0.));
#8774=DIRECTION('center_axis',(1.,4.9453141408693E-17,0.));
#8775=DIRECTION('ref_axis',(0.,-0.707106781186548,0.707106781186547));
#8776=DIRECTION('center_axis',(-1.,0.,0.));
#8777=DIRECTION('ref_axis',(0.,-1.,0.));
#8778=DIRECTION('',(-1.,-4.9453141408693E-17,0.));
#8779=DIRECTION('',(1.,4.9453141408693E-17,0.));
#8780=DIRECTION('center_axis',(0.,0.,1.));
#8781=DIRECTION('ref_axis',(1.,0.,0.));
#8782=DIRECTION('center_axis',(-8.3266726846887E-16,-1.,0.));
#8783=DIRECTION('ref_axis',(1.,-8.3266726846887E-16,0.));
#8784=DIRECTION('center_axis',(0.,0.,-1.));
#8785=DIRECTION('ref_axis',(0.707106781186548,-0.707106781186548,0.));
#8786=DIRECTION('center_axis',(0.,0.,1.));
#8787=DIRECTION('ref_axis',(0.707106781186547,-0.707106781186547,0.));
#8788=DIRECTION('center_axis',(0.,1.,0.));
#8789=DIRECTION('ref_axis',(0.707106781186553,0.,0.707106781186543));
#8790=DIRECTION('',(0.,-1.,0.));
#8791=DIRECTION('',(0.,1.,0.));
#8792=DIRECTION('center_axis',(-1.,0.,0.));
#8793=DIRECTION('ref_axis',(0.,-1.,0.));
#8794=DIRECTION('',(0.,0.,1.));
#8795=DIRECTION('',(0.,1.,0.));
#8796=DIRECTION('',(0.,0.,1.));
#8797=DIRECTION('center_axis',(0.,0.,1.));
#8798=DIRECTION('ref_axis',(0.,1.,0.));
#8799=DIRECTION('',(0.,0.,1.));
#8800=DIRECTION('center_axis',(0.,0.,1.));
#8801=DIRECTION('ref_axis',(0.,1.,0.));
#8802=DIRECTION('center_axis',(0.,1.,0.));
#8803=DIRECTION('ref_axis',(-1.,0.,0.));
#8804=DIRECTION('',(0.,0.,1.));
#8805=DIRECTION('',(1.,0.,0.));
#8806=DIRECTION('center_axis',(0.,0.,1.));
#8807=DIRECTION('ref_axis',(1.,0.,0.));
#8808=DIRECTION('',(0.,0.,1.));
#8809=DIRECTION('center_axis',(0.,0.,1.));
#8810=DIRECTION('ref_axis',(1.,0.,0.));
#8811=DIRECTION('center_axis',(0.,0.,1.));
#8812=DIRECTION('ref_axis',(1.,0.,0.));
#8813=DIRECTION('',(0.,-1.,0.));
#8814=DIRECTION('center_axis',(0.,0.,1.));
#8815=DIRECTION('ref_axis',(0.707106781186553,-0.707106781186542,0.));
#8816=DIRECTION('',(-1.,0.,0.));
#8817=DIRECTION('center_axis',(0.,0.,1.));
#8818=DIRECTION('ref_axis',(-0.707106781186546,-0.707106781186549,0.));
#8819=DIRECTION('',(0.,1.,0.));
#8820=DIRECTION('center_axis',(0.,0.,1.));
#8821=DIRECTION('ref_axis',(-0.707106781186544,0.707106781186551,0.));
#8822=DIRECTION('',(1.,0.,0.));
#8823=DIRECTION('center_axis',(0.,0.,1.));
#8824=DIRECTION('ref_axis',(0.707106781186554,0.707106781186541,0.));
#8825=DIRECTION('',(0.,1.,0.));
#8826=DIRECTION('center_axis',(0.,0.,-1.));
#8827=DIRECTION('ref_axis',(0.,1.,0.));
#8828=DIRECTION('',(1.,0.,0.));
#8829=DIRECTION('center_axis',(0.,0.,-1.));
#8830=DIRECTION('ref_axis',(1.,0.,0.));
#8831=DIRECTION('',(0.,-1.,0.));
#8832=DIRECTION('center_axis',(0.,0.,-1.));
#8833=DIRECTION('ref_axis',(0.,-1.,0.));
#8834=DIRECTION('',(-1.,-3.4160708450005E-16,0.));
#8835=DIRECTION('center_axis',(0.,0.,-1.));
#8836=DIRECTION('ref_axis',(-1.,0.,0.));
#8837=DIRECTION('center_axis',(0.,0.,-1.));
#8838=DIRECTION('ref_axis',(0.,1.,0.));
#8839=DIRECTION('',(1.,3.4160708450005E-16,0.));
#8840=DIRECTION('center_axis',(0.,0.,-1.));
#8841=DIRECTION('ref_axis',(1.,0.,0.));
#8842=DIRECTION('',(0.,-1.,0.));
#8843=DIRECTION('center_axis',(0.,0.,-1.));
#8844=DIRECTION('ref_axis',(0.,-1.,0.));
#8845=DIRECTION('',(-1.,-1.70803542250025E-16,0.));
#8846=DIRECTION('center_axis',(0.,0.,-1.));
#8847=DIRECTION('ref_axis',(-1.,0.,0.));
#8848=DIRECTION('',(0.,1.,0.));
#8849=DIRECTION('center_axis',(0.,0.,-1.));
#8850=DIRECTION('ref_axis',(0.,1.,0.));
#8851=DIRECTION('',(1.,6.83214169000099E-16,0.));
#8852=DIRECTION('center_axis',(0.,0.,-1.));
#8853=DIRECTION('ref_axis',(1.,0.,0.));
#8854=DIRECTION('',(0.,-1.,0.));
#8855=DIRECTION('center_axis',(0.,0.,-1.));
#8856=DIRECTION('ref_axis',(0.,-1.,0.));
#8857=DIRECTION('',(-1.,0.,0.));
#8858=DIRECTION('center_axis',(0.,0.,-1.));
#8859=DIRECTION('ref_axis',(-1.,0.,0.));
#8860=DIRECTION('',(0.,1.,0.));
#8861=DIRECTION('center_axis',(0.,0.,-1.));
#8862=DIRECTION('ref_axis',(0.,1.,0.));
#8863=DIRECTION('',(1.,0.,0.));
#8864=DIRECTION('center_axis',(0.,0.,-1.));
#8865=DIRECTION('ref_axis',(1.,0.,0.));
#8866=DIRECTION('',(0.,-1.,0.));
#8867=DIRECTION('center_axis',(0.,0.,-1.));
#8868=DIRECTION('ref_axis',(0.,-1.,0.));
#8869=DIRECTION('',(-1.,-1.70803542250025E-16,0.));
#8870=DIRECTION('center_axis',(0.,0.,-1.));
#8871=DIRECTION('ref_axis',(-1.,0.,0.));
#8872=DIRECTION('',(0.,1.,0.));
#8873=DIRECTION('',(0.,1.,0.));
#8874=DIRECTION('center_axis',(0.,0.,-1.));
#8875=DIRECTION('ref_axis',(0.,1.,0.));
#8876=DIRECTION('',(1.,0.,0.));
#8877=DIRECTION('center_axis',(0.,0.,-1.));
#8878=DIRECTION('ref_axis',(1.,0.,0.));
#8879=DIRECTION('',(0.,-1.,0.));
#8880=DIRECTION('center_axis',(0.,0.,-1.));
#8881=DIRECTION('ref_axis',(0.,-1.,0.));
#8882=DIRECTION('',(-1.,-1.70803542250025E-16,0.));
#8883=DIRECTION('center_axis',(0.,0.,-1.));
#8884=DIRECTION('ref_axis',(-1.,0.,0.));
#8885=DIRECTION('center_axis',(0.,0.,-1.));
#8886=DIRECTION('ref_axis',(0.,1.,0.));
#8887=DIRECTION('',(1.,0.,0.));
#8888=DIRECTION('center_axis',(0.,0.,-1.));
#8889=DIRECTION('ref_axis',(1.,0.,0.));
#8890=DIRECTION('',(0.,-1.,0.));
#8891=DIRECTION('center_axis',(0.,0.,-1.));
#8892=DIRECTION('ref_axis',(0.,-1.,0.));
#8893=DIRECTION('',(-1.,0.,0.));
#8894=DIRECTION('center_axis',(0.,0.,-1.));
#8895=DIRECTION('ref_axis',(-1.,0.,0.));
#8896=DIRECTION('',(0.,1.,0.));
#8897=DIRECTION('',(0.,1.,0.));
#8898=DIRECTION('center_axis',(0.,0.,1.));
#8899=DIRECTION('ref_axis',(-0.707106781186549,0.707106781186546,0.));
#8900=DIRECTION('',(1.,0.,0.));
#8901=DIRECTION('center_axis',(0.,0.,1.));
#8902=DIRECTION('ref_axis',(0.707106781186551,0.707106781186544,0.));
#8903=DIRECTION('',(0.,-1.,0.));
#8904=DIRECTION('center_axis',(0.,0.,1.));
#8905=DIRECTION('ref_axis',(0.707106781186548,-0.707106781186548,0.));
#8906=DIRECTION('',(-1.,0.,0.));
#8907=DIRECTION('center_axis',(0.,0.,1.));
#8908=DIRECTION('ref_axis',(-0.707106781186549,-0.707106781186546,0.));
#8909=DIRECTION('center_axis',(0.,0.,1.));
#8910=DIRECTION('ref_axis',(-0.707106781186544,0.707106781186551,0.));
#8911=DIRECTION('center_axis',(0.,0.,-1.));
#8912=DIRECTION('ref_axis',(-0.707106781186544,0.707106781186551,0.));
#8913=DIRECTION('',(0.,0.,1.));
#8914=DIRECTION('',(0.,0.,-1.));
#8915=DIRECTION('center_axis',(0.,-1.,0.));
#8916=DIRECTION('ref_axis',(1.,0.,0.));
#8917=DIRECTION('',(1.,0.,0.));
#8918=DIRECTION('',(0.,0.,-1.));
#8919=DIRECTION('center_axis',(0.,0.,1.));
#8920=DIRECTION('ref_axis',(-0.707106781186546,-0.707106781186549,0.));
#8921=DIRECTION('center_axis',(0.,0.,-1.));
#8922=DIRECTION('ref_axis',(-0.707106781186546,-0.707106781186549,0.));
#8923=DIRECTION('',(0.,0.,1.));
#8924=DIRECTION('',(0.,0.,-1.));
#8925=DIRECTION('center_axis',(1.,0.,0.));
#8926=DIRECTION('ref_axis',(0.,1.,0.));
#8927=DIRECTION('',(0.,1.,0.));
#8928=DIRECTION('center_axis',(0.,0.,1.));
#8929=DIRECTION('ref_axis',(0.707106781186553,-0.707106781186542,0.));
#8930=DIRECTION('center_axis',(0.,0.,-1.));
#8931=DIRECTION('ref_axis',(0.707106781186553,-0.707106781186542,0.));
#8932=DIRECTION('',(0.,0.,1.));
#8933=DIRECTION('',(0.,0.,-1.));
#8934=DIRECTION('center_axis',(0.,1.,0.));
#8935=DIRECTION('ref_axis',(-1.,0.,0.));
#8936=DIRECTION('',(-1.,0.,0.));
#8937=DIRECTION('center_axis',(0.,0.,1.));
#8938=DIRECTION('ref_axis',(0.707106781186554,0.707106781186541,0.));
#8939=DIRECTION('center_axis',(0.,0.,-1.));
#8940=DIRECTION('ref_axis',(0.707106781186554,0.707106781186541,0.));
#8941=DIRECTION('',(0.,0.,1.));
#8942=DIRECTION('center_axis',(-1.,0.,0.));
#8943=DIRECTION('ref_axis',(0.,-1.,0.));
#8944=DIRECTION('',(0.,-1.,0.));
#8945=DIRECTION('center_axis',(0.,0.,1.));
#8946=DIRECTION('ref_axis',(-0.707106781186549,-0.707106781186546,0.));
#8947=DIRECTION('center_axis',(0.,0.,-1.));
#8948=DIRECTION('ref_axis',(-0.707106781186549,-0.707106781186546,0.));
#8949=DIRECTION('',(0.,0.,1.));
#8950=DIRECTION('',(0.,0.,-1.));
#8951=DIRECTION('center_axis',(1.,0.,0.));
#8952=DIRECTION('ref_axis',(0.,1.,0.));
#8953=DIRECTION('',(0.,1.,0.));
#8954=DIRECTION('',(0.,0.,-1.));
#8955=DIRECTION('center_axis',(0.,0.,1.));
#8956=DIRECTION('ref_axis',(0.707106781186548,-0.707106781186548,0.));
#8957=DIRECTION('center_axis',(0.,0.,-1.));
#8958=DIRECTION('ref_axis',(0.707106781186548,-0.707106781186548,0.));
#8959=DIRECTION('',(0.,0.,1.));
#8960=DIRECTION('',(0.,0.,-1.));
#8961=DIRECTION('center_axis',(0.,1.,0.));
#8962=DIRECTION('ref_axis',(-1.,0.,0.));
#8963=DIRECTION('',(-1.,0.,0.));
#8964=DIRECTION('center_axis',(0.,0.,1.));
#8965=DIRECTION('ref_axis',(0.707106781186551,0.707106781186544,0.));
#8966=DIRECTION('center_axis',(0.,0.,-1.));
#8967=DIRECTION('ref_axis',(0.707106781186551,0.707106781186544,0.));
#8968=DIRECTION('',(0.,0.,1.));
#8969=DIRECTION('',(0.,0.,-1.));
#8970=DIRECTION('center_axis',(-1.,0.,0.));
#8971=DIRECTION('ref_axis',(0.,-1.,0.));
#8972=DIRECTION('',(0.,-1.,0.));
#8973=DIRECTION('center_axis',(0.,0.,1.));
#8974=DIRECTION('ref_axis',(-0.707106781186549,0.707106781186546,0.));
#8975=DIRECTION('center_axis',(0.,0.,-1.));
#8976=DIRECTION('ref_axis',(-0.707106781186549,0.707106781186546,0.));
#8977=DIRECTION('',(0.,0.,1.));
#8978=DIRECTION('center_axis',(0.,-1.,0.));
#8979=DIRECTION('ref_axis',(1.,0.,0.));
#8980=DIRECTION('',(1.,0.,0.));
#8981=DIRECTION('center_axis',(0.,0.,1.));
#8982=DIRECTION('ref_axis',(-1.,0.,0.));
#8983=DIRECTION('center_axis',(0.,0.,-1.));
#8984=DIRECTION('ref_axis',(-1.,0.,0.));
#8985=DIRECTION('',(0.,0.,1.));
#8986=DIRECTION('',(0.,0.,1.));
#8987=DIRECTION('center_axis',(-3.4160708450005E-16,1.,0.));
#8988=DIRECTION('ref_axis',(-1.,-3.4160708450005E-16,0.));
#8989=DIRECTION('',(-1.,-3.4160708450005E-16,0.));
#8990=DIRECTION('',(0.,0.,1.));
#8991=DIRECTION('center_axis',(0.,0.,1.));
#8992=DIRECTION('ref_axis',(0.,-1.,0.));
#8993=DIRECTION('center_axis',(0.,0.,-1.));
#8994=DIRECTION('ref_axis',(0.,-1.,0.));
#8995=DIRECTION('',(0.,0.,1.));
#8996=DIRECTION('center_axis',(-1.,0.,0.));
#8997=DIRECTION('ref_axis',(0.,-1.,0.));
#8998=DIRECTION('',(0.,-1.,0.));
#8999=DIRECTION('',(0.,0.,1.));
#9000=DIRECTION('center_axis',(0.,0.,1.));
#9001=DIRECTION('ref_axis',(1.,0.,0.));
#9002=DIRECTION('center_axis',(0.,0.,-1.));
#9003=DIRECTION('ref_axis',(1.,0.,0.));
#9004=DIRECTION('',(0.,0.,1.));
#9005=DIRECTION('center_axis',(0.,-1.,0.));
#9006=DIRECTION('ref_axis',(1.,0.,0.));
#9007=DIRECTION('',(1.,0.,0.));
#9008=DIRECTION('',(0.,0.,1.));
#9009=DIRECTION('center_axis',(0.,0.,1.));
#9010=DIRECTION('ref_axis',(0.,1.,0.));
#9011=DIRECTION('center_axis',(0.,0.,-1.));
#9012=DIRECTION('ref_axis',(0.,1.,0.));
#9013=DIRECTION('',(0.,0.,1.));
#9014=DIRECTION('center_axis',(1.,0.,0.));
#9015=DIRECTION('ref_axis',(0.,1.,0.));
#9016=DIRECTION('',(0.,1.,0.));
#9017=DIRECTION('center_axis',(1.,0.,0.));
#9018=DIRECTION('ref_axis',(0.,1.,0.));
#9019=DIRECTION('',(0.,1.,0.));
#9020=DIRECTION('',(0.,0.,1.));
#9021=DIRECTION('',(0.,0.,1.));
#9022=DIRECTION('center_axis',(0.,0.,1.));
#9023=DIRECTION('ref_axis',(-1.,0.,0.));
#9024=DIRECTION('center_axis',(0.,0.,-1.));
#9025=DIRECTION('ref_axis',(-1.,0.,0.));
#9026=DIRECTION('',(0.,0.,1.));
#9027=DIRECTION('center_axis',(-1.70803542250025E-16,1.,0.));
#9028=DIRECTION('ref_axis',(-1.,-1.70803542250025E-16,0.));
#9029=DIRECTION('',(-1.,-1.70803542250025E-16,0.));
#9030=DIRECTION('',(0.,0.,1.));
#9031=DIRECTION('center_axis',(0.,0.,1.));
#9032=DIRECTION('ref_axis',(0.,-1.,0.));
#9033=DIRECTION('center_axis',(0.,0.,-1.));
#9034=DIRECTION('ref_axis',(0.,-1.,0.));
#9035=DIRECTION('',(0.,0.,1.));
#9036=DIRECTION('center_axis',(-1.,0.,0.));
#9037=DIRECTION('ref_axis',(0.,-1.,0.));
#9038=DIRECTION('',(0.,-1.,0.));
#9039=DIRECTION('',(0.,0.,1.));
#9040=DIRECTION('center_axis',(0.,0.,1.));
#9041=DIRECTION('ref_axis',(1.,0.,0.));
#9042=DIRECTION('center_axis',(0.,0.,-1.));
#9043=DIRECTION('ref_axis',(1.,0.,0.));
#9044=DIRECTION('',(0.,0.,1.));
#9045=DIRECTION('center_axis',(3.4160708450005E-16,-1.,0.));
#9046=DIRECTION('ref_axis',(1.,3.4160708450005E-16,0.));
#9047=DIRECTION('',(1.,3.4160708450005E-16,0.));
#9048=DIRECTION('',(0.,0.,1.));
#9049=DIRECTION('center_axis',(0.,0.,1.));
#9050=DIRECTION('ref_axis',(0.,1.,0.));
#9051=DIRECTION('center_axis',(0.,0.,-1.));
#9052=DIRECTION('ref_axis',(0.,1.,0.));
#9053=DIRECTION('center_axis',(1.,0.,0.));
#9054=DIRECTION('ref_axis',(0.,1.,0.));
#9055=DIRECTION('',(0.,1.,0.));
#9056=DIRECTION('',(0.,0.,1.));
#9057=DIRECTION('',(0.,0.,1.));
#9058=DIRECTION('center_axis',(0.,0.,1.));
#9059=DIRECTION('ref_axis',(-1.,0.,0.));
#9060=DIRECTION('center_axis',(0.,0.,-1.));
#9061=DIRECTION('ref_axis',(-1.,0.,0.));
#9062=DIRECTION('',(0.,0.,1.));
#9063=DIRECTION('center_axis',(0.,1.,0.));
#9064=DIRECTION('ref_axis',(-1.,0.,0.));
#9065=DIRECTION('',(-1.,0.,0.));
#9066=DIRECTION('',(0.,0.,1.));
#9067=DIRECTION('center_axis',(0.,0.,1.));
#9068=DIRECTION('ref_axis',(0.,-1.,0.));
#9069=DIRECTION('center_axis',(0.,0.,-1.));
#9070=DIRECTION('ref_axis',(0.,-1.,0.));
#9071=DIRECTION('',(0.,0.,1.));
#9072=DIRECTION('center_axis',(-1.,0.,0.));
#9073=DIRECTION('ref_axis',(0.,-1.,0.));
#9074=DIRECTION('',(0.,-1.,0.));
#9075=DIRECTION('',(0.,0.,1.));
#9076=DIRECTION('center_axis',(0.,0.,1.));
#9077=DIRECTION('ref_axis',(1.,0.,0.));
#9078=DIRECTION('center_axis',(0.,0.,-1.));
#9079=DIRECTION('ref_axis',(1.,0.,0.));
#9080=DIRECTION('',(0.,0.,1.));
#9081=DIRECTION('center_axis',(6.83214169000099E-16,-1.,0.));
#9082=DIRECTION('ref_axis',(1.,6.83214169000099E-16,0.));
#9083=DIRECTION('',(1.,6.83214169000099E-16,0.));
#9084=DIRECTION('',(0.,0.,1.));
#9085=DIRECTION('center_axis',(0.,0.,1.));
#9086=DIRECTION('ref_axis',(0.,1.,0.));
#9087=DIRECTION('center_axis',(0.,0.,-1.));
#9088=DIRECTION('ref_axis',(0.,1.,0.));
#9089=DIRECTION('center_axis',(1.,0.,0.));
#9090=DIRECTION('ref_axis',(0.,1.,0.));
#9091=DIRECTION('',(0.,1.,0.));
#9092=DIRECTION('',(0.,0.,1.));
#9093=DIRECTION('',(0.,0.,1.));
#9094=DIRECTION('center_axis',(0.,0.,1.));
#9095=DIRECTION('ref_axis',(-1.,0.,0.));
#9096=DIRECTION('center_axis',(0.,0.,-1.));
#9097=DIRECTION('ref_axis',(-1.,0.,0.));
#9098=DIRECTION('',(0.,0.,1.));
#9099=DIRECTION('center_axis',(-1.70803542250025E-16,1.,0.));
#9100=DIRECTION('ref_axis',(-1.,-1.70803542250025E-16,0.));
#9101=DIRECTION('',(-1.,-1.70803542250025E-16,0.));
#9102=DIRECTION('',(0.,0.,1.));
#9103=DIRECTION('center_axis',(0.,0.,1.));
#9104=DIRECTION('ref_axis',(0.,-1.,0.));
#9105=DIRECTION('center_axis',(0.,0.,-1.));
#9106=DIRECTION('ref_axis',(0.,-1.,0.));
#9107=DIRECTION('',(0.,0.,1.));
#9108=DIRECTION('center_axis',(-1.,0.,0.));
#9109=DIRECTION('ref_axis',(0.,-1.,0.));
#9110=DIRECTION('',(0.,-1.,0.));
#9111=DIRECTION('',(0.,0.,1.));
#9112=DIRECTION('center_axis',(0.,0.,1.));
#9113=DIRECTION('ref_axis',(1.,0.,0.));
#9114=DIRECTION('center_axis',(0.,0.,-1.));
#9115=DIRECTION('ref_axis',(1.,0.,0.));
#9116=DIRECTION('',(0.,0.,1.));
#9117=DIRECTION('center_axis',(0.,-1.,0.));
#9118=DIRECTION('ref_axis',(1.,0.,0.));
#9119=DIRECTION('',(1.,0.,0.));
#9120=DIRECTION('',(0.,0.,1.));
#9121=DIRECTION('center_axis',(0.,0.,1.));
#9122=DIRECTION('ref_axis',(0.,1.,0.));
#9123=DIRECTION('center_axis',(0.,0.,-1.));
#9124=DIRECTION('ref_axis',(0.,1.,0.));
#9125=DIRECTION('center_axis',(0.,0.,1.));
#9126=DIRECTION('ref_axis',(-1.,0.,0.));
#9127=DIRECTION('center_axis',(0.,0.,-1.));
#9128=DIRECTION('ref_axis',(-1.,0.,0.));
#9129=DIRECTION('',(0.,0.,1.));
#9130=DIRECTION('',(0.,0.,1.));
#9131=DIRECTION('center_axis',(-1.70803542250025E-16,1.,0.));
#9132=DIRECTION('ref_axis',(-1.,-1.70803542250025E-16,0.));
#9133=DIRECTION('',(-1.,-1.70803542250025E-16,0.));
#9134=DIRECTION('',(0.,0.,1.));
#9135=DIRECTION('center_axis',(0.,0.,1.));
#9136=DIRECTION('ref_axis',(0.,-1.,0.));
#9137=DIRECTION('center_axis',(0.,0.,-1.));
#9138=DIRECTION('ref_axis',(0.,-1.,0.));
#9139=DIRECTION('',(0.,0.,1.));
#9140=DIRECTION('center_axis',(-1.,0.,0.));
#9141=DIRECTION('ref_axis',(0.,-1.,0.));
#9142=DIRECTION('',(0.,-1.,0.));
#9143=DIRECTION('',(0.,0.,1.));
#9144=DIRECTION('center_axis',(0.,0.,1.));
#9145=DIRECTION('ref_axis',(1.,0.,0.));
#9146=DIRECTION('center_axis',(0.,0.,-1.));
#9147=DIRECTION('ref_axis',(1.,0.,0.));
#9148=DIRECTION('',(0.,0.,1.));
#9149=DIRECTION('center_axis',(0.,-1.,0.));
#9150=DIRECTION('ref_axis',(1.,0.,0.));
#9151=DIRECTION('',(1.,0.,0.));
#9152=DIRECTION('',(0.,0.,1.));
#9153=DIRECTION('center_axis',(0.,0.,1.));
#9154=DIRECTION('ref_axis',(0.,1.,0.));
#9155=DIRECTION('center_axis',(0.,0.,-1.));
#9156=DIRECTION('ref_axis',(0.,1.,0.));
#9157=DIRECTION('',(0.,0.,1.));
#9158=DIRECTION('center_axis',(1.,0.,0.));
#9159=DIRECTION('ref_axis',(0.,1.,0.));
#9160=DIRECTION('',(0.,1.,0.));
#9161=DIRECTION('center_axis',(1.,0.,0.));
#9162=DIRECTION('ref_axis',(0.,1.,0.));
#9163=DIRECTION('',(0.,1.,0.));
#9164=DIRECTION('',(0.,0.,1.));
#9165=DIRECTION('',(0.,0.,1.));
#9166=DIRECTION('center_axis',(0.,0.,1.));
#9167=DIRECTION('ref_axis',(-1.,0.,0.));
#9168=DIRECTION('center_axis',(0.,0.,-1.));
#9169=DIRECTION('ref_axis',(-1.,0.,0.));
#9170=DIRECTION('',(0.,0.,1.));
#9171=DIRECTION('center_axis',(0.,1.,0.));
#9172=DIRECTION('ref_axis',(-1.,0.,0.));
#9173=DIRECTION('',(-1.,0.,0.));
#9174=DIRECTION('',(0.,0.,1.));
#9175=DIRECTION('center_axis',(0.,0.,1.));
#9176=DIRECTION('ref_axis',(0.,-1.,0.));
#9177=DIRECTION('center_axis',(0.,0.,-1.));
#9178=DIRECTION('ref_axis',(0.,-1.,0.));
#9179=DIRECTION('',(0.,0.,1.));
#9180=DIRECTION('center_axis',(-1.,0.,0.));
#9181=DIRECTION('ref_axis',(0.,-1.,0.));
#9182=DIRECTION('',(0.,-1.,0.));
#9183=DIRECTION('',(0.,0.,1.));
#9184=DIRECTION('center_axis',(0.,0.,1.));
#9185=DIRECTION('ref_axis',(1.,0.,0.));
#9186=DIRECTION('center_axis',(0.,0.,-1.));
#9187=DIRECTION('ref_axis',(1.,0.,0.));
#9188=DIRECTION('',(0.,0.,1.));
#9189=DIRECTION('center_axis',(0.,-1.,0.));
#9190=DIRECTION('ref_axis',(1.,0.,0.));
#9191=DIRECTION('',(1.,0.,0.));
#9192=DIRECTION('',(0.,0.,1.));
#9193=DIRECTION('center_axis',(0.,0.,1.));
#9194=DIRECTION('ref_axis',(0.,1.,0.));
#9195=DIRECTION('center_axis',(0.,0.,-1.));
#9196=DIRECTION('ref_axis',(0.,1.,0.));
#9197=DIRECTION('center_axis',(1.,0.,0.));
#9198=DIRECTION('ref_axis',(0.,1.,0.));
#9199=DIRECTION('',(0.,0.,1.));
#9200=DIRECTION('',(0.,-1.,0.));
#9201=DIRECTION('center_axis',(0.,0.,1.));
#9202=DIRECTION('ref_axis',(0.,-1.,0.));
#9203=DIRECTION('',(0.,0.,1.));
#9204=DIRECTION('center_axis',(0.,0.,1.));
#9205=DIRECTION('ref_axis',(0.,-1.,0.));
#9206=DIRECTION('center_axis',(4.9453141408693E-17,-1.,0.));
#9207=DIRECTION('ref_axis',(1.,4.9453141408693E-17,0.));
#9208=DIRECTION('',(0.,0.,1.));
#9209=DIRECTION('',(-1.,-4.9453141408693E-17,0.));
#9210=DIRECTION('center_axis',(0.,0.,1.));
#9211=DIRECTION('ref_axis',(-1.,0.,0.));
#9212=DIRECTION('center_axis',(0.,0.,1.));
#9213=DIRECTION('ref_axis',(-1.,0.,0.));
#9214=DIRECTION('center_axis',(0.,0.,1.));
#9215=DIRECTION('ref_axis',(1.,0.,0.));
#9216=DIRECTION('axis',(0.,0.,1.));
#9217=DIRECTION('refdir',(1.,0.,0.));
#9218=DIRECTION('center_axis',(-5.39390332880947E-16,0.,1.));
#9219=DIRECTION('ref_axis',(-1.,0.,-8.02331600096732E-16));
#9220=DIRECTION('center_axis',(-5.39390332880947E-16,0.,1.));
#9221=DIRECTION('ref_axis',(-1.,0.,0.));
#9222=DIRECTION('',(-0.739271628118367,9.05346633075611E-17,-0.673407350612702));
#9223=DIRECTION('center_axis',(5.39390332880947E-16,0.,-1.));
#9224=DIRECTION('ref_axis',(-1.,0.,-8.02331600096732E-16));
#9225=DIRECTION('center_axis',(5.39390332880947E-16,0.,-1.));
#9226=DIRECTION('ref_axis',(-1.,0.,-5.41780851878207E-16));
#9227=DIRECTION('center_axis',(5.39390332880947E-16,0.,-1.));
#9228=DIRECTION('ref_axis',(1.,0.,5.39390332880947E-16));
#9229=DIRECTION('center_axis',(-1.22464679914735E-16,-1.,-6.60562644653677E-32));
#9230=DIRECTION('ref_axis',(1.,-1.22464679914735E-16,5.34652156458757E-16));
#9231=DIRECTION('center_axis',(-5.39390332880947E-16,0.,1.));
#9232=DIRECTION('ref_axis',(1.,0.,5.40994141385008E-16));
#9233=DIRECTION('center_axis',(5.39390332880947E-16,0.,-1.));
#9234=DIRECTION('ref_axis',(-1.,0.,-5.39390332880947E-16));
#9235=DIRECTION('center_axis',(5.39390332880947E-16,0.,-1.));
#9236=DIRECTION('ref_axis',(1.,0.,5.39390332880947E-16));
#9237=DIRECTION('center_axis',(5.39390332880947E-16,0.,-1.));
#9238=DIRECTION('ref_axis',(-1.,0.,0.));
#9239=DIRECTION('center_axis',(5.39390332880947E-16,0.,-1.));
#9240=DIRECTION('ref_axis',(1.,0.,5.39390332880947E-16));
#9241=DIRECTION('',(-5.39390332880947E-16,0.,1.));
#9242=DIRECTION('center_axis',(5.39390332880947E-16,0.,-1.));
#9243=DIRECTION('ref_axis',(-1.,0.,-5.30989688835611E-16));
#9244=DIRECTION('center_axis',(-5.11426191814388E-16,-1.15333106758256E-32,
1.));
#9245=DIRECTION('ref_axis',(1.,-6.12323399573676E-17,5.11426191814388E-16));
#9246=DIRECTION('center_axis',(-1.22464679914735E-16,-1.,-6.60562644653677E-32));
#9247=DIRECTION('ref_axis',(1.,-1.22464679914735E-16,5.61623709345358E-16));
#9248=DIRECTION('center_axis',(5.39390332880947E-16,0.,-1.));
#9249=DIRECTION('ref_axis',(1.,0.,5.22330575255002E-16));
#9250=DIRECTION('center_axis',(5.39390332880947E-16,0.,-1.));
#9251=DIRECTION('ref_axis',(1.,0.,5.22330575255002E-16));
#9252=DIRECTION('center_axis',(6.12323399573677E-17,0.,1.));
#9253=DIRECTION('ref_axis',(1.,0.,0.));
#9254=DIRECTION('center_axis',(-0.664463024388675,0.664463024388675,-0.342020143325668));
#9255=DIRECTION('ref_axis',(0.,-0.457661538155732,-0.889126490715989));
#9256=DIRECTION('center_axis',(6.94224960159445E-13,-0.994521895368273,
-0.104528463267653));
#9257=DIRECTION('ref_axis',(0.,-0.104528463267653,0.994521895368273));
#9258=DIRECTION('center_axis',(-0.809016994374947,8.09721509374276E-13,
-0.587785252292473));
#9259=DIRECTION('ref_axis',(0.,-1.,-1.37758051297852E-12));
#9260=DIRECTION('center_axis',(1.22464679914735E-16,-1.,0.));
#9261=DIRECTION('ref_axis',(-1.,-1.22464679914735E-16,0.));
#9262=DIRECTION('center_axis',(-0.809016994374947,8.09721509374276E-13,
-0.587785252292473));
#9263=DIRECTION('ref_axis',(0.,-1.,-1.37758051297852E-12));
#9264=DIRECTION('center_axis',(9.95080847553561E-13,0.99452189536872,-0.104528463263401));
#9265=DIRECTION('ref_axis',(0.,-0.104528463263401,-0.99452189536872));
#9266=DIRECTION('center_axis',(-0.664463024388675,-0.664463024388675,-0.342020143325669));
#9267=DIRECTION('ref_axis',(0.,-0.457661538155733,0.889126490715988));
#9268=DIRECTION('center_axis',(0.664463024388675,0.664463024388675,-0.342020143325668));
#9269=DIRECTION('ref_axis',(0.,-0.457661538155732,-0.889126490715989));
#9270=DIRECTION('center_axis',(-0.994521895368273,-3.89006662395944E-12,
-0.104528463267653));
#9271=DIRECTION('ref_axis',(0.104528463267653,0.,-0.994521895368273));
#9272=DIRECTION('center_axis',(3.47662310357257E-12,0.809016994374948,-0.587785252292473));
#9273=DIRECTION('ref_axis',(0.,-0.587785252292473,-0.809016994374948));
#9274=DIRECTION('center_axis',(0.994521895368273,5.08960411838499E-12,-0.104528463267653));
#9275=DIRECTION('ref_axis',(0.104528463267653,0.,0.994521895368273));
#9276=DIRECTION('center_axis',(-0.664463024388675,0.664463024388674,-0.342020143325669));
#9277=DIRECTION('ref_axis',(0.,-0.457661538155733,-0.889126490715988));
#9278=DIRECTION('center_axis',(0.664463024388675,-0.664463024388675,-0.342020143325668));
#9279=DIRECTION('ref_axis',(0.,-0.457661538155732,0.889126490715989));
#9280=DIRECTION('center_axis',(-3.0393339240739E-12,0.994521895368273,-0.104528463267653));
#9281=DIRECTION('ref_axis',(0.,-0.104528463267653,-0.994521895368273));
#9282=DIRECTION('center_axis',(0.809016994374948,9.08322877116213E-12,-0.587785252292473));
#9283=DIRECTION('ref_axis',(0.,-1.,-1.54533117932711E-11));
#9284=DIRECTION('center_axis',(-7.22555556228952E-13,-0.994521895368273,
-0.104528463267653));
#9285=DIRECTION('ref_axis',(0.,-0.104528463267653,0.994521895368273));
#9286=DIRECTION('center_axis',(0.664463024388674,0.664463024388675,-0.342020143325669));
#9287=DIRECTION('ref_axis',(0.,-0.457661538155733,-0.889126490715988));
#9288=DIRECTION('center_axis',(-0.664463024388675,-0.664463024388675,-0.342020143325668));
#9289=DIRECTION('ref_axis',(0.,-0.457661538155732,0.889126490715989));
#9290=DIRECTION('center_axis',(0.994521895368273,2.23441906868178E-12,-0.104528463267653));
#9291=DIRECTION('ref_axis',(0.104528463267653,0.,0.994521895368273));
#9292=DIRECTION('center_axis',(6.99731924925493E-12,-0.809016994374948,
-0.587785252292473));
#9293=DIRECTION('ref_axis',(0.,-0.587785252292473,0.809016994374948));
#9294=DIRECTION('center_axis',(-0.994521895368273,3.45871449545394E-12,
-0.104528463267653));
#9295=DIRECTION('ref_axis',(0.104528463267653,0.,-0.994521895368273));
#9296=DIRECTION('center_axis',(0.664463024388675,-0.664463024388675,-0.342020143325669));
#9297=DIRECTION('ref_axis',(0.,-0.457661538155733,0.889126490715988));
#9298=DIRECTION('center_axis',(5.39390332880947E-16,0.,-1.));
#9299=DIRECTION('ref_axis',(-1.,0.,0.));
#9300=DIRECTION('',(-0.0871557427476599,1.06735001383231E-17,0.996194698091745));
#9301=DIRECTION('center_axis',(-0.664463024388675,0.664463024388675,-0.342020143325668));
#9302=DIRECTION('ref_axis',(-0.707106781186547,-0.707106781186548,-2.23038718130506E-16));
#9303=DIRECTION('',(-0.707106781186547,-0.707106781186548,-2.23038718130506E-16));
#9304=DIRECTION('',(0.164740575213942,-0.316168168173999,-0.934290229164192));
#9305=DIRECTION('',(0.524749120618671,0.0889805787107705,-0.846593655198424));
#9306=DIRECTION('center_axis',(-0.664463024388675,0.664463024388675,0.342020143325669));
#9307=DIRECTION('ref_axis',(-0.707106781186547,-0.707106781186548,-5.95170279005884E-17));
#9308=DIRECTION('',(-0.0889805787121494,-0.52474912061966,0.846593655197666));
#9309=DIRECTION('',(0.316168168174,-0.164740575213942,0.934290229164191));
#9310=DIRECTION('center_axis',(6.94224960159445E-13,-0.994521895368273,
-0.104528463267653));
#9311=DIRECTION('ref_axis',(-1.,-6.98048945319974E-13,0.));
#9312=DIRECTION('',(-0.172725370626737,-0.102957402876084,0.979574254222143));
#9313=DIRECTION('',(0.103962051184855,0.103962051184566,-0.989132844377809));
#9314=DIRECTION('',(1.,6.98048945319974E-13,0.));
#9315=DIRECTION('',(-0.58567177724647,-0.084725369667574,0.806108045532145));
#9316=DIRECTION('center_axis',(-0.984807753012208,1.63168016091141E-16,
-0.17364817766693));
#9317=DIRECTION('ref_axis',(1.65685145747546E-16,1.,0.));
#9318=DIRECTION('',(0.171087869746036,0.171087869746035,-0.970287525247814));
#9319=DIRECTION('center_axis',(0.,-0.984807753012208,-0.17364817766693));
#9320=DIRECTION('ref_axis',(-1.,0.,0.));
#9321=DIRECTION('',(0.102957402876559,0.172725370626728,-0.979574254222095));
#9322=DIRECTION('center_axis',(0.664463024388675,0.664463024388675,-0.342020143325668));
#9323=DIRECTION('ref_axis',(-0.707106781186548,0.707106781186547,-2.23038718130506E-16));
#9324=DIRECTION('',(-0.707106781186548,0.707106781186547,-2.23038718130506E-16));
#9325=DIRECTION('',(-0.316168168173999,-0.164740575213942,-0.934290229164192));
#9326=DIRECTION('',(0.0889805787123646,-0.524749120619814,-0.846593655197548));
#9327=DIRECTION('center_axis',(0.664463024388675,0.664463024388675,0.342020143325669));
#9328=DIRECTION('ref_axis',(-0.707106781186548,0.707106781186547,-5.95170279005884E-17));
#9329=DIRECTION('',(-0.524749120616298,0.0889805787074605,0.846593655200243));
#9330=DIRECTION('',(-0.164740575213942,-0.316168168174,0.934290229164191));
#9331=DIRECTION('center_axis',(-0.994521895368273,-3.89006662395944E-12,
-0.104528463267653));
#9332=DIRECTION('ref_axis',(-3.91149419844492E-12,1.,0.));
#9333=DIRECTION('',(-0.102957402876633,0.172725370626727,0.979574254222087));
#9334=DIRECTION('',(0.103962051184945,-0.103962051180366,-0.989132844378241));
#9335=DIRECTION('',(3.91149419844492E-12,-1.,0.));
#9336=DIRECTION('',(-0.0847253696694287,0.58567177724656,0.806108045531884));
#9337=DIRECTION('center_axis',(0.,0.984807753012208,-0.17364817766693));
#9338=DIRECTION('ref_axis',(1.,0.,0.));
#9339=DIRECTION('',(0.171087869746036,-0.171087869746036,-0.970287525247814));
#9340=DIRECTION('center_axis',(-0.984807753012208,1.63168016091141E-16,
-0.17364817766693));
#9341=DIRECTION('ref_axis',(1.65685145747546E-16,1.,0.));
#9342=DIRECTION('',(0.172725370626811,-0.102957402871946,-0.979574254222565));
#9343=DIRECTION('center_axis',(0.664463024388675,-0.664463024388675,-0.342020143325668));
#9344=DIRECTION('ref_axis',(0.707106781186547,0.707106781186548,-2.23038718130506E-16));
#9345=DIRECTION('',(0.707106781186547,0.707106781186548,-2.23038718130506E-16));
#9346=DIRECTION('',(-0.164740575213942,0.316168168173999,-0.934290229164192));
#9347=DIRECTION('',(-0.524749120619509,-0.0889805787119403,-0.846593655197781));
#9348=DIRECTION('center_axis',(0.664463024388675,-0.664463024388674,0.342020143325669));
#9349=DIRECTION('ref_axis',(0.707106781186547,0.707106781186548,-5.95170279005884E-17));
#9350=DIRECTION('',(0.0889805787078853,0.524749120616602,0.846593655200009));
#9351=DIRECTION('',(-0.316168168174,0.164740575213942,0.934290229164191));
#9352=DIRECTION('center_axis',(-3.0393339240739E-12,0.994521895368273,-0.104528463267653));
#9353=DIRECTION('ref_axis',(1.,3.05607542501458E-12,0.));
#9354=DIRECTION('',(0.17272537062673,0.102957402876487,0.979574254222102));
#9355=DIRECTION('',(-0.103962051183968,-0.103962051184818,-0.989132844377876));
#9356=DIRECTION('',(-1.,-3.05607542501458E-12,0.));
#9357=DIRECTION('',(0.585671777245721,0.0847253696689965,0.80610804553254));
#9358=DIRECTION('center_axis',(0.984807753012208,0.,-0.17364817766693));
#9359=DIRECTION('ref_axis',(0.,-1.,0.));
#9360=DIRECTION('',(-0.171087869746036,-0.171087869746036,-0.970287525247814));
#9361=DIRECTION('center_axis',(0.,0.984807753012208,-0.17364817766693));
#9362=DIRECTION('ref_axis',(1.,0.,0.));
#9363=DIRECTION('',(-0.10295740287509,-0.172725370626755,-0.979574254222245));
#9364=DIRECTION('center_axis',(-0.664463024388675,-0.664463024388675,-0.342020143325668));
#9365=DIRECTION('ref_axis',(0.707106781186548,-0.707106781186547,-2.23038718130506E-16));
#9366=DIRECTION('',(0.707106781186548,-0.707106781186547,-2.23038718130506E-16));
#9367=DIRECTION('',(0.316168168173999,0.164740575213942,-0.934290229164192));
#9368=DIRECTION('',(-0.0889805787115388,0.524749120619221,-0.846593655198002));
#9369=DIRECTION('center_axis',(-0.664463024388674,-0.664463024388675,0.342020143325669));
#9370=DIRECTION('ref_axis',(0.707106781186548,-0.707106781186547,-5.95170279005884E-17));
#9371=DIRECTION('',(0.524749120618681,-0.0889805787107845,0.846593655198416));
#9372=DIRECTION('',(0.164740575213942,0.316168168174,0.934290229164191));
#9373=DIRECTION('center_axis',(0.994521895368273,2.23441906868178E-12,-0.104528463267653));
#9374=DIRECTION('ref_axis',(2.24672687357413E-12,-1.,0.));
#9375=DIRECTION('',(0.102957402876349,-0.172725370626732,0.979574254222116));
#9376=DIRECTION('',(-0.103962051184728,0.10396205118457,-0.989132844377822));
#9377=DIRECTION('',(-2.24672687357413E-12,1.,0.));
#9378=DIRECTION('',(0.0847253696685151,-0.585671777245888,0.806108045532469));
#9379=DIRECTION('center_axis',(0.,-0.984807753012208,-0.17364817766693));
#9380=DIRECTION('ref_axis',(-1.,0.,0.));
#9381=DIRECTION('',(-0.171087869746036,0.171087869746036,-0.970287525247814));
#9382=DIRECTION('center_axis',(0.984807753012208,0.,-0.17364817766693));
#9383=DIRECTION('ref_axis',(0.,-1.,0.));
#9384=DIRECTION('',(-0.172725370626737,0.102957402876089,-0.979574254222143));
#9385=DIRECTION('center_axis',(-0.809016994374947,8.09721509374276E-13,
-0.587785252292473));
#9386=DIRECTION('ref_axis',(1.00087082843034E-12,1.,0.));
#9387=DIRECTION('',(1.00087082843034E-12,1.,0.));
#9388=DIRECTION('',(0.585671777246523,-0.0847253696642985,-0.806108045532451));
#9389=DIRECTION('center_axis',(9.95080847553561E-13,0.99452189536872,-0.104528463263401));
#9390=DIRECTION('ref_axis',(1.,-1.00056203104974E-12,0.));
#9391=DIRECTION('',(-1.,1.00056203104974E-12,0.));
#9392=DIRECTION('center_axis',(3.47662310357257E-12,0.809016994374948,-0.587785252292473));
#9393=DIRECTION('ref_axis',(1.,-4.29734248816199E-12,0.));
#9394=DIRECTION('',(1.,-4.29734248816199E-12,0.));
#9395=DIRECTION('',(-0.0847253696642146,-0.585671777246344,-0.80610804553259));
#9396=DIRECTION('center_axis',(0.994521895368273,5.08960411838499E-12,-0.104528463267653));
#9397=DIRECTION('ref_axis',(5.11763908073668E-12,-1.,0.));
#9398=DIRECTION('',(-5.11763908073668E-12,1.,0.));
#9399=DIRECTION('center_axis',(-0.994521895368273,3.45871449545394E-12,
-0.104528463267653));
#9400=DIRECTION('ref_axis',(3.47776606182529E-12,1.,0.));
#9401=DIRECTION('',(0.0847253696691582,0.585671777246815,-0.806108045531728));
#9402=DIRECTION('',(-3.47776606182529E-12,-1.,0.));
#9403=DIRECTION('center_axis',(6.99731924925493E-12,-0.809016994374948,
-0.587785252292473));
#9404=DIRECTION('ref_axis',(-1.,-8.64916225234688E-12,0.));
#9405=DIRECTION('',(-1.,-8.64916225234688E-12,0.));
#9406=DIRECTION('center_axis',(-7.22555556228952E-13,-0.994521895368273,
-0.104528463267653));
#9407=DIRECTION('ref_axis',(-1.,7.26535594232833E-13,0.));
#9408=DIRECTION('',(-0.585671777247038,0.0847253696675476,-0.806108045531735));
#9409=DIRECTION('',(1.,-7.26535594232833E-13,0.));
#9410=DIRECTION('center_axis',(0.809016994374948,9.08322877116213E-12,-0.587785252292473));
#9411=DIRECTION('ref_axis',(1.12274882163383E-11,-1.,0.));
#9412=DIRECTION('',(1.12274882163383E-11,-1.,0.));
#9413=DIRECTION('center_axis',(0.,0.,1.));
#9414=DIRECTION('ref_axis',(1.,0.,0.));
#9415=DIRECTION('center_axis',(5.39390332880947E-16,0.,-1.));
#9416=DIRECTION('ref_axis',(-1.,0.,0.));
#9417=DIRECTION('',(-5.39390332880947E-16,0.,1.));
#9418=DIRECTION('center_axis',(5.39390332880947E-16,0.,-1.));
#9419=DIRECTION('ref_axis',(-1.,0.,0.));
#9420=DIRECTION('center_axis',(5.39390332880947E-16,0.,-1.));
#9421=DIRECTION('ref_axis',(-1.,0.,-5.39390332880947E-16));
#9422=DIRECTION('center_axis',(5.39390332880947E-16,0.,-1.));
#9423=DIRECTION('ref_axis',(-1.,0.,0.));
#9424=DIRECTION('',(-0.422618261740697,5.17558101501962E-17,0.906307787036651));
#9425=DIRECTION('axis',(0.,0.,1.));
#9426=DIRECTION('refdir',(1.,0.,0.));
#9427=DIRECTION('axis',(0.,0.,1.));
#9428=DIRECTION('refdir',(1.,0.,0.));
#9429=DIRECTION('axis',(0.,0.,1.));
#9430=DIRECTION('refdir',(1.,0.,0.));
#9431=DIRECTION('axis',(0.,0.,1.));
#9432=DIRECTION('refdir',(1.,0.,0.));
#9433=DIRECTION('center_axis',(0.707106781186548,-0.707106781186548,0.));
#9434=DIRECTION('ref_axis',(-0.707106781186548,-0.707106781186548,0.));
#9435=DIRECTION('',(0.,0.,1.));
#9436=DIRECTION('',(-0.707106781186548,-0.707106781186548,0.));
#9437=DIRECTION('',(0.,0.,1.));
#9438=DIRECTION('',(-0.707106781186548,-0.707106781186548,0.));
#9439=DIRECTION('center_axis',(0.,-1.,0.));
#9440=DIRECTION('ref_axis',(-1.,0.,0.));
#9441=DIRECTION('',(0.,0.,1.));
#9442=DIRECTION('',(-1.,0.,0.));
#9443=DIRECTION('',(-1.,0.,0.));
#9444=DIRECTION('center_axis',(1.,0.,0.));
#9445=DIRECTION('ref_axis',(0.,-1.,0.));
#9446=DIRECTION('',(0.,-1.,0.));
#9447=DIRECTION('',(0.,0.,1.));
#9448=DIRECTION('',(0.,-1.,0.));
#9449=DIRECTION('center_axis',(0.,0.,1.));
#9450=DIRECTION('ref_axis',(1.,0.,0.));
#9451=DIRECTION('',(-0.707106781186548,0.707106781186548,0.));
#9452=DIRECTION('',(0.,1.,0.));
#9453=DIRECTION('',(0.707106781186548,0.707106781186548,0.));
#9454=DIRECTION('',(-0.707106781186548,0.707106781186548,0.));
#9455=DIRECTION('',(0.,1.,0.));
#9456=DIRECTION('',(0.707106781186548,0.707106781186548,0.));
#9457=DIRECTION('',(-0.707106781186548,0.707106781186548,0.));
#9458=DIRECTION('',(0.,1.,0.));
#9459=DIRECTION('',(0.707106781186548,0.707106781186548,0.));
#9460=DIRECTION('',(-0.707106781186548,0.707106781186548,0.));
#9461=DIRECTION('',(0.,1.,0.));
#9462=DIRECTION('',(0.707106781186548,0.707106781186548,0.));
#9463=DIRECTION('',(1.,0.,0.));
#9464=DIRECTION('',(0.707106781186548,-0.707106781186548,0.));
#9465=DIRECTION('',(0.,-1.,0.));
#9466=DIRECTION('',(-0.707106781186548,-0.707106781186548,0.));
#9467=DIRECTION('',(0.707106781186548,-0.707106781186548,0.));
#9468=DIRECTION('',(0.,-1.,0.));
#9469=DIRECTION('',(-0.707106781186548,-0.707106781186548,0.));
#9470=DIRECTION('',(0.707106781186548,-0.707106781186548,0.));
#9471=DIRECTION('',(0.,-1.,0.));
#9472=DIRECTION('',(-0.707106781186548,-0.707106781186548,0.));
#9473=DIRECTION('',(0.707106781186548,-0.707106781186548,0.));
#9474=DIRECTION('',(-1.,0.,0.));
#9475=DIRECTION('',(0.,1.,0.));
#9476=DIRECTION('',(-1.,0.,0.));
#9477=DIRECTION('',(0.,1.,0.));
#9478=DIRECTION('',(0.,1.,0.));
#9479=DIRECTION('',(-1.,0.,0.));
#9480=DIRECTION('',(0.,1.,0.));
#9481=DIRECTION('',(-1.,0.,0.));
#9482=DIRECTION('',(0.,1.,0.));
#9483=DIRECTION('',(-1.,0.,0.));
#9484=DIRECTION('',(0.,1.,0.));
#9485=DIRECTION('',(-1.,0.,0.));
#9486=DIRECTION('',(-1.,0.,0.));
#9487=DIRECTION('',(0.,1.,0.));
#9488=DIRECTION('',(-1.,0.,0.));
#9489=DIRECTION('',(0.,1.,0.));
#9490=DIRECTION('center_axis',(0.,0.,1.));
#9491=DIRECTION('ref_axis',(1.,0.,0.));
#9492=DIRECTION('',(0.707106781186548,-0.707106781186548,0.));
#9493=DIRECTION('',(-0.707106781186548,-0.707106781186548,0.));
#9494=DIRECTION('',(0.,-1.,0.));
#9495=DIRECTION('',(0.707106781186548,-0.707106781186548,0.));
#9496=DIRECTION('',(-0.707106781186548,-0.707106781186548,0.));
#9497=DIRECTION('',(0.,-1.,0.));
#9498=DIRECTION('',(0.707106781186548,-0.707106781186548,0.));
#9499=DIRECTION('',(-0.707106781186548,-0.707106781186548,0.));
#9500=DIRECTION('',(0.,-1.,0.));
#9501=DIRECTION('',(0.707106781186548,-0.707106781186548,0.));
#9502=DIRECTION('',(1.,0.,0.));
#9503=DIRECTION('',(0.707106781186548,0.707106781186548,0.));
#9504=DIRECTION('',(0.,1.,0.));
#9505=DIRECTION('',(-0.707106781186548,0.707106781186548,0.));
#9506=DIRECTION('',(0.707106781186548,0.707106781186548,0.));
#9507=DIRECTION('',(0.,1.,0.));
#9508=DIRECTION('',(-0.707106781186548,0.707106781186548,0.));
#9509=DIRECTION('',(0.707106781186548,0.707106781186548,0.));
#9510=DIRECTION('',(0.,1.,0.));
#9511=DIRECTION('',(-0.707106781186548,0.707106781186548,0.));
#9512=DIRECTION('',(0.707106781186548,0.707106781186548,0.));
#9513=DIRECTION('',(0.,1.,0.));
#9514=DIRECTION('',(-0.707106781186548,0.707106781186548,0.));
#9515=DIRECTION('',(-1.,0.,0.));
#9516=DIRECTION('',(0.,1.,0.));
#9517=DIRECTION('',(-1.,0.,0.));
#9518=DIRECTION('',(0.,1.,0.));
#9519=DIRECTION('',(0.,1.,0.));
#9520=DIRECTION('',(-1.,0.,0.));
#9521=DIRECTION('',(0.,1.,0.));
#9522=DIRECTION('',(-1.,0.,0.));
#9523=DIRECTION('',(0.,1.,0.));
#9524=DIRECTION('',(-1.,0.,0.));
#9525=DIRECTION('',(0.,1.,0.));
#9526=DIRECTION('',(-1.,0.,0.));
#9527=DIRECTION('',(-1.,0.,0.));
#9528=DIRECTION('',(0.,1.,0.));
#9529=DIRECTION('',(-1.,0.,0.));
#9530=DIRECTION('',(0.,1.,0.));
#9531=DIRECTION('center_axis',(-0.707106781186548,-0.707106781186548,0.));
#9532=DIRECTION('ref_axis',(-0.707106781186548,0.707106781186548,0.));
#9533=DIRECTION('',(0.,0.,1.));
#9534=DIRECTION('center_axis',(0.707106781186548,0.707106781186548,0.));
#9535=DIRECTION('ref_axis',(0.707106781186548,-0.707106781186548,0.));
#9536=DIRECTION('',(0.,0.,1.));
#9537=DIRECTION('center_axis',(-1.,0.,0.));
#9538=DIRECTION('ref_axis',(0.,1.,0.));
#9539=DIRECTION('',(0.,0.,1.));
#9540=DIRECTION('center_axis',(0.707106781186548,-0.707106781186548,0.));
#9541=DIRECTION('ref_axis',(-0.707106781186548,-0.707106781186548,0.));
#9542=DIRECTION('',(0.,0.,1.));
#9543=DIRECTION('center_axis',(-0.707106781186548,0.707106781186548,0.));
#9544=DIRECTION('ref_axis',(0.707106781186548,0.707106781186548,0.));
#9545=DIRECTION('',(0.,0.,1.));
#9546=DIRECTION('center_axis',(1.,0.,0.));
#9547=DIRECTION('ref_axis',(0.,-1.,0.));
#9548=DIRECTION('',(0.,0.,1.));
#9549=DIRECTION('center_axis',(-0.707106781186548,-0.707106781186548,0.));
#9550=DIRECTION('ref_axis',(-0.707106781186548,0.707106781186548,0.));
#9551=DIRECTION('',(0.,0.,1.));
#9552=DIRECTION('center_axis',(0.707106781186548,0.707106781186548,0.));
#9553=DIRECTION('ref_axis',(0.707106781186548,-0.707106781186548,0.));
#9554=DIRECTION('',(0.,0.,1.));
#9555=DIRECTION('center_axis',(-1.,0.,0.));
#9556=DIRECTION('ref_axis',(0.,1.,0.));
#9557=DIRECTION('',(0.,0.,1.));
#9558=DIRECTION('center_axis',(0.707106781186548,-0.707106781186548,0.));
#9559=DIRECTION('ref_axis',(-0.707106781186548,-0.707106781186548,0.));
#9560=DIRECTION('',(0.,0.,1.));
#9561=DIRECTION('center_axis',(-0.707106781186548,0.707106781186548,0.));
#9562=DIRECTION('ref_axis',(0.707106781186548,0.707106781186548,0.));
#9563=DIRECTION('',(0.,0.,1.));
#9564=DIRECTION('center_axis',(1.,0.,0.));
#9565=DIRECTION('ref_axis',(0.,-1.,0.));
#9566=DIRECTION('',(0.,0.,1.));
#9567=DIRECTION('center_axis',(-0.707106781186548,-0.707106781186548,0.));
#9568=DIRECTION('ref_axis',(-0.707106781186548,0.707106781186548,0.));
#9569=DIRECTION('',(0.,0.,1.));
#9570=DIRECTION('center_axis',(0.707106781186548,0.707106781186548,0.));
#9571=DIRECTION('ref_axis',(0.707106781186548,-0.707106781186548,0.));
#9572=DIRECTION('',(0.,0.,1.));
#9573=DIRECTION('center_axis',(-1.,0.,0.));
#9574=DIRECTION('ref_axis',(0.,1.,0.));
#9575=DIRECTION('',(0.,0.,1.));
#9576=DIRECTION('center_axis',(0.707106781186548,-0.707106781186548,0.));
#9577=DIRECTION('ref_axis',(-0.707106781186548,-0.707106781186548,0.));
#9578=DIRECTION('',(0.,0.,1.));
#9579=DIRECTION('center_axis',(-0.707106781186548,0.707106781186548,0.));
#9580=DIRECTION('ref_axis',(0.707106781186548,0.707106781186548,0.));
#9581=DIRECTION('',(0.,0.,1.));
#9582=DIRECTION('center_axis',(1.,0.,0.));
#9583=DIRECTION('ref_axis',(0.,-1.,0.));
#9584=DIRECTION('',(0.,0.,1.));
#9585=DIRECTION('center_axis',(-0.707106781186548,-0.707106781186548,0.));
#9586=DIRECTION('ref_axis',(-0.707106781186548,0.707106781186548,0.));
#9587=DIRECTION('',(0.,0.,1.));
#9588=DIRECTION('center_axis',(0.707106781186548,0.707106781186548,0.));
#9589=DIRECTION('ref_axis',(0.707106781186548,-0.707106781186548,0.));
#9590=DIRECTION('',(0.,0.,1.));
#9591=DIRECTION('center_axis',(-1.,0.,0.));
#9592=DIRECTION('ref_axis',(0.,1.,0.));
#9593=DIRECTION('',(0.,0.,1.));
#9594=DIRECTION('center_axis',(0.,1.,0.));
#9595=DIRECTION('ref_axis',(1.,0.,0.));
#9596=DIRECTION('',(0.,0.,1.));
#9597=DIRECTION('center_axis',(-0.707106781186548,0.707106781186548,0.));
#9598=DIRECTION('ref_axis',(0.707106781186548,0.707106781186548,0.));
#9599=DIRECTION('center_axis',(0.,1.,0.));
#9600=DIRECTION('ref_axis',(0.,0.,1.));
#9601=DIRECTION('',(0.,0.,1.));
#9602=DIRECTION('',(1.,0.,0.));
#9603=DIRECTION('',(0.,0.,1.));
#9604=DIRECTION('center_axis',(1.,0.,0.));
#9605=DIRECTION('ref_axis',(0.,0.,1.));
#9606=DIRECTION('',(0.,0.,1.));
#9607=DIRECTION('',(0.,1.,0.));
#9608=DIRECTION('center_axis',(0.,1.,0.));
#9609=DIRECTION('ref_axis',(0.,0.,1.));
#9610=DIRECTION('',(0.,0.,1.));
#9611=DIRECTION('',(1.,0.,0.));
#9612=DIRECTION('center_axis',(1.,0.,0.));
#9613=DIRECTION('ref_axis',(0.,0.,1.));
#9614=DIRECTION('',(0.,1.,0.));
#9615=DIRECTION('center_axis',(1.,0.,0.));
#9616=DIRECTION('ref_axis',(0.,0.,1.));
#9617=DIRECTION('',(0.,0.,1.));
#9618=DIRECTION('',(0.,1.,0.));
#9619=DIRECTION('',(0.,0.,1.));
#9620=DIRECTION('center_axis',(0.,1.,0.));
#9621=DIRECTION('ref_axis',(0.,0.,1.));
#9622=DIRECTION('',(1.,0.,0.));
#9623=DIRECTION('',(0.,0.,1.));
#9624=DIRECTION('center_axis',(1.,0.,0.));
#9625=DIRECTION('ref_axis',(0.,0.,1.));
#9626=DIRECTION('',(0.,0.,1.));
#9627=DIRECTION('',(0.,1.,0.));
#9628=DIRECTION('center_axis',(0.,1.,0.));
#9629=DIRECTION('ref_axis',(0.,0.,1.));
#9630=DIRECTION('',(1.,0.,0.));
#9631=DIRECTION('center_axis',(1.,0.,0.));
#9632=DIRECTION('ref_axis',(0.,0.,1.));
#9633=DIRECTION('',(0.,0.,1.));
#9634=DIRECTION('',(0.,1.,0.));
#9635=DIRECTION('',(0.,0.,1.));
#9636=DIRECTION('center_axis',(0.,1.,0.));
#9637=DIRECTION('ref_axis',(0.,0.,1.));
#9638=DIRECTION('',(1.,0.,0.));
#9639=DIRECTION('',(0.,0.,1.));
#9640=DIRECTION('center_axis',(1.,0.,0.));
#9641=DIRECTION('ref_axis',(0.,0.,1.));
#9642=DIRECTION('',(0.,0.,1.));
#9643=DIRECTION('',(0.,1.,0.));
#9644=DIRECTION('center_axis',(0.,1.,0.));
#9645=DIRECTION('ref_axis',(0.,0.,1.));
#9646=DIRECTION('',(1.,0.,0.));
#9647=DIRECTION('center_axis',(0.,1.,0.));
#9648=DIRECTION('ref_axis',(0.,0.,1.));
#9649=DIRECTION('',(0.,0.,1.));
#9650=DIRECTION('',(1.,0.,0.));
#9651=DIRECTION('',(0.,0.,1.));
#9652=DIRECTION('center_axis',(1.,0.,0.));
#9653=DIRECTION('ref_axis',(0.,0.,1.));
#9654=DIRECTION('',(0.,0.,1.));
#9655=DIRECTION('',(0.,1.,0.));
#9656=DIRECTION('center_axis',(0.,1.,0.));
#9657=DIRECTION('ref_axis',(0.,0.,1.));
#9658=DIRECTION('',(0.,0.,1.));
#9659=DIRECTION('',(1.,0.,0.));
#9660=DIRECTION('center_axis',(1.,0.,0.));
#9661=DIRECTION('ref_axis',(0.,0.,1.));
#9662=DIRECTION('',(0.,1.,0.));
#9663=DIRECTION('center_axis',(0.,1.,0.));
#9664=DIRECTION('ref_axis',(0.,0.,1.));
#9665=DIRECTION('',(0.,0.,1.));
#9666=DIRECTION('',(0.,0.,1.));
#9667=DIRECTION('',(1.,0.,0.));
#9668=DIRECTION('center_axis',(1.,0.,0.));
#9669=DIRECTION('ref_axis',(0.,0.,1.));
#9670=DIRECTION('',(0.,0.,1.));
#9671=DIRECTION('',(0.,1.,0.));
#9672=DIRECTION('center_axis',(0.,1.,0.));
#9673=DIRECTION('ref_axis',(0.,0.,1.));
#9674=DIRECTION('',(0.,0.,1.));
#9675=DIRECTION('',(1.,0.,0.));
#9676=DIRECTION('center_axis',(1.,0.,0.));
#9677=DIRECTION('ref_axis',(0.,0.,1.));
#9678=DIRECTION('',(0.,1.,0.));
#9679=DIRECTION('center_axis',(1.,0.,0.));
#9680=DIRECTION('ref_axis',(0.,0.,1.));
#9681=DIRECTION('',(0.,0.,1.));
#9682=DIRECTION('',(0.,0.,1.));
#9683=DIRECTION('',(0.,1.,0.));
#9684=DIRECTION('center_axis',(0.,1.,0.));
#9685=DIRECTION('ref_axis',(0.,0.,1.));
#9686=DIRECTION('',(0.,0.,1.));
#9687=DIRECTION('',(1.,0.,0.));
#9688=DIRECTION('center_axis',(1.,0.,0.));
#9689=DIRECTION('ref_axis',(0.,0.,1.));
#9690=DIRECTION('',(0.,0.,1.));
#9691=DIRECTION('',(0.,1.,0.));
#9692=DIRECTION('center_axis',(0.,1.,0.));
#9693=DIRECTION('ref_axis',(0.,0.,1.));
#9694=DIRECTION('',(1.,0.,0.));
#9695=DIRECTION('center_axis',(1.,0.,0.));
#9696=DIRECTION('ref_axis',(0.,0.,1.));
#9697=DIRECTION('',(0.,0.,1.));
#9698=DIRECTION('',(0.,0.,1.));
#9699=DIRECTION('',(0.,1.,0.));
#9700=DIRECTION('center_axis',(0.,1.,0.));
#9701=DIRECTION('ref_axis',(0.,0.,1.));
#9702=DIRECTION('',(0.,0.,1.));
#9703=DIRECTION('',(1.,0.,0.));
#9704=DIRECTION('center_axis',(1.,0.,0.));
#9705=DIRECTION('ref_axis',(0.,0.,1.));
#9706=DIRECTION('',(0.,0.,1.));
#9707=DIRECTION('',(0.,1.,0.));
#9708=DIRECTION('center_axis',(0.,1.,0.));
#9709=DIRECTION('ref_axis',(0.,0.,1.));
#9710=DIRECTION('',(1.,0.,0.));
#9711=DIRECTION('center_axis',(0.,1.,0.));
#9712=DIRECTION('ref_axis',(0.,0.,1.));
#9713=DIRECTION('',(0.,0.,1.));
#9714=DIRECTION('',(0.,0.,1.));
#9715=DIRECTION('',(1.,0.,0.));
#9716=DIRECTION('center_axis',(1.,0.,0.));
#9717=DIRECTION('ref_axis',(0.,0.,1.));
#9718=DIRECTION('',(0.,0.,1.));
#9719=DIRECTION('',(0.,1.,0.));
#9720=DIRECTION('center_axis',(0.,1.,0.));
#9721=DIRECTION('ref_axis',(0.,0.,1.));
#9722=DIRECTION('',(0.,0.,1.));
#9723=DIRECTION('',(1.,0.,0.));
#9724=DIRECTION('center_axis',(1.,0.,0.));
#9725=DIRECTION('ref_axis',(0.,0.,1.));
#9726=DIRECTION('',(0.,1.,0.));
#9727=DIRECTION('center_axis',(-1.73516750835589E-18,-0.707106781186548,
0.707106781186548));
#9728=DIRECTION('ref_axis',(-1.,1.22694871165302E-18,-1.22694871165302E-18));
#9729=DIRECTION('',(0.577350269189626,-0.577350269189626,-0.577350269189626));
#9730=DIRECTION('',(-0.577350269189626,-0.577350269189626,-0.577350269189626));
#9731=DIRECTION('',(1.,0.,0.));
#9732=DIRECTION('center_axis',(-0.707106781186548,-1.73516750835589E-18,
-0.707106781186548));
#9733=DIRECTION('ref_axis',(-1.22694871165302E-18,1.,-1.22694871165302E-18));
#9734=DIRECTION('',(0.577350269189626,0.577350269189626,-0.577350269189626));
#9735=DIRECTION('',(0.,1.,0.));
#9736=DIRECTION('center_axis',(1.73516750835589E-18,-0.707106781186548,
-0.707106781186548));
#9737=DIRECTION('ref_axis',(-1.,-1.22694871165302E-18,-1.22694871165302E-18));
#9738=DIRECTION('',(1.,0.,0.));
#9739=DIRECTION('',(-0.577350269189626,0.577350269189626,-0.577350269189626));
#9740=DIRECTION('center_axis',(-0.707106781186548,1.73516750835589E-18,
0.707106781186548));
#9741=DIRECTION('ref_axis',(1.22694871165302E-18,1.,-1.22694871165302E-18));
#9742=DIRECTION('',(0.,1.,0.));
#9743=DIRECTION('center_axis',(-0.707106781186548,1.73516750835589E-18,
0.707106781186548));
#9744=DIRECTION('ref_axis',(1.22694871165302E-18,1.,-1.22694871165302E-18));
#9745=DIRECTION('',(-0.577350269189626,0.577350269189626,-0.577350269189626));
#9746=DIRECTION('',(0.,1.,0.));
#9747=DIRECTION('',(-0.577350269189626,-0.577350269189626,-0.577350269189626));
#9748=DIRECTION('center_axis',(-1.73516750835589E-18,-0.707106781186548,
0.707106781186548));
#9749=DIRECTION('ref_axis',(-1.,1.22694871165302E-18,-1.22694871165302E-18));
#9750=DIRECTION('',(0.577350269189626,-0.577350269189626,-0.577350269189626));
#9751=DIRECTION('',(1.,0.,0.));
#9752=DIRECTION('center_axis',(-0.707106781186548,-1.73516750835589E-18,
-0.707106781186548));
#9753=DIRECTION('ref_axis',(-1.22694871165302E-18,1.,-1.22694871165302E-18));
#9754=DIRECTION('',(0.577350269189626,0.577350269189626,-0.577350269189626));
#9755=DIRECTION('',(0.,1.,0.));
#9756=DIRECTION('center_axis',(1.73516750835589E-18,-0.707106781186548,
-0.707106781186548));
#9757=DIRECTION('ref_axis',(-1.,-1.22694871165302E-18,-1.22694871165302E-18));
#9758=DIRECTION('',(1.,0.,0.));
#9759=DIRECTION('center_axis',(-0.707106781186548,1.73516750835589E-18,
0.707106781186548));
#9760=DIRECTION('ref_axis',(1.22694871165302E-18,1.,-1.22694871165302E-18));
#9761=DIRECTION('',(-0.577350269189626,0.577350269189626,-0.577350269189626));
#9762=DIRECTION('',(0.,1.,0.));
#9763=DIRECTION('',(-0.577350269189626,-0.577350269189626,-0.577350269189626));
#9764=DIRECTION('center_axis',(-1.73516750835589E-18,-0.707106781186548,
0.707106781186548));
#9765=DIRECTION('ref_axis',(-1.,1.22694871165302E-18,-1.22694871165302E-18));
#9766=DIRECTION('',(0.577350269189626,-0.577350269189626,-0.577350269189626));
#9767=DIRECTION('',(1.,0.,0.));
#9768=DIRECTION('center_axis',(-0.707106781186548,-1.73516750835589E-18,
-0.707106781186548));
#9769=DIRECTION('ref_axis',(-1.22694871165302E-18,1.,-1.22694871165302E-18));
#9770=DIRECTION('',(0.577350269189626,0.577350269189626,-0.577350269189626));
#9771=DIRECTION('',(0.,1.,0.));
#9772=DIRECTION('center_axis',(1.73516750835589E-18,-0.707106781186548,
-0.707106781186548));
#9773=DIRECTION('ref_axis',(-1.,-1.22694871165302E-18,-1.22694871165302E-18));
#9774=DIRECTION('',(1.,0.,0.));
#9775=DIRECTION('center_axis',(-1.73516750835589E-18,-0.707106781186548,
0.707106781186548));
#9776=DIRECTION('ref_axis',(-1.,1.22694871165302E-18,-1.22694871165302E-18));
#9777=DIRECTION('',(0.577350269189626,-0.577350269189626,-0.577350269189626));
#9778=DIRECTION('',(-0.577350269189626,-0.577350269189626,-0.577350269189626));
#9779=DIRECTION('',(1.,0.,0.));
#9780=DIRECTION('center_axis',(-0.707106781186548,-1.73516750835589E-18,
-0.707106781186548));
#9781=DIRECTION('ref_axis',(-1.22694871165302E-18,1.,-1.22694871165302E-18));
#9782=DIRECTION('',(0.577350269189626,0.577350269189626,-0.577350269189626));
#9783=DIRECTION('',(0.,1.,0.));
#9784=DIRECTION('center_axis',(1.73516750835589E-18,-0.707106781186548,
-0.707106781186548));
#9785=DIRECTION('ref_axis',(-1.,-1.22694871165302E-18,-1.22694871165302E-18));
#9786=DIRECTION('',(1.,0.,0.));
#9787=DIRECTION('',(-0.577350269189626,0.577350269189626,-0.577350269189626));
#9788=DIRECTION('center_axis',(-0.707106781186548,1.73516750835589E-18,
0.707106781186548));
#9789=DIRECTION('ref_axis',(1.22694871165302E-18,1.,-1.22694871165302E-18));
#9790=DIRECTION('',(0.,1.,0.));
#9791=DIRECTION('center_axis',(1.73516750835589E-18,0.707106781186548,0.707106781186548));
#9792=DIRECTION('ref_axis',(-1.,1.22694871165302E-18,1.22694871165302E-18));
#9793=DIRECTION('',(0.577350269189626,-0.577350269189626,0.577350269189626));
#9794=DIRECTION('',(1.,0.,0.));
#9795=DIRECTION('',(-0.577350269189626,-0.577350269189626,0.577350269189626));
#9796=DIRECTION('center_axis',(0.707106781186548,1.73516750835589E-18,-0.707106781186548));
#9797=DIRECTION('ref_axis',(-1.22694871165302E-18,1.,1.22694871165302E-18));
#9798=DIRECTION('',(0.577350269189626,0.577350269189626,0.577350269189626));
#9799=DIRECTION('',(0.,1.,0.));
#9800=DIRECTION('center_axis',(-1.73516750835589E-18,0.707106781186548,
-0.707106781186548));
#9801=DIRECTION('ref_axis',(-1.,-1.22694871165302E-18,1.22694871165302E-18));
#9802=DIRECTION('',(-0.577350269189626,0.577350269189626,0.577350269189626));
#9803=DIRECTION('',(1.,0.,0.));
#9804=DIRECTION('center_axis',(0.707106781186548,-1.73516750835589E-18,
0.707106781186548));
#9805=DIRECTION('ref_axis',(1.22694871165302E-18,1.,1.22694871165302E-18));
#9806=DIRECTION('',(0.,1.,0.));
#9807=DIRECTION('center_axis',(0.707106781186548,-1.73516750835589E-18,
0.707106781186548));
#9808=DIRECTION('ref_axis',(1.22694871165302E-18,1.,1.22694871165302E-18));
#9809=DIRECTION('',(-0.577350269189626,0.577350269189626,0.577350269189626));
#9810=DIRECTION('',(-0.577350269189626,-0.577350269189626,0.577350269189626));
#9811=DIRECTION('',(0.,1.,0.));
#9812=DIRECTION('center_axis',(1.73516750835589E-18,0.707106781186548,0.707106781186548));
#9813=DIRECTION('ref_axis',(-1.,1.22694871165302E-18,1.22694871165302E-18));
#9814=DIRECTION('',(0.577350269189626,-0.577350269189626,0.577350269189626));
#9815=DIRECTION('',(1.,0.,0.));
#9816=DIRECTION('center_axis',(0.707106781186548,1.73516750835589E-18,-0.707106781186548));
#9817=DIRECTION('ref_axis',(-1.22694871165302E-18,1.,1.22694871165302E-18));
#9818=DIRECTION('',(0.577350269189626,0.577350269189626,0.577350269189626));
#9819=DIRECTION('',(0.,1.,0.));
#9820=DIRECTION('center_axis',(-1.73516750835589E-18,0.707106781186548,
-0.707106781186548));
#9821=DIRECTION('ref_axis',(-1.,-1.22694871165302E-18,1.22694871165302E-18));
#9822=DIRECTION('',(1.,0.,0.));
#9823=DIRECTION('center_axis',(0.707106781186548,-1.73516750835589E-18,
0.707106781186548));
#9824=DIRECTION('ref_axis',(1.22694871165302E-18,1.,1.22694871165302E-18));
#9825=DIRECTION('',(-0.577350269189626,0.577350269189626,0.577350269189626));
#9826=DIRECTION('',(-0.577350269189626,-0.577350269189626,0.577350269189626));
#9827=DIRECTION('',(0.,1.,0.));
#9828=DIRECTION('center_axis',(1.73516750835589E-18,0.707106781186548,0.707106781186548));
#9829=DIRECTION('ref_axis',(-1.,1.22694871165302E-18,1.22694871165302E-18));
#9830=DIRECTION('',(0.577350269189626,-0.577350269189626,0.577350269189626));
#9831=DIRECTION('',(1.,0.,0.));
#9832=DIRECTION('center_axis',(0.707106781186548,1.73516750835589E-18,-0.707106781186548));
#9833=DIRECTION('ref_axis',(-1.22694871165302E-18,1.,1.22694871165302E-18));
#9834=DIRECTION('',(0.577350269189626,0.577350269189626,0.577350269189626));
#9835=DIRECTION('',(0.,1.,0.));
#9836=DIRECTION('center_axis',(-1.73516750835589E-18,0.707106781186548,
-0.707106781186548));
#9837=DIRECTION('ref_axis',(-1.,-1.22694871165302E-18,1.22694871165302E-18));
#9838=DIRECTION('',(1.,0.,0.));
#9839=DIRECTION('center_axis',(1.73516750835589E-18,0.707106781186548,0.707106781186548));
#9840=DIRECTION('ref_axis',(-1.,1.22694871165302E-18,1.22694871165302E-18));
#9841=DIRECTION('',(0.577350269189626,-0.577350269189626,0.577350269189626));
#9842=DIRECTION('',(1.,0.,0.));
#9843=DIRECTION('',(-0.577350269189626,-0.577350269189626,0.577350269189626));
#9844=DIRECTION('center_axis',(0.707106781186548,1.73516750835589E-18,-0.707106781186548));
#9845=DIRECTION('ref_axis',(-1.22694871165302E-18,1.,1.22694871165302E-18));
#9846=DIRECTION('',(0.577350269189626,0.577350269189626,0.577350269189626));
#9847=DIRECTION('',(0.,1.,0.));
#9848=DIRECTION('center_axis',(-1.73516750835589E-18,0.707106781186548,
-0.707106781186548));
#9849=DIRECTION('ref_axis',(-1.,-1.22694871165302E-18,1.22694871165302E-18));
#9850=DIRECTION('',(-0.577350269189626,0.577350269189626,0.577350269189626));
#9851=DIRECTION('',(1.,0.,0.));
#9852=DIRECTION('center_axis',(0.707106781186548,-1.73516750835589E-18,
0.707106781186548));
#9853=DIRECTION('ref_axis',(1.22694871165302E-18,1.,1.22694871165302E-18));
#9854=DIRECTION('',(0.,1.,0.));
#9855=DIRECTION('center_axis',(0.,0.,1.));
#9856=DIRECTION('ref_axis',(1.,0.,0.));
#9857=DIRECTION('center_axis',(0.,0.,1.));
#9858=DIRECTION('ref_axis',(1.,0.,0.));
#9859=DIRECTION('center_axis',(0.,0.,1.));
#9860=DIRECTION('ref_axis',(1.,0.,0.));
#9861=DIRECTION('center_axis',(0.,0.,1.));
#9862=DIRECTION('ref_axis',(1.,0.,0.));
#9863=DIRECTION('center_axis',(0.,0.,1.));
#9864=DIRECTION('ref_axis',(1.,0.,0.));
#9865=DIRECTION('center_axis',(0.,0.,1.));
#9866=DIRECTION('ref_axis',(1.,0.,0.));
#9867=DIRECTION('center_axis',(0.,0.,1.));
#9868=DIRECTION('ref_axis',(1.,0.,0.));
#9869=DIRECTION('center_axis',(0.,0.,1.));
#9870=DIRECTION('ref_axis',(1.,0.,0.));
#9871=DIRECTION('',(-8.75811540203011E-47,0.,1.));
#9872=DIRECTION('',(1.,2.33332359191049E-47,0.));
#9873=DIRECTION('axis',(0.,0.,1.));
#9874=DIRECTION('refdir',(1.,0.,0.));
#9875=DIRECTION('center_axis',(0.,-1.,0.));
#9876=DIRECTION('ref_axis',(-1.,0.,0.));
#9877=DIRECTION('',(0.,0.,1.));
#9878=DIRECTION('',(-1.,0.,0.));
#9879=DIRECTION('',(0.,0.,1.));
#9880=DIRECTION('',(-1.,0.,0.));
#9881=DIRECTION('center_axis',(1.,0.,0.));
#9882=DIRECTION('ref_axis',(0.,-1.,0.));
#9883=DIRECTION('',(0.,0.,1.));
#9884=DIRECTION('',(0.,-1.,0.));
#9885=DIRECTION('',(0.,-1.,0.));
#9886=DIRECTION('center_axis',(-1.,0.,0.));
#9887=DIRECTION('ref_axis',(0.,1.,0.));
#9888=DIRECTION('',(0.,1.,0.));
#9889=DIRECTION('',(0.,0.,1.));
#9890=DIRECTION('',(0.,1.,0.));
#9891=DIRECTION('center_axis',(0.,0.,1.));
#9892=DIRECTION('ref_axis',(1.,0.,0.));
#9893=DIRECTION('',(1.,0.,0.));
#9894=DIRECTION('center_axis',(0.,0.,-1.));
#9895=DIRECTION('ref_axis',(0.,-1.,0.));
#9896=DIRECTION('center_axis',(0.,0.,-1.));
#9897=DIRECTION('ref_axis',(0.,-1.,0.));
#9898=DIRECTION('center_axis',(0.,0.,-1.));
#9899=DIRECTION('ref_axis',(0.,-1.,0.));
#9900=DIRECTION('center_axis',(0.,0.,-1.));
#9901=DIRECTION('ref_axis',(0.,-1.,0.));
#9902=DIRECTION('center_axis',(0.,0.,-1.));
#9903=DIRECTION('ref_axis',(1.671865260612E-14,-1.,0.));
#9904=DIRECTION('center_axis',(0.,0.,-1.));
#9905=DIRECTION('ref_axis',(0.,-1.,0.));
#9906=DIRECTION('center_axis',(0.,0.,-1.));
#9907=DIRECTION('ref_axis',(0.,-1.,0.));
#9908=DIRECTION('center_axis',(0.,0.,-1.));
#9909=DIRECTION('ref_axis',(0.,-1.,0.));
#9910=DIRECTION('center_axis',(0.,0.,-1.));
#9911=DIRECTION('ref_axis',(0.,-1.,0.));
#9912=DIRECTION('center_axis',(0.,0.,-1.));
#9913=DIRECTION('ref_axis',(0.,-1.,0.));
#9914=DIRECTION('center_axis',(0.,0.,-1.));
#9915=DIRECTION('ref_axis',(0.,-1.,0.));
#9916=DIRECTION('center_axis',(0.,0.,-1.));
#9917=DIRECTION('ref_axis',(0.,-1.,0.));
#9918=DIRECTION('center_axis',(0.,0.,-1.));
#9919=DIRECTION('ref_axis',(0.,-1.,0.));
#9920=DIRECTION('',(1.,0.,0.));
#9921=DIRECTION('',(0.,1.,0.));
#9922=DIRECTION('',(-1.,0.,0.));
#9923=DIRECTION('',(0.,-1.,0.));
#9924=DIRECTION('center_axis',(0.,0.,-1.));
#9925=DIRECTION('ref_axis',(0.,-1.,0.));
#9926=DIRECTION('',(1.,0.,0.));
#9927=DIRECTION('center_axis',(0.,0.,-1.));
#9928=DIRECTION('ref_axis',(0.,1.,0.));
#9929=DIRECTION('',(-1.,0.,0.));
#9930=DIRECTION('center_axis',(0.,0.,-1.));
#9931=DIRECTION('ref_axis',(0.,-1.,0.));
#9932=DIRECTION('center_axis',(0.,0.,-1.));
#9933=DIRECTION('ref_axis',(0.,-1.,0.));
#9934=DIRECTION('center_axis',(0.,0.,-1.));
#9935=DIRECTION('ref_axis',(0.,-1.,0.));
#9936=DIRECTION('',(1.,0.,0.));
#9937=DIRECTION('center_axis',(0.,0.,-1.));
#9938=DIRECTION('ref_axis',(0.,1.,0.));
#9939=DIRECTION('',(-1.,0.,0.));
#9940=DIRECTION('center_axis',(0.,0.,-1.));
#9941=DIRECTION('ref_axis',(0.,-1.,0.));
#9942=DIRECTION('center_axis',(0.,0.,-1.));
#9943=DIRECTION('ref_axis',(0.,-1.,0.));
#9944=DIRECTION('center_axis',(0.,0.,-1.));
#9945=DIRECTION('ref_axis',(0.,-1.,0.));
#9946=DIRECTION('center_axis',(0.,0.,-1.));
#9947=DIRECTION('ref_axis',(0.,-1.,0.));
#9948=DIRECTION('center_axis',(0.,0.,-1.));
#9949=DIRECTION('ref_axis',(0.,-1.,0.));
#9950=DIRECTION('center_axis',(0.,0.,-1.));
#9951=DIRECTION('ref_axis',(0.,-1.,0.));
#9952=DIRECTION('center_axis',(0.,0.,-1.));
#9953=DIRECTION('ref_axis',(0.,-1.,0.));
#9954=DIRECTION('center_axis',(0.,0.,-1.));
#9955=DIRECTION('ref_axis',(0.,-1.,0.));
#9956=DIRECTION('center_axis',(0.,0.,-1.));
#9957=DIRECTION('ref_axis',(0.,-1.,0.));
#9958=DIRECTION('center_axis',(0.,0.,-1.));
#9959=DIRECTION('ref_axis',(0.,-1.,0.));
#9960=DIRECTION('center_axis',(0.,0.,-1.));
#9961=DIRECTION('ref_axis',(0.,-1.,0.));
#9962=DIRECTION('center_axis',(0.,0.,-1.));
#9963=DIRECTION('ref_axis',(0.,-1.,0.));
#9964=DIRECTION('center_axis',(0.,0.,-1.));
#9965=DIRECTION('ref_axis',(0.,-1.,0.));
#9966=DIRECTION('center_axis',(0.,0.,-1.));
#9967=DIRECTION('ref_axis',(0.,-1.,0.));
#9968=DIRECTION('center_axis',(0.,0.,-1.));
#9969=DIRECTION('ref_axis',(0.,-1.,0.));
#9970=DIRECTION('center_axis',(0.,0.,-1.));
#9971=DIRECTION('ref_axis',(0.,-1.,0.));
#9972=DIRECTION('center_axis',(0.,0.,-1.));
#9973=DIRECTION('ref_axis',(0.,-1.,0.));
#9974=DIRECTION('center_axis',(0.,0.,-1.));
#9975=DIRECTION('ref_axis',(0.,-1.,0.));
#9976=DIRECTION('center_axis',(0.,0.,-1.));
#9977=DIRECTION('ref_axis',(0.,-1.,0.));
#9978=DIRECTION('center_axis',(0.,0.,-1.));
#9979=DIRECTION('ref_axis',(0.,-1.,0.));
#9980=DIRECTION('center_axis',(0.,0.,-1.));
#9981=DIRECTION('ref_axis',(0.,-1.,0.));
#9982=DIRECTION('center_axis',(0.,0.,-1.));
#9983=DIRECTION('ref_axis',(0.,-1.,0.));
#9984=DIRECTION('center_axis',(0.,0.,-1.));
#9985=DIRECTION('ref_axis',(1.671865260612E-14,-1.,0.));
#9986=DIRECTION('center_axis',(0.,0.,-1.));
#9987=DIRECTION('ref_axis',(0.,-1.,0.));
#9988=DIRECTION('',(1.,0.,0.));
#9989=DIRECTION('',(0.,1.,0.));
#9990=DIRECTION('',(-1.,0.,0.));
#9991=DIRECTION('',(0.,-1.,0.));
#9992=DIRECTION('center_axis',(0.,0.,-1.));
#9993=DIRECTION('ref_axis',(0.,-1.,0.));
#9994=DIRECTION('center_axis',(0.,0.,-1.));
#9995=DIRECTION('ref_axis',(0.,-1.,0.));
#9996=DIRECTION('center_axis',(0.,0.,-1.));
#9997=DIRECTION('ref_axis',(0.,-1.,0.));
#9998=DIRECTION('center_axis',(0.,0.,-1.));
#9999=DIRECTION('ref_axis',(0.,-1.,0.));
#10000=DIRECTION('center_axis',(0.,0.,-1.));
#10001=DIRECTION('ref_axis',(0.,-1.,0.));
#10002=DIRECTION('center_axis',(0.,0.,-1.));
#10003=DIRECTION('ref_axis',(0.,-1.,0.));
#10004=DIRECTION('center_axis',(0.,0.,-1.));
#10005=DIRECTION('ref_axis',(0.,-1.,0.));
#10006=DIRECTION('center_axis',(0.,0.,-1.));
#10007=DIRECTION('ref_axis',(0.,-1.,0.));
#10008=DIRECTION('center_axis',(0.,0.,-1.));
#10009=DIRECTION('ref_axis',(0.,-1.,0.));
#10010=DIRECTION('center_axis',(0.,0.,-1.));
#10011=DIRECTION('ref_axis',(1.671865260612E-14,-1.,0.));
#10012=DIRECTION('center_axis',(0.,0.,-1.));
#10013=DIRECTION('ref_axis',(0.,-1.,0.));
#10014=DIRECTION('center_axis',(0.,0.,-1.));
#10015=DIRECTION('ref_axis',(0.,-1.,0.));
#10016=DIRECTION('center_axis',(0.,0.,-1.));
#10017=DIRECTION('ref_axis',(0.,-1.,0.));
#10018=DIRECTION('center_axis',(0.,0.,-1.));
#10019=DIRECTION('ref_axis',(0.,-1.,0.));
#10020=DIRECTION('center_axis',(0.,0.,-1.));
#10021=DIRECTION('ref_axis',(0.,-1.,0.));
#10022=DIRECTION('center_axis',(0.,0.,-1.));
#10023=DIRECTION('ref_axis',(0.,-1.,0.));
#10024=DIRECTION('center_axis',(0.,0.,-1.));
#10025=DIRECTION('ref_axis',(0.,-1.,0.));
#10026=DIRECTION('center_axis',(0.,0.,-1.));
#10027=DIRECTION('ref_axis',(0.,-1.,0.));
#10028=DIRECTION('center_axis',(0.,0.,-1.));
#10029=DIRECTION('ref_axis',(0.,-1.,0.));
#10030=DIRECTION('center_axis',(0.,0.,-1.));
#10031=DIRECTION('ref_axis',(0.,-1.,0.));
#10032=DIRECTION('center_axis',(0.,0.,-1.));
#10033=DIRECTION('ref_axis',(0.,-1.,0.));
#10034=DIRECTION('center_axis',(0.,0.,1.));
#10035=DIRECTION('ref_axis',(1.,0.,0.));
#10036=DIRECTION('',(1.,0.,0.));
#10037=DIRECTION('center_axis',(0.,0.,-1.));
#10038=DIRECTION('ref_axis',(0.,-1.,0.));
#10039=DIRECTION('center_axis',(0.,0.,-1.));
#10040=DIRECTION('ref_axis',(0.,-1.,0.));
#10041=DIRECTION('center_axis',(0.,0.,-1.));
#10042=DIRECTION('ref_axis',(0.,-1.,0.));
#10043=DIRECTION('center_axis',(0.,0.,-1.));
#10044=DIRECTION('ref_axis',(0.,-1.,0.));
#10045=DIRECTION('center_axis',(0.,0.,-1.));
#10046=DIRECTION('ref_axis',(1.671865260612E-14,-1.,0.));
#10047=DIRECTION('center_axis',(0.,0.,-1.));
#10048=DIRECTION('ref_axis',(0.,-1.,0.));
#10049=DIRECTION('center_axis',(0.,0.,-1.));
#10050=DIRECTION('ref_axis',(0.,-1.,0.));
#10051=DIRECTION('center_axis',(0.,0.,-1.));
#10052=DIRECTION('ref_axis',(0.,-1.,0.));
#10053=DIRECTION('center_axis',(0.,0.,-1.));
#10054=DIRECTION('ref_axis',(0.,-1.,0.));
#10055=DIRECTION('center_axis',(0.,0.,-1.));
#10056=DIRECTION('ref_axis',(0.,-1.,0.));
#10057=DIRECTION('center_axis',(0.,0.,-1.));
#10058=DIRECTION('ref_axis',(0.,-1.,0.));
#10059=DIRECTION('center_axis',(0.,0.,-1.));
#10060=DIRECTION('ref_axis',(0.,-1.,0.));
#10061=DIRECTION('center_axis',(0.,0.,-1.));
#10062=DIRECTION('ref_axis',(0.,-1.,0.));
#10063=DIRECTION('',(1.,0.,0.));
#10064=DIRECTION('',(0.,-1.,0.));
#10065=DIRECTION('',(-1.,0.,0.));
#10066=DIRECTION('',(0.,1.,0.));
#10067=DIRECTION('center_axis',(0.,0.,-1.));
#10068=DIRECTION('ref_axis',(0.,-1.,0.));
#10069=DIRECTION('',(-1.,0.,0.));
#10070=DIRECTION('center_axis',(0.,0.,-1.));
#10071=DIRECTION('ref_axis',(0.,1.,0.));
#10072=DIRECTION('',(1.,0.,0.));
#10073=DIRECTION('center_axis',(0.,0.,-1.));
#10074=DIRECTION('ref_axis',(0.,-1.,0.));
#10075=DIRECTION('center_axis',(0.,0.,-1.));
#10076=DIRECTION('ref_axis',(0.,-1.,0.));
#10077=DIRECTION('center_axis',(0.,0.,-1.));
#10078=DIRECTION('ref_axis',(0.,-1.,0.));
#10079=DIRECTION('',(-1.,0.,0.));
#10080=DIRECTION('center_axis',(0.,0.,-1.));
#10081=DIRECTION('ref_axis',(0.,1.,0.));
#10082=DIRECTION('',(1.,0.,0.));
#10083=DIRECTION('center_axis',(0.,0.,-1.));
#10084=DIRECTION('ref_axis',(0.,-1.,0.));
#10085=DIRECTION('center_axis',(0.,0.,-1.));
#10086=DIRECTION('ref_axis',(0.,-1.,0.));
#10087=DIRECTION('center_axis',(0.,0.,-1.));
#10088=DIRECTION('ref_axis',(0.,-1.,0.));
#10089=DIRECTION('center_axis',(0.,0.,-1.));
#10090=DIRECTION('ref_axis',(0.,-1.,0.));
#10091=DIRECTION('center_axis',(0.,0.,-1.));
#10092=DIRECTION('ref_axis',(0.,-1.,0.));
#10093=DIRECTION('center_axis',(0.,0.,-1.));
#10094=DIRECTION('ref_axis',(0.,-1.,0.));
#10095=DIRECTION('center_axis',(0.,0.,-1.));
#10096=DIRECTION('ref_axis',(0.,-1.,0.));
#10097=DIRECTION('center_axis',(0.,0.,-1.));
#10098=DIRECTION('ref_axis',(0.,-1.,0.));
#10099=DIRECTION('center_axis',(0.,0.,-1.));
#10100=DIRECTION('ref_axis',(0.,-1.,0.));
#10101=DIRECTION('center_axis',(0.,0.,-1.));
#10102=DIRECTION('ref_axis',(0.,-1.,0.));
#10103=DIRECTION('center_axis',(0.,0.,-1.));
#10104=DIRECTION('ref_axis',(0.,-1.,0.));
#10105=DIRECTION('center_axis',(0.,0.,-1.));
#10106=DIRECTION('ref_axis',(0.,-1.,0.));
#10107=DIRECTION('center_axis',(0.,0.,-1.));
#10108=DIRECTION('ref_axis',(0.,-1.,0.));
#10109=DIRECTION('center_axis',(0.,0.,-1.));
#10110=DIRECTION('ref_axis',(0.,-1.,0.));
#10111=DIRECTION('center_axis',(0.,0.,-1.));
#10112=DIRECTION('ref_axis',(0.,-1.,0.));
#10113=DIRECTION('center_axis',(0.,0.,-1.));
#10114=DIRECTION('ref_axis',(0.,-1.,0.));
#10115=DIRECTION('center_axis',(0.,0.,-1.));
#10116=DIRECTION('ref_axis',(0.,-1.,0.));
#10117=DIRECTION('center_axis',(0.,0.,-1.));
#10118=DIRECTION('ref_axis',(0.,-1.,0.));
#10119=DIRECTION('center_axis',(0.,0.,-1.));
#10120=DIRECTION('ref_axis',(0.,-1.,0.));
#10121=DIRECTION('center_axis',(0.,0.,-1.));
#10122=DIRECTION('ref_axis',(0.,-1.,0.));
#10123=DIRECTION('center_axis',(0.,0.,-1.));
#10124=DIRECTION('ref_axis',(0.,-1.,0.));
#10125=DIRECTION('center_axis',(0.,0.,-1.));
#10126=DIRECTION('ref_axis',(0.,-1.,0.));
#10127=DIRECTION('center_axis',(0.,0.,-1.));
#10128=DIRECTION('ref_axis',(1.671865260612E-14,-1.,0.));
#10129=DIRECTION('center_axis',(0.,0.,-1.));
#10130=DIRECTION('ref_axis',(0.,-1.,0.));
#10131=DIRECTION('',(1.,0.,0.));
#10132=DIRECTION('',(0.,-1.,0.));
#10133=DIRECTION('',(-1.,0.,0.));
#10134=DIRECTION('',(0.,1.,0.));
#10135=DIRECTION('center_axis',(0.,0.,-1.));
#10136=DIRECTION('ref_axis',(0.,-1.,0.));
#10137=DIRECTION('center_axis',(0.,0.,-1.));
#10138=DIRECTION('ref_axis',(0.,-1.,0.));
#10139=DIRECTION('center_axis',(0.,0.,-1.));
#10140=DIRECTION('ref_axis',(0.,-1.,0.));
#10141=DIRECTION('center_axis',(0.,0.,-1.));
#10142=DIRECTION('ref_axis',(0.,-1.,0.));
#10143=DIRECTION('center_axis',(0.,0.,-1.));
#10144=DIRECTION('ref_axis',(0.,-1.,0.));
#10145=DIRECTION('center_axis',(0.,0.,-1.));
#10146=DIRECTION('ref_axis',(0.,-1.,0.));
#10147=DIRECTION('center_axis',(0.,0.,-1.));
#10148=DIRECTION('ref_axis',(0.,-1.,0.));
#10149=DIRECTION('center_axis',(0.,0.,-1.));
#10150=DIRECTION('ref_axis',(0.,-1.,0.));
#10151=DIRECTION('center_axis',(0.,0.,-1.));
#10152=DIRECTION('ref_axis',(0.,-1.,0.));
#10153=DIRECTION('center_axis',(0.,0.,-1.));
#10154=DIRECTION('ref_axis',(1.671865260612E-14,-1.,0.));
#10155=DIRECTION('center_axis',(0.,0.,-1.));
#10156=DIRECTION('ref_axis',(0.,-1.,0.));
#10157=DIRECTION('center_axis',(0.,0.,-1.));
#10158=DIRECTION('ref_axis',(0.,-1.,0.));
#10159=DIRECTION('center_axis',(0.,0.,-1.));
#10160=DIRECTION('ref_axis',(0.,-1.,0.));
#10161=DIRECTION('center_axis',(0.,0.,-1.));
#10162=DIRECTION('ref_axis',(0.,-1.,0.));
#10163=DIRECTION('center_axis',(0.,0.,-1.));
#10164=DIRECTION('ref_axis',(0.,-1.,0.));
#10165=DIRECTION('center_axis',(0.,0.,-1.));
#10166=DIRECTION('ref_axis',(0.,-1.,0.));
#10167=DIRECTION('center_axis',(0.,0.,-1.));
#10168=DIRECTION('ref_axis',(0.,-1.,0.));
#10169=DIRECTION('center_axis',(0.,0.,-1.));
#10170=DIRECTION('ref_axis',(0.,-1.,0.));
#10171=DIRECTION('center_axis',(0.,0.,-1.));
#10172=DIRECTION('ref_axis',(0.,-1.,0.));
#10173=DIRECTION('center_axis',(0.,0.,-1.));
#10174=DIRECTION('ref_axis',(0.,-1.,0.));
#10175=DIRECTION('center_axis',(0.,0.,-1.));
#10176=DIRECTION('ref_axis',(0.,-1.,0.));
#10177=DIRECTION('center_axis',(0.,1.,0.));
#10178=DIRECTION('ref_axis',(1.,0.,0.));
#10179=DIRECTION('center_axis',(0.,0.,-1.));
#10180=DIRECTION('ref_axis',(0.,-1.,0.));
#10181=DIRECTION('',(0.,0.,-1.));
#10182=DIRECTION('center_axis',(0.,0.,-1.));
#10183=DIRECTION('ref_axis',(0.,-1.,0.));
#10184=DIRECTION('',(0.,0.,-1.));
#10185=DIRECTION('center_axis',(0.,0.,-1.));
#10186=DIRECTION('ref_axis',(0.,-1.,0.));
#10187=DIRECTION('',(0.,0.,-1.));
#10188=DIRECTION('center_axis',(0.,0.,-1.));
#10189=DIRECTION('ref_axis',(0.,-1.,0.));
#10190=DIRECTION('',(0.,0.,-1.));
#10191=DIRECTION('center_axis',(0.,0.,-1.));
#10192=DIRECTION('ref_axis',(1.671865260612E-14,-1.,0.));
#10193=DIRECTION('',(0.,0.,-1.));
#10194=DIRECTION('center_axis',(0.,0.,-1.));
#10195=DIRECTION('ref_axis',(0.,-1.,0.));
#10196=DIRECTION('',(0.,0.,-1.));
#10197=DIRECTION('center_axis',(0.,0.,-1.));
#10198=DIRECTION('ref_axis',(0.,-1.,0.));
#10199=DIRECTION('',(0.,0.,-1.));
#10200=DIRECTION('center_axis',(0.,0.,-1.));
#10201=DIRECTION('ref_axis',(0.,-1.,0.));
#10202=DIRECTION('',(0.,0.,-1.));
#10203=DIRECTION('center_axis',(0.,0.,-1.));
#10204=DIRECTION('ref_axis',(0.,-1.,0.));
#10205=DIRECTION('',(0.,0.,-1.));
#10206=DIRECTION('center_axis',(0.,0.,-1.));
#10207=DIRECTION('ref_axis',(0.,-1.,0.));
#10208=DIRECTION('',(0.,0.,-1.));
#10209=DIRECTION('center_axis',(0.,0.,-1.));
#10210=DIRECTION('ref_axis',(0.,-1.,0.));
#10211=DIRECTION('',(0.,0.,-1.));
#10212=DIRECTION('center_axis',(0.,0.,-1.));
#10213=DIRECTION('ref_axis',(0.,-1.,0.));
#10214=DIRECTION('',(0.,0.,-1.));
#10215=DIRECTION('center_axis',(0.,0.,-1.));
#10216=DIRECTION('ref_axis',(0.,-1.,0.));
#10217=DIRECTION('',(0.,0.,-1.));
#10218=DIRECTION('center_axis',(0.,1.,0.));
#10219=DIRECTION('ref_axis',(1.,0.,0.));
#10220=DIRECTION('',(0.,0.,1.));
#10221=DIRECTION('',(0.,0.,1.));
#10222=DIRECTION('center_axis',(1.,0.,0.));
#10223=DIRECTION('ref_axis',(0.,-1.,0.));
#10224=DIRECTION('',(0.,0.,1.));
#10225=DIRECTION('center_axis',(-1.,0.,0.));
#10226=DIRECTION('ref_axis',(0.,1.,0.));
#10227=DIRECTION('',(0.,0.,1.));
#10228=DIRECTION('center_axis',(0.,-1.,0.));
#10229=DIRECTION('ref_axis',(-1.,0.,0.));
#10230=DIRECTION('center_axis',(0.,0.,-1.));
#10231=DIRECTION('ref_axis',(0.,-1.,0.));
#10232=DIRECTION('',(0.,0.,1.));
#10233=DIRECTION('',(0.,0.,1.));
#10234=DIRECTION('center_axis',(0.,-1.,0.));
#10235=DIRECTION('ref_axis',(-1.,0.,0.));
#10236=DIRECTION('',(0.,0.,1.));
#10237=DIRECTION('center_axis',(0.,0.,-1.));
#10238=DIRECTION('ref_axis',(0.,1.,0.));
#10239=DIRECTION('',(0.,0.,1.));
#10240=DIRECTION('center_axis',(0.,1.,0.));
#10241=DIRECTION('ref_axis',(1.,0.,0.));
#10242=DIRECTION('center_axis',(0.,0.,-1.));
#10243=DIRECTION('ref_axis',(0.,-1.,0.));
#10244=DIRECTION('',(0.,0.,-1.));
#10245=DIRECTION('center_axis',(0.,0.,-1.));
#10246=DIRECTION('ref_axis',(0.,-1.,0.));
#10247=DIRECTION('',(0.,0.,-1.));
#10248=DIRECTION('center_axis',(0.,0.,-1.));
#10249=DIRECTION('ref_axis',(0.,-1.,0.));
#10250=DIRECTION('',(0.,0.,1.));
#10251=DIRECTION('',(0.,0.,1.));
#10252=DIRECTION('center_axis',(0.,-1.,0.));
#10253=DIRECTION('ref_axis',(-1.,0.,0.));
#10254=DIRECTION('',(0.,0.,1.));
#10255=DIRECTION('center_axis',(0.,0.,-1.));
#10256=DIRECTION('ref_axis',(0.,1.,0.));
#10257=DIRECTION('',(0.,0.,1.));
#10258=DIRECTION('center_axis',(0.,1.,0.));
#10259=DIRECTION('ref_axis',(1.,0.,0.));
#10260=DIRECTION('center_axis',(0.,0.,-1.));
#10261=DIRECTION('ref_axis',(0.,-1.,0.));
#10262=DIRECTION('',(0.,0.,-1.));
#10263=DIRECTION('center_axis',(0.,0.,-1.));
#10264=DIRECTION('ref_axis',(0.,-1.,0.));
#10265=DIRECTION('',(0.,0.,-1.));
#10266=DIRECTION('center_axis',(0.,0.,-1.));
#10267=DIRECTION('ref_axis',(0.,-1.,0.));
#10268=DIRECTION('',(0.,0.,-1.));
#10269=DIRECTION('center_axis',(0.,0.,-1.));
#10270=DIRECTION('ref_axis',(0.,-1.,0.));
#10271=DIRECTION('',(0.,0.,-1.));
#10272=DIRECTION('center_axis',(0.,0.,-1.));
#10273=DIRECTION('ref_axis',(0.,-1.,0.));
#10274=DIRECTION('',(0.,0.,-1.));
#10275=DIRECTION('center_axis',(0.,0.,-1.));
#10276=DIRECTION('ref_axis',(0.,-1.,0.));
#10277=DIRECTION('',(0.,0.,-1.));
#10278=DIRECTION('center_axis',(0.,0.,-1.));
#10279=DIRECTION('ref_axis',(0.,-1.,0.));
#10280=DIRECTION('',(0.,0.,-1.));
#10281=DIRECTION('center_axis',(0.,0.,-1.));
#10282=DIRECTION('ref_axis',(0.,-1.,0.));
#10283=DIRECTION('',(0.,0.,-1.));
#10284=DIRECTION('center_axis',(0.,0.,-1.));
#10285=DIRECTION('ref_axis',(0.,-1.,0.));
#10286=DIRECTION('',(0.,0.,-1.));
#10287=DIRECTION('center_axis',(0.,0.,-1.));
#10288=DIRECTION('ref_axis',(0.,-1.,0.));
#10289=DIRECTION('',(0.,0.,-1.));
#10290=DIRECTION('center_axis',(0.,0.,-1.));
#10291=DIRECTION('ref_axis',(0.,-1.,0.));
#10292=DIRECTION('',(0.,0.,-1.));
#10293=DIRECTION('center_axis',(0.,0.,-1.));
#10294=DIRECTION('ref_axis',(0.,-1.,0.));
#10295=DIRECTION('',(0.,0.,-1.));
#10296=DIRECTION('center_axis',(0.,0.,-1.));
#10297=DIRECTION('ref_axis',(0.,-1.,0.));
#10298=DIRECTION('',(0.,0.,-1.));
#10299=DIRECTION('center_axis',(0.,0.,-1.));
#10300=DIRECTION('ref_axis',(0.,-1.,0.));
#10301=DIRECTION('',(0.,0.,-1.));
#10302=DIRECTION('center_axis',(0.,0.,-1.));
#10303=DIRECTION('ref_axis',(0.,-1.,0.));
#10304=DIRECTION('',(0.,0.,-1.));
#10305=DIRECTION('center_axis',(0.,0.,-1.));
#10306=DIRECTION('ref_axis',(0.,-1.,0.));
#10307=DIRECTION('',(0.,0.,-1.));
#10308=DIRECTION('center_axis',(0.,0.,-1.));
#10309=DIRECTION('ref_axis',(0.,-1.,0.));
#10310=DIRECTION('',(0.,0.,-1.));
#10311=DIRECTION('center_axis',(0.,0.,-1.));
#10312=DIRECTION('ref_axis',(0.,-1.,0.));
#10313=DIRECTION('',(0.,0.,-1.));
#10314=DIRECTION('center_axis',(0.,0.,-1.));
#10315=DIRECTION('ref_axis',(0.,-1.,0.));
#10316=DIRECTION('',(0.,0.,-1.));
#10317=DIRECTION('center_axis',(0.,0.,-1.));
#10318=DIRECTION('ref_axis',(0.,-1.,0.));
#10319=DIRECTION('',(0.,0.,-1.));
#10320=DIRECTION('center_axis',(0.,0.,-1.));
#10321=DIRECTION('ref_axis',(0.,-1.,0.));
#10322=DIRECTION('',(0.,0.,-1.));
#10323=DIRECTION('center_axis',(0.,0.,-1.));
#10324=DIRECTION('ref_axis',(0.,-1.,0.));
#10325=DIRECTION('',(0.,0.,-1.));
#10326=DIRECTION('center_axis',(0.,0.,-1.));
#10327=DIRECTION('ref_axis',(1.671865260612E-14,-1.,0.));
#10328=DIRECTION('',(0.,0.,-1.));
#10329=DIRECTION('center_axis',(0.,0.,-1.));
#10330=DIRECTION('ref_axis',(0.,-1.,0.));
#10331=DIRECTION('',(0.,0.,-1.));
#10332=DIRECTION('center_axis',(0.,1.,0.));
#10333=DIRECTION('ref_axis',(1.,0.,0.));
#10334=DIRECTION('',(0.,0.,1.));
#10335=DIRECTION('',(0.,0.,1.));
#10336=DIRECTION('center_axis',(1.,0.,0.));
#10337=DIRECTION('ref_axis',(0.,-1.,0.));
#10338=DIRECTION('',(0.,0.,1.));
#10339=DIRECTION('center_axis',(-1.,0.,0.));
#10340=DIRECTION('ref_axis',(0.,1.,0.));
#10341=DIRECTION('',(0.,0.,1.));
#10342=DIRECTION('center_axis',(0.,-1.,0.));
#10343=DIRECTION('ref_axis',(-1.,0.,0.));
#10344=DIRECTION('center_axis',(0.,0.,-1.));
#10345=DIRECTION('ref_axis',(0.,-1.,0.));
#10346=DIRECTION('',(0.,0.,-1.));
#10347=DIRECTION('center_axis',(0.,0.,-1.));
#10348=DIRECTION('ref_axis',(0.,-1.,0.));
#10349=DIRECTION('',(0.,0.,-1.));
#10350=DIRECTION('center_axis',(0.,0.,-1.));
#10351=DIRECTION('ref_axis',(0.,-1.,0.));
#10352=DIRECTION('',(0.,0.,-1.));
#10353=DIRECTION('center_axis',(0.,0.,-1.));
#10354=DIRECTION('ref_axis',(0.,-1.,0.));
#10355=DIRECTION('',(0.,0.,-1.));
#10356=DIRECTION('center_axis',(0.,0.,-1.));
#10357=DIRECTION('ref_axis',(0.,-1.,0.));
#10358=DIRECTION('',(0.,0.,-1.));
#10359=DIRECTION('center_axis',(0.,0.,-1.));
#10360=DIRECTION('ref_axis',(0.,-1.,0.));
#10361=DIRECTION('',(0.,0.,-1.));
#10362=DIRECTION('center_axis',(0.,0.,-1.));
#10363=DIRECTION('ref_axis',(0.,-1.,0.));
#10364=DIRECTION('',(0.,0.,-1.));
#10365=DIRECTION('center_axis',(0.,0.,-1.));
#10366=DIRECTION('ref_axis',(0.,-1.,0.));
#10367=DIRECTION('',(0.,0.,-1.));
#10368=DIRECTION('center_axis',(0.,0.,-1.));
#10369=DIRECTION('ref_axis',(0.,-1.,0.));
#10370=DIRECTION('',(0.,0.,-1.));
#10371=DIRECTION('center_axis',(0.,0.,-1.));
#10372=DIRECTION('ref_axis',(1.671865260612E-14,-1.,0.));
#10373=DIRECTION('',(0.,0.,-1.));
#10374=DIRECTION('center_axis',(0.,0.,-1.));
#10375=DIRECTION('ref_axis',(0.,-1.,0.));
#10376=DIRECTION('',(0.,0.,-1.));
#10377=DIRECTION('center_axis',(0.,0.,-1.));
#10378=DIRECTION('ref_axis',(0.,-1.,0.));
#10379=DIRECTION('',(0.,0.,-1.));
#10380=DIRECTION('center_axis',(0.,0.,-1.));
#10381=DIRECTION('ref_axis',(0.,-1.,0.));
#10382=DIRECTION('',(0.,0.,-1.));
#10383=DIRECTION('center_axis',(0.,0.,-1.));
#10384=DIRECTION('ref_axis',(0.,-1.,0.));
#10385=DIRECTION('',(0.,0.,-1.));
#10386=DIRECTION('center_axis',(0.,0.,-1.));
#10387=DIRECTION('ref_axis',(0.,-1.,0.));
#10388=DIRECTION('',(0.,0.,-1.));
#10389=DIRECTION('center_axis',(0.,0.,-1.));
#10390=DIRECTION('ref_axis',(0.,-1.,0.));
#10391=DIRECTION('',(0.,0.,-1.));
#10392=DIRECTION('center_axis',(0.,0.,-1.));
#10393=DIRECTION('ref_axis',(0.,-1.,0.));
#10394=DIRECTION('',(0.,0.,-1.));
#10395=DIRECTION('center_axis',(0.,0.,-1.));
#10396=DIRECTION('ref_axis',(0.,-1.,0.));
#10397=DIRECTION('',(0.,0.,-1.));
#10398=DIRECTION('center_axis',(0.,0.,-1.));
#10399=DIRECTION('ref_axis',(0.,-1.,0.));
#10400=DIRECTION('',(0.,0.,-1.));
#10401=DIRECTION('center_axis',(0.,0.,-1.));
#10402=DIRECTION('ref_axis',(0.,-1.,0.));
#10403=DIRECTION('',(0.,0.,-1.));
#10404=DIRECTION('center_axis',(0.,0.,-1.));
#10405=DIRECTION('ref_axis',(0.,-1.,0.));
#10406=DIRECTION('',(0.,0.,-1.));
#10407=DIRECTION('axis',(0.,0.,1.));
#10408=DIRECTION('refdir',(1.,0.,0.));
#10409=DIRECTION('axis',(0.,0.,1.));
#10410=DIRECTION('refdir',(1.,0.,0.));
#10411=DIRECTION('axis',(0.,0.,1.));
#10412=DIRECTION('refdir',(1.,0.,0.));
#10413=DIRECTION('axis',(0.,0.,1.));
#10414=DIRECTION('refdir',(1.,0.,0.));
#10415=DIRECTION('axis',(0.,0.,1.));
#10416=DIRECTION('refdir',(1.,0.,0.));
#10417=DIRECTION('axis',(0.,0.,1.));
#10418=DIRECTION('refdir',(1.,0.,0.));
#10419=DIRECTION('center_axis',(0.,2.2E-16,1.));
#10420=DIRECTION('ref_axis',(1.,0.,0.));
#10421=DIRECTION('center_axis',(0.,2.2E-16,1.));
#10422=DIRECTION('ref_axis',(1.,0.,0.));
#10423=DIRECTION('center_axis',(0.,2.2E-16,1.));
#10424=DIRECTION('ref_axis',(1.,0.,0.));
#10425=DIRECTION('',(0.,-2.2E-16,-1.));
#10426=DIRECTION('center_axis',(0.,2.2E-16,1.));
#10427=DIRECTION('ref_axis',(1.,0.,0.));
#10428=DIRECTION('center_axis',(0.,1.,-2.2E-16));
#10429=DIRECTION('ref_axis',(1.,0.,0.));
#10430=DIRECTION('center_axis',(-1.,0.,-1.8E-16));
#10431=DIRECTION('ref_axis',(-1.8E-16,2.2E-16,1.));
#10432=DIRECTION('center_axis',(-1.,0.,-1.8E-16));
#10433=DIRECTION('ref_axis',(-1.8E-16,2.2E-16,1.));
#10434=DIRECTION('center_axis',(0.,-1.,2.2E-16));
#10435=DIRECTION('ref_axis',(1.,0.,-2.69422295812418E-32));
#10436=DIRECTION('center_axis',(1.,0.,0.));
#10437=DIRECTION('ref_axis',(0.,-2.2E-16,-1.));
#10438=DIRECTION('center_axis',(1.,0.,0.));
#10439=DIRECTION('ref_axis',(0.,-2.2E-16,-1.));
#10440=DIRECTION('center_axis',(1.,0.,0.));
#10441=DIRECTION('ref_axis',(0.,-2.2E-16,-1.));
#10442=DIRECTION('',(-1.,0.,0.));
#10443=DIRECTION('center_axis',(0.,1.,-2.2E-16));
#10444=DIRECTION('ref_axis',(1.,0.,0.));
#10445=DIRECTION('center_axis',(-2.4E-16,2.2E-16,1.));
#10446=DIRECTION('ref_axis',(1.,-2.90445326675198E-48,2.4E-16));
#10447=DIRECTION('center_axis',(-2.4E-16,2.2E-16,1.));
#10448=DIRECTION('ref_axis',(1.,-2.90445326675198E-48,2.4E-16));
#10449=DIRECTION('center_axis',(0.,-1.,2.2E-16));
#10450=DIRECTION('ref_axis',(1.,0.,-2.69422295812418E-32));
#10451=DIRECTION('center_axis',(0.,-2.2E-16,-1.));
#10452=DIRECTION('ref_axis',(-1.,0.,0.));
#10453=DIRECTION('center_axis',(0.,-2.2E-16,-1.));
#10454=DIRECTION('ref_axis',(-1.,0.,0.));
#10455=DIRECTION('',(0.,2.2E-16,1.));
#10456=DIRECTION('center_axis',(0.,0.,-1.));
#10457=DIRECTION('ref_axis',(-1.,0.,0.));
#10458=DIRECTION('center_axis',(0.,0.,1.));
#10459=DIRECTION('ref_axis',(1.,0.,0.));
#10460=DIRECTION('center_axis',(1.,0.,0.));
#10461=DIRECTION('ref_axis',(0.,9.92044604925E-16,1.));
#10462=DIRECTION('center_axis',(1.,0.,0.));
#10463=DIRECTION('ref_axis',(0.,9.92044604925E-16,1.));
#10464=DIRECTION('',(-1.,0.,0.));
#10465=DIRECTION('center_axis',(1.,0.,0.));
#10466=DIRECTION('ref_axis',(0.,9.92044604925E-16,1.));
#10467=DIRECTION('center_axis',(1.,0.,0.));
#10468=DIRECTION('ref_axis',(0.,1.002044604925E-15,1.));
#10469=DIRECTION('center_axis',(1.,0.,0.));
#10470=DIRECTION('ref_axis',(0.,1.002044604925E-15,1.));
#10471=DIRECTION('center_axis',(1.,0.,0.));
#10472=DIRECTION('ref_axis',(0.,9.92044604925E-16,1.));
#10473=DIRECTION('center_axis',(1.,0.,0.));
#10474=DIRECTION('ref_axis',(0.,1.002044604925E-15,1.));
#10475=DIRECTION('center_axis',(1.,0.,0.));
#10476=DIRECTION('ref_axis',(0.,1.002044604925E-15,1.));
#10477=DIRECTION('',(-1.,0.,0.));
#10478=DIRECTION('center_axis',(1.,0.,0.));
#10479=DIRECTION('ref_axis',(0.,1.002044604925E-15,1.));
#10480=DIRECTION('center_axis',(1.,0.,0.));
#10481=DIRECTION('ref_axis',(0.,1.002044604925E-15,1.));
#10482=DIRECTION('center_axis',(1.,0.,0.));
#10483=DIRECTION('ref_axis',(0.,1.002044604925E-15,1.));
#10484=DIRECTION('',(-1.,0.,0.));
#10485=DIRECTION('center_axis',(-1.,0.,0.));
#10486=DIRECTION('ref_axis',(0.,1.002044604925E-15,1.));
#10487=DIRECTION('center_axis',(1.,0.,0.));
#10488=DIRECTION('ref_axis',(0.,1.002044604925E-15,1.));
#10489=DIRECTION('center_axis',(0.,-1.,1.12450928483974E-15));
#10490=DIRECTION('ref_axis',(0.,-1.12450928483974E-15,-1.));
#10491=DIRECTION('center_axis',(-1.,0.,0.));
#10492=DIRECTION('ref_axis',(0.,1.002044604925E-15,1.));
#10493=DIRECTION('center_axis',(0.,-1.,1.12450928483974E-15));
#10494=DIRECTION('ref_axis',(0.,-1.12450928483974E-15,-1.));
#10495=DIRECTION('center_axis',(1.,0.,0.));
#10496=DIRECTION('ref_axis',(0.,1.002044604925E-15,1.));
#10497=DIRECTION('center_axis',(1.,0.,0.));
#10498=DIRECTION('ref_axis',(0.,1.002044604925E-15,1.));
#10499=DIRECTION('center_axis',(1.,0.,0.));
#10500=DIRECTION('ref_axis',(0.,1.002044604925E-15,1.));
#10501=DIRECTION('',(0.,-8.75811540203011E-47,1.));
#10502=DIRECTION('',(1.,3.12232373432969E-47,0.));
#10503=DIRECTION('',(0.,-8.75811540203011E-47,1.));
#10504=DIRECTION('',(1.,3.12232373432969E-47,0.));
#10505=DIRECTION('',(0.,-8.75811540203011E-47,1.));
#10506=DIRECTION('',(1.,3.12232373432969E-47,0.));
#10507=DIRECTION('',(0.,-8.75811540203011E-47,1.));
#10508=DIRECTION('',(1.,3.12232373432969E-47,0.));
#10509=DIRECTION('',(0.,-8.75811540203011E-47,1.));
#10510=DIRECTION('',(1.,3.12232373432969E-47,0.));
#10511=DIRECTION('',(0.,-8.75811540203011E-47,1.));
#10512=DIRECTION('',(1.,3.12232373432969E-47,0.));
#10513=DIRECTION('',(-8.75811540203011E-47,0.,1.));
#10514=DIRECTION('',(1.110223024625E-16,-1.,0.));
#10515=DIRECTION('',(-8.75811540203011E-47,0.,1.));
#10516=DIRECTION('',(1.,2.33332359191049E-47,0.));
#10517=DIRECTION('',(-8.75811540203011E-47,0.,1.));
#10518=DIRECTION('',(1.,2.33332359191049E-47,0.));
#10519=DIRECTION('',(-8.75811540203011E-47,0.,1.));
#10520=DIRECTION('',(1.110223024625E-16,-1.,0.));
#10521=DIRECTION('',(-8.75811540203011E-47,0.,1.));
#10522=DIRECTION('',(1.110223024625E-16,-1.,0.));
#10523=DIRECTION('',(-8.75811540203011E-47,0.,1.));
#10524=DIRECTION('',(1.110223024625E-16,-1.,0.));
#10525=DIRECTION('',(-8.75811540203011E-47,0.,1.));
#10526=DIRECTION('',(1.110223024625E-16,-1.,0.));
#10527=DIRECTION('',(-8.75811540203011E-47,0.,1.));
#10528=DIRECTION('',(1.110223024625E-16,-1.,0.));
#10529=DIRECTION('',(0.,0.,1.));
#10530=DIRECTION('',(1.,0.,0.));
#10531=DIRECTION('',(1.38777878078144E-17,6.93889390390649E-18,1.));
#10532=DIRECTION('',(-1.,-1.31283872661925E-14,1.38777878078147E-17));
#10533=DIRECTION('',(1.3877787807816E-17,-1.15525786010829E-16,1.));
#10534=DIRECTION('',(-1.,-1.31283872661925E-14,1.38777878078147E-17));
#10535=DIRECTION('',(1.3877787807816E-17,-1.15525786010829E-16,1.));
#10536=DIRECTION('',(-1.,-1.31283872661925E-14,1.38777878078147E-17));
#10537=DIRECTION('',(1.3877787807816E-17,-1.15525786010829E-16,1.));
#10538=DIRECTION('',(-1.,-1.31283872661925E-14,1.38777878078147E-17));
#10539=DIRECTION('',(1.3877787807816E-17,-1.15525786010829E-16,1.));
#10540=DIRECTION('',(-1.,-1.31283872661925E-14,1.38777878078147E-17));
#10541=DIRECTION('',(1.18329135783152E-30,-4.16333634234433E-17,0.999999999999998));
#10542=DIRECTION('',(-1.,-1.02973185533983E-14,-5.60445613816687E-31));
#10543=DIRECTION('center_axis',(0.,0.,1.));
#10544=DIRECTION('ref_axis',(1.,0.,0.));
#10545=CARTESIAN_POINT('',(0.,0.,0.));
#10546=CARTESIAN_POINT('',(0.,0.,0.));
#10547=CARTESIAN_POINT('Origin',(-2.,58.8,11.));
#10548=CARTESIAN_POINT('',(-4.35000000000001,58.8,13.));
#10549=CARTESIAN_POINT('Origin',(-2.,58.8,13.));
#10550=CARTESIAN_POINT('',(-4.35000000000001,58.8,9.));
#10551=CARTESIAN_POINT('',(-4.35000000000001,58.8,11.));
#10552=CARTESIAN_POINT('Origin',(-2.,58.8,9.));
#10553=CARTESIAN_POINT('Origin',(-2.,58.8,9.));
#10554=CARTESIAN_POINT('Origin',(-2.00000000000001,-2.00000000000001,11.));
#10555=CARTESIAN_POINT('',(-4.35000000000001,-2.00000000000001,13.));
#10556=CARTESIAN_POINT('Origin',(-2.00000000000001,-2.00000000000001,13.));
#10557=CARTESIAN_POINT('',(-4.35000000000001,-2.00000000000001,9.));
#10558=CARTESIAN_POINT('',(-4.35000000000001,-2.00000000000001,11.));
#10559=CARTESIAN_POINT('Origin',(-2.00000000000001,-2.00000000000001,9.));
#10560=CARTESIAN_POINT('Origin',(-2.00000000000001,-2.00000000000001,9.));
#10561=CARTESIAN_POINT('Origin',(87.8,58.8,11.));
#10562=CARTESIAN_POINT('',(85.45,58.8,13.));
#10563=CARTESIAN_POINT('Origin',(87.8,58.8,13.));
#10564=CARTESIAN_POINT('',(85.45,58.8,9.));
#10565=CARTESIAN_POINT('',(85.45,58.8,11.));
#10566=CARTESIAN_POINT('Origin',(87.8,58.8,9.));
#10567=CARTESIAN_POINT('Origin',(87.8,58.8,9.));
#10568=CARTESIAN_POINT('Origin',(87.8,-1.99999999999998,11.));
#10569=CARTESIAN_POINT('',(85.45,-1.99999999999998,13.));
#10570=CARTESIAN_POINT('Origin',(87.8,-1.99999999999998,13.));
#10571=CARTESIAN_POINT('',(85.45,-1.99999999999998,9.));
#10572=CARTESIAN_POINT('',(85.45,-1.99999999999998,11.));
#10573=CARTESIAN_POINT('Origin',(87.8,-1.99999999999998,9.));
#10574=CARTESIAN_POINT('Origin',(87.8,-1.99999999999998,9.));
#10575=CARTESIAN_POINT('Origin',(21.45,23.9,3.5));
#10576=CARTESIAN_POINT('',(0.677124344467705,23.4,3.5));
#10577=CARTESIAN_POINT('',(2.,23.9,3.));
#10578=CARTESIAN_POINT('Ctrl Pts',(0.677124344467704,23.4,3.5));
#10579=CARTESIAN_POINT('Ctrl Pts',(0.841539222743561,23.4,3.35499970674771));
#10580=CARTESIAN_POINT('Ctrl Pts',(1.05858081962502,23.4693631464516,3.22353007236186));
#10581=CARTESIAN_POINT('Ctrl Pts',(1.47982514628214,23.6400890089668,3.05280420984661));
#10582=CARTESIAN_POINT('Ctrl Pts',(1.76180306865643,23.7809015343282,3.));
#10583=CARTESIAN_POINT('Ctrl Pts',(2.,23.9,3.));
#10584=CARTESIAN_POINT('',(-7.,23.9,3.));
#10585=CARTESIAN_POINT('',(21.45,23.9,3.));
#10586=CARTESIAN_POINT('',(-7.,23.4,3.5));
#10587=CARTESIAN_POINT('Origin',(-7.,23.9,3.5));
#10588=CARTESIAN_POINT('',(21.45,23.4,3.5));
#10589=CARTESIAN_POINT('Origin',(42.9,28.4,3.));
#10590=CARTESIAN_POINT('',(2.,2.,3.));
#10591=CARTESIAN_POINT('',(2.,14.2,3.));
#10592=CARTESIAN_POINT('',(83.8,2.,3.));
#10593=CARTESIAN_POINT('',(64.35,2.,3.));
#10594=CARTESIAN_POINT('',(83.8,54.8,3.));
#10595=CARTESIAN_POINT('',(83.8,42.6,3.));
#10596=CARTESIAN_POINT('',(2.,54.8,3.));
#10597=CARTESIAN_POINT('',(21.45,54.8,3.));
#10598=CARTESIAN_POINT('',(2.,35.9,3.));
#10599=CARTESIAN_POINT('',(2.,14.2,3.));
#10600=CARTESIAN_POINT('',(-7.,35.9,3.));
#10601=CARTESIAN_POINT('',(21.45,35.9,3.));
#10602=CARTESIAN_POINT('',(-7.,47.6,3.));
#10603=CARTESIAN_POINT('',(80.9,17.9,3.));
#10604=CARTESIAN_POINT('',(80.9,16.4,3.));
#10605=CARTESIAN_POINT('',(80.9,18.4,3.));
#10606=CARTESIAN_POINT('',(80.4,15.9,3.));
#10607=CARTESIAN_POINT('Origin',(80.4,16.4,3.));
#10608=CARTESIAN_POINT('',(46.4,15.9,3.));
#10609=CARTESIAN_POINT('',(80.9,15.9,3.));
#10610=CARTESIAN_POINT('',(45.9,16.4,3.));
#10611=CARTESIAN_POINT('Origin',(46.4,16.4,3.));
#10612=CARTESIAN_POINT('',(45.9,17.9,3.));
#10613=CARTESIAN_POINT('',(45.9,15.9,3.));
#10614=CARTESIAN_POINT('',(46.4,18.4,3.));
#10615=CARTESIAN_POINT('Origin',(46.4,17.9,3.));
#10616=CARTESIAN_POINT('',(80.4,18.4,3.));
#10617=CARTESIAN_POINT('',(45.9,18.4,3.));
#10618=CARTESIAN_POINT('Origin',(80.4,17.9,3.));
#10619=CARTESIAN_POINT('',(80.9,37.4,3.));
#10620=CARTESIAN_POINT('',(80.9,35.4,3.));
#10621=CARTESIAN_POINT('',(80.9,37.9,3.));
#10622=CARTESIAN_POINT('',(80.4,34.9,3.));
#10623=CARTESIAN_POINT('Origin',(80.4,35.4,3.));
#10624=CARTESIAN_POINT('',(55.4,34.9,3.));
#10625=CARTESIAN_POINT('',(80.9,34.9,3.));
#10626=CARTESIAN_POINT('',(54.9,35.4,3.));
#10627=CARTESIAN_POINT('Origin',(55.4,35.4,3.));
#10628=CARTESIAN_POINT('',(54.9,37.4,3.));
#10629=CARTESIAN_POINT('',(54.9,34.9,3.));
#10630=CARTESIAN_POINT('',(55.4,37.9,3.));
#10631=CARTESIAN_POINT('Origin',(55.4,37.4,3.));
#10632=CARTESIAN_POINT('',(80.4,37.9,3.));
#10633=CARTESIAN_POINT('',(54.9,37.9,3.));
#10634=CARTESIAN_POINT('Origin',(80.4,37.4,3.));
#10635=CARTESIAN_POINT('Origin',(0.,23.9,10.));
#10636=CARTESIAN_POINT('',(-7.,23.4,10.));
#10637=CARTESIAN_POINT('',(-7.,23.9,10.5));
#10638=CARTESIAN_POINT('Origin',(-7.,23.9,10.));
#10639=CARTESIAN_POINT('',(8.75213093741608E-32,23.9,10.5));
#10640=CARTESIAN_POINT('',(0.,23.9,10.5));
#10641=CARTESIAN_POINT('',(8.56903196382997E-32,23.4,10.));
#10642=CARTESIAN_POINT('Origin',(0.,23.9,10.));
#10643=CARTESIAN_POINT('',(0.,23.4,10.));
#10644=CARTESIAN_POINT('Origin',(0.,23.4,10.5));
#10645=CARTESIAN_POINT('',(-7.,35.9,10.5));
#10646=CARTESIAN_POINT('',(-7.,41.1,10.5));
#10647=CARTESIAN_POINT('',(1.31465063034827E-31,35.9,10.5));
#10648=CARTESIAN_POINT('',(0.,35.9,10.5));
#10649=CARTESIAN_POINT('',(4.28451598191498E-32,11.7,10.5));
#10650=CARTESIAN_POINT('Origin',(0.,35.9,10.));
#10651=CARTESIAN_POINT('',(1.33296052770688E-31,36.4,10.));
#10652=CARTESIAN_POINT('Origin',(0.,35.9,10.));
#10653=CARTESIAN_POINT('',(-7.,36.4,10.));
#10654=CARTESIAN_POINT('Origin',(-7.,35.9,10.));
#10655=CARTESIAN_POINT('',(0.,36.4,10.));
#10656=CARTESIAN_POINT('Origin',(21.45,35.9,3.5));
#10657=CARTESIAN_POINT('',(0.677124344467705,36.4,3.5));
#10658=CARTESIAN_POINT('Ctrl Pts',(2.,35.9,3.));
#10659=CARTESIAN_POINT('Ctrl Pts',(1.76180306865643,36.0190984656718,3.));
#10660=CARTESIAN_POINT('Ctrl Pts',(1.47982514628214,36.1599109910332,3.05280420984661));
#10661=CARTESIAN_POINT('Ctrl Pts',(1.05858081962502,36.3306368535484,3.22353007236186));
#10662=CARTESIAN_POINT('Ctrl Pts',(0.841539222743561,36.4,3.35499970674771));
#10663=CARTESIAN_POINT('Ctrl Pts',(0.677124344467704,36.4,3.5));
#10664=CARTESIAN_POINT('',(-7.,36.4,3.5));
#10665=CARTESIAN_POINT('',(21.45,36.4,3.5));
#10666=CARTESIAN_POINT('Origin',(-7.,35.9,3.5));
#10667=CARTESIAN_POINT('Origin',(0.,36.4,10.5));
#10668=CARTESIAN_POINT('',(-7.,36.4,5.25));
#10669=CARTESIAN_POINT('',(1.33296052770688E-31,36.4,5.));
#10670=CARTESIAN_POINT('Origin',(2.,36.4,5.));
#10671=CARTESIAN_POINT('',(1.33296052770688E-31,36.4,5.25));
#10672=CARTESIAN_POINT('Origin',(2.,14.2,5.));
#10673=CARTESIAN_POINT('',(8.56903196382997E-32,23.4,5.));
#10674=CARTESIAN_POINT('Origin',(2.,23.4,5.));
#10675=CARTESIAN_POINT('',(0.,2.,5.));
#10676=CARTESIAN_POINT('',(0.,14.2,5.));
#10677=CARTESIAN_POINT('Origin',(2.,2.,5.));
#10678=CARTESIAN_POINT('Origin',(0.,23.4,3.));
#10679=CARTESIAN_POINT('',(-7.,23.4,1.5));
#10680=CARTESIAN_POINT('',(8.56903196382997E-32,23.4,1.5));
#10681=CARTESIAN_POINT('Origin',(2.,14.2,5.));
#10682=CARTESIAN_POINT('',(1.48676366551922E-31,54.8,5.));
#10683=CARTESIAN_POINT('Origin',(2.,54.8,5.));
#10684=CARTESIAN_POINT('',(0.,14.2,5.));
#10685=CARTESIAN_POINT('Origin',(87.8,58.8,0.5));
#10686=CARTESIAN_POINT('',(92.8,58.8,0.5));
#10687=CARTESIAN_POINT('',(92.3,58.8,0.));
#10688=CARTESIAN_POINT('Origin',(92.3,58.8,0.5));
#10689=CARTESIAN_POINT('',(87.8,63.3,0.));
#10690=CARTESIAN_POINT('Origin',(87.8,58.8,0.));
#10691=CARTESIAN_POINT('',(87.8,63.8,0.5));
#10692=CARTESIAN_POINT('Origin',(87.8,63.3,0.5));
#10693=CARTESIAN_POINT('Origin',(87.8,58.8,0.5));
#10694=CARTESIAN_POINT('Origin',(65.35,63.3,0.5));
#10695=CARTESIAN_POINT('',(-2.,63.3,0.));
#10696=CARTESIAN_POINT('',(-2.,63.8,0.5));
#10697=CARTESIAN_POINT('Origin',(-2.,63.3,0.5));
#10698=CARTESIAN_POINT('',(65.35,63.8,0.5));
#10699=CARTESIAN_POINT('',(65.35,63.3,0.));
#10700=CARTESIAN_POINT('Origin',(-2.,58.8,0.5));
#10701=CARTESIAN_POINT('',(-6.5,58.8,0.));
#10702=CARTESIAN_POINT('',(-7.,58.8,0.5));
#10703=CARTESIAN_POINT('Origin',(-6.5,58.8,0.5));
#10704=CARTESIAN_POINT('Origin',(-2.,58.8,0.5));
#10705=CARTESIAN_POINT('Origin',(-2.,58.8,0.));
#10706=CARTESIAN_POINT('Origin',(-6.5,43.6,0.5));
#10707=CARTESIAN_POINT('',(-6.5,-2.00000000000001,0.));
#10708=CARTESIAN_POINT('',(-7.,-2.00000000000001,0.5));
#10709=CARTESIAN_POINT('Origin',(-6.5,-2.00000000000001,0.5));
#10710=CARTESIAN_POINT('',(-7.,43.6,0.5));
#10711=CARTESIAN_POINT('',(-6.5,43.6,0.));
#10712=CARTESIAN_POINT('Origin',(-2.00000000000001,-2.00000000000001,0.5));
#10713=CARTESIAN_POINT('',(-2.00000000000001,-6.5,0.));
#10714=CARTESIAN_POINT('',(-2.00000000000001,-7.,0.5));
#10715=CARTESIAN_POINT('Origin',(-2.00000000000001,-6.5,0.5));
#10716=CARTESIAN_POINT('Origin',(-2.00000000000001,-2.00000000000001,0.5));
#10717=CARTESIAN_POINT('Origin',(-2.00000000000001,-2.00000000000001,0.));
#10718=CARTESIAN_POINT('Origin',(20.45,-6.5,0.5));
#10719=CARTESIAN_POINT('',(87.8,-6.5,0.));
#10720=CARTESIAN_POINT('',(87.8,-7.,0.5));
#10721=CARTESIAN_POINT('Origin',(87.8,-6.5,0.5));
#10722=CARTESIAN_POINT('',(20.45,-7.,0.5));
#10723=CARTESIAN_POINT('',(20.45,-6.5,0.));
#10724=CARTESIAN_POINT('Origin',(87.8,-1.99999999999998,0.5));
#10725=CARTESIAN_POINT('',(92.3,-1.99999999999998,0.));
#10726=CARTESIAN_POINT('',(92.8,-1.99999999999998,0.5));
#10727=CARTESIAN_POINT('Origin',(92.3,-1.99999999999998,0.5));
#10728=CARTESIAN_POINT('Origin',(87.8,-1.99999999999998,0.5));
#10729=CARTESIAN_POINT('Origin',(87.8,-1.99999999999998,0.));
#10730=CARTESIAN_POINT('Origin',(92.3,13.2,0.5));
#10731=CARTESIAN_POINT('',(92.3,13.2,0.));
#10732=CARTESIAN_POINT('',(92.8,13.2,0.5));
#10733=CARTESIAN_POINT('Origin',(-2.00000000000001,-7.,0.));
#10734=CARTESIAN_POINT('',(87.8,-7.,13.));
#10735=CARTESIAN_POINT('',(87.8,-7.,0.));
#10736=CARTESIAN_POINT('',(-2.00000000000001,-7.,13.));
#10737=CARTESIAN_POINT('',(87.8,-7.,13.));
#10738=CARTESIAN_POINT('',(-2.00000000000001,-7.,0.));
#10739=CARTESIAN_POINT('Origin',(87.8,-1.99999999999998,0.));
#10740=CARTESIAN_POINT('',(92.8,-1.99999999999998,13.));
#10741=CARTESIAN_POINT('',(92.8,-1.99999999999998,0.));
#10742=CARTESIAN_POINT('Origin',(87.8,-1.99999999999998,13.));
#10743=CARTESIAN_POINT('Origin',(92.8,-1.99999999999998,0.));
#10744=CARTESIAN_POINT('',(92.8,58.8,13.));
#10745=CARTESIAN_POINT('',(92.8,58.8,0.));
#10746=CARTESIAN_POINT('',(92.8,58.8,13.));
#10747=CARTESIAN_POINT('Origin',(87.8,58.8,0.));
#10748=CARTESIAN_POINT('',(87.8,63.8,13.));
#10749=CARTESIAN_POINT('',(87.8,63.8,0.));
#10750=CARTESIAN_POINT('Origin',(87.8,58.8,13.));
#10751=CARTESIAN_POINT('Origin',(42.9,28.4,0.));
#10752=CARTESIAN_POINT('',(80.4,37.9,0.));
#10753=CARTESIAN_POINT('',(80.9,37.4,0.));
#10754=CARTESIAN_POINT('Origin',(80.4,37.4,0.));
#10755=CARTESIAN_POINT('',(55.4,37.9,0.));
#10756=CARTESIAN_POINT('',(54.9,37.9,0.));
#10757=CARTESIAN_POINT('',(54.9,37.4,0.));
#10758=CARTESIAN_POINT('Origin',(55.4,37.4,0.));
#10759=CARTESIAN_POINT('',(54.9,35.4,0.));
#10760=CARTESIAN_POINT('',(54.9,34.9,0.));
#10761=CARTESIAN_POINT('',(55.4,34.9,0.));
#10762=CARTESIAN_POINT('Origin',(55.4,35.4,0.));
#10763=CARTESIAN_POINT('',(80.4,34.9,0.));
#10764=CARTESIAN_POINT('',(80.9,34.9,0.));
#10765=CARTESIAN_POINT('',(80.9,35.4,0.));
#10766=CARTESIAN_POINT('Origin',(80.4,35.4,0.));
#10767=CARTESIAN_POINT('',(80.9,37.9,0.));
#10768=CARTESIAN_POINT('',(80.4,18.4,0.));
#10769=CARTESIAN_POINT('',(80.9,17.9,0.));
#10770=CARTESIAN_POINT('Origin',(80.4,17.9,0.));
#10771=CARTESIAN_POINT('',(46.4,18.4,0.));
#10772=CARTESIAN_POINT('',(45.9,18.4,0.));
#10773=CARTESIAN_POINT('',(45.9,17.9,0.));
#10774=CARTESIAN_POINT('Origin',(46.4,17.9,0.));
#10775=CARTESIAN_POINT('',(45.9,16.4,0.));
#10776=CARTESIAN_POINT('',(45.9,15.9,0.));
#10777=CARTESIAN_POINT('',(46.4,15.9,0.));
#10778=CARTESIAN_POINT('Origin',(46.4,16.4,0.));
#10779=CARTESIAN_POINT('',(80.4,15.9,0.));
#10780=CARTESIAN_POINT('',(80.9,15.9,0.));
#10781=CARTESIAN_POINT('',(80.9,16.4,0.));
#10782=CARTESIAN_POINT('Origin',(80.4,16.4,0.));
#10783=CARTESIAN_POINT('',(80.9,18.4,0.));
#10784=CARTESIAN_POINT('Origin',(55.4,35.4,0.));
#10785=CARTESIAN_POINT('',(54.9,35.4,0.));
#10786=CARTESIAN_POINT('',(55.4,34.9,0.));
#10787=CARTESIAN_POINT('Origin',(54.9,34.9,0.));
#10788=CARTESIAN_POINT('',(54.9,37.4,0.));
#10789=CARTESIAN_POINT('Origin',(80.4,37.4,0.));
#10790=CARTESIAN_POINT('',(80.9,37.4,0.));
#10791=CARTESIAN_POINT('',(80.4,37.9,0.));
#10792=CARTESIAN_POINT('Origin',(80.9,37.9,0.));
#10793=CARTESIAN_POINT('',(80.9,35.4,0.));
#10794=CARTESIAN_POINT('Origin',(80.4,35.4,0.));
#10795=CARTESIAN_POINT('',(80.4,34.9,0.));
#10796=CARTESIAN_POINT('Origin',(80.9,34.9,0.));
#10797=CARTESIAN_POINT('Origin',(55.4,37.4,0.));
#10798=CARTESIAN_POINT('',(55.4,37.9,0.));
#10799=CARTESIAN_POINT('Origin',(54.9,37.9,0.));
#10800=CARTESIAN_POINT('Origin',(46.4,17.9,0.));
#10801=CARTESIAN_POINT('',(46.4,18.4,0.));
#10802=CARTESIAN_POINT('',(45.9,17.9,0.));
#10803=CARTESIAN_POINT('Origin',(45.9,18.4,0.));
#10804=CARTESIAN_POINT('',(80.4,18.4,0.));
#10805=CARTESIAN_POINT('Origin',(46.4,16.4,0.));
#10806=CARTESIAN_POINT('',(45.9,16.4,0.));
#10807=CARTESIAN_POINT('',(46.4,15.9,0.));
#10808=CARTESIAN_POINT('Origin',(45.9,15.9,0.));
#10809=CARTESIAN_POINT('Origin',(80.4,17.9,0.));
#10810=CARTESIAN_POINT('',(80.9,17.9,0.));
#10811=CARTESIAN_POINT('Origin',(80.9,18.4,0.));
#10812=CARTESIAN_POINT('',(80.9,16.4,0.));
#10813=CARTESIAN_POINT('Origin',(80.4,16.4,0.));
#10814=CARTESIAN_POINT('',(80.4,15.9,0.));
#10815=CARTESIAN_POINT('Origin',(80.9,15.9,0.));
#10816=CARTESIAN_POINT('Origin',(2.,54.8,5.));
#10817=CARTESIAN_POINT('',(2.,56.8,5.));
#10818=CARTESIAN_POINT('Origin',(2.,54.8,5.));
#10819=CARTESIAN_POINT('Origin',(2.,54.8,5.));
#10820=CARTESIAN_POINT('Origin',(2.,2.,5.));
#10821=CARTESIAN_POINT('',(2.,0.,5.));
#10822=CARTESIAN_POINT('Origin',(2.,2.,5.));
#10823=CARTESIAN_POINT('Origin',(2.,2.,5.));
#10824=CARTESIAN_POINT('Origin',(2.,2.,0.));
#10825=CARTESIAN_POINT('',(7.32395894344441E-33,2.,13.));
#10826=CARTESIAN_POINT('',(2.,0.,13.));
#10827=CARTESIAN_POINT('Origin',(2.,2.,13.));
#10828=CARTESIAN_POINT('',(2.,0.,0.));
#10829=CARTESIAN_POINT('',(0.,2.,0.));
#10830=CARTESIAN_POINT('Origin',(83.8,54.8,5.));
#10831=CARTESIAN_POINT('',(83.8,56.8,5.));
#10832=CARTESIAN_POINT('Origin',(83.8,54.8,5.));
#10833=CARTESIAN_POINT('',(85.8,54.8,5.));
#10834=CARTESIAN_POINT('Origin',(83.8,54.8,5.));
#10835=CARTESIAN_POINT('Origin',(83.8,54.8,5.));
#10836=CARTESIAN_POINT('Origin',(83.8,2.,5.));
#10837=CARTESIAN_POINT('',(85.8,2.,5.));
#10838=CARTESIAN_POINT('Origin',(83.8,2.,5.));
#10839=CARTESIAN_POINT('',(83.8,0.,5.));
#10840=CARTESIAN_POINT('Origin',(83.8,2.,5.));
#10841=CARTESIAN_POINT('Origin',(83.8,2.,5.));
#10842=CARTESIAN_POINT('Origin',(64.35,2.,5.));
#10843=CARTESIAN_POINT('',(64.35,0.,5.));
#10844=CARTESIAN_POINT('Origin',(83.8,2.,0.));
#10845=CARTESIAN_POINT('',(83.8,0.,13.));
#10846=CARTESIAN_POINT('',(85.8,2.,13.));
#10847=CARTESIAN_POINT('Origin',(83.8,2.,13.));
#10848=CARTESIAN_POINT('',(85.8,2.,0.));
#10849=CARTESIAN_POINT('',(83.8,0.,0.));
#10850=CARTESIAN_POINT('Origin',(83.8,42.6,5.));
#10851=CARTESIAN_POINT('',(85.8,42.6,5.));
#10852=CARTESIAN_POINT('Origin',(83.8,54.8,0.));
#10853=CARTESIAN_POINT('',(85.8,54.8,13.));
#10854=CARTESIAN_POINT('',(83.8,56.8,13.));
#10855=CARTESIAN_POINT('Origin',(83.8,54.8,13.));
#10856=CARTESIAN_POINT('',(83.8,56.8,0.));
#10857=CARTESIAN_POINT('',(85.8,54.8,0.));
#10858=CARTESIAN_POINT('Origin',(21.45,54.8,5.));
#10859=CARTESIAN_POINT('',(21.45,56.8,5.));
#10860=CARTESIAN_POINT('Origin',(2.,54.8,0.));
#10861=CARTESIAN_POINT('',(1.99999999999999,56.8,13.));
#10862=CARTESIAN_POINT('',(2.00676475050377E-31,54.8,13.));
#10863=CARTESIAN_POINT('Origin',(2.,54.8,13.));
#10864=CARTESIAN_POINT('',(0.,54.8,0.));
#10865=CARTESIAN_POINT('',(2.,56.8,0.));
#10866=CARTESIAN_POINT('Origin',(0.,56.8,0.));
#10867=CARTESIAN_POINT('',(85.8,56.8,13.));
#10868=CARTESIAN_POINT('Origin',(85.8,56.8,0.));
#10869=CARTESIAN_POINT('',(85.8,0.,13.));
#10870=CARTESIAN_POINT('Origin',(85.8,0.,0.));
#10871=CARTESIAN_POINT('',(0.,0.,13.));
#10872=CARTESIAN_POINT('Origin',(0.,0.,0.));
#10873=CARTESIAN_POINT('',(2.08000433993821E-31,56.8,13.));
#10874=CARTESIAN_POINT('Origin',(42.9,28.4,13.));
#10875=CARTESIAN_POINT('',(-1.99999999999999,63.8,13.));
#10876=CARTESIAN_POINT('',(-2.,63.8,13.));
#10877=CARTESIAN_POINT('',(-6.99999999999999,58.8,13.));
#10878=CARTESIAN_POINT('Origin',(-2.,58.8,13.));
#10879=CARTESIAN_POINT('',(-6.99999999999999,-2.00000000000001,13.));
#10880=CARTESIAN_POINT('',(-7.,-2.00000000000001,13.));
#10881=CARTESIAN_POINT('Origin',(-2.00000000000001,-2.00000000000001,13.));
#10882=CARTESIAN_POINT('Origin',(-2.00000000000001,-2.00000000000001,0.));
#10883=CARTESIAN_POINT('',(-7.,-2.00000000000001,0.));
#10884=CARTESIAN_POINT('Origin',(-7.,58.8,0.));
#10885=CARTESIAN_POINT('',(-7.,58.8,0.));
#10886=CARTESIAN_POINT('Origin',(-2.,58.8,0.));
#10887=CARTESIAN_POINT('',(-2.,63.8,0.));
#10888=CARTESIAN_POINT('Origin',(87.8,63.8,0.));
#10889=CARTESIAN_POINT('',(0.,0.,0.));
#10890=CARTESIAN_POINT('Origin',(87.8,-1.99999999999998,1.));
#10891=CARTESIAN_POINT('',(86.1,-1.99999999999998,3.));
#10892=CARTESIAN_POINT('Origin',(87.8,-1.99999999999998,3.));
#10893=CARTESIAN_POINT('',(86.1,-1.99999999999998,0.));
#10894=CARTESIAN_POINT('',(86.1,-1.99999999999998,1.));
#10895=CARTESIAN_POINT('Origin',(87.8,-1.99999999999998,0.));
#10896=CARTESIAN_POINT('Origin',(87.8,58.8,1.));
#10897=CARTESIAN_POINT('',(86.1,58.8,3.));
#10898=CARTESIAN_POINT('Origin',(87.8,58.8,3.));
#10899=CARTESIAN_POINT('',(86.1,58.8,0.));
#10900=CARTESIAN_POINT('',(86.1,58.8,1.));
#10901=CARTESIAN_POINT('Origin',(87.8,58.8,0.));
#10902=CARTESIAN_POINT('Origin',(-2.00000000000001,-2.00000000000001,1.));
#10903=CARTESIAN_POINT('',(-3.70000000000001,-2.00000000000001,3.));
#10904=CARTESIAN_POINT('Origin',(-2.00000000000001,-2.00000000000001,3.));
#10905=CARTESIAN_POINT('',(-3.70000000000001,-2.00000000000001,0.));
#10906=CARTESIAN_POINT('',(-3.70000000000001,-2.00000000000001,1.));
#10907=CARTESIAN_POINT('Origin',(-2.00000000000001,-2.00000000000001,0.));
#10908=CARTESIAN_POINT('Origin',(-2.,58.8,1.));
#10909=CARTESIAN_POINT('',(-3.7,58.8,3.));
#10910=CARTESIAN_POINT('Origin',(-2.,58.8,3.));
#10911=CARTESIAN_POINT('',(-3.7,58.8,0.));
#10912=CARTESIAN_POINT('',(-3.7,58.8,1.));
#10913=CARTESIAN_POINT('Origin',(-2.,58.8,0.));
#10914=CARTESIAN_POINT('Origin',(87.8,58.8,2.));
#10915=CARTESIAN_POINT('',(91.8,58.8,3.));
#10916=CARTESIAN_POINT('',(92.8,58.8,2.));
#10917=CARTESIAN_POINT('Origin',(91.8,58.8,2.));
#10918=CARTESIAN_POINT('',(87.8,63.8,2.));
#10919=CARTESIAN_POINT('Origin',(87.8,58.8,2.));
#10920=CARTESIAN_POINT('',(87.8,62.8,3.));
#10921=CARTESIAN_POINT('Origin',(87.8,62.8,2.));
#10922=CARTESIAN_POINT('Origin',(87.8,58.8,3.));
#10923=CARTESIAN_POINT('Origin',(65.35,62.8,2.));
#10924=CARTESIAN_POINT('',(-2.,63.8,2.));
#10925=CARTESIAN_POINT('',(-2.,62.8,3.));
#10926=CARTESIAN_POINT('Origin',(-2.,62.8,2.));
#10927=CARTESIAN_POINT('',(65.35,62.8,3.));
#10928=CARTESIAN_POINT('',(65.35,63.8,2.));
#10929=CARTESIAN_POINT('Origin',(-2.,58.8,2.));
#10930=CARTESIAN_POINT('',(-7.,58.8,2.));
#10931=CARTESIAN_POINT('',(-6.,58.8,3.));
#10932=CARTESIAN_POINT('Origin',(-6.,58.8,2.));
#10933=CARTESIAN_POINT('Origin',(-2.,58.8,3.));
#10934=CARTESIAN_POINT('Origin',(-2.,58.8,2.));
#10935=CARTESIAN_POINT('Origin',(-6.,43.6,2.));
#10936=CARTESIAN_POINT('',(-7.,-2.00000000000001,2.));
#10937=CARTESIAN_POINT('',(-6.,-2.00000000000001,3.));
#10938=CARTESIAN_POINT('Origin',(-6.,-2.00000000000001,2.));
#10939=CARTESIAN_POINT('',(-6.,43.6,3.));
#10940=CARTESIAN_POINT('',(-7.,43.6,2.));
#10941=CARTESIAN_POINT('Origin',(-2.00000000000001,-2.00000000000001,2.));
#10942=CARTESIAN_POINT('',(-2.00000000000001,-7.,2.));
#10943=CARTESIAN_POINT('',(-2.00000000000001,-6.,3.));
#10944=CARTESIAN_POINT('Origin',(-2.00000000000001,-6.,2.));
#10945=CARTESIAN_POINT('Origin',(-2.00000000000001,-2.00000000000001,3.));
#10946=CARTESIAN_POINT('Origin',(-2.00000000000001,-2.00000000000001,2.));
#10947=CARTESIAN_POINT('Origin',(20.45,-6.,2.));
#10948=CARTESIAN_POINT('',(87.8,-7.,2.));
#10949=CARTESIAN_POINT('',(87.8,-6.,3.));
#10950=CARTESIAN_POINT('Origin',(87.8,-6.,2.));
#10951=CARTESIAN_POINT('',(20.45,-6.,3.));
#10952=CARTESIAN_POINT('',(20.45,-7.,2.));
#10953=CARTESIAN_POINT('Origin',(87.8,-1.99999999999998,2.));
#10954=CARTESIAN_POINT('',(92.8,-1.99999999999998,2.));
#10955=CARTESIAN_POINT('',(91.8,-1.99999999999998,3.));
#10956=CARTESIAN_POINT('Origin',(91.8,-1.99999999999998,2.));
#10957=CARTESIAN_POINT('Origin',(87.8,-1.99999999999998,3.));
#10958=CARTESIAN_POINT('Origin',(87.8,-1.99999999999998,2.));
#10959=CARTESIAN_POINT('Origin',(91.8,13.2,2.));
#10960=CARTESIAN_POINT('',(91.8,13.2,3.));
#10961=CARTESIAN_POINT('',(92.8,13.2,2.));
#10962=CARTESIAN_POINT('Origin',(-7.,58.8,0.));
#10963=CARTESIAN_POINT('',(-7.,58.8,0.));
#10964=CARTESIAN_POINT('',(-7.,58.8,0.));
#10965=CARTESIAN_POINT('',(-7.,-2.00000000000001,0.));
#10966=CARTESIAN_POINT('',(-7.,-2.00000000000001,0.));
#10967=CARTESIAN_POINT('',(-7.,-2.00000000000001,0.));
#10968=CARTESIAN_POINT('Origin',(-2.,58.8,0.));
#10969=CARTESIAN_POINT('',(-2.,63.8,0.));
#10970=CARTESIAN_POINT('',(-2.,63.8,0.));
#10971=CARTESIAN_POINT('Origin',(-2.,58.8,0.));
#10972=CARTESIAN_POINT('Origin',(87.8,63.8,0.));
#10973=CARTESIAN_POINT('',(87.8,63.8,0.));
#10974=CARTESIAN_POINT('',(87.8,63.8,0.));
#10975=CARTESIAN_POINT('',(-2.,63.8,0.));
#10976=CARTESIAN_POINT('Origin',(87.8,58.8,0.));
#10977=CARTESIAN_POINT('',(92.8,58.8,0.));
#10978=CARTESIAN_POINT('',(92.8,58.8,0.));
#10979=CARTESIAN_POINT('Origin',(87.8,58.8,0.));
#10980=CARTESIAN_POINT('Origin',(42.9,28.4,3.));
#10981=CARTESIAN_POINT('',(82.4,35.6199999999999,3.));
#10982=CARTESIAN_POINT('',(82.4,4.57000000000002,3.));
#10983=CARTESIAN_POINT('',(82.4,3.57000000000002,3.));
#10984=CARTESIAN_POINT('',(81.4,3.57000000000002,3.));
#10985=CARTESIAN_POINT('Origin',(81.4,4.57000000000002,3.));
#10986=CARTESIAN_POINT('',(62.405,3.57000000000002,3.));
#10987=CARTESIAN_POINT('',(61.405,3.57000000000002,3.));
#10988=CARTESIAN_POINT('',(61.405,4.57000000000002,3.));
#10989=CARTESIAN_POINT('Origin',(62.405,4.57000000000002,3.));
#10990=CARTESIAN_POINT('',(61.405,35.6199999999999,3.));
#10991=CARTESIAN_POINT('',(61.405,36.6199999999999,3.));
#10992=CARTESIAN_POINT('',(62.405,36.6199999999999,3.));
#10993=CARTESIAN_POINT('Origin',(62.405,35.6199999999999,3.));
#10994=CARTESIAN_POINT('',(81.4,36.6199999999999,3.));
#10995=CARTESIAN_POINT('',(82.4,36.6199999999999,3.));
#10996=CARTESIAN_POINT('Origin',(81.4,35.6199999999999,3.));
#10997=CARTESIAN_POINT('',(4.61000000000022,23.1199999999999,3.));
#10998=CARTESIAN_POINT('',(4.61000000000022,36.1199999999999,3.));
#10999=CARTESIAN_POINT('',(4.61000000000022,36.1199999999999,3.));
#11000=CARTESIAN_POINT('',(5.11000000000022,36.6199999999999,3.));
#11001=CARTESIAN_POINT('Origin',(5.11000000000021,36.1199999999999,3.));
#11002=CARTESIAN_POINT('',(18.1100000000001,36.6199999999999,3.));
#11003=CARTESIAN_POINT('',(5.11000000000021,36.6199999999999,3.));
#11004=CARTESIAN_POINT('',(18.6100000000001,36.1199999999999,3.));
#11005=CARTESIAN_POINT('Origin',(18.1100000000001,36.1199999999999,3.));
#11006=CARTESIAN_POINT('',(18.6100000000001,23.1199999999999,3.));
#11007=CARTESIAN_POINT('',(18.6100000000001,36.1199999999999,3.));
#11008=CARTESIAN_POINT('',(18.1100000000001,22.6199999999999,3.));
#11009=CARTESIAN_POINT('Origin',(18.1100000000001,23.1199999999999,3.));
#11010=CARTESIAN_POINT('',(5.11000000000022,22.6199999999999,3.));
#11011=CARTESIAN_POINT('',(5.11000000000021,22.6199999999999,3.));
#11012=CARTESIAN_POINT('Origin',(5.11000000000021,23.1199999999999,3.));
#11013=CARTESIAN_POINT('',(4.61000000000022,17.0699999999999,3.));
#11014=CARTESIAN_POINT('',(5.11000000000022,17.57,3.));
#11015=CARTESIAN_POINT('Origin',(5.11000000000021,17.07,3.));
#11016=CARTESIAN_POINT('',(18.1100000000001,17.57,3.));
#11017=CARTESIAN_POINT('',(5.11000000000021,17.5699999999999,3.));
#11018=CARTESIAN_POINT('',(18.6100000000001,17.07,3.));
#11019=CARTESIAN_POINT('Origin',(18.1100000000001,17.07,3.));
#11020=CARTESIAN_POINT('',(18.6100000000001,4.07000000000001,3.));
#11021=CARTESIAN_POINT('',(18.6100000000001,17.07,3.));
#11022=CARTESIAN_POINT('',(18.1100000000001,3.57,3.));
#11023=CARTESIAN_POINT('Origin',(18.1100000000001,4.07000000000001,3.));
#11024=CARTESIAN_POINT('',(5.11000000000022,3.57,3.));
#11025=CARTESIAN_POINT('',(5.11000000000021,3.57,3.));
#11026=CARTESIAN_POINT('',(4.61000000000022,4.07000000000001,3.));
#11027=CARTESIAN_POINT('Origin',(5.11000000000021,4.07,3.));
#11028=CARTESIAN_POINT('',(4.61000000000022,17.07,3.));
#11029=CARTESIAN_POINT('',(42.71,36.1199999999999,3.));
#11030=CARTESIAN_POINT('',(43.21,36.6199999999999,3.));
#11031=CARTESIAN_POINT('Origin',(43.21,36.1199999999999,3.));
#11032=CARTESIAN_POINT('',(56.21,36.6199999999999,3.));
#11033=CARTESIAN_POINT('',(43.21,36.6199999999999,3.));
#11034=CARTESIAN_POINT('',(56.71,36.1199999999999,3.));
#11035=CARTESIAN_POINT('Origin',(56.21,36.1199999999999,3.));
#11036=CARTESIAN_POINT('',(56.71,23.1199999999999,3.));
#11037=CARTESIAN_POINT('',(56.71,36.1199999999999,3.));
#11038=CARTESIAN_POINT('',(56.21,22.6199999999999,3.));
#11039=CARTESIAN_POINT('Origin',(56.21,23.1199999999999,3.));
#11040=CARTESIAN_POINT('',(43.2100000000001,22.6199999999999,3.));
#11041=CARTESIAN_POINT('',(43.2100000000001,22.6199999999999,3.));
#11042=CARTESIAN_POINT('',(42.71,23.1199999999999,3.));
#11043=CARTESIAN_POINT('Origin',(43.2100000000001,23.1199999999999,3.));
#11044=CARTESIAN_POINT('',(42.71,36.1199999999999,3.));
#11045=CARTESIAN_POINT('',(23.6600000000001,17.07,3.));
#11046=CARTESIAN_POINT('',(24.1600000000001,17.57,3.));
#11047=CARTESIAN_POINT('Origin',(24.1600000000001,17.07,3.));
#11048=CARTESIAN_POINT('',(37.1600000000001,17.57,3.));
#11049=CARTESIAN_POINT('',(24.1600000000001,17.57,3.));
#11050=CARTESIAN_POINT('',(37.6600000000001,17.07,3.));
#11051=CARTESIAN_POINT('Origin',(37.1600000000001,17.07,3.));
#11052=CARTESIAN_POINT('',(37.6600000000001,4.07000000000001,3.));
#11053=CARTESIAN_POINT('',(37.6600000000001,17.07,3.));
#11054=CARTESIAN_POINT('',(37.1600000000001,3.57000000000001,3.));
#11055=CARTESIAN_POINT('Origin',(37.1600000000001,4.07000000000001,3.));
#11056=CARTESIAN_POINT('',(24.1600000000001,3.57000000000001,3.));
#11057=CARTESIAN_POINT('',(24.1600000000001,3.57000000000001,3.));
#11058=CARTESIAN_POINT('',(23.6600000000001,4.07000000000001,3.));
#11059=CARTESIAN_POINT('Origin',(24.1600000000001,4.07000000000001,3.));
#11060=CARTESIAN_POINT('',(23.6600000000001,17.07,3.));
#11061=CARTESIAN_POINT('',(42.71,4.07000000000001,3.));
#11062=CARTESIAN_POINT('',(42.7100000000001,17.07,3.));
#11063=CARTESIAN_POINT('',(42.71,17.07,3.));
#11064=CARTESIAN_POINT('',(43.2100000000001,17.57,3.));
#11065=CARTESIAN_POINT('Origin',(43.2100000000001,17.07,3.));
#11066=CARTESIAN_POINT('',(56.21,17.57,3.));
#11067=CARTESIAN_POINT('',(43.2100000000001,17.57,3.));
#11068=CARTESIAN_POINT('',(56.71,17.07,3.));
#11069=CARTESIAN_POINT('Origin',(56.21,17.07,3.));
#11070=CARTESIAN_POINT('',(56.71,4.07000000000001,3.));
#11071=CARTESIAN_POINT('',(56.71,17.07,3.));
#11072=CARTESIAN_POINT('',(56.21,3.57000000000001,3.));
#11073=CARTESIAN_POINT('Origin',(56.21,4.07000000000001,3.));
#11074=CARTESIAN_POINT('',(43.2100000000001,3.57000000000001,3.));
#11075=CARTESIAN_POINT('',(43.2100000000001,3.57000000000001,3.));
#11076=CARTESIAN_POINT('Origin',(43.2100000000001,4.07000000000001,3.));
#11077=CARTESIAN_POINT('',(23.6600000000001,36.1199999999999,3.));
#11078=CARTESIAN_POINT('',(24.1600000000001,36.6199999999999,3.));
#11079=CARTESIAN_POINT('Origin',(24.1600000000001,36.1199999999999,3.));
#11080=CARTESIAN_POINT('',(37.1600000000001,36.6199999999999,3.));
#11081=CARTESIAN_POINT('',(24.1600000000001,36.6199999999999,3.));
#11082=CARTESIAN_POINT('',(37.6600000000001,36.1199999999999,3.));
#11083=CARTESIAN_POINT('Origin',(37.1600000000001,36.1199999999999,3.));
#11084=CARTESIAN_POINT('',(37.6600000000001,23.1199999999999,3.));
#11085=CARTESIAN_POINT('',(37.6600000000001,36.1199999999999,3.));
#11086=CARTESIAN_POINT('',(37.1600000000001,22.6199999999999,3.));
#11087=CARTESIAN_POINT('Origin',(37.1600000000001,23.1199999999999,3.));
#11088=CARTESIAN_POINT('',(24.1600000000001,22.6199999999999,3.));
#11089=CARTESIAN_POINT('',(24.1600000000001,22.6199999999999,3.));
#11090=CARTESIAN_POINT('',(23.6600000000001,23.1199999999999,3.));
#11091=CARTESIAN_POINT('Origin',(24.1600000000001,23.1199999999999,3.));
#11092=CARTESIAN_POINT('',(23.6600000000001,36.1199999999999,3.));
#11093=CARTESIAN_POINT('',(4.61000000000022,42.8,3.));
#11094=CARTESIAN_POINT('',(4.61000000000022,53.8,3.));
#11095=CARTESIAN_POINT('',(4.61000000000022,54.8,3.));
#11096=CARTESIAN_POINT('',(5.61000000000022,54.8,3.));
#11097=CARTESIAN_POINT('Origin',(5.61000000000022,53.8,3.));
#11098=CARTESIAN_POINT('',(39.6100000000002,54.8,3.));
#11099=CARTESIAN_POINT('',(40.6100000000002,54.8,3.));
#11100=CARTESIAN_POINT('',(40.6100000000002,53.8,3.));
#11101=CARTESIAN_POINT('Origin',(39.6100000000002,53.8,3.));
#11102=CARTESIAN_POINT('',(40.6100000000002,42.8,3.));
#11103=CARTESIAN_POINT('',(40.6100000000002,41.8,3.));
#11104=CARTESIAN_POINT('',(39.6100000000002,41.8,3.));
#11105=CARTESIAN_POINT('Origin',(39.6100000000002,42.8,3.));
#11106=CARTESIAN_POINT('',(5.61000000000022,41.8,3.));
#11107=CARTESIAN_POINT('',(4.61000000000022,41.8,3.));
#11108=CARTESIAN_POINT('Origin',(5.61000000000022,42.8,3.));
#11109=CARTESIAN_POINT('Origin',(62.405,35.6199999999999,0.));
#11110=CARTESIAN_POINT('',(61.405,35.6199999999999,0.));
#11111=CARTESIAN_POINT('',(62.405,36.6199999999999,0.));
#11112=CARTESIAN_POINT('Origin',(62.405,35.6199999999999,0.));
#11113=CARTESIAN_POINT('',(62.405,36.6199999999999,0.));
#11114=CARTESIAN_POINT('',(61.405,35.6199999999999,0.));
#11115=CARTESIAN_POINT('Origin',(61.405,36.6199999999999,0.));
#11116=CARTESIAN_POINT('',(81.4,36.6199999999999,0.));
#11117=CARTESIAN_POINT('',(82.4,36.6199999999999,0.));
#11118=CARTESIAN_POINT('',(81.4,36.6199999999999,0.));
#11119=CARTESIAN_POINT('Origin',(62.405,4.57000000000002,0.));
#11120=CARTESIAN_POINT('',(62.405,3.57000000000002,0.));
#11121=CARTESIAN_POINT('',(61.405,4.57000000000002,0.));
#11122=CARTESIAN_POINT('Origin',(62.405,4.57000000000002,0.));
#11123=CARTESIAN_POINT('',(61.405,4.57000000000002,0.));
#11124=CARTESIAN_POINT('',(62.405,3.57000000000002,0.));
#11125=CARTESIAN_POINT('Origin',(61.405,3.57000000000002,0.));
#11126=CARTESIAN_POINT('',(61.405,36.6199999999999,0.));
#11127=CARTESIAN_POINT('Origin',(81.4,4.57000000000002,0.));
#11128=CARTESIAN_POINT('',(82.4,4.57000000000002,0.));
#11129=CARTESIAN_POINT('',(81.4,3.57000000000002,0.));
#11130=CARTESIAN_POINT('Origin',(81.4,4.57000000000002,0.));
#11131=CARTESIAN_POINT('',(81.4,3.57000000000002,0.));
#11132=CARTESIAN_POINT('',(82.4,4.57000000000002,0.));
#11133=CARTESIAN_POINT('Origin',(82.4,3.57000000000002,0.));
#11134=CARTESIAN_POINT('',(61.405,3.57000000000002,0.));
#11135=CARTESIAN_POINT('Origin',(81.4,35.6199999999999,0.));
#11136=CARTESIAN_POINT('',(82.4,35.6199999999999,0.));
#11137=CARTESIAN_POINT('Origin',(81.4,35.6199999999999,0.));
#11138=CARTESIAN_POINT('',(82.4,35.6199999999999,0.));
#11139=CARTESIAN_POINT('Origin',(82.4,36.6199999999999,0.));
#11140=CARTESIAN_POINT('',(82.4,3.57000000000002,0.));
#11141=CARTESIAN_POINT('Origin',(5.61000000000022,42.8,0.));
#11142=CARTESIAN_POINT('',(5.61000000000022,41.8,0.));
#11143=CARTESIAN_POINT('',(4.61000000000022,42.8,0.));
#11144=CARTESIAN_POINT('Origin',(5.61000000000022,42.8,0.));
#11145=CARTESIAN_POINT('',(4.61000000000022,42.8,0.));
#11146=CARTESIAN_POINT('',(5.61000000000022,41.8,0.));
#11147=CARTESIAN_POINT('Origin',(4.61000000000022,41.8,0.));
#11148=CARTESIAN_POINT('',(4.61000000000022,53.8,0.));
#11149=CARTESIAN_POINT('',(4.61000000000022,54.8,0.));
#11150=CARTESIAN_POINT('',(4.61000000000022,53.8,0.));
#11151=CARTESIAN_POINT('Origin',(39.6100000000002,42.8,0.));
#11152=CARTESIAN_POINT('',(40.6100000000002,42.8,0.));
#11153=CARTESIAN_POINT('',(39.6100000000002,41.8,0.));
#11154=CARTESIAN_POINT('Origin',(39.6100000000002,42.8,0.));
#11155=CARTESIAN_POINT('',(39.6100000000002,41.8,0.));
#11156=CARTESIAN_POINT('',(40.6100000000002,42.8,0.));
#11157=CARTESIAN_POINT('Origin',(40.6100000000002,41.8,0.));
#11158=CARTESIAN_POINT('',(4.61000000000022,41.8,0.));
#11159=CARTESIAN_POINT('Origin',(39.6100000000002,53.8,0.));
#11160=CARTESIAN_POINT('',(39.6100000000002,54.8,0.));
#11161=CARTESIAN_POINT('',(40.6100000000002,53.8,0.));
#11162=CARTESIAN_POINT('Origin',(39.6100000000002,53.8,0.));
#11163=CARTESIAN_POINT('',(40.6100000000002,53.8,0.));
#11164=CARTESIAN_POINT('',(39.6100000000002,54.8,0.));
#11165=CARTESIAN_POINT('Origin',(40.6100000000002,54.8,0.));
#11166=CARTESIAN_POINT('',(40.6100000000002,41.8,0.));
#11167=CARTESIAN_POINT('Origin',(5.61000000000022,53.8,0.));
#11168=CARTESIAN_POINT('',(5.61000000000022,54.8,0.));
#11169=CARTESIAN_POINT('Origin',(5.61000000000022,53.8,0.));
#11170=CARTESIAN_POINT('',(5.61000000000022,54.8,0.));
#11171=CARTESIAN_POINT('Origin',(4.61000000000022,54.8,0.));
#11172=CARTESIAN_POINT('',(40.6100000000002,54.8,0.));
#11173=CARTESIAN_POINT('Origin',(5.11000000000021,23.1199999999999,0.));
#11174=CARTESIAN_POINT('',(5.11000000000021,22.6199999999999,0.));
#11175=CARTESIAN_POINT('',(4.61000000000022,23.1199999999999,0.));
#11176=CARTESIAN_POINT('Origin',(5.11000000000021,23.1199999999999,0.));
#11177=CARTESIAN_POINT('',(4.61000000000022,23.1199999999999,0.));
#11178=CARTESIAN_POINT('',(5.11000000000021,22.6199999999999,0.));
#11179=CARTESIAN_POINT('Origin',(18.1100000000001,22.6199999999999,0.));
#11180=CARTESIAN_POINT('',(18.1100000000001,22.6199999999999,0.));
#11181=CARTESIAN_POINT('',(5.11000000000021,22.6199999999999,0.));
#11182=CARTESIAN_POINT('',(18.1100000000001,22.6199999999999,0.));
#11183=CARTESIAN_POINT('Origin',(18.1100000000001,23.1199999999999,0.));
#11184=CARTESIAN_POINT('',(18.6100000000001,23.1199999999999,0.));
#11185=CARTESIAN_POINT('Origin',(18.1100000000001,23.1199999999999,0.));
#11186=CARTESIAN_POINT('',(18.6100000000001,23.1199999999999,0.));
#11187=CARTESIAN_POINT('Origin',(18.6100000000001,36.1199999999999,0.));
#11188=CARTESIAN_POINT('',(18.6100000000001,36.1199999999999,0.));
#11189=CARTESIAN_POINT('',(18.6100000000001,36.1199999999999,0.));
#11190=CARTESIAN_POINT('',(18.6100000000001,36.1199999999999,0.));
#11191=CARTESIAN_POINT('Origin',(18.1100000000001,36.1199999999999,0.));
#11192=CARTESIAN_POINT('',(18.1100000000001,36.6199999999999,0.));
#11193=CARTESIAN_POINT('Origin',(18.1100000000001,36.1199999999999,0.));
#11194=CARTESIAN_POINT('',(18.1100000000001,36.6199999999999,0.));
#11195=CARTESIAN_POINT('Origin',(5.11000000000021,36.6199999999999,0.));
#11196=CARTESIAN_POINT('',(5.11000000000021,36.6199999999999,0.));
#11197=CARTESIAN_POINT('',(5.11000000000021,36.6199999999999,0.));
#11198=CARTESIAN_POINT('',(5.11000000000021,36.6199999999999,0.));
#11199=CARTESIAN_POINT('Origin',(5.11000000000021,36.1199999999999,0.));
#11200=CARTESIAN_POINT('',(4.61000000000022,36.1199999999999,0.));
#11201=CARTESIAN_POINT('Origin',(5.11000000000021,36.1199999999999,0.));
#11202=CARTESIAN_POINT('',(4.61000000000022,36.1199999999999,0.));
#11203=CARTESIAN_POINT('Origin',(4.61000000000022,23.1199999999999,0.));
#11204=CARTESIAN_POINT('',(4.61000000000022,36.1199999999999,0.));
#11205=CARTESIAN_POINT('Origin',(4.61000000000022,4.07,0.));
#11206=CARTESIAN_POINT('',(4.61000000000022,4.07,0.));
#11207=CARTESIAN_POINT('',(4.61000000000022,17.07,0.));
#11208=CARTESIAN_POINT('',(4.61000000000022,17.07,0.));
#11209=CARTESIAN_POINT('',(4.61000000000022,17.07,0.));
#11210=CARTESIAN_POINT('',(4.61000000000022,4.07,0.));
#11211=CARTESIAN_POINT('Origin',(5.11000000000021,4.07,0.));
#11212=CARTESIAN_POINT('',(5.11000000000021,3.57,0.));
#11213=CARTESIAN_POINT('Origin',(5.11000000000021,4.07,0.));
#11214=CARTESIAN_POINT('',(5.11000000000021,3.57,0.));
#11215=CARTESIAN_POINT('Origin',(18.1100000000001,3.57000000000001,0.));
#11216=CARTESIAN_POINT('',(18.1100000000001,3.57000000000001,0.));
#11217=CARTESIAN_POINT('',(5.11000000000021,3.57,0.));
#11218=CARTESIAN_POINT('',(18.1100000000001,3.57000000000001,0.));
#11219=CARTESIAN_POINT('Origin',(18.1100000000001,4.07000000000001,0.));
#11220=CARTESIAN_POINT('',(18.6100000000002,4.07000000000001,0.));
#11221=CARTESIAN_POINT('Origin',(18.1100000000001,4.07000000000001,0.));
#11222=CARTESIAN_POINT('',(18.6100000000002,4.07000000000001,0.));
#11223=CARTESIAN_POINT('Origin',(18.6100000000001,17.07,0.));
#11224=CARTESIAN_POINT('',(18.6100000000001,17.07,0.));
#11225=CARTESIAN_POINT('',(18.6100000000001,17.07,0.));
#11226=CARTESIAN_POINT('',(18.6100000000001,17.07,0.));
#11227=CARTESIAN_POINT('Origin',(18.1100000000001,17.07,0.));
#11228=CARTESIAN_POINT('',(18.1100000000001,17.57,0.));
#11229=CARTESIAN_POINT('Origin',(18.1100000000001,17.07,0.));
#11230=CARTESIAN_POINT('',(18.1100000000001,17.57,0.));
#11231=CARTESIAN_POINT('Origin',(5.11000000000021,17.5699999999999,0.));
#11232=CARTESIAN_POINT('',(5.11000000000021,17.5699999999999,0.));
#11233=CARTESIAN_POINT('',(5.11000000000021,17.5699999999999,0.));
#11234=CARTESIAN_POINT('',(5.11000000000021,17.5699999999999,0.));
#11235=CARTESIAN_POINT('Origin',(5.11000000000021,17.07,0.));
#11236=CARTESIAN_POINT('Origin',(5.11000000000021,17.07,0.));
#11237=CARTESIAN_POINT('Origin',(42.71,23.1199999999999,0.));
#11238=CARTESIAN_POINT('',(42.71,23.1199999999999,0.));
#11239=CARTESIAN_POINT('',(42.71,36.1199999999999,0.));
#11240=CARTESIAN_POINT('',(42.71,36.1199999999999,0.));
#11241=CARTESIAN_POINT('',(42.71,36.1199999999999,0.));
#11242=CARTESIAN_POINT('',(42.71,23.1199999999999,0.));
#11243=CARTESIAN_POINT('Origin',(43.2100000000001,23.1199999999999,0.));
#11244=CARTESIAN_POINT('',(43.2100000000001,22.6199999999999,0.));
#11245=CARTESIAN_POINT('Origin',(43.2100000000001,23.1199999999999,0.));
#11246=CARTESIAN_POINT('',(43.2100000000001,22.6199999999999,0.));
#11247=CARTESIAN_POINT('Origin',(56.21,22.6199999999999,0.));
#11248=CARTESIAN_POINT('',(56.21,22.6199999999999,0.));
#11249=CARTESIAN_POINT('',(43.2100000000001,22.6199999999999,0.));
#11250=CARTESIAN_POINT('',(56.21,22.6199999999999,0.));
#11251=CARTESIAN_POINT('Origin',(56.21,23.1199999999999,0.));
#11252=CARTESIAN_POINT('',(56.71,23.1199999999999,0.));
#11253=CARTESIAN_POINT('Origin',(56.21,23.1199999999999,0.));
#11254=CARTESIAN_POINT('',(56.71,23.1199999999999,0.));
#11255=CARTESIAN_POINT('Origin',(56.71,36.1199999999999,0.));
#11256=CARTESIAN_POINT('',(56.71,36.1199999999999,0.));
#11257=CARTESIAN_POINT('',(56.71,36.1199999999999,0.));
#11258=CARTESIAN_POINT('',(56.71,36.1199999999999,0.));
#11259=CARTESIAN_POINT('Origin',(56.21,36.1199999999999,0.));
#11260=CARTESIAN_POINT('',(56.21,36.6199999999999,0.));
#11261=CARTESIAN_POINT('Origin',(56.21,36.1199999999999,0.));
#11262=CARTESIAN_POINT('',(56.21,36.6199999999999,0.));
#11263=CARTESIAN_POINT('Origin',(43.21,36.6199999999999,0.));
#11264=CARTESIAN_POINT('',(43.21,36.6199999999999,0.));
#11265=CARTESIAN_POINT('',(43.21,36.6199999999999,0.));
#11266=CARTESIAN_POINT('',(43.21,36.6199999999999,0.));
#11267=CARTESIAN_POINT('Origin',(43.21,36.1199999999999,0.));
#11268=CARTESIAN_POINT('Origin',(43.21,36.1199999999999,0.));
#11269=CARTESIAN_POINT('Origin',(23.6600000000001,4.07000000000001,0.));
#11270=CARTESIAN_POINT('',(23.6600000000001,4.07000000000001,0.));
#11271=CARTESIAN_POINT('',(23.6600000000001,17.07,0.));
#11272=CARTESIAN_POINT('',(23.6600000000001,17.07,0.));
#11273=CARTESIAN_POINT('',(23.6600000000001,17.07,0.));
#11274=CARTESIAN_POINT('',(23.6600000000001,4.07000000000001,0.));
#11275=CARTESIAN_POINT('Origin',(24.1600000000001,4.07000000000001,0.));
#11276=CARTESIAN_POINT('',(24.1600000000001,3.57000000000001,0.));
#11277=CARTESIAN_POINT('Origin',(24.1600000000001,4.07000000000001,0.));
#11278=CARTESIAN_POINT('',(24.1600000000001,3.57000000000001,0.));
#11279=CARTESIAN_POINT('Origin',(37.1600000000001,3.57000000000001,0.));
#11280=CARTESIAN_POINT('',(37.1600000000001,3.57000000000001,0.));
#11281=CARTESIAN_POINT('',(24.1600000000001,3.57000000000001,0.));
#11282=CARTESIAN_POINT('',(37.1600000000001,3.57000000000001,0.));
#11283=CARTESIAN_POINT('Origin',(37.1600000000001,4.07000000000001,0.));
#11284=CARTESIAN_POINT('',(37.6600000000001,4.07000000000001,0.));
#11285=CARTESIAN_POINT('Origin',(37.1600000000001,4.07000000000001,0.));
#11286=CARTESIAN_POINT('',(37.6600000000001,4.07000000000001,0.));
#11287=CARTESIAN_POINT('Origin',(37.6600000000001,17.07,0.));
#11288=CARTESIAN_POINT('',(37.6600000000001,17.07,0.));
#11289=CARTESIAN_POINT('',(37.6600000000001,17.07,0.));
#11290=CARTESIAN_POINT('',(37.6600000000001,17.07,0.));
#11291=CARTESIAN_POINT('Origin',(37.1600000000001,17.07,0.));
#11292=CARTESIAN_POINT('',(37.1600000000001,17.57,0.));
#11293=CARTESIAN_POINT('Origin',(37.1600000000001,17.07,0.));
#11294=CARTESIAN_POINT('',(37.1600000000001,17.57,0.));
#11295=CARTESIAN_POINT('Origin',(24.1600000000001,17.57,0.));
#11296=CARTESIAN_POINT('',(24.1600000000001,17.57,0.));
#11297=CARTESIAN_POINT('',(24.1600000000001,17.57,0.));
#11298=CARTESIAN_POINT('',(24.1600000000001,17.57,0.));
#11299=CARTESIAN_POINT('Origin',(24.1600000000001,17.07,0.));
#11300=CARTESIAN_POINT('Origin',(24.1600000000001,17.07,0.));
#11301=CARTESIAN_POINT('Origin',(43.2100000000001,4.07000000000001,0.));
#11302=CARTESIAN_POINT('',(43.2100000000001,3.57000000000001,0.));
#11303=CARTESIAN_POINT('',(42.71,4.07000000000001,0.));
#11304=CARTESIAN_POINT('Origin',(43.2100000000001,4.07000000000001,0.));
#11305=CARTESIAN_POINT('',(42.71,4.07000000000001,0.));
#11306=CARTESIAN_POINT('',(43.2100000000001,3.57000000000001,0.));
#11307=CARTESIAN_POINT('Origin',(56.21,3.57000000000001,0.));
#11308=CARTESIAN_POINT('',(56.21,3.57000000000001,0.));
#11309=CARTESIAN_POINT('',(43.2100000000001,3.57000000000001,0.));
#11310=CARTESIAN_POINT('',(56.21,3.57000000000001,0.));
#11311=CARTESIAN_POINT('Origin',(56.21,4.07000000000001,0.));
#11312=CARTESIAN_POINT('',(56.71,4.07000000000001,0.));
#11313=CARTESIAN_POINT('Origin',(56.21,4.07000000000001,0.));
#11314=CARTESIAN_POINT('',(56.71,4.07000000000001,0.));
#11315=CARTESIAN_POINT('Origin',(56.71,17.07,0.));
#11316=CARTESIAN_POINT('',(56.71,17.07,0.));
#11317=CARTESIAN_POINT('',(56.71,17.07,0.));
#11318=CARTESIAN_POINT('',(56.71,17.07,0.));
#11319=CARTESIAN_POINT('Origin',(56.21,17.07,0.));
#11320=CARTESIAN_POINT('',(56.21,17.57,0.));
#11321=CARTESIAN_POINT('Origin',(56.21,17.07,0.));
#11322=CARTESIAN_POINT('',(56.21,17.57,0.));
#11323=CARTESIAN_POINT('Origin',(43.2100000000001,17.57,0.));
#11324=CARTESIAN_POINT('',(43.2100000000001,17.57,0.));
#11325=CARTESIAN_POINT('',(43.2100000000001,17.57,0.));
#11326=CARTESIAN_POINT('',(43.2100000000001,17.57,0.));
#11327=CARTESIAN_POINT('Origin',(43.2100000000001,17.07,0.));
#11328=CARTESIAN_POINT('',(42.7100000000001,17.07,0.));
#11329=CARTESIAN_POINT('Origin',(43.2100000000001,17.07,0.));
#11330=CARTESIAN_POINT('',(42.7100000000001,17.07,0.));
#11331=CARTESIAN_POINT('Origin',(42.71,4.07000000000001,0.));
#11332=CARTESIAN_POINT('',(42.71,17.07,0.));
#11333=CARTESIAN_POINT('Origin',(23.6600000000001,23.1199999999999,0.));
#11334=CARTESIAN_POINT('',(23.6600000000001,23.1199999999999,0.));
#11335=CARTESIAN_POINT('',(23.6600000000001,36.1199999999999,0.));
#11336=CARTESIAN_POINT('',(23.6600000000001,36.1199999999999,0.));
#11337=CARTESIAN_POINT('',(23.6600000000001,36.1199999999999,0.));
#11338=CARTESIAN_POINT('',(23.6600000000001,23.1199999999999,0.));
#11339=CARTESIAN_POINT('Origin',(24.1600000000001,23.1199999999999,0.));
#11340=CARTESIAN_POINT('',(24.1600000000001,22.6199999999999,0.));
#11341=CARTESIAN_POINT('Origin',(24.1600000000001,23.1199999999999,0.));
#11342=CARTESIAN_POINT('',(24.1600000000001,22.6199999999999,0.));
#11343=CARTESIAN_POINT('Origin',(37.1600000000001,22.6199999999999,0.));
#11344=CARTESIAN_POINT('',(37.1600000000001,22.6199999999999,0.));
#11345=CARTESIAN_POINT('',(24.1600000000001,22.6199999999999,0.));
#11346=CARTESIAN_POINT('',(37.1600000000001,22.6199999999999,0.));
#11347=CARTESIAN_POINT('Origin',(37.1600000000001,23.1199999999999,0.));
#11348=CARTESIAN_POINT('',(37.6600000000001,23.1199999999999,0.));
#11349=CARTESIAN_POINT('Origin',(37.1600000000001,23.1199999999999,0.));
#11350=CARTESIAN_POINT('',(37.6600000000001,23.1199999999999,0.));
#11351=CARTESIAN_POINT('Origin',(37.6600000000001,36.1199999999999,0.));
#11352=CARTESIAN_POINT('',(37.6600000000001,36.1199999999999,0.));
#11353=CARTESIAN_POINT('',(37.6600000000001,36.1199999999999,0.));
#11354=CARTESIAN_POINT('',(37.6600000000001,36.1199999999999,0.));
#11355=CARTESIAN_POINT('Origin',(37.1600000000001,36.1199999999999,0.));
#11356=CARTESIAN_POINT('',(37.1600000000001,36.6199999999999,0.));
#11357=CARTESIAN_POINT('Origin',(37.1600000000001,36.1199999999999,0.));
#11358=CARTESIAN_POINT('',(37.1600000000001,36.6199999999999,0.));
#11359=CARTESIAN_POINT('Origin',(24.1600000000001,36.6199999999999,0.));
#11360=CARTESIAN_POINT('',(24.1600000000001,36.6199999999999,0.));
#11361=CARTESIAN_POINT('',(24.1600000000001,36.6199999999999,0.));
#11362=CARTESIAN_POINT('',(24.1600000000001,36.6199999999999,0.));
#11363=CARTESIAN_POINT('Origin',(24.1600000000001,36.1199999999999,0.));
#11364=CARTESIAN_POINT('Origin',(24.1600000000001,36.1199999999999,0.));
#11365=CARTESIAN_POINT('Origin',(92.8,-1.99999999999998,0.));
#11366=CARTESIAN_POINT('',(92.8,-1.99999999999998,0.));
#11367=CARTESIAN_POINT('',(92.8,-1.99999999999998,0.));
#11368=CARTESIAN_POINT('',(92.8,58.8,0.));
#11369=CARTESIAN_POINT('Origin',(87.8,-1.99999999999998,0.));
#11370=CARTESIAN_POINT('',(87.8,-7.,0.));
#11371=CARTESIAN_POINT('',(87.8,-7.,0.));
#11372=CARTESIAN_POINT('Origin',(87.8,-1.99999999999998,0.));
#11373=CARTESIAN_POINT('Origin',(-2.00000000000001,-7.,0.));
#11374=CARTESIAN_POINT('',(-2.00000000000001,-7.,0.));
#11375=CARTESIAN_POINT('',(-2.00000000000001,-7.,0.));
#11376=CARTESIAN_POINT('',(87.8,-7.,0.));
#11377=CARTESIAN_POINT('Origin',(-2.00000000000001,-2.00000000000001,0.));
#11378=CARTESIAN_POINT('Origin',(-2.00000000000001,-2.00000000000001,0.));
#11379=CARTESIAN_POINT('Origin',(42.9,28.4,0.));
#11380=CARTESIAN_POINT('',(0.,0.,0.));
#11381=CARTESIAN_POINT('Origin',(8.4752144803535E-15,0.,-15.8466375));
#11382=CARTESIAN_POINT('',(1.46350000000001,1.79227059055215E-16,-15.753850283985));
#11383=CARTESIAN_POINT('Origin',(8.42516595302005E-15,0.,-15.753850283985));
#11384=CARTESIAN_POINT('',(1.19327500000001,-1.46134040925256E-16,-16.));
#11385=CARTESIAN_POINT('',(1.36163749999967,-1.66752500597359E-16,-15.8466375));
#11386=CARTESIAN_POINT('Origin',(8.55793673027995E-15,0.,-16.));
#11387=CARTESIAN_POINT('Origin',(8.9508504049085E-17,0.,-0.299999999999999));
#11388=CARTESIAN_POINT('',(1.64675,-2.0166871164959E-16,1.69312141803915E-15));
#11389=CARTESIAN_POINT('Origin',(-7.23085958151991E-17,0.,7.97972798949331E-16));
#11390=CARTESIAN_POINT('',(1.34675,-1.6492930767517E-16,-0.299999999999999));
#11391=CARTESIAN_POINT('Origin',(1.64675,-2.0166871164959E-16,-0.299999999999998));
#11392=CARTESIAN_POINT('Origin',(8.9508504049085E-17,0.,-0.299999999999999));
#11393=CARTESIAN_POINT('Origin',(-1.34675,0.,8.10842914828604E-17));
#11394=CARTESIAN_POINT('',(2.8,-3.42901103761259E-16,2.77555756156289E-16));
#11395=CARTESIAN_POINT('Origin',(-7.23085958151996E-17,0.,1.66533453693773E-15));
#11396=CARTESIAN_POINT('Origin',(1.08752417756043E-16,0.,-0.335677157215951));
#11397=CARTESIAN_POINT('',(1.34675,-1.6492930767517E-16,-0.671354314431904));
#11398=CARTESIAN_POINT('Origin',(2.89813431327286E-16,0.,-0.671354314431903));
#11399=CARTESIAN_POINT('',(1.34675,-1.6492930767517E-16,-0.335677157215951));
#11400=CARTESIAN_POINT('Origin',(-5.48903381356288E-16,0.,0.883580510231878));
#11401=CARTESIAN_POINT('',(2.71354655470033,-3.32313610255109E-16,0.988167401529071));
#11402=CARTESIAN_POINT('Origin',(-8.32667268468867E-16,-1.66156805127555E-16,
0.98816740152907));
#11403=CARTESIAN_POINT('',(1.99751699603979,-2.44625279544256E-16,1.98365856609458));
#11404=CARTESIAN_POINT('Origin',(1.51811291699024,-1.85915212453635E-16,
0.883580510231879));
#11405=CARTESIAN_POINT('',(-1.99751699603979,2.44625279544256E-16,1.98365856609457));
#11406=CARTESIAN_POINT('Origin',(-1.18991027736104E-15,0.,1.98365856609457));
#11407=CARTESIAN_POINT('Origin',(-1.18991027736104E-15,0.,1.98365856609457));
#11408=CARTESIAN_POINT('Origin',(1.48095178932542E-15,0.,-2.6));
#11409=CARTESIAN_POINT('',(-0.957955226285053,-0.957955226287205,2.21296619236643));
#11410=CARTESIAN_POINT('',(-0.426526410242088,-0.345821313587069,2.36975681904406));
#11411=CARTESIAN_POINT('Origin',(1.09379343990475,-1.09379343990474,-2.0369899071072));
#11412=CARTESIAN_POINT('',(-1.31411198458059,-0.329341954674029,2.21296619236757));
#11413=CARTESIAN_POINT('Origin',(-1.20393138259763E-13,0.174592470723128,
-2.5816495918815));
#11414=CARTESIAN_POINT('',(-1.32093506980084,-1.61767890511427E-16,2.22235736350701));
#11415=CARTESIAN_POINT('Origin',(1.42860396981605,-1.42984803876866E-12,
-1.56205846025136));
#11416=CARTESIAN_POINT('Origin',(1.48095178932542E-15,0.,-2.6));
#11417=CARTESIAN_POINT('',(-1.3141119845798,0.329341954679897,2.21296619236738));
#11418=CARTESIAN_POINT('Origin',(1.42860396981605,-1.42984803876866E-12,
-1.56205846025136));
#11419=CARTESIAN_POINT('',(-0.426526410250669,0.345821313591897,2.36975681904298));
#11420=CARTESIAN_POINT('Origin',(-1.73209645297532E-13,-0.174592470697275,
-2.58164959188497));
#11421=CARTESIAN_POINT('',(-0.957955226287205,0.957955226285053,2.21296619236643));
#11422=CARTESIAN_POINT('Origin',(1.09379343990285,1.09379343990285,-2.03698990710818));
#11423=CARTESIAN_POINT('',(-0.345821313594158,0.426526410248636,2.369756819043));
#11424=CARTESIAN_POINT('Origin',(-1.09379343990474,-1.09379343990475,-2.0369899071072));
#11425=CARTESIAN_POINT('',(-0.329341954683873,1.31411198458539,2.21296619236558));
#11426=CARTESIAN_POINT('Origin',(0.174592470717362,6.82917436303119E-13,
-2.58164959188211));
#11427=CARTESIAN_POINT('',(0.329341954686086,1.31411198458293,2.2129661923661));
#11428=CARTESIAN_POINT('Origin',(-6.13771958644358E-12,-1.42860396981268,
-1.5620584602538));
#11429=CARTESIAN_POINT('',(0.345821313604137,0.426526410261971,2.36975681904116));
#11430=CARTESIAN_POINT('Origin',(-0.174592470703491,-8.93501251274569E-13,
-2.58164959188356));
#11431=CARTESIAN_POINT('',(0.957955226285055,0.957955226287207,2.21296619236643));
#11432=CARTESIAN_POINT('Origin',(1.09379343990285,-1.09379343990285,-2.03698990710818));
#11433=CARTESIAN_POINT('',(0.426526410249309,0.345821313594888,2.36975681904289));
#11434=CARTESIAN_POINT('Origin',(-1.09379343990474,1.09379343990475,-2.0369899071072));
#11435=CARTESIAN_POINT('',(1.31411198457862,0.329341954684049,2.21296619236742));
#11436=CARTESIAN_POINT('Origin',(5.35048710937888E-13,-0.174592470716267,
-2.58164959188222));
#11437=CARTESIAN_POINT('',(1.31411198458491,-0.329341954681297,2.21296619236589));
#11438=CARTESIAN_POINT('Origin',(-1.42860396981463,-1.60396342369079E-11,
-1.56205846025238));
#11439=CARTESIAN_POINT('',(0.42652641025292,-0.345821313594336,2.36975681904262));
#11440=CARTESIAN_POINT('Origin',(1.28328596249409E-13,0.174592470715802,
-2.58164959188227));
#11441=CARTESIAN_POINT('',(0.957955226287207,-0.957955226285055,2.21296619236643));
#11442=CARTESIAN_POINT('Origin',(-1.09379343990285,-1.09379343990285,-2.03698990710818));
#11443=CARTESIAN_POINT('',(0.345821313594054,-0.426526410248539,2.36975681904302));
#11444=CARTESIAN_POINT('Origin',(1.09379343990475,1.09379343990474,-2.0369899071072));
#11445=CARTESIAN_POINT('',(0.329341954682546,-1.31411198457682,2.21296619236801));
#11446=CARTESIAN_POINT('Origin',(-0.174592470716764,-3.92261595883061E-13,
-2.58164959188217));
#11447=CARTESIAN_POINT('',(-0.329341954678591,-1.31411198458174,2.21296619236694));
#11448=CARTESIAN_POINT('Origin',(-1.23547465775018E-11,1.42860396981665,
-1.56205846025092));
#11449=CARTESIAN_POINT('',(-0.345821313589159,-0.426526410248141,2.36975681904339));
#11450=CARTESIAN_POINT('Origin',(0.174592470722164,-6.07191769327761E-13,
-2.5816495918816));
#11451=CARTESIAN_POINT('Origin',(-1.09379343990285,1.09379343990285,-2.03698990710818));
#11452=CARTESIAN_POINT('Origin',(-5.13440745976331E-16,0.,0.8178347353854));
#11453=CARTESIAN_POINT('',(2.72844873201605,-3.34138600630111E-16,0.8178347353854));
#11454=CARTESIAN_POINT('Origin',(-1.12783531599245,-1.1278353159946,2.21296619236643));
#11455=CARTESIAN_POINT('',(-0.385820893409564,-0.385820893411716,2.21296619236643));
#11456=CARTESIAN_POINT('',(9.21485110438876E-14,-2.05939432174063E-12,2.21296619236643));
#11457=CARTESIAN_POINT('',(-0.4082753713866,-0.342726524218923,2.34031186508659));
#11458=CARTESIAN_POINT('',(-0.412361498899157,-0.334884476509104,2.3634854457612));
#11459=CARTESIAN_POINT('',(-0.654217869743969,-0.384430464203826,2.73709834927835));
#11460=CARTESIAN_POINT('Origin',(-0.395110013667892,-0.732725302326618,
2.86887164167499));
#11461=CARTESIAN_POINT('',(-0.342726524219513,-0.40827537138405,2.34031186507213));
#11462=CARTESIAN_POINT('',(-0.371306036008181,-0.576818596162999,2.61222775614769));
#11463=CARTESIAN_POINT('',(-0.253541147449413,-0.454745736679308,2.60385840292213));
#11464=CARTESIAN_POINT('Origin',(-1.45000000000035,-0.348999999994159,2.4));
#11465=CARTESIAN_POINT('',(-0.245995326748209,-0.24599532674655,1.41997599824214));
#11466=CARTESIAN_POINT('',(-0.42735540786268,-0.354099671054447,2.44852012907103));
#11467=CARTESIAN_POINT('',(-0.165067588279762,-0.165067588278328,0.65));
#11468=CARTESIAN_POINT('',(-0.35494986349709,-0.354949863495129,2.45660916980838));
#11469=CARTESIAN_POINT('',(-0.178550575990784,-0.165067588278337,0.65));
#11470=CARTESIAN_POINT('',(-1.45000000000048,-0.165067588279225,0.65));
#11471=CARTESIAN_POINT('',(-1.43268218101716,-0.346494742489546,2.37616406704955));
#11472=CARTESIAN_POINT('Origin',(-0.4188,0.4188,2.4));
#11473=CARTESIAN_POINT('',(-0.40654128041783,-0.40654128041783,2.33047734650185));
#11474=CARTESIAN_POINT('Origin',(-0.4188,-0.4188,2.4));
#11475=CARTESIAN_POINT('',(-0.348749308801811,-0.418379430636881,2.39761483261705));
#11476=CARTESIAN_POINT('Origin',(-1.1278353159946,1.12783531599245,2.21296619236643));
#11477=CARTESIAN_POINT('',(-0.385820893409564,0.385820893407412,2.21296619236643));
#11478=CARTESIAN_POINT('',(-2.05939432174063E-12,-9.21485110438877E-14,
2.21296619236643));
#11479=CARTESIAN_POINT('',(-0.342726524224373,0.40827537138376,2.34031186507049));
#11480=CARTESIAN_POINT('',(-0.334884476509104,0.412361498899157,2.3634854457612));
#11481=CARTESIAN_POINT('',(-0.384430464211662,0.654217869751333,2.73709834927743));
#11482=CARTESIAN_POINT('Origin',(-0.732725302326618,0.395110013667892,2.86887164167499));
#11483=CARTESIAN_POINT('',(-0.408275371382876,0.342726524221767,2.34031186506547));
#11484=CARTESIAN_POINT('',(-0.576818596163222,0.371306036009349,2.61222775614586));
#11485=CARTESIAN_POINT('',(-0.454745736679308,0.253541147449413,2.60385840292213));
#11486=CARTESIAN_POINT('Origin',(-0.349000000004648,1.45000000000665,2.4));
#11487=CARTESIAN_POINT('',(-0.245995326760492,0.245995326762865,1.4199759983118));
#11488=CARTESIAN_POINT('',(-0.354099671061663,0.427355407862701,2.44852012907115));
#11489=CARTESIAN_POINT('',(-0.165067588284688,0.165067588290625,0.65));
#11490=CARTESIAN_POINT('',(-0.354949863501811,0.354949863499385,2.45660916980564));
#11491=CARTESIAN_POINT('',(-0.165067588284741,0.178550575996476,0.65));
#11492=CARTESIAN_POINT('',(-0.165067588289714,1.45000000000737,0.65));
#11493=CARTESIAN_POINT('',(-0.346494742499835,1.43268218102245,2.37616406704818));
#11494=CARTESIAN_POINT('Origin',(0.4188,0.4188,2.4));
#11495=CARTESIAN_POINT('',(-0.40654128041783,0.40654128041783,2.33047734650185));
#11496=CARTESIAN_POINT('Origin',(-0.4188,0.4188,2.4));
#11497=CARTESIAN_POINT('',(-0.418379430636737,0.348749308804406,2.39761483261624));
#11498=CARTESIAN_POINT('Origin',(1.12783531599245,1.1278353159946,2.21296619236643));
#11499=CARTESIAN_POINT('',(0.385820893407412,0.385820893409564,2.21296619236643));
#11500=CARTESIAN_POINT('',(-9.21485110438879E-14,2.05939432174063E-12,2.21296619236643));
#11501=CARTESIAN_POINT('',(0.408275371383459,0.34272652422495,2.34031186506878));
#11502=CARTESIAN_POINT('',(0.412361498899157,0.334884476509105,2.3634854457612));
#11503=CARTESIAN_POINT('',(0.65421786975031,0.384430464211942,2.7370983492749));
#11504=CARTESIAN_POINT('Origin',(0.395110013667892,0.732725302326618,2.86887164167499));
#11505=CARTESIAN_POINT('',(0.34272652423124,0.408275371377939,2.34031186503748));
#11506=CARTESIAN_POINT('',(0.371306036021534,0.576818596173573,2.6122277561423));
#11507=CARTESIAN_POINT('',(0.253541147449413,0.454745736679308,2.60385840292213));
#11508=CARTESIAN_POINT('Origin',(1.44999999999824,0.349000000004514,2.4));
#11509=CARTESIAN_POINT('',(0.245995326773617,0.24599532676271,1.41997599832438));
#11510=CARTESIAN_POINT('',(0.427355407862571,0.354099671062327,2.44852012907042));
#11511=CARTESIAN_POINT('',(0.165067588297221,0.165067588285653,0.65));
#11512=CARTESIAN_POINT('',(0.354949863512769,0.354949863502753,2.45660916980696));
#11513=CARTESIAN_POINT('',(0.178550575990927,0.165067588285694,0.65));
#11514=CARTESIAN_POINT('',(1.44999999999881,0.16506758828958,0.65));
#11515=CARTESIAN_POINT('',(1.43268218101612,0.34649474250001,2.37616406705098));
#11516=CARTESIAN_POINT('Origin',(0.4188,-0.4188,2.4));
#11517=CARTESIAN_POINT('',(0.40654128041783,0.40654128041783,2.33047734650185));
#11518=CARTESIAN_POINT('Origin',(0.4188,0.4188,2.4));
#11519=CARTESIAN_POINT('',(0.348749308817054,0.418379430636815,2.39761483261668));
#11520=CARTESIAN_POINT('Origin',(1.1278353159946,-1.12783531599245,2.21296619236643));
#11521=CARTESIAN_POINT('',(0.385820893411716,-0.385820893409564,2.21296619236643));
#11522=CARTESIAN_POINT('',(2.05939432174063E-12,9.2148511043888E-14,2.21296619236643));
#11523=CARTESIAN_POINT('',(0.342726524224315,-0.40827537138379,2.34031186507066));
#11524=CARTESIAN_POINT('',(0.334884476509105,-0.412361498899157,2.3634854457612));
#11525=CARTESIAN_POINT('',(0.384430464210872,-0.654217869749051,2.73709834927453));
#11526=CARTESIAN_POINT('Origin',(0.732725302326618,-0.395110013667892,2.86887164167499));
#11527=CARTESIAN_POINT('',(0.408275371381939,-0.342726524223563,2.34031186506016));
#11528=CARTESIAN_POINT('',(0.576818596167872,-0.371306036013031,2.61222775614774));
#11529=CARTESIAN_POINT('',(0.454745736679308,-0.253541147449413,2.60385840292213));
#11530=CARTESIAN_POINT('Origin',(0.349000000002839,-1.44999999999606,2.4));
#11531=CARTESIAN_POINT('',(0.245995326760975,-0.245995326761573,1.41997599831454));
#11532=CARTESIAN_POINT('',(0.354099671061465,-0.427355407862548,2.44852012907028));
#11533=CARTESIAN_POINT('',(0.165067588285018,-0.165067588285739,0.65));
#11534=CARTESIAN_POINT('',(0.354949863502071,-0.354949863502504,2.45660916980799));
#11535=CARTESIAN_POINT('',(0.165067588285048,-0.178550575988269,0.65));
#11536=CARTESIAN_POINT('',(0.165067588287905,-1.44999999999647,0.65));
#11537=CARTESIAN_POINT('',(0.346494742498333,-1.43268218101383,2.37616406705083));
#11538=CARTESIAN_POINT('Origin',(-0.4188,-0.4188,2.4));
#11539=CARTESIAN_POINT('',(0.40654128041783,-0.40654128041783,2.33047734650185));
#11540=CARTESIAN_POINT('Origin',(0.4188,-0.4188,2.4));
#11541=CARTESIAN_POINT('',(0.418379430636988,-0.348749308807155,2.39761483261766));
#11542=CARTESIAN_POINT('Origin',(-1.44999999999965,0.349000000006844,2.4));
#11543=CARTESIAN_POINT('',(-0.178550575990453,0.165067588290638,0.65));
#11544=CARTESIAN_POINT('',(-0.178550575990444,0.174500000004013,0.65));
#11545=CARTESIAN_POINT('',(-1.26117220741989,0.321683497564367,2.1401008402107));
#11546=CARTESIAN_POINT('Origin',(-0.349000000000341,0.348999999998177,2.4));
#11547=CARTESIAN_POINT('',(-0.349000000001283,0.165067588290809,0.65));
#11548=CARTESIAN_POINT('Origin',(0.349000000005579,1.45000000000365,2.4));
#11549=CARTESIAN_POINT('',(0.165067588297152,0.178550575995057,0.65));
#11550=CARTESIAN_POINT('',(0.174500000001874,0.178550575995016,0.65));
#11551=CARTESIAN_POINT('',(0.321683497570879,1.26117220742522,2.14010084021241));
#11552=CARTESIAN_POINT('Origin',(0.349000000011214,0.34900000001153,2.4));
#11553=CARTESIAN_POINT('',(0.16506758829628,0.349000000010588,0.65));
#11554=CARTESIAN_POINT('Origin',(-0.348999999995335,-0.34900000000657,2.4));
#11555=CARTESIAN_POINT('',(-0.165067588279809,-0.178550575991124,0.65));
#11556=CARTESIAN_POINT('',(-0.321683497562729,-1.26117220742254,2.14010084021135));
#11557=CARTESIAN_POINT('',(-0.165067588280401,-0.34900000000721,0.65));
#11558=CARTESIAN_POINT('Origin',(-0.348999999999164,-1.4500000000021,2.4));
#11559=CARTESIAN_POINT('',(-0.174500000002876,-0.178550575991206,0.65));
#11560=CARTESIAN_POINT('Origin',(0.349000000016987,-0.349000000000806,2.4));
#11561=CARTESIAN_POINT('',(0.178550575994634,-0.165067588285749,0.65));
#11562=CARTESIAN_POINT('',(1.26117220742756,-0.321683497565851,2.14010084021287));
#11563=CARTESIAN_POINT('',(0.34900000001712,-0.165067588285872,0.65));
#11564=CARTESIAN_POINT('Origin',(1.45000000000608,-0.349000000001606,2.4));
#11565=CARTESIAN_POINT('',(0.178550575994739,-0.174500000005801,0.65));
#11566=CARTESIAN_POINT('Origin',(-1.38777878078145E-16,0.,0.65));
#11567=CARTESIAN_POINT('Origin',(4.51250923367285E-15,0.,-8.5));
#11568=CARTESIAN_POINT('',(1.4635,-1.79227059055215E-16,-0.921725497401398));
#11569=CARTESIAN_POINT('',(1.4635,-1.79227059055215E-16,-8.5));
#11570=CARTESIAN_POINT('Origin',(4.24861227052998E-16,0.,-0.921725497401398));
#11571=CARTESIAN_POINT('Origin',(8.60422844084496E-15,0.,-16.));
#11572=CARTESIAN_POINT('Origin',(3.78447584196517E-16,0.,-0.835677157215951));
#11573=CARTESIAN_POINT('',(1.423375,-1.74313163773636E-16,-0.835677157215951));
#11574=CARTESIAN_POINT('',(0.,0.,0.));
#11575=CARTESIAN_POINT('',(0.,0.,0.));
#11576=CARTESIAN_POINT('',(0.,0.,0.));
#11577=CARTESIAN_POINT('',(0.,0.,0.));
#11578=CARTESIAN_POINT('Origin',(-1.016,1.27,0.));
#11579=CARTESIAN_POINT('',(-1.016,1.27,0.));
#11580=CARTESIAN_POINT('',(-1.016,1.27,2.54));
#11581=CARTESIAN_POINT('',(-1.016,1.27,0.));
#11582=CARTESIAN_POINT('',(-1.27,1.016,0.));
#11583=CARTESIAN_POINT('',(-1.016,1.27,0.));
#11584=CARTESIAN_POINT('',(-1.27,1.016,2.54));
#11585=CARTESIAN_POINT('',(-1.27,1.016,0.));
#11586=CARTESIAN_POINT('',(-1.016,1.27,2.54));
#11587=CARTESIAN_POINT('Origin',(1.016,1.27,0.));
#11588=CARTESIAN_POINT('',(1.016,1.27,0.));
#11589=CARTESIAN_POINT('',(1.016,1.27,2.54));
#11590=CARTESIAN_POINT('',(1.016,1.27,0.));
#11591=CARTESIAN_POINT('',(1.016,1.27,0.));
#11592=CARTESIAN_POINT('',(1.016,1.27,2.54));
#11593=CARTESIAN_POINT('Origin',(-1.27,1.016,0.));
#11594=CARTESIAN_POINT('',(-1.27,-1.016,0.));
#11595=CARTESIAN_POINT('',(-1.27,1.016,0.));
#11596=CARTESIAN_POINT('',(-1.27,-1.016,2.54));
#11597=CARTESIAN_POINT('',(-1.27,-1.016,0.));
#11598=CARTESIAN_POINT('',(-1.27,1.016,2.54));
#11599=CARTESIAN_POINT('Origin',(4.259053689278E-17,-3.81,0.));
#11600=CARTESIAN_POINT('',(1.27,1.016,0.));
#11601=CARTESIAN_POINT('',(1.27,1.016,0.));
#11602=CARTESIAN_POINT('',(1.27,-1.016,0.));
#11603=CARTESIAN_POINT('',(1.27,-1.016,0.));
#11604=CARTESIAN_POINT('',(1.016,-1.27,0.));
#11605=CARTESIAN_POINT('',(1.016,-1.27,0.));
#11606=CARTESIAN_POINT('',(1.27,-1.524,0.));
#11607=CARTESIAN_POINT('',(1.27,-1.524,0.));
#11608=CARTESIAN_POINT('',(1.27,-3.556,0.));
#11609=CARTESIAN_POINT('',(1.27,-3.556,0.));
#11610=CARTESIAN_POINT('',(1.016,-3.81,0.));
#11611=CARTESIAN_POINT('',(1.016,-3.81,0.));
#11612=CARTESIAN_POINT('',(1.27,-4.064,0.));
#11613=CARTESIAN_POINT('',(1.27,-4.064,0.));
#11614=CARTESIAN_POINT('',(1.27,-6.096,0.));
#11615=CARTESIAN_POINT('',(1.27,-6.096,0.));
#11616=CARTESIAN_POINT('',(1.016,-6.35,0.));
#11617=CARTESIAN_POINT('',(1.016,-6.35,0.));
#11618=CARTESIAN_POINT('',(1.27,-6.604,0.));
#11619=CARTESIAN_POINT('',(1.27,-6.604,0.));
#11620=CARTESIAN_POINT('',(1.27,-8.636,0.));
#11621=CARTESIAN_POINT('',(1.27,-8.636,0.));
#11622=CARTESIAN_POINT('',(1.016,-8.89,0.));
#11623=CARTESIAN_POINT('',(1.016,-8.89,0.));
#11624=CARTESIAN_POINT('',(-1.016,-8.89,0.));
#11625=CARTESIAN_POINT('',(-1.016,-8.89,0.));
#11626=CARTESIAN_POINT('',(-1.27,-8.636,0.));
#11627=CARTESIAN_POINT('',(-1.27,-8.636,0.));
#11628=CARTESIAN_POINT('',(-1.27,-6.604,0.));
#11629=CARTESIAN_POINT('',(-1.27,-6.604,0.));
#11630=CARTESIAN_POINT('',(-1.016,-6.35,0.));
#11631=CARTESIAN_POINT('',(-1.016,-6.35,0.));
#11632=CARTESIAN_POINT('',(-1.27,-6.096,0.));
#11633=CARTESIAN_POINT('',(-1.27,-6.096,0.));
#11634=CARTESIAN_POINT('',(-1.27,-4.064,0.));
#11635=CARTESIAN_POINT('',(-1.27,-4.064,0.));
#11636=CARTESIAN_POINT('',(-1.016,-3.81,0.));
#11637=CARTESIAN_POINT('',(-1.016,-3.81,0.));
#11638=CARTESIAN_POINT('',(-1.27,-3.556,0.));
#11639=CARTESIAN_POINT('',(-1.27,-3.556,0.));
#11640=CARTESIAN_POINT('',(-1.27,-1.524,0.));
#11641=CARTESIAN_POINT('',(-1.27,-1.524,0.));
#11642=CARTESIAN_POINT('',(-1.016,-1.27,0.));
#11643=CARTESIAN_POINT('',(-1.016,-1.27,0.));
#11644=CARTESIAN_POINT('',(-1.27,-1.016,0.));
#11645=CARTESIAN_POINT('',(0.32,-4.76,0.));
#11646=CARTESIAN_POINT('',(-0.32,-4.76,0.));
#11647=CARTESIAN_POINT('',(-0.16,-4.76,0.));
#11648=CARTESIAN_POINT('',(-0.32,-5.4,0.));
#11649=CARTESIAN_POINT('',(-0.32,-4.605,0.));
#11650=CARTESIAN_POINT('',(0.32,-5.4,0.));
#11651=CARTESIAN_POINT('',(-0.16,-5.4,0.));
#11652=CARTESIAN_POINT('',(0.32,-4.605,0.));
#11653=CARTESIAN_POINT('',(0.32,-7.94,0.));
#11654=CARTESIAN_POINT('',(0.32,-7.3,0.));
#11655=CARTESIAN_POINT('',(0.32,-5.875,0.));
#11656=CARTESIAN_POINT('',(-0.32,-7.3,0.));
#11657=CARTESIAN_POINT('',(-0.16,-7.3,0.));
#11658=CARTESIAN_POINT('',(-0.32,-7.94,0.));
#11659=CARTESIAN_POINT('',(-0.32,-5.875,0.));
#11660=CARTESIAN_POINT('',(-0.16,-7.94,0.));
#11661=CARTESIAN_POINT('',(0.32,-0.32,0.));
#11662=CARTESIAN_POINT('',(0.32,0.32,0.));
#11663=CARTESIAN_POINT('',(0.32,-2.065,0.));
#11664=CARTESIAN_POINT('',(-0.32,0.32,0.));
#11665=CARTESIAN_POINT('',(-0.16,0.32,0.));
#11666=CARTESIAN_POINT('',(-0.32,-0.32,0.));
#11667=CARTESIAN_POINT('',(-0.32,-2.065,0.));
#11668=CARTESIAN_POINT('',(-0.16,-0.32,0.));
#11669=CARTESIAN_POINT('',(0.32,-2.22,0.));
#11670=CARTESIAN_POINT('',(-0.32,-2.22,0.));
#11671=CARTESIAN_POINT('',(-0.16,-2.22,0.));
#11672=CARTESIAN_POINT('',(-0.32,-2.86,0.));
#11673=CARTESIAN_POINT('',(-0.32,-3.335,0.));
#11674=CARTESIAN_POINT('',(0.32,-2.86,0.));
#11675=CARTESIAN_POINT('',(-0.16,-2.86,0.));
#11676=CARTESIAN_POINT('',(0.32,-3.335,0.));
#11677=CARTESIAN_POINT('Origin',(4.259053689278E-17,-3.81,2.54));
#11678=CARTESIAN_POINT('',(-1.016,-1.27,2.54));
#11679=CARTESIAN_POINT('',(-1.27,-1.016,2.54));
#11680=CARTESIAN_POINT('',(-1.27,-1.524,2.54));
#11681=CARTESIAN_POINT('',(-1.016,-1.27,2.54));
#11682=CARTESIAN_POINT('',(-1.27,-3.556,2.54));
#11683=CARTESIAN_POINT('',(-1.27,-1.524,2.54));
#11684=CARTESIAN_POINT('',(-1.016,-3.81,2.54));
#11685=CARTESIAN_POINT('',(-1.27,-3.556,2.54));
#11686=CARTESIAN_POINT('',(-1.27,-4.064,2.54));
#11687=CARTESIAN_POINT('',(-1.016,-3.81,2.54));
#11688=CARTESIAN_POINT('',(-1.27,-6.096,2.54));
#11689=CARTESIAN_POINT('',(-1.27,-4.064,2.54));
#11690=CARTESIAN_POINT('',(-1.016,-6.35,2.54));
#11691=CARTESIAN_POINT('',(-1.27,-6.096,2.54));
#11692=CARTESIAN_POINT('',(-1.27,-6.604,2.54));
#11693=CARTESIAN_POINT('',(-1.016,-6.35,2.54));
#11694=CARTESIAN_POINT('',(-1.27,-8.636,2.54));
#11695=CARTESIAN_POINT('',(-1.27,-6.604,2.54));
#11696=CARTESIAN_POINT('',(-1.016,-8.89,2.54));
#11697=CARTESIAN_POINT('',(-1.27,-8.636,2.54));
#11698=CARTESIAN_POINT('',(1.016,-8.89,2.54));
#11699=CARTESIAN_POINT('',(-1.016,-8.89,2.54));
#11700=CARTESIAN_POINT('',(1.27,-8.636,2.54));
#11701=CARTESIAN_POINT('',(1.016,-8.89,2.54));
#11702=CARTESIAN_POINT('',(1.27,-6.604,2.54));
#11703=CARTESIAN_POINT('',(1.27,-8.636,2.54));
#11704=CARTESIAN_POINT('',(1.016,-6.35,2.54));
#11705=CARTESIAN_POINT('',(1.27,-6.604,2.54));
#11706=CARTESIAN_POINT('',(1.27,-6.096,2.54));
#11707=CARTESIAN_POINT('',(1.016,-6.35,2.54));
#11708=CARTESIAN_POINT('',(1.27,-4.064,2.54));
#11709=CARTESIAN_POINT('',(1.27,-6.096,2.54));
#11710=CARTESIAN_POINT('',(1.016,-3.81,2.54));
#11711=CARTESIAN_POINT('',(1.27,-4.064,2.54));
#11712=CARTESIAN_POINT('',(1.27,-3.556,2.54));
#11713=CARTESIAN_POINT('',(1.016,-3.81,2.54));
#11714=CARTESIAN_POINT('',(1.27,-1.524,2.54));
#11715=CARTESIAN_POINT('',(1.27,-3.556,2.54));
#11716=CARTESIAN_POINT('',(1.016,-1.27,2.54));
#11717=CARTESIAN_POINT('',(1.27,-1.524,2.54));
#11718=CARTESIAN_POINT('',(1.27,-1.016,2.54));
#11719=CARTESIAN_POINT('',(1.016,-1.27,2.54));
#11720=CARTESIAN_POINT('',(1.27,1.016,2.54));
#11721=CARTESIAN_POINT('',(1.27,-1.016,2.54));
#11722=CARTESIAN_POINT('',(1.27,1.016,2.54));
#11723=CARTESIAN_POINT('',(0.32,-4.76,2.54));
#11724=CARTESIAN_POINT('',(-0.32,-4.76,2.54));
#11725=CARTESIAN_POINT('',(-0.16,-4.76,2.54));
#11726=CARTESIAN_POINT('',(0.32,-5.4,2.54));
#11727=CARTESIAN_POINT('',(0.32,-4.605,2.54));
#11728=CARTESIAN_POINT('',(-0.32,-5.4,2.54));
#11729=CARTESIAN_POINT('',(-0.16,-5.4,2.54));
#11730=CARTESIAN_POINT('',(-0.32,-4.605,2.54));
#11731=CARTESIAN_POINT('',(0.32,-7.94,2.54));
#11732=CARTESIAN_POINT('',(0.32,-7.3,2.54));
#11733=CARTESIAN_POINT('',(0.32,-5.875,2.54));
#11734=CARTESIAN_POINT('',(-0.32,-7.94,2.54));
#11735=CARTESIAN_POINT('',(-0.16,-7.94,2.54));
#11736=CARTESIAN_POINT('',(-0.32,-7.3,2.54));
#11737=CARTESIAN_POINT('',(-0.32,-5.875,2.54));
#11738=CARTESIAN_POINT('',(-0.16,-7.3,2.54));
#11739=CARTESIAN_POINT('',(0.32,-0.32,2.54));
#11740=CARTESIAN_POINT('',(0.32,0.32,2.54));
#11741=CARTESIAN_POINT('',(0.32,-2.065,2.54));
#11742=CARTESIAN_POINT('',(-0.32,-0.32,2.54));
#11743=CARTESIAN_POINT('',(-0.16,-0.32,2.54));
#11744=CARTESIAN_POINT('',(-0.32,0.32,2.54));
#11745=CARTESIAN_POINT('',(-0.32,-2.065,2.54));
#11746=CARTESIAN_POINT('',(-0.16,0.32,2.54));
#11747=CARTESIAN_POINT('',(0.32,-2.22,2.54));
#11748=CARTESIAN_POINT('',(-0.32,-2.22,2.54));
#11749=CARTESIAN_POINT('',(-0.16,-2.22,2.54));
#11750=CARTESIAN_POINT('',(0.32,-2.86,2.54));
#11751=CARTESIAN_POINT('',(0.32,-3.335,2.54));
#11752=CARTESIAN_POINT('',(-0.32,-2.86,2.54));
#11753=CARTESIAN_POINT('',(-0.16,-2.86,2.54));
#11754=CARTESIAN_POINT('',(-0.32,-3.335,2.54));
#11755=CARTESIAN_POINT('Origin',(1.27,1.016,0.));
#11756=CARTESIAN_POINT('',(1.27,1.016,0.));
#11757=CARTESIAN_POINT('Origin',(-1.27,-1.016,0.));
#11758=CARTESIAN_POINT('',(-1.016,-1.27,0.));
#11759=CARTESIAN_POINT('Origin',(1.27,-1.016,0.));
#11760=CARTESIAN_POINT('',(1.27,-1.016,0.));
#11761=CARTESIAN_POINT('Origin',(-1.016,-1.27,0.));
#11762=CARTESIAN_POINT('',(-1.27,-1.524,0.));
#11763=CARTESIAN_POINT('Origin',(1.016,-1.27,0.));
#11764=CARTESIAN_POINT('',(1.016,-1.27,0.));
#11765=CARTESIAN_POINT('Origin',(-1.27,-1.524,0.));
#11766=CARTESIAN_POINT('',(-1.27,-3.556,0.));
#11767=CARTESIAN_POINT('Origin',(1.27,-1.524,0.));
#11768=CARTESIAN_POINT('',(1.27,-1.524,0.));
#11769=CARTESIAN_POINT('Origin',(-1.27,-3.556,0.));
#11770=CARTESIAN_POINT('',(-1.016,-3.81,0.));
#11771=CARTESIAN_POINT('Origin',(1.27,-3.556,0.));
#11772=CARTESIAN_POINT('',(1.27,-3.556,0.));
#11773=CARTESIAN_POINT('Origin',(-1.016,-3.81,0.));
#11774=CARTESIAN_POINT('',(-1.27,-4.064,0.));
#11775=CARTESIAN_POINT('Origin',(1.016,-3.81,0.));
#11776=CARTESIAN_POINT('',(1.016,-3.81,0.));
#11777=CARTESIAN_POINT('Origin',(-1.27,-4.064,0.));
#11778=CARTESIAN_POINT('',(-1.27,-6.096,0.));
#11779=CARTESIAN_POINT('Origin',(1.27,-4.064,0.));
#11780=CARTESIAN_POINT('',(1.27,-4.064,0.));
#11781=CARTESIAN_POINT('Origin',(-1.27,-6.096,0.));
#11782=CARTESIAN_POINT('',(-1.016,-6.35,0.));
#11783=CARTESIAN_POINT('Origin',(1.27,-6.096,0.));
#11784=CARTESIAN_POINT('',(1.27,-6.096,0.));
#11785=CARTESIAN_POINT('Origin',(-1.016,-6.35,0.));
#11786=CARTESIAN_POINT('',(-1.27,-6.604,0.));
#11787=CARTESIAN_POINT('Origin',(1.016,-6.35,0.));
#11788=CARTESIAN_POINT('',(1.016,-6.35,0.));
#11789=CARTESIAN_POINT('Origin',(-1.27,-6.604,0.));
#11790=CARTESIAN_POINT('',(-1.27,-8.636,0.));
#11791=CARTESIAN_POINT('Origin',(1.27,-6.604,0.));
#11792=CARTESIAN_POINT('',(1.27,-6.604,0.));
#11793=CARTESIAN_POINT('Origin',(-1.27,-8.636,0.));
#11794=CARTESIAN_POINT('',(-1.016,-8.89,0.));
#11795=CARTESIAN_POINT('Origin',(1.27,-8.636,0.));
#11796=CARTESIAN_POINT('',(1.27,-8.636,0.));
#11797=CARTESIAN_POINT('Origin',(-1.016,-8.89,0.));
#11798=CARTESIAN_POINT('',(1.016,-8.89,0.));
#11799=CARTESIAN_POINT('Origin',(1.016,-8.89,0.));
#11800=CARTESIAN_POINT('Origin',(-0.32,-4.76,-3.));
#11801=CARTESIAN_POINT('',(0.32,-4.76,-2.84));
#11802=CARTESIAN_POINT('',(0.32,-4.76,-3.));
#11803=CARTESIAN_POINT('',(-0.32,-4.76,-2.84));
#11804=CARTESIAN_POINT('',(-0.32,-4.76,-2.84));
#11805=CARTESIAN_POINT('',(-0.32,-4.76,-3.));
#11806=CARTESIAN_POINT('Origin',(-0.32,-5.4,-3.));
#11807=CARTESIAN_POINT('',(-0.32,-5.4,-2.84));
#11808=CARTESIAN_POINT('',(-0.32,-5.4,-3.));
#11809=CARTESIAN_POINT('',(-0.32,-5.4,-2.84));
#11810=CARTESIAN_POINT('Origin',(-0.32,-5.4,-3.));
#11811=CARTESIAN_POINT('',(0.32,-5.4,-2.84));
#11812=CARTESIAN_POINT('',(0.32,-5.4,-3.));
#11813=CARTESIAN_POINT('',(-0.32,-5.4,-2.84));
#11814=CARTESIAN_POINT('Origin',(0.32,-5.4,-3.));
#11815=CARTESIAN_POINT('',(0.32,-5.4,-2.84));
#11816=CARTESIAN_POINT('Origin',(0.32,-7.94,-3.));
#11817=CARTESIAN_POINT('',(0.32,-7.94,-2.84));
#11818=CARTESIAN_POINT('',(0.32,-7.94,-3.));
#11819=CARTESIAN_POINT('',(0.32,-7.3,-2.84));
#11820=CARTESIAN_POINT('',(0.32,-7.94,-2.84));
#11821=CARTESIAN_POINT('',(0.32,-7.3,-3.));
#11822=CARTESIAN_POINT('Origin',(-0.32,-7.3,-3.));
#11823=CARTESIAN_POINT('',(-0.32,-7.3,-2.84));
#11824=CARTESIAN_POINT('',(-0.32,-7.3,-2.84));
#11825=CARTESIAN_POINT('',(-0.32,-7.3,-3.));
#11826=CARTESIAN_POINT('Origin',(-0.32,-7.94,-3.));
#11827=CARTESIAN_POINT('',(-0.32,-7.94,-2.84));
#11828=CARTESIAN_POINT('',(-0.32,-7.94,-3.));
#11829=CARTESIAN_POINT('',(-0.32,-7.94,-2.84));
#11830=CARTESIAN_POINT('Origin',(-0.32,-7.94,-3.));
#11831=CARTESIAN_POINT('',(-0.32,-7.94,-2.84));
#11832=CARTESIAN_POINT('Origin',(0.32,-0.32,-3.));
#11833=CARTESIAN_POINT('',(0.32,-0.32,-2.84));
#11834=CARTESIAN_POINT('',(0.32,-0.32,-3.));
#11835=CARTESIAN_POINT('',(0.32,0.32,-2.84));
#11836=CARTESIAN_POINT('',(0.32,-0.32,-2.84));
#11837=CARTESIAN_POINT('',(0.32,0.32,-3.));
#11838=CARTESIAN_POINT('Origin',(-0.32,0.32,-3.));
#11839=CARTESIAN_POINT('',(-0.32,0.32,-2.84));
#11840=CARTESIAN_POINT('',(-0.32,0.32,-2.84));
#11841=CARTESIAN_POINT('',(-0.32,0.32,-3.));
#11842=CARTESIAN_POINT('Origin',(-0.32,-0.32,-3.));
#11843=CARTESIAN_POINT('',(-0.32,-0.32,-2.84));
#11844=CARTESIAN_POINT('',(-0.32,-0.32,-3.));
#11845=CARTESIAN_POINT('',(-0.32,-0.32,-2.84));
#11846=CARTESIAN_POINT('Origin',(-0.32,-0.32,-3.));
#11847=CARTESIAN_POINT('',(-0.32,-0.32,-2.84));
#11848=CARTESIAN_POINT('Origin',(-0.32,-2.22,-3.));
#11849=CARTESIAN_POINT('',(0.32,-2.22,-2.84));
#11850=CARTESIAN_POINT('',(0.32,-2.22,-3.));
#11851=CARTESIAN_POINT('',(-0.32,-2.22,-2.84));
#11852=CARTESIAN_POINT('',(-0.32,-2.22,-2.84));
#11853=CARTESIAN_POINT('',(-0.32,-2.22,-3.));
#11854=CARTESIAN_POINT('Origin',(-0.32,-2.86,-3.));
#11855=CARTESIAN_POINT('',(-0.32,-2.86,-2.84));
#11856=CARTESIAN_POINT('',(-0.32,-2.86,-3.));
#11857=CARTESIAN_POINT('',(-0.32,-2.86,-2.84));
#11858=CARTESIAN_POINT('Origin',(-0.32,-2.86,-3.));
#11859=CARTESIAN_POINT('',(0.32,-2.86,-2.84));
#11860=CARTESIAN_POINT('',(0.32,-2.86,-3.));
#11861=CARTESIAN_POINT('',(-0.32,-2.86,-2.84));
#11862=CARTESIAN_POINT('Origin',(0.32,-2.86,-3.));
#11863=CARTESIAN_POINT('',(0.32,-2.86,-2.84));
#11864=CARTESIAN_POINT('Origin',(-0.32,-4.76,-3.));
#11865=CARTESIAN_POINT('',(0.32,-4.76,8.38));
#11866=CARTESIAN_POINT('',(0.32,-4.76,-3.));
#11867=CARTESIAN_POINT('',(-0.32,-4.76,8.38));
#11868=CARTESIAN_POINT('',(-0.32,-4.76,-3.));
#11869=CARTESIAN_POINT('',(-0.32,-4.76,8.38));
#11870=CARTESIAN_POINT('Origin',(-0.32,-5.4,-3.));
#11871=CARTESIAN_POINT('',(-0.32,-5.4,8.38));
#11872=CARTESIAN_POINT('',(-0.32,-5.4,-3.));
#11873=CARTESIAN_POINT('',(-0.32,-5.4,8.38));
#11874=CARTESIAN_POINT('Origin',(-0.32,-5.4,-3.));
#11875=CARTESIAN_POINT('',(0.32,-5.4,8.38));
#11876=CARTESIAN_POINT('',(0.32,-5.4,-3.));
#11877=CARTESIAN_POINT('',(-0.32,-5.4,8.38));
#11878=CARTESIAN_POINT('Origin',(0.32,-5.4,-3.));
#11879=CARTESIAN_POINT('',(0.32,-5.4,8.38));
#11880=CARTESIAN_POINT('Origin',(0.32,-7.94,-3.));
#11881=CARTESIAN_POINT('',(0.32,-7.94,8.38));
#11882=CARTESIAN_POINT('',(0.32,-7.94,-3.));
#11883=CARTESIAN_POINT('',(0.32,-7.3,8.38));
#11884=CARTESIAN_POINT('',(0.32,-7.3,-3.));
#11885=CARTESIAN_POINT('',(0.32,-7.94,8.38));
#11886=CARTESIAN_POINT('Origin',(-0.32,-7.3,-3.));
#11887=CARTESIAN_POINT('',(-0.32,-7.3,8.38));
#11888=CARTESIAN_POINT('',(-0.32,-7.3,-3.));
#11889=CARTESIAN_POINT('',(-0.32,-7.3,8.38));
#11890=CARTESIAN_POINT('Origin',(-0.32,-7.94,-3.));
#11891=CARTESIAN_POINT('',(-0.32,-7.94,8.38));
#11892=CARTESIAN_POINT('',(-0.32,-7.94,-3.));
#11893=CARTESIAN_POINT('',(-0.32,-7.94,8.38));
#11894=CARTESIAN_POINT('Origin',(-0.32,-7.94,-3.));
#11895=CARTESIAN_POINT('',(-0.32,-7.94,8.38));
#11896=CARTESIAN_POINT('Origin',(0.32,-0.32,-3.));
#11897=CARTESIAN_POINT('',(0.32,-0.32,8.38));
#11898=CARTESIAN_POINT('',(0.32,-0.32,-3.));
#11899=CARTESIAN_POINT('',(0.32,0.32,8.38));
#11900=CARTESIAN_POINT('',(0.32,0.32,-3.));
#11901=CARTESIAN_POINT('',(0.32,-0.32,8.38));
#11902=CARTESIAN_POINT('Origin',(-0.32,0.32,-3.));
#11903=CARTESIAN_POINT('',(-0.32,0.32,8.38));
#11904=CARTESIAN_POINT('',(-0.32,0.32,-3.));
#11905=CARTESIAN_POINT('',(-0.32,0.32,8.38));
#11906=CARTESIAN_POINT('Origin',(-0.32,-0.32,-3.));
#11907=CARTESIAN_POINT('',(-0.32,-0.32,8.38));
#11908=CARTESIAN_POINT('',(-0.32,-0.32,-3.));
#11909=CARTESIAN_POINT('',(-0.32,-0.32,8.38));
#11910=CARTESIAN_POINT('Origin',(-0.32,-0.32,-3.));
#11911=CARTESIAN_POINT('',(-0.32,-0.32,8.38));
#11912=CARTESIAN_POINT('Origin',(-0.32,-2.22,-3.));
#11913=CARTESIAN_POINT('',(0.32,-2.22,8.38));
#11914=CARTESIAN_POINT('',(0.32,-2.22,-3.));
#11915=CARTESIAN_POINT('',(-0.32,-2.22,8.38));
#11916=CARTESIAN_POINT('',(-0.32,-2.22,-3.));
#11917=CARTESIAN_POINT('',(-0.32,-2.22,8.38));
#11918=CARTESIAN_POINT('Origin',(-0.32,-2.86,-3.));
#11919=CARTESIAN_POINT('',(-0.32,-2.86,8.38));
#11920=CARTESIAN_POINT('',(-0.32,-2.86,-3.));
#11921=CARTESIAN_POINT('',(-0.32,-2.86,8.38));
#11922=CARTESIAN_POINT('Origin',(-0.32,-2.86,-3.));
#11923=CARTESIAN_POINT('',(0.32,-2.86,8.38));
#11924=CARTESIAN_POINT('',(0.32,-2.86,-3.));
#11925=CARTESIAN_POINT('',(-0.32,-2.86,8.38));
#11926=CARTESIAN_POINT('Origin',(0.32,-2.86,-3.));
#11927=CARTESIAN_POINT('',(0.32,-2.86,8.38));
#11928=CARTESIAN_POINT('Origin',(-0.32,-4.84,-2.92));
#11929=CARTESIAN_POINT('',(-0.16,-4.92,-3.));
#11930=CARTESIAN_POINT('',(-0.16,-4.92,-3.));
#11931=CARTESIAN_POINT('',(0.16,-4.92,-3.));
#11932=CARTESIAN_POINT('',(0.05333333333333,-5.026666666667,-3.106666666667));
#11933=CARTESIAN_POINT('',(-0.32,-4.92,-3.));
#11934=CARTESIAN_POINT('Origin',(-0.24,-5.4,-2.92));
#11935=CARTESIAN_POINT('',(-0.16,-5.24,-3.));
#11936=CARTESIAN_POINT('',(-0.266666666667,-5.346666666667,-2.893333333333));
#11937=CARTESIAN_POINT('',(-0.16,-5.4,-3.));
#11938=CARTESIAN_POINT('Origin',(-0.32,-5.32,-2.92));
#11939=CARTESIAN_POINT('',(0.16,-5.24,-3.));
#11940=CARTESIAN_POINT('',(-0.32,-5.24,-3.));
#11941=CARTESIAN_POINT('',(0.16,-5.24,-3.));
#11942=CARTESIAN_POINT('Origin',(0.24,-5.4,-2.92));
#11943=CARTESIAN_POINT('',(0.16,-5.4,-3.));
#11944=CARTESIAN_POINT('Origin',(0.24,-7.94,-2.92));
#11945=CARTESIAN_POINT('',(0.16,-7.78,-3.));
#11946=CARTESIAN_POINT('',(0.16,-7.78,-3.));
#11947=CARTESIAN_POINT('',(0.16,-7.46,-3.));
#11948=CARTESIAN_POINT('',(0.16,-7.94,-3.));
#11949=CARTESIAN_POINT('',(0.05333333333333,-7.566666666667,-3.106666666667));
#11950=CARTESIAN_POINT('Origin',(-0.32,-7.38,-2.92));
#11951=CARTESIAN_POINT('',(-0.16,-7.46,-3.));
#11952=CARTESIAN_POINT('',(-0.16,-7.46,-3.));
#11953=CARTESIAN_POINT('',(-0.32,-7.46,-3.));
#11954=CARTESIAN_POINT('Origin',(-0.24,-7.94,-2.92));
#11955=CARTESIAN_POINT('',(-0.16,-7.78,-3.));
#11956=CARTESIAN_POINT('',(-0.266666666667,-7.886666666667,-2.893333333333));
#11957=CARTESIAN_POINT('',(-0.16,-7.94,-3.));
#11958=CARTESIAN_POINT('Origin',(-0.32,-7.86,-2.92));
#11959=CARTESIAN_POINT('',(-0.32,-7.78,-3.));
#11960=CARTESIAN_POINT('Origin',(0.24,-0.32,-2.92));
#11961=CARTESIAN_POINT('',(0.16,-0.16,-3.));
#11962=CARTESIAN_POINT('',(0.16,-0.16,-3.));
#11963=CARTESIAN_POINT('',(0.16,0.16,-3.));
#11964=CARTESIAN_POINT('',(0.16,-0.32,-3.));
#11965=CARTESIAN_POINT('',(0.05333333333333,0.05333333333333,-3.106666666667));
#11966=CARTESIAN_POINT('Origin',(-0.32,0.24,-2.92));
#11967=CARTESIAN_POINT('',(-0.16,0.16,-3.));
#11968=CARTESIAN_POINT('',(-0.16,0.16,-3.));
#11969=CARTESIAN_POINT('',(-0.32,0.16,-3.));
#11970=CARTESIAN_POINT('Origin',(-0.24,-0.32,-2.92));
#11971=CARTESIAN_POINT('',(-0.16,-0.16,-3.));
#11972=CARTESIAN_POINT('',(-0.266666666667,-0.266666666667,-2.893333333333));
#11973=CARTESIAN_POINT('',(-0.16,-0.32,-3.));
#11974=CARTESIAN_POINT('Origin',(-0.32,-0.24,-2.92));
#11975=CARTESIAN_POINT('',(-0.32,-0.16,-3.));
#11976=CARTESIAN_POINT('Origin',(-0.32,-2.3,-2.92));
#11977=CARTESIAN_POINT('',(-0.16,-2.38,-3.));
#11978=CARTESIAN_POINT('',(-0.16,-2.38,-3.));
#11979=CARTESIAN_POINT('',(0.16,-2.38,-3.));
#11980=CARTESIAN_POINT('',(0.05333333333333,-2.486666666667,-3.106666666667));
#11981=CARTESIAN_POINT('',(-0.32,-2.38,-3.));
#11982=CARTESIAN_POINT('Origin',(-0.24,-2.86,-2.92));
#11983=CARTESIAN_POINT('',(-0.16,-2.7,-3.));
#11984=CARTESIAN_POINT('',(-0.266666666667,-2.806666666667,-2.893333333333));
#11985=CARTESIAN_POINT('',(-0.16,-2.86,-3.));
#11986=CARTESIAN_POINT('Origin',(-0.32,-2.78,-2.92));
#11987=CARTESIAN_POINT('',(0.16,-2.7,-3.));
#11988=CARTESIAN_POINT('',(-0.32,-2.7,-3.));
#11989=CARTESIAN_POINT('',(0.16,-2.7,-3.));
#11990=CARTESIAN_POINT('Origin',(0.24,-2.86,-2.92));
#11991=CARTESIAN_POINT('',(0.16,-2.86,-3.));
#11992=CARTESIAN_POINT('Origin',(-0.32,-4.84,8.46));
#11993=CARTESIAN_POINT('',(-0.16,-4.92,8.54));
#11994=CARTESIAN_POINT('',(-0.16,-4.92,8.54));
#11995=CARTESIAN_POINT('',(0.16,-4.92,8.54));
#11996=CARTESIAN_POINT('',(-0.32,-4.92,8.54));
#11997=CARTESIAN_POINT('',(0.05333333333333,-5.026666666667,8.646666666667));
#11998=CARTESIAN_POINT('Origin',(-0.24,-5.4,8.46));
#11999=CARTESIAN_POINT('',(-0.16,-5.24,8.54));
#12000=CARTESIAN_POINT('',(-0.266666666667,-5.346666666667,8.433333333333));
#12001=CARTESIAN_POINT('',(-0.16,-5.4,8.54));
#12002=CARTESIAN_POINT('Origin',(-0.32,-5.32,8.46));
#12003=CARTESIAN_POINT('',(0.16,-5.24,8.54));
#12004=CARTESIAN_POINT('',(0.16,-5.24,8.54));
#12005=CARTESIAN_POINT('',(-0.32,-5.24,8.54));
#12006=CARTESIAN_POINT('Origin',(0.24,-5.4,8.46));
#12007=CARTESIAN_POINT('',(0.16,-5.4,8.54));
#12008=CARTESIAN_POINT('Origin',(0.24,-7.94,8.46));
#12009=CARTESIAN_POINT('',(0.16,-7.78,8.54));
#12010=CARTESIAN_POINT('',(0.16,-7.78,8.54));
#12011=CARTESIAN_POINT('',(0.16,-7.46,8.54));
#12012=CARTESIAN_POINT('',(0.05333333333333,-7.566666666667,8.646666666667));
#12013=CARTESIAN_POINT('',(0.16,-7.94,8.54));
#12014=CARTESIAN_POINT('Origin',(-0.32,-7.38,8.46));
#12015=CARTESIAN_POINT('',(-0.16,-7.46,8.54));
#12016=CARTESIAN_POINT('',(-0.16,-7.46,8.54));
#12017=CARTESIAN_POINT('',(-0.32,-7.46,8.54));
#12018=CARTESIAN_POINT('Origin',(-0.24,-7.94,8.46));
#12019=CARTESIAN_POINT('',(-0.16,-7.78,8.54));
#12020=CARTESIAN_POINT('',(-0.266666666667,-7.886666666667,8.433333333333));
#12021=CARTESIAN_POINT('',(-0.16,-7.94,8.54));
#12022=CARTESIAN_POINT('Origin',(-0.32,-7.86,8.46));
#12023=CARTESIAN_POINT('',(-0.32,-7.78,8.54));
#12024=CARTESIAN_POINT('Origin',(0.24,-0.32,8.46));
#12025=CARTESIAN_POINT('',(0.16,-0.16,8.54));
#12026=CARTESIAN_POINT('',(0.16,-0.16,8.54));
#12027=CARTESIAN_POINT('',(0.16,0.16,8.54));
#12028=CARTESIAN_POINT('',(0.05333333333333,0.05333333333333,8.646666666667));
#12029=CARTESIAN_POINT('',(0.16,-0.32,8.54));
#12030=CARTESIAN_POINT('Origin',(-0.32,0.24,8.46));
#12031=CARTESIAN_POINT('',(-0.16,0.16,8.54));
#12032=CARTESIAN_POINT('',(-0.16,0.16,8.54));
#12033=CARTESIAN_POINT('',(-0.32,0.16,8.54));
#12034=CARTESIAN_POINT('Origin',(-0.24,-0.32,8.46));
#12035=CARTESIAN_POINT('',(-0.16,-0.16,8.54));
#12036=CARTESIAN_POINT('',(-0.266666666667,-0.266666666667,8.433333333333));
#12037=CARTESIAN_POINT('',(-0.16,-0.32,8.54));
#12038=CARTESIAN_POINT('Origin',(-0.32,-0.24,8.46));
#12039=CARTESIAN_POINT('',(-0.32,-0.16,8.54));
#12040=CARTESIAN_POINT('Origin',(-0.32,-2.3,8.46));
#12041=CARTESIAN_POINT('',(-0.16,-2.38,8.54));
#12042=CARTESIAN_POINT('',(-0.16,-2.38,8.54));
#12043=CARTESIAN_POINT('',(0.16,-2.38,8.54));
#12044=CARTESIAN_POINT('',(-0.32,-2.38,8.54));
#12045=CARTESIAN_POINT('',(0.05333333333333,-2.486666666667,8.646666666667));
#12046=CARTESIAN_POINT('Origin',(-0.24,-2.86,8.46));
#12047=CARTESIAN_POINT('',(-0.16,-2.7,8.54));
#12048=CARTESIAN_POINT('',(-0.266666666667,-2.806666666667,8.433333333333));
#12049=CARTESIAN_POINT('',(-0.16,-2.86,8.54));
#12050=CARTESIAN_POINT('Origin',(-0.32,-2.78,8.46));
#12051=CARTESIAN_POINT('',(0.16,-2.7,8.54));
#12052=CARTESIAN_POINT('',(0.16,-2.7,8.54));
#12053=CARTESIAN_POINT('',(-0.32,-2.7,8.54));
#12054=CARTESIAN_POINT('Origin',(0.24,-2.86,8.46));
#12055=CARTESIAN_POINT('',(0.16,-2.86,8.54));
#12056=CARTESIAN_POINT('Origin',(-0.32,-5.4,-3.));
#12057=CARTESIAN_POINT('Origin',(-0.32,-7.94,-3.));
#12058=CARTESIAN_POINT('Origin',(-0.32,-0.32,-3.));
#12059=CARTESIAN_POINT('Origin',(-0.32,-2.86,-3.));
#12060=CARTESIAN_POINT('Origin',(-0.32,-5.4,8.54));
#12061=CARTESIAN_POINT('Origin',(-0.32,-7.94,8.54));
#12062=CARTESIAN_POINT('Origin',(-0.32,-0.32,8.54));
#12063=CARTESIAN_POINT('Origin',(-0.32,-2.86,8.54));
#12064=CARTESIAN_POINT('',(0.,0.,1.11022302462516E-16));
#12065=CARTESIAN_POINT('',(0.,0.,0.));
#12066=CARTESIAN_POINT('Origin',(166.5,-110.5,0.));
#12067=CARTESIAN_POINT('',(166.5,-110.5,0.));
#12068=CARTESIAN_POINT('',(166.5,-110.5,1.51));
#12069=CARTESIAN_POINT('',(166.5,-110.5,0.));
#12070=CARTESIAN_POINT('',(81.5,-110.5,1.51));
#12071=CARTESIAN_POINT('',(166.5,-110.5,1.51));
#12072=CARTESIAN_POINT('',(81.5,-110.5,0.));
#12073=CARTESIAN_POINT('',(81.5,-110.5,0.));
#12074=CARTESIAN_POINT('',(166.5,-110.5,0.));
#12075=CARTESIAN_POINT('Origin',(166.5,-54.5,0.));
#12076=CARTESIAN_POINT('',(166.5,-54.5,0.));
#12077=CARTESIAN_POINT('',(166.5,-54.5,1.51));
#12078=CARTESIAN_POINT('',(166.5,-54.5,0.));
#12079=CARTESIAN_POINT('',(166.5,-54.5,1.51));
#12080=CARTESIAN_POINT('',(166.5,-54.5,0.));
#12081=CARTESIAN_POINT('Origin',(81.5,-110.5,0.));
#12082=CARTESIAN_POINT('',(81.5,-54.5,1.51));
#12083=CARTESIAN_POINT('',(81.5,-110.5,1.51));
#12084=CARTESIAN_POINT('',(81.5,-54.5,0.));
#12085=CARTESIAN_POINT('',(81.5,-54.5,0.));
#12086=CARTESIAN_POINT('',(81.5,-110.5,0.));
#12087=CARTESIAN_POINT('Origin',(0.,0.,0.));
#12088=CARTESIAN_POINT('',(81.5,-54.5,0.));
#12089=CARTESIAN_POINT('',(87.63,-99.48,0.));
#12090=CARTESIAN_POINT('Origin',(87.63,-100.33,0.));
#12091=CARTESIAN_POINT('',(88.9,-97.04,0.));
#12092=CARTESIAN_POINT('Origin',(88.9,-97.79,0.));
#12093=CARTESIAN_POINT('',(92.71,-98.33,0.));
#12094=CARTESIAN_POINT('Origin',(92.71,-100.33,0.));
#12095=CARTESIAN_POINT('',(95.25,-94.5,0.));
#12096=CARTESIAN_POINT('Origin',(95.25,-95.25,0.));
#12097=CARTESIAN_POINT('',(97.79,-99.48,0.));
#12098=CARTESIAN_POINT('Origin',(97.79,-100.33,0.));
#12099=CARTESIAN_POINT('',(123.825,-102.5,0.));
#12100=CARTESIAN_POINT('Origin',(123.825,-103.,0.));
#12101=CARTESIAN_POINT('',(106.68,-99.48,0.));
#12102=CARTESIAN_POINT('Origin',(106.68,-100.33,0.));
#12103=CARTESIAN_POINT('',(107.95,-97.04,0.));
#12104=CARTESIAN_POINT('Origin',(107.95,-97.79,0.));
#12105=CARTESIAN_POINT('',(111.76,-98.33,0.));
#12106=CARTESIAN_POINT('Origin',(111.76,-100.33,0.));
#12107=CARTESIAN_POINT('',(114.3,-94.5,0.));
#12108=CARTESIAN_POINT('Origin',(114.3,-95.25,0.));
#12109=CARTESIAN_POINT('',(116.84,-99.48,0.));
#12110=CARTESIAN_POINT('Origin',(116.84,-100.33,0.));
#12111=CARTESIAN_POINT('',(123.825,-100.,0.));
#12112=CARTESIAN_POINT('Origin',(123.825,-100.5,0.));
#12113=CARTESIAN_POINT('',(123.825,-97.5,0.));
#12114=CARTESIAN_POINT('Origin',(123.825,-98.,0.));
#12115=CARTESIAN_POINT('',(86.,-92.,0.));
#12116=CARTESIAN_POINT('',(112.,-92.,0.));
#12117=CARTESIAN_POINT('',(86.,-92.,0.));
#12118=CARTESIAN_POINT('',(112.,-89.,0.));
#12119=CARTESIAN_POINT('',(112.,-92.,0.));
#12120=CARTESIAN_POINT('',(86.,-89.,0.));
#12121=CARTESIAN_POINT('',(112.,-89.,0.));
#12122=CARTESIAN_POINT('',(86.,-89.,0.));
#12123=CARTESIAN_POINT('',(131.975,-105.35,0.));
#12124=CARTESIAN_POINT('',(131.975,-106.85,0.));
#12125=CARTESIAN_POINT('Origin',(131.975,-106.1,0.));
#12126=CARTESIAN_POINT('',(130.675,-105.35,0.));
#12127=CARTESIAN_POINT('',(65.9875,-105.35,0.));
#12128=CARTESIAN_POINT('',(130.675,-106.85,0.));
#12129=CARTESIAN_POINT('Origin',(130.675,-106.1,0.));
#12130=CARTESIAN_POINT('',(65.3375,-106.85,0.));
#12131=CARTESIAN_POINT('',(138.325,-102.5,0.));
#12132=CARTESIAN_POINT('Origin',(138.325,-103.,0.));
#12133=CARTESIAN_POINT('',(143.,-102.22,0.));
#12134=CARTESIAN_POINT('Origin',(143.,-102.62,0.));
#12135=CARTESIAN_POINT('',(131.975,-94.15,0.));
#12136=CARTESIAN_POINT('',(131.975,-95.65,0.));
#12137=CARTESIAN_POINT('Origin',(131.975,-94.9,0.));
#12138=CARTESIAN_POINT('',(130.675,-94.15,0.));
#12139=CARTESIAN_POINT('',(65.9875,-94.15,0.));
#12140=CARTESIAN_POINT('',(130.675,-95.65,0.));
#12141=CARTESIAN_POINT('Origin',(130.675,-94.9,0.));
#12142=CARTESIAN_POINT('',(65.3375,-95.65,0.));
#12143=CARTESIAN_POINT('',(138.325,-97.5,0.));
#12144=CARTESIAN_POINT('Origin',(138.325,-98.,0.));
#12145=CARTESIAN_POINT('',(143.,-94.6,0.));
#12146=CARTESIAN_POINT('Origin',(143.,-95.,0.));
#12147=CARTESIAN_POINT('',(147.,-102.22,0.));
#12148=CARTESIAN_POINT('Origin',(147.,-102.62,0.));
#12149=CARTESIAN_POINT('',(151.,-102.22,0.));
#12150=CARTESIAN_POINT('Origin',(151.,-102.62,0.));
#12151=CARTESIAN_POINT('',(155.,-102.22,0.));
#12152=CARTESIAN_POINT('Origin',(155.,-102.62,0.));
#12153=CARTESIAN_POINT('',(159.,-102.22,0.));
#12154=CARTESIAN_POINT('Origin',(159.,-102.62,0.));
#12155=CARTESIAN_POINT('',(163.,-102.22,0.));
#12156=CARTESIAN_POINT('Origin',(163.,-102.62,0.));
#12157=CARTESIAN_POINT('',(147.,-94.6,0.));
#12158=CARTESIAN_POINT('Origin',(147.,-95.,0.));
#12159=CARTESIAN_POINT('',(151.,-94.6,0.));
#12160=CARTESIAN_POINT('Origin',(151.,-95.,0.));
#12161=CARTESIAN_POINT('',(155.,-94.6,0.));
#12162=CARTESIAN_POINT('Origin',(155.,-95.,0.));
#12163=CARTESIAN_POINT('',(159.,-94.6,0.));
#12164=CARTESIAN_POINT('Origin',(159.,-95.,0.));
#12165=CARTESIAN_POINT('',(163.,-94.6,0.));
#12166=CARTESIAN_POINT('Origin',(163.,-95.,0.));
#12167=CARTESIAN_POINT('',(145.38,-88.125,0.));
#12168=CARTESIAN_POINT('Origin',(145.38,-88.625,0.));
#12169=CARTESIAN_POINT('',(147.92,-88.125,0.));
#12170=CARTESIAN_POINT('Origin',(147.92,-88.625,0.));
#12171=CARTESIAN_POINT('',(150.46,-88.125,0.));
#12172=CARTESIAN_POINT('Origin',(150.46,-88.625,0.));
#12173=CARTESIAN_POINT('',(153.,-88.125,0.));
#12174=CARTESIAN_POINT('Origin',(153.,-88.625,0.));
#12175=CARTESIAN_POINT('',(155.54,-88.125,0.));
#12176=CARTESIAN_POINT('Origin',(155.54,-88.625,0.));
#12177=CARTESIAN_POINT('',(158.08,-88.125,0.));
#12178=CARTESIAN_POINT('Origin',(158.08,-88.625,0.));
#12179=CARTESIAN_POINT('',(160.62,-88.125,0.));
#12180=CARTESIAN_POINT('Origin',(160.62,-88.625,0.));
#12181=CARTESIAN_POINT('',(87.63,-80.43,0.));
#12182=CARTESIAN_POINT('Origin',(87.63,-81.28,0.));
#12183=CARTESIAN_POINT('',(92.71,-79.28,0.));
#12184=CARTESIAN_POINT('Origin',(92.71,-81.28,0.));
#12185=CARTESIAN_POINT('',(88.9,-77.99,0.));
#12186=CARTESIAN_POINT('Origin',(88.9,-78.74,0.));
#12187=CARTESIAN_POINT('',(97.79,-80.43,0.));
#12188=CARTESIAN_POINT('Origin',(97.79,-81.28,0.));
#12189=CARTESIAN_POINT('',(95.25,-75.45,0.));
#12190=CARTESIAN_POINT('Origin',(95.25,-76.2,0.));
#12191=CARTESIAN_POINT('',(86.,-72.5,0.));
#12192=CARTESIAN_POINT('',(121.,-72.5,0.));
#12193=CARTESIAN_POINT('',(86.,-72.5,0.));
#12194=CARTESIAN_POINT('',(121.,-70.,0.));
#12195=CARTESIAN_POINT('',(121.,-72.5,0.));
#12196=CARTESIAN_POINT('',(86.,-70.,0.));
#12197=CARTESIAN_POINT('',(121.,-70.,0.));
#12198=CARTESIAN_POINT('',(86.,-70.,0.));
#12199=CARTESIAN_POINT('',(106.68,-80.43,0.));
#12200=CARTESIAN_POINT('Origin',(106.68,-81.28,0.));
#12201=CARTESIAN_POINT('',(111.76,-79.28,0.));
#12202=CARTESIAN_POINT('Origin',(111.76,-81.28,0.));
#12203=CARTESIAN_POINT('',(107.95,-77.99,0.));
#12204=CARTESIAN_POINT('Origin',(107.95,-78.74,0.));
#12205=CARTESIAN_POINT('',(116.84,-80.43,0.));
#12206=CARTESIAN_POINT('Origin',(116.84,-81.28,0.));
#12207=CARTESIAN_POINT('',(114.3,-75.45,0.));
#12208=CARTESIAN_POINT('Origin',(114.3,-76.2,0.));
#12209=CARTESIAN_POINT('',(87.,-66.12,0.));
#12210=CARTESIAN_POINT('Origin',(87.,-66.62,0.));
#12211=CARTESIAN_POINT('',(87.,-63.58,0.));
#12212=CARTESIAN_POINT('Origin',(87.,-64.08,0.));
#12213=CARTESIAN_POINT('',(87.,-61.04,0.));
#12214=CARTESIAN_POINT('Origin',(87.,-61.54,0.));
#12215=CARTESIAN_POINT('',(87.,-58.5,0.));
#12216=CARTESIAN_POINT('Origin',(87.,-59.,0.));
#12217=CARTESIAN_POINT('',(125.73,-80.43,0.));
#12218=CARTESIAN_POINT('Origin',(125.73,-81.28,0.));
#12219=CARTESIAN_POINT('',(130.81,-79.28,0.));
#12220=CARTESIAN_POINT('Origin',(130.81,-81.28,0.));
#12221=CARTESIAN_POINT('',(127.,-77.99,0.));
#12222=CARTESIAN_POINT('Origin',(127.,-78.74,0.));
#12223=CARTESIAN_POINT('',(135.89,-80.43,0.));
#12224=CARTESIAN_POINT('Origin',(135.89,-81.28,0.));
#12225=CARTESIAN_POINT('',(133.35,-75.45,0.));
#12226=CARTESIAN_POINT('Origin',(133.35,-76.2,0.));
#12227=CARTESIAN_POINT('',(145.38,-72.875,0.));
#12228=CARTESIAN_POINT('Origin',(145.38,-73.375,0.));
#12229=CARTESIAN_POINT('',(147.92,-72.875,0.));
#12230=CARTESIAN_POINT('Origin',(147.92,-73.375,0.));
#12231=CARTESIAN_POINT('',(150.46,-72.875,0.));
#12232=CARTESIAN_POINT('Origin',(150.46,-73.375,0.));
#12233=CARTESIAN_POINT('',(153.,-72.875,0.));
#12234=CARTESIAN_POINT('Origin',(153.,-73.375,0.));
#12235=CARTESIAN_POINT('',(155.54,-72.875,0.));
#12236=CARTESIAN_POINT('Origin',(155.54,-73.375,0.));
#12237=CARTESIAN_POINT('',(158.08,-72.875,0.));
#12238=CARTESIAN_POINT('Origin',(158.08,-73.375,0.));
#12239=CARTESIAN_POINT('',(160.62,-72.875,0.));
#12240=CARTESIAN_POINT('Origin',(160.62,-73.375,0.));
#12241=CARTESIAN_POINT('Origin',(0.,0.,1.51));
#12242=CARTESIAN_POINT('',(81.5,-54.5,1.51));
#12243=CARTESIAN_POINT('',(87.63,-99.48,1.51));
#12244=CARTESIAN_POINT('Origin',(87.63,-100.33,1.51));
#12245=CARTESIAN_POINT('',(88.9,-97.04,1.51));
#12246=CARTESIAN_POINT('Origin',(88.9,-97.79,1.51));
#12247=CARTESIAN_POINT('',(92.71,-98.33,1.51));
#12248=CARTESIAN_POINT('Origin',(92.71,-100.33,1.51));
#12249=CARTESIAN_POINT('',(95.25,-94.5,1.51));
#12250=CARTESIAN_POINT('Origin',(95.25,-95.25,1.51));
#12251=CARTESIAN_POINT('',(97.79,-99.48,1.51));
#12252=CARTESIAN_POINT('Origin',(97.79,-100.33,1.51));
#12253=CARTESIAN_POINT('',(123.825,-102.5,1.51));
#12254=CARTESIAN_POINT('Origin',(123.825,-103.,1.51));
#12255=CARTESIAN_POINT('',(106.68,-99.48,1.51));
#12256=CARTESIAN_POINT('Origin',(106.68,-100.33,1.51));
#12257=CARTESIAN_POINT('',(107.95,-97.04,1.51));
#12258=CARTESIAN_POINT('Origin',(107.95,-97.79,1.51));
#12259=CARTESIAN_POINT('',(111.76,-98.33,1.51));
#12260=CARTESIAN_POINT('Origin',(111.76,-100.33,1.51));
#12261=CARTESIAN_POINT('',(114.3,-94.5,1.51));
#12262=CARTESIAN_POINT('Origin',(114.3,-95.25,1.51));
#12263=CARTESIAN_POINT('',(116.84,-99.48,1.51));
#12264=CARTESIAN_POINT('Origin',(116.84,-100.33,1.51));
#12265=CARTESIAN_POINT('',(123.825,-100.,1.51));
#12266=CARTESIAN_POINT('Origin',(123.825,-100.5,1.51));
#12267=CARTESIAN_POINT('',(123.825,-97.5,1.51));
#12268=CARTESIAN_POINT('Origin',(123.825,-98.,1.51));
#12269=CARTESIAN_POINT('',(86.,-92.,1.51));
#12270=CARTESIAN_POINT('',(112.,-92.,1.51));
#12271=CARTESIAN_POINT('',(86.,-92.,1.51));
#12272=CARTESIAN_POINT('',(86.,-89.,1.51));
#12273=CARTESIAN_POINT('',(86.,-89.,1.51));
#12274=CARTESIAN_POINT('',(112.,-89.,1.51));
#12275=CARTESIAN_POINT('',(112.,-89.,1.51));
#12276=CARTESIAN_POINT('',(112.,-92.,1.51));
#12277=CARTESIAN_POINT('',(131.975,-105.35,1.51));
#12278=CARTESIAN_POINT('',(131.975,-106.85,1.51));
#12279=CARTESIAN_POINT('Origin',(131.975,-106.1,1.51));
#12280=CARTESIAN_POINT('',(130.675,-106.85,1.51));
#12281=CARTESIAN_POINT('',(65.3375,-106.85,1.51));
#12282=CARTESIAN_POINT('',(130.675,-105.35,1.51));
#12283=CARTESIAN_POINT('Origin',(130.675,-106.1,1.51));
#12284=CARTESIAN_POINT('',(65.9875,-105.35,1.51));
#12285=CARTESIAN_POINT('',(138.325,-102.5,1.51));
#12286=CARTESIAN_POINT('Origin',(138.325,-103.,1.51));
#12287=CARTESIAN_POINT('',(143.,-102.22,1.51));
#12288=CARTESIAN_POINT('Origin',(143.,-102.62,1.51));
#12289=CARTESIAN_POINT('',(131.975,-94.15,1.51));
#12290=CARTESIAN_POINT('',(131.975,-95.65,1.51));
#12291=CARTESIAN_POINT('Origin',(131.975,-94.9,1.51));
#12292=CARTESIAN_POINT('',(130.675,-95.65,1.51));
#12293=CARTESIAN_POINT('',(65.3375,-95.65,1.51));
#12294=CARTESIAN_POINT('',(130.675,-94.15,1.51));
#12295=CARTESIAN_POINT('Origin',(130.675,-94.9,1.51));
#12296=CARTESIAN_POINT('',(65.9875,-94.15,1.51));
#12297=CARTESIAN_POINT('',(138.325,-97.5,1.51));
#12298=CARTESIAN_POINT('Origin',(138.325,-98.,1.51));
#12299=CARTESIAN_POINT('',(143.,-94.6,1.51));
#12300=CARTESIAN_POINT('Origin',(143.,-95.,1.51));
#12301=CARTESIAN_POINT('',(147.,-102.22,1.51));
#12302=CARTESIAN_POINT('Origin',(147.,-102.62,1.51));
#12303=CARTESIAN_POINT('',(151.,-102.22,1.51));
#12304=CARTESIAN_POINT('Origin',(151.,-102.62,1.51));
#12305=CARTESIAN_POINT('',(155.,-102.22,1.51));
#12306=CARTESIAN_POINT('Origin',(155.,-102.62,1.51));
#12307=CARTESIAN_POINT('',(159.,-102.22,1.51));
#12308=CARTESIAN_POINT('Origin',(159.,-102.62,1.51));
#12309=CARTESIAN_POINT('',(163.,-102.22,1.51));
#12310=CARTESIAN_POINT('Origin',(163.,-102.62,1.51));
#12311=CARTESIAN_POINT('',(147.,-94.6,1.51));
#12312=CARTESIAN_POINT('Origin',(147.,-95.,1.51));
#12313=CARTESIAN_POINT('',(151.,-94.6,1.51));
#12314=CARTESIAN_POINT('Origin',(151.,-95.,1.51));
#12315=CARTESIAN_POINT('',(155.,-94.6,1.51));
#12316=CARTESIAN_POINT('Origin',(155.,-95.,1.51));
#12317=CARTESIAN_POINT('',(159.,-94.6,1.51));
#12318=CARTESIAN_POINT('Origin',(159.,-95.,1.51));
#12319=CARTESIAN_POINT('',(163.,-94.6,1.51));
#12320=CARTESIAN_POINT('Origin',(163.,-95.,1.51));
#12321=CARTESIAN_POINT('',(145.38,-88.125,1.51));
#12322=CARTESIAN_POINT('Origin',(145.38,-88.625,1.51));
#12323=CARTESIAN_POINT('',(147.92,-88.125,1.51));
#12324=CARTESIAN_POINT('Origin',(147.92,-88.625,1.51));
#12325=CARTESIAN_POINT('',(150.46,-88.125,1.51));
#12326=CARTESIAN_POINT('Origin',(150.46,-88.625,1.51));
#12327=CARTESIAN_POINT('',(153.,-88.125,1.51));
#12328=CARTESIAN_POINT('Origin',(153.,-88.625,1.51));
#12329=CARTESIAN_POINT('',(155.54,-88.125,1.51));
#12330=CARTESIAN_POINT('Origin',(155.54,-88.625,1.51));
#12331=CARTESIAN_POINT('',(158.08,-88.125,1.51));
#12332=CARTESIAN_POINT('Origin',(158.08,-88.625,1.51));
#12333=CARTESIAN_POINT('',(160.62,-88.125,1.51));
#12334=CARTESIAN_POINT('Origin',(160.62,-88.625,1.51));
#12335=CARTESIAN_POINT('',(87.63,-80.43,1.51));
#12336=CARTESIAN_POINT('Origin',(87.63,-81.28,1.51));
#12337=CARTESIAN_POINT('',(92.71,-79.28,1.51));
#12338=CARTESIAN_POINT('Origin',(92.71,-81.28,1.51));
#12339=CARTESIAN_POINT('',(88.9,-77.99,1.51));
#12340=CARTESIAN_POINT('Origin',(88.9,-78.74,1.51));
#12341=CARTESIAN_POINT('',(97.79,-80.43,1.51));
#12342=CARTESIAN_POINT('Origin',(97.79,-81.28,1.51));
#12343=CARTESIAN_POINT('',(95.25,-75.45,1.51));
#12344=CARTESIAN_POINT('Origin',(95.25,-76.2,1.51));
#12345=CARTESIAN_POINT('',(86.,-72.5,1.51));
#12346=CARTESIAN_POINT('',(121.,-72.5,1.51));
#12347=CARTESIAN_POINT('',(86.,-72.5,1.51));
#12348=CARTESIAN_POINT('',(86.,-70.,1.51));
#12349=CARTESIAN_POINT('',(86.,-70.,1.51));
#12350=CARTESIAN_POINT('',(121.,-70.,1.51));
#12351=CARTESIAN_POINT('',(121.,-70.,1.51));
#12352=CARTESIAN_POINT('',(121.,-72.5,1.51));
#12353=CARTESIAN_POINT('',(106.68,-80.43,1.51));
#12354=CARTESIAN_POINT('Origin',(106.68,-81.28,1.51));
#12355=CARTESIAN_POINT('',(111.76,-79.28,1.51));
#12356=CARTESIAN_POINT('Origin',(111.76,-81.28,1.51));
#12357=CARTESIAN_POINT('',(107.95,-77.99,1.51));
#12358=CARTESIAN_POINT('Origin',(107.95,-78.74,1.51));
#12359=CARTESIAN_POINT('',(116.84,-80.43,1.51));
#12360=CARTESIAN_POINT('Origin',(116.84,-81.28,1.51));
#12361=CARTESIAN_POINT('',(114.3,-75.45,1.51));
#12362=CARTESIAN_POINT('Origin',(114.3,-76.2,1.51));
#12363=CARTESIAN_POINT('',(87.,-66.12,1.51));
#12364=CARTESIAN_POINT('Origin',(87.,-66.62,1.51));
#12365=CARTESIAN_POINT('',(87.,-63.58,1.51));
#12366=CARTESIAN_POINT('Origin',(87.,-64.08,1.51));
#12367=CARTESIAN_POINT('',(87.,-61.04,1.51));
#12368=CARTESIAN_POINT('Origin',(87.,-61.54,1.51));
#12369=CARTESIAN_POINT('',(87.,-58.5,1.51));
#12370=CARTESIAN_POINT('Origin',(87.,-59.,1.51));
#12371=CARTESIAN_POINT('',(125.73,-80.43,1.51));
#12372=CARTESIAN_POINT('Origin',(125.73,-81.28,1.51));
#12373=CARTESIAN_POINT('',(130.81,-79.28,1.51));
#12374=CARTESIAN_POINT('Origin',(130.81,-81.28,1.51));
#12375=CARTESIAN_POINT('',(127.,-77.99,1.51));
#12376=CARTESIAN_POINT('Origin',(127.,-78.74,1.51));
#12377=CARTESIAN_POINT('',(135.89,-80.43,1.51));
#12378=CARTESIAN_POINT('Origin',(135.89,-81.28,1.51));
#12379=CARTESIAN_POINT('',(133.35,-75.45,1.51));
#12380=CARTESIAN_POINT('Origin',(133.35,-76.2,1.51));
#12381=CARTESIAN_POINT('',(145.38,-72.875,1.51));
#12382=CARTESIAN_POINT('Origin',(145.38,-73.375,1.51));
#12383=CARTESIAN_POINT('',(147.92,-72.875,1.51));
#12384=CARTESIAN_POINT('Origin',(147.92,-73.375,1.51));
#12385=CARTESIAN_POINT('',(150.46,-72.875,1.51));
#12386=CARTESIAN_POINT('Origin',(150.46,-73.375,1.51));
#12387=CARTESIAN_POINT('',(153.,-72.875,1.51));
#12388=CARTESIAN_POINT('Origin',(153.,-73.375,1.51));
#12389=CARTESIAN_POINT('',(155.54,-72.875,1.51));
#12390=CARTESIAN_POINT('Origin',(155.54,-73.375,1.51));
#12391=CARTESIAN_POINT('',(158.08,-72.875,1.51));
#12392=CARTESIAN_POINT('Origin',(158.08,-73.375,1.51));
#12393=CARTESIAN_POINT('',(160.62,-72.875,1.51));
#12394=CARTESIAN_POINT('Origin',(160.62,-73.375,1.51));
#12395=CARTESIAN_POINT('Origin',(81.5,-54.5,0.));
#12396=CARTESIAN_POINT('Origin',(87.63,-100.33,-0.046));
#12397=CARTESIAN_POINT('',(87.63,-99.48,-0.046));
#12398=CARTESIAN_POINT('Origin',(88.9,-97.79,-0.046));
#12399=CARTESIAN_POINT('',(88.9,-97.04,-0.046));
#12400=CARTESIAN_POINT('Origin',(92.71,-100.33,-0.046));
#12401=CARTESIAN_POINT('',(92.71,-98.33,-0.046));
#12402=CARTESIAN_POINT('Origin',(95.25,-95.25,-0.046));
#12403=CARTESIAN_POINT('',(95.25,-94.5,-0.046));
#12404=CARTESIAN_POINT('Origin',(97.79,-100.33,-0.046));
#12405=CARTESIAN_POINT('',(97.79,-99.48,-0.046));
#12406=CARTESIAN_POINT('Origin',(123.825,-103.,-0.046));
#12407=CARTESIAN_POINT('',(123.825,-102.5,-0.046));
#12408=CARTESIAN_POINT('Origin',(106.68,-100.33,-0.046));
#12409=CARTESIAN_POINT('',(106.68,-99.48,-0.046));
#12410=CARTESIAN_POINT('Origin',(107.95,-97.79,-0.046));
#12411=CARTESIAN_POINT('',(107.95,-97.04,-0.046));
#12412=CARTESIAN_POINT('Origin',(111.76,-100.33,-0.046));
#12413=CARTESIAN_POINT('',(111.76,-98.33,-0.046));
#12414=CARTESIAN_POINT('Origin',(114.3,-95.25,-0.046));
#12415=CARTESIAN_POINT('',(114.3,-94.5,-0.046));
#12416=CARTESIAN_POINT('Origin',(116.84,-100.33,-0.046));
#12417=CARTESIAN_POINT('',(116.84,-99.48,-0.046));
#12418=CARTESIAN_POINT('Origin',(123.825,-100.5,-0.046));
#12419=CARTESIAN_POINT('',(123.825,-100.,-0.046));
#12420=CARTESIAN_POINT('Origin',(123.825,-98.,-0.046));
#12421=CARTESIAN_POINT('',(123.825,-97.5,-0.046));
#12422=CARTESIAN_POINT('Origin',(86.,-92.,0.));
#12423=CARTESIAN_POINT('',(86.,-92.,0.));
#12424=CARTESIAN_POINT('',(112.,-92.,0.));
#12425=CARTESIAN_POINT('Origin',(86.,-89.,0.));
#12426=CARTESIAN_POINT('',(86.,-89.,0.));
#12427=CARTESIAN_POINT('Origin',(112.,-92.,0.));
#12428=CARTESIAN_POINT('',(112.,-89.,0.));
#12429=CARTESIAN_POINT('Origin',(112.,-89.,0.));
#12430=CARTESIAN_POINT('Origin',(131.975,-106.1,-0.046));
#12431=CARTESIAN_POINT('',(131.975,-106.85,-0.046));
#12432=CARTESIAN_POINT('',(131.975,-105.35,-0.046));
#12433=CARTESIAN_POINT('Origin',(131.975,-105.35,-0.046));
#12434=CARTESIAN_POINT('',(130.675,-105.35,-0.046));
#12435=CARTESIAN_POINT('Origin',(130.675,-106.1,-0.046));
#12436=CARTESIAN_POINT('',(130.675,-106.85,-0.046));
#12437=CARTESIAN_POINT('Origin',(130.675,-106.85,-0.046));
#12438=CARTESIAN_POINT('Origin',(138.325,-103.,-0.046));
#12439=CARTESIAN_POINT('',(138.325,-102.5,-0.046));
#12440=CARTESIAN_POINT('Origin',(143.,-102.62,-0.046));
#12441=CARTESIAN_POINT('',(143.,-102.22,-0.046));
#12442=CARTESIAN_POINT('Origin',(131.975,-94.9,-0.046));
#12443=CARTESIAN_POINT('',(131.975,-95.65,-0.046));
#12444=CARTESIAN_POINT('',(131.975,-94.15,-0.046));
#12445=CARTESIAN_POINT('Origin',(131.975,-94.15,-0.046));
#12446=CARTESIAN_POINT('',(130.675,-94.15,-0.046));
#12447=CARTESIAN_POINT('Origin',(130.675,-94.9,-0.046));
#12448=CARTESIAN_POINT('',(130.675,-95.65,-0.046));
#12449=CARTESIAN_POINT('Origin',(130.675,-95.65,-0.046));
#12450=CARTESIAN_POINT('Origin',(138.325,-98.,-0.046));
#12451=CARTESIAN_POINT('',(138.325,-97.5,-0.046));
#12452=CARTESIAN_POINT('Origin',(143.,-95.,-0.046));
#12453=CARTESIAN_POINT('',(143.,-94.6,-0.046));
#12454=CARTESIAN_POINT('Origin',(147.,-102.62,-0.046));
#12455=CARTESIAN_POINT('',(147.,-102.22,-0.046));
#12456=CARTESIAN_POINT('Origin',(151.,-102.62,-0.046));
#12457=CARTESIAN_POINT('',(151.,-102.22,-0.046));
#12458=CARTESIAN_POINT('Origin',(155.,-102.62,-0.046));
#12459=CARTESIAN_POINT('',(155.,-102.22,-0.046));
#12460=CARTESIAN_POINT('Origin',(159.,-102.62,-0.046));
#12461=CARTESIAN_POINT('',(159.,-102.22,-0.046));
#12462=CARTESIAN_POINT('Origin',(163.,-102.62,-0.046));
#12463=CARTESIAN_POINT('',(163.,-102.22,-0.046));
#12464=CARTESIAN_POINT('Origin',(147.,-95.,-0.046));
#12465=CARTESIAN_POINT('',(147.,-94.6,-0.046));
#12466=CARTESIAN_POINT('Origin',(151.,-95.,-0.046));
#12467=CARTESIAN_POINT('',(151.,-94.6,-0.046));
#12468=CARTESIAN_POINT('Origin',(155.,-95.,-0.046));
#12469=CARTESIAN_POINT('',(155.,-94.6,-0.046));
#12470=CARTESIAN_POINT('Origin',(159.,-95.,-0.046));
#12471=CARTESIAN_POINT('',(159.,-94.6,-0.046));
#12472=CARTESIAN_POINT('Origin',(163.,-95.,-0.046));
#12473=CARTESIAN_POINT('',(163.,-94.6,-0.046));
#12474=CARTESIAN_POINT('Origin',(145.38,-88.625,-0.046));
#12475=CARTESIAN_POINT('',(145.38,-88.125,-0.046));
#12476=CARTESIAN_POINT('Origin',(147.92,-88.625,-0.046));
#12477=CARTESIAN_POINT('',(147.92,-88.125,-0.046));
#12478=CARTESIAN_POINT('Origin',(150.46,-88.625,-0.046));
#12479=CARTESIAN_POINT('',(150.46,-88.125,-0.046));
#12480=CARTESIAN_POINT('Origin',(153.,-88.625,-0.046));
#12481=CARTESIAN_POINT('',(153.,-88.125,-0.046));
#12482=CARTESIAN_POINT('Origin',(155.54,-88.625,-0.046));
#12483=CARTESIAN_POINT('',(155.54,-88.125,-0.046));
#12484=CARTESIAN_POINT('Origin',(158.08,-88.625,-0.046));
#12485=CARTESIAN_POINT('',(158.08,-88.125,-0.046));
#12486=CARTESIAN_POINT('Origin',(160.62,-88.625,-0.046));
#12487=CARTESIAN_POINT('',(160.62,-88.125,-0.046));
#12488=CARTESIAN_POINT('Origin',(87.63,-81.28,-0.046));
#12489=CARTESIAN_POINT('',(87.63,-80.43,-0.046));
#12490=CARTESIAN_POINT('Origin',(92.71,-81.28,-0.046));
#12491=CARTESIAN_POINT('',(92.71,-79.28,-0.046));
#12492=CARTESIAN_POINT('Origin',(88.9,-78.74,-0.046));
#12493=CARTESIAN_POINT('',(88.9,-77.99,-0.046));
#12494=CARTESIAN_POINT('Origin',(97.79,-81.28,-0.046));
#12495=CARTESIAN_POINT('',(97.79,-80.43,-0.046));
#12496=CARTESIAN_POINT('Origin',(95.25,-76.2,-0.046));
#12497=CARTESIAN_POINT('',(95.25,-75.45,-0.046));
#12498=CARTESIAN_POINT('Origin',(86.,-72.5,0.));
#12499=CARTESIAN_POINT('',(86.,-72.5,0.));
#12500=CARTESIAN_POINT('',(121.,-72.5,0.));
#12501=CARTESIAN_POINT('Origin',(86.,-70.,0.));
#12502=CARTESIAN_POINT('',(86.,-70.,0.));
#12503=CARTESIAN_POINT('Origin',(121.,-72.5,0.));
#12504=CARTESIAN_POINT('',(121.,-70.,0.));
#12505=CARTESIAN_POINT('Origin',(121.,-70.,0.));
#12506=CARTESIAN_POINT('Origin',(106.68,-81.28,-0.046));
#12507=CARTESIAN_POINT('',(106.68,-80.43,-0.046));
#12508=CARTESIAN_POINT('Origin',(111.76,-81.28,-0.046));
#12509=CARTESIAN_POINT('',(111.76,-79.28,-0.046));
#12510=CARTESIAN_POINT('Origin',(107.95,-78.74,-0.046));
#12511=CARTESIAN_POINT('',(107.95,-77.99,-0.046));
#12512=CARTESIAN_POINT('Origin',(116.84,-81.28,-0.046));
#12513=CARTESIAN_POINT('',(116.84,-80.43,-0.046));
#12514=CARTESIAN_POINT('Origin',(114.3,-76.2,-0.046));
#12515=CARTESIAN_POINT('',(114.3,-75.45,-0.046));
#12516=CARTESIAN_POINT('Origin',(87.,-66.62,-0.046));
#12517=CARTESIAN_POINT('',(87.,-66.12,-0.046));
#12518=CARTESIAN_POINT('Origin',(87.,-64.08,-0.046));
#12519=CARTESIAN_POINT('',(87.,-63.58,-0.046));
#12520=CARTESIAN_POINT('Origin',(87.,-61.54,-0.046));
#12521=CARTESIAN_POINT('',(87.,-61.04,-0.046));
#12522=CARTESIAN_POINT('Origin',(87.,-59.,-0.046));
#12523=CARTESIAN_POINT('',(87.,-58.5,-0.046));
#12524=CARTESIAN_POINT('Origin',(125.73,-81.28,-0.046));
#12525=CARTESIAN_POINT('',(125.73,-80.43,-0.046));
#12526=CARTESIAN_POINT('Origin',(130.81,-81.28,-0.046));
#12527=CARTESIAN_POINT('',(130.81,-79.28,-0.046));
#12528=CARTESIAN_POINT('Origin',(127.,-78.74,-0.046));
#12529=CARTESIAN_POINT('',(127.,-77.99,-0.046));
#12530=CARTESIAN_POINT('Origin',(135.89,-81.28,-0.046));
#12531=CARTESIAN_POINT('',(135.89,-80.43,-0.046));
#12532=CARTESIAN_POINT('Origin',(133.35,-76.2,-0.046));
#12533=CARTESIAN_POINT('',(133.35,-75.45,-0.046));
#12534=CARTESIAN_POINT('Origin',(145.38,-73.375,-0.046));
#12535=CARTESIAN_POINT('',(145.38,-72.875,-0.046));
#12536=CARTESIAN_POINT('Origin',(147.92,-73.375,-0.046));
#12537=CARTESIAN_POINT('',(147.92,-72.875,-0.046));
#12538=CARTESIAN_POINT('Origin',(150.46,-73.375,-0.046));
#12539=CARTESIAN_POINT('',(150.46,-72.875,-0.046));
#12540=CARTESIAN_POINT('Origin',(153.,-73.375,-0.046));
#12541=CARTESIAN_POINT('',(153.,-72.875,-0.046));
#12542=CARTESIAN_POINT('Origin',(155.54,-73.375,-0.046));
#12543=CARTESIAN_POINT('',(155.54,-72.875,-0.046));
#12544=CARTESIAN_POINT('Origin',(158.08,-73.375,-0.046));
#12545=CARTESIAN_POINT('',(158.08,-72.875,-0.046));
#12546=CARTESIAN_POINT('Origin',(160.62,-73.375,-0.046));
#12547=CARTESIAN_POINT('',(160.62,-72.875,-0.046));
#12548=CARTESIAN_POINT('',(0.,0.,0.));
#12549=CARTESIAN_POINT('',(0.,0.,0.));
#12550=CARTESIAN_POINT('',(0.,0.,0.));
#12551=CARTESIAN_POINT('',(0.,0.,0.));
#12552=CARTESIAN_POINT('',(0.,0.,0.));
#12553=CARTESIAN_POINT('',(0.,0.,0.));
#12554=CARTESIAN_POINT('Origin',(0.,6.7E-16,1.));
#12555=CARTESIAN_POINT('',(0.25,1.E-15,1.));
#12556=CARTESIAN_POINT('',(-0.25,6.39383830021316E-16,1.));
#12557=CARTESIAN_POINT('Origin',(0.,6.7E-16,1.));
#12558=CARTESIAN_POINT('Origin',(0.,6.7E-16,1.));
#12559=CARTESIAN_POINT('',(-0.25,-1.30616169978684E-16,-2.5));
#12560=CARTESIAN_POINT('',(-0.25,6.39383830021316E-16,1.));
#12561=CARTESIAN_POINT('Origin',(0.,-1.1E-16,-2.5));
#12562=CARTESIAN_POINT('Origin',(0.5,6.7E-16,1.));
#12563=CARTESIAN_POINT('',(0.5,1.E-15,1.25));
#12564=CARTESIAN_POINT('',(0.5,8.04383830021316E-16,1.75));
#12565=CARTESIAN_POINT('Origin',(0.5,7.8E-16,1.5));
#12566=CARTESIAN_POINT('Origin',(0.5,7.8E-16,1.5));
#12567=CARTESIAN_POINT('Origin',(0.5,6.39383830021316E-16,1.));
#12568=CARTESIAN_POINT('Origin',(0.5,7.8E-16,1.5));
#12569=CARTESIAN_POINT('',(7.12,1.E-15,1.25));
#12570=CARTESIAN_POINT('',(7.12,8.04383830021316E-16,1.75));
#12571=CARTESIAN_POINT('Origin',(7.12,7.8E-16,1.5));
#12572=CARTESIAN_POINT('Origin',(7.12,7.8E-16,1.5));
#12573=CARTESIAN_POINT('',(0.5,8.04383830021316E-16,1.75));
#12574=CARTESIAN_POINT('Origin',(7.12,6.7E-16,1.));
#12575=CARTESIAN_POINT('',(7.37,1.E-15,1.));
#12576=CARTESIAN_POINT('',(7.87,6.39383830021316E-16,1.));
#12577=CARTESIAN_POINT('Origin',(7.62,6.7E-16,1.));
#12578=CARTESIAN_POINT('Origin',(7.62,6.7E-16,1.));
#12579=CARTESIAN_POINT('Origin',(7.12,6.39383830021316E-16,1.));
#12580=CARTESIAN_POINT('Origin',(7.62,6.7E-16,1.));
#12581=CARTESIAN_POINT('',(7.87,-1.30616169978684E-16,-2.5));
#12582=CARTESIAN_POINT('Origin',(7.62,-1.1E-16,-2.5));
#12583=CARTESIAN_POINT('',(7.87,6.39383830021316E-16,1.));
#12584=CARTESIAN_POINT('Origin',(0.25,-1.1E-16,-2.5));
#12585=CARTESIAN_POINT('Origin',(7.37,-1.1E-16,-2.5));
#12586=CARTESIAN_POINT('Origin',(2.41,6.630669073875E-16,1.5));
#12587=CARTESIAN_POINT('',(3.41,-2.15208816872867E-16,0.49));
#12588=CARTESIAN_POINT('Origin',(3.41,6.630669073875E-16,1.5));
#12589=CARTESIAN_POINT('',(2.41,-2.15208816872867E-16,0.49));
#12590=CARTESIAN_POINT('',(2.41,-2.15208816872867E-16,0.49));
#12591=CARTESIAN_POINT('Origin',(2.41,6.630669073875E-16,1.5));
#12592=CARTESIAN_POINT('Origin',(2.41,6.630669073875E-16,1.5));
#12593=CARTESIAN_POINT('',(2.41,-2.16513017622765E-16,0.5));
#12594=CARTESIAN_POINT('Origin',(2.41,6.630669073875E-16,1.5));
#12595=CARTESIAN_POINT('Origin',(3.41,6.630669073875E-16,1.5));
#12596=CARTESIAN_POINT('',(3.41,-2.16513017622765E-16,0.5));
#12597=CARTESIAN_POINT('Origin',(3.41,6.630669073875E-16,1.5));
#12598=CARTESIAN_POINT('Origin',(1.81,6.630669073875E-16,1.5));
#12599=CARTESIAN_POINT('',(2.21,-2.16513017622765E-16,0.5));
#12600=CARTESIAN_POINT('',(1.81,-2.16513017622765E-16,0.5));
#12601=CARTESIAN_POINT('Origin',(2.21,6.630669073875E-16,1.5));
#12602=CARTESIAN_POINT('Origin',(1.81,6.630669073875E-16,1.5));
#12603=CARTESIAN_POINT('',(5.41,-2.16513017622765E-16,0.5));
#12604=CARTESIAN_POINT('Origin',(5.41,6.630669073875E-16,1.5));
#12605=CARTESIAN_POINT('',(1.81,-2.16513017622765E-16,0.5));
#12606=CARTESIAN_POINT('Origin',(2.21,6.630669073875E-16,1.5));
#12607=CARTESIAN_POINT('',(1.81,-1.16386635163412E-17,0.9));
#12608=CARTESIAN_POINT('Origin',(1.81,6.630669073875E-16,1.5));
#12609=CARTESIAN_POINT('Origin',(2.21,-1.16386635163412E-17,0.9));
#12610=CARTESIAN_POINT('Origin',(5.41,6.630669073875E-16,1.5));
#12611=CARTESIAN_POINT('',(5.81,-1.16386635163412E-17,0.9));
#12612=CARTESIAN_POINT('Origin',(5.41,-1.16386635163412E-17,0.9));
#12613=CARTESIAN_POINT('Origin',(5.81,6.630669073875E-16,1.5));
#12614=CARTESIAN_POINT('Origin',(1.81,6.630669073875E-16,1.5));
#12615=CARTESIAN_POINT('Origin',(5.81,6.630669073875E-16,1.5));
#12616=CARTESIAN_POINT('',(0.,0.,1.11022302462516E-16));
#12617=CARTESIAN_POINT('',(0.,-4.44089209850063E-16,1.11022302462516E-16));
#12618=CARTESIAN_POINT('',(0.,0.,1.11022302462516E-16));
#12619=CARTESIAN_POINT('',(0.,0.,1.11022302462516E-16));
#12620=CARTESIAN_POINT('',(0.,-2.22044604925031E-16,1.11022302462516E-16));
#12621=CARTESIAN_POINT('',(0.,-2.22044604925031E-16,1.11022302462516E-16));
#12622=CARTESIAN_POINT('',(159.,-95.,1.595));
#12623=CARTESIAN_POINT('',(87.,-59.,1.595));
#12624=CARTESIAN_POINT('',(0.,-8.88178419700125E-16,0.));
#12625=CARTESIAN_POINT('',(143.,-95.,1.595));
#12626=CARTESIAN_POINT('',(147.,-95.,1.595));
#12627=CARTESIAN_POINT('',(163.,-95.0000000000001,1.595));
#12628=CARTESIAN_POINT('',(155.,-95.,1.595));
#12629=CARTESIAN_POINT('',(151.,-95.,1.595));
#12630=CARTESIAN_POINT('',(0.,0.,0.));
#12631=CARTESIAN_POINT('',(85.7921631165777,56.8214229390917,13.));
#12632=CARTESIAN_POINT('',(-2.00783688342234,58.8214229390905,16.));
#12633=CARTESIAN_POINT('',(-2.00783688342158,-1.97857706090946,16.));
#12634=CARTESIAN_POINT('',(87.7921631165776,58.8214229390917,16.));
#12635=CARTESIAN_POINT('',(87.7921631165785,-1.97857706090828,16.));
#12636=CARTESIAN_POINT('',(166.700000000001,-53.9999999999974,5.));
#12637=CARTESIAN_POINT('Origin',(0.,0.,0.));
#12638=UNCERTAINTY_MEASURE_WITH_UNIT(LENGTH_MEASURE(0.01),#12670,
'DISTANCE_ACCURACY_VALUE',
'Maximum model space distance between geometric entities at asserted c
onnectivities');
#12639=UNCERTAINTY_MEASURE_WITH_UNIT(LENGTH_MEASURE(0.01),#12670,
'DISTANCE_ACCURACY_VALUE',
'Maximum model space distance between geometric entities at asserted c
onnectivities');
#12640=UNCERTAINTY_MEASURE_WITH_UNIT(LENGTH_MEASURE(0.01),#12670,
'DISTANCE_ACCURACY_VALUE',
'Maximum model space distance between geometric entities at asserted c
onnectivities');
#12641=UNCERTAINTY_MEASURE_WITH_UNIT(LENGTH_MEASURE(0.01),#12670,
'DISTANCE_ACCURACY_VALUE',
'Maximum model space distance between geometric entities at asserted c
onnectivities');
#12642=UNCERTAINTY_MEASURE_WITH_UNIT(LENGTH_MEASURE(0.01),#12670,
'DISTANCE_ACCURACY_VALUE',
'Maximum model space distance between geometric entities at asserted c
onnectivities');
#12643=UNCERTAINTY_MEASURE_WITH_UNIT(LENGTH_MEASURE(0.01),#12670,
'DISTANCE_ACCURACY_VALUE',
'Maximum model space distance between geometric entities at asserted c
onnectivities');
#12644=UNCERTAINTY_MEASURE_WITH_UNIT(LENGTH_MEASURE(0.01),#12670,
'DISTANCE_ACCURACY_VALUE',
'Maximum model space distance between geometric entities at asserted c
onnectivities');
#12645=UNCERTAINTY_MEASURE_WITH_UNIT(LENGTH_MEASURE(0.01),#12670,
'DISTANCE_ACCURACY_VALUE',
'Maximum model space distance between geometric entities at asserted c
onnectivities');
#12646=UNCERTAINTY_MEASURE_WITH_UNIT(LENGTH_MEASURE(0.01),#12670,
'DISTANCE_ACCURACY_VALUE',
'Maximum model space distance between geometric entities at asserted c
onnectivities');
#12647=UNCERTAINTY_MEASURE_WITH_UNIT(LENGTH_MEASURE(0.01),#12670,
'DISTANCE_ACCURACY_VALUE',
'Maximum model space distance between geometric entities at asserted c
onnectivities');
#12648=UNCERTAINTY_MEASURE_WITH_UNIT(LENGTH_MEASURE(0.01),#12670,
'DISTANCE_ACCURACY_VALUE',
'Maximum model space distance between geometric entities at asserted c
onnectivities');
#12649=UNCERTAINTY_MEASURE_WITH_UNIT(LENGTH_MEASURE(0.01),#12670,
'DISTANCE_ACCURACY_VALUE',
'Maximum model space distance between geometric entities at asserted c
onnectivities');
#12650=UNCERTAINTY_MEASURE_WITH_UNIT(LENGTH_MEASURE(0.01),#12670,
'DISTANCE_ACCURACY_VALUE',
'Maximum model space distance between geometric entities at asserted c
onnectivities');
#12651=UNCERTAINTY_MEASURE_WITH_UNIT(LENGTH_MEASURE(0.01),#12670,
'DISTANCE_ACCURACY_VALUE',
'Maximum model space distance between geometric entities at asserted c
onnectivities');
#12652=UNCERTAINTY_MEASURE_WITH_UNIT(LENGTH_MEASURE(0.01),#12670,
'DISTANCE_ACCURACY_VALUE',
'Maximum model space distance between geometric entities at asserted c
onnectivities');
#12653=UNCERTAINTY_MEASURE_WITH_UNIT(LENGTH_MEASURE(0.01),#12670,
'DISTANCE_ACCURACY_VALUE',
'Maximum model space distance between geometric entities at asserted c
onnectivities');
#12654=(
GEOMETRIC_REPRESENTATION_CONTEXT(3)
GLOBAL_UNCERTAINTY_ASSIGNED_CONTEXT((#12638))
GLOBAL_UNIT_ASSIGNED_CONTEXT((#12670,#12672,#12673))
REPRESENTATION_CONTEXT('','3D')
);
#12655=(
GEOMETRIC_REPRESENTATION_CONTEXT(3)
GLOBAL_UNCERTAINTY_ASSIGNED_CONTEXT((#12639))
GLOBAL_UNIT_ASSIGNED_CONTEXT((#12670,#12672,#12673))
REPRESENTATION_CONTEXT('','3D')
);
#12656=(
GEOMETRIC_REPRESENTATION_CONTEXT(3)
GLOBAL_UNCERTAINTY_ASSIGNED_CONTEXT((#12640))
GLOBAL_UNIT_ASSIGNED_CONTEXT((#12670,#12672,#12673))
REPRESENTATION_CONTEXT('','3D')
);
#12657=(
GEOMETRIC_REPRESENTATION_CONTEXT(3)
GLOBAL_UNCERTAINTY_ASSIGNED_CONTEXT((#12641))
GLOBAL_UNIT_ASSIGNED_CONTEXT((#12670,#12672,#12673))
REPRESENTATION_CONTEXT('','3D')
);
#12658=(
GEOMETRIC_REPRESENTATION_CONTEXT(3)
GLOBAL_UNCERTAINTY_ASSIGNED_CONTEXT((#12642))
GLOBAL_UNIT_ASSIGNED_CONTEXT((#12670,#12672,#12673))
REPRESENTATION_CONTEXT('','3D')
);
#12659=(
GEOMETRIC_REPRESENTATION_CONTEXT(3)
GLOBAL_UNCERTAINTY_ASSIGNED_CONTEXT((#12643))
GLOBAL_UNIT_ASSIGNED_CONTEXT((#12670,#12672,#12673))
REPRESENTATION_CONTEXT('','3D')
);
#12660=(
GEOMETRIC_REPRESENTATION_CONTEXT(3)
GLOBAL_UNCERTAINTY_ASSIGNED_CONTEXT((#12644))
GLOBAL_UNIT_ASSIGNED_CONTEXT((#12670,#12672,#12673))
REPRESENTATION_CONTEXT('','3D')
);
#12661=(
GEOMETRIC_REPRESENTATION_CONTEXT(3)
GLOBAL_UNCERTAINTY_ASSIGNED_CONTEXT((#12645))
GLOBAL_UNIT_ASSIGNED_CONTEXT((#12670,#12672,#12673))
REPRESENTATION_CONTEXT('','3D')
);
#12662=(
GEOMETRIC_REPRESENTATION_CONTEXT(3)
GLOBAL_UNCERTAINTY_ASSIGNED_CONTEXT((#12646))
GLOBAL_UNIT_ASSIGNED_CONTEXT((#12670,#12672,#12673))
REPRESENTATION_CONTEXT('','3D')
);
#12663=(
GEOMETRIC_REPRESENTATION_CONTEXT(3)
GLOBAL_UNCERTAINTY_ASSIGNED_CONTEXT((#12647))
GLOBAL_UNIT_ASSIGNED_CONTEXT((#12670,#12672,#12673))
REPRESENTATION_CONTEXT('','3D')
);
#12664=(
GEOMETRIC_REPRESENTATION_CONTEXT(3)
GLOBAL_UNCERTAINTY_ASSIGNED_CONTEXT((#12648))
GLOBAL_UNIT_ASSIGNED_CONTEXT((#12670,#12672,#12673))
REPRESENTATION_CONTEXT('','3D')
);
#12665=(
GEOMETRIC_REPRESENTATION_CONTEXT(3)
GLOBAL_UNCERTAINTY_ASSIGNED_CONTEXT((#12649))
GLOBAL_UNIT_ASSIGNED_CONTEXT((#12670,#12672,#12673))
REPRESENTATION_CONTEXT('','3D')
);
#12666=(
GEOMETRIC_REPRESENTATION_CONTEXT(3)
GLOBAL_UNCERTAINTY_ASSIGNED_CONTEXT((#12650))
GLOBAL_UNIT_ASSIGNED_CONTEXT((#12670,#12672,#12673))
REPRESENTATION_CONTEXT('','3D')
);
#12667=(
GEOMETRIC_REPRESENTATION_CONTEXT(3)
GLOBAL_UNCERTAINTY_ASSIGNED_CONTEXT((#12651))
GLOBAL_UNIT_ASSIGNED_CONTEXT((#12670,#12672,#12673))
REPRESENTATION_CONTEXT('','3D')
);
#12668=(
GEOMETRIC_REPRESENTATION_CONTEXT(3)
GLOBAL_UNCERTAINTY_ASSIGNED_CONTEXT((#12652))
GLOBAL_UNIT_ASSIGNED_CONTEXT((#12670,#12672,#12673))
REPRESENTATION_CONTEXT('','3D')
);
#12669=(
GEOMETRIC_REPRESENTATION_CONTEXT(3)
GLOBAL_UNCERTAINTY_ASSIGNED_CONTEXT((#12653))
GLOBAL_UNIT_ASSIGNED_CONTEXT((#12670,#12672,#12673))
REPRESENTATION_CONTEXT('','3D')
);
#12670=(
LENGTH_UNIT()
NAMED_UNIT(*)
SI_UNIT(.MILLI.,.METRE.)
);
#12671=(
LENGTH_UNIT()
NAMED_UNIT(*)
SI_UNIT($,.METRE.)
);
#12672=(
NAMED_UNIT(*)
PLANE_ANGLE_UNIT()
SI_UNIT($,.RADIAN.)
);
#12673=(
NAMED_UNIT(*)
SI_UNIT($,.STERADIAN.)
SOLID_ANGLE_UNIT()
);
#12674=SHAPE_DEFINITION_REPRESENTATION(#12689,#12726);
#12675=SHAPE_DEFINITION_REPRESENTATION(#12690,#12727);
#12676=SHAPE_DEFINITION_REPRESENTATION(#12691,#12728);
#12677=SHAPE_DEFINITION_REPRESENTATION(#12692,#12729);
#12678=SHAPE_DEFINITION_REPRESENTATION(#12693,#12730);
#12679=SHAPE_DEFINITION_REPRESENTATION(#12694,#12731);
#12680=SHAPE_DEFINITION_REPRESENTATION(#12695,#12732);
#12681=SHAPE_DEFINITION_REPRESENTATION(#12696,#12733);
#12682=SHAPE_DEFINITION_REPRESENTATION(#12698,#12734);
#12683=SHAPE_DEFINITION_REPRESENTATION(#12699,#12735);
#12684=SHAPE_DEFINITION_REPRESENTATION(#12700,#12736);
#12685=SHAPE_DEFINITION_REPRESENTATION(#12701,#12737);
#12686=SHAPE_DEFINITION_REPRESENTATION(#12702,#12738);
#12687=SHAPE_DEFINITION_REPRESENTATION(#12703,#12739);
#12688=SHAPE_DEFINITION_REPRESENTATION(#12704,#12740);
#12689=PRODUCT_DEFINITION_SHAPE('',$,#12742);
#12690=PRODUCT_DEFINITION_SHAPE('',$,#12743);
#12691=PRODUCT_DEFINITION_SHAPE('',$,#12744);
#12692=PRODUCT_DEFINITION_SHAPE('',$,#12745);
#12693=PRODUCT_DEFINITION_SHAPE('',$,#12746);
#12694=PRODUCT_DEFINITION_SHAPE('',$,#12747);
#12695=PRODUCT_DEFINITION_SHAPE('',$,#12748);
#12696=PRODUCT_DEFINITION_SHAPE('',$,#12749);
#12697=PRODUCT_DEFINITION_SHAPE($,$,#81);
#12698=PRODUCT_DEFINITION_SHAPE('',$,#12750);
#12699=PRODUCT_DEFINITION_SHAPE('',$,#12751);
#12700=PRODUCT_DEFINITION_SHAPE('',$,#12752);
#12701=PRODUCT_DEFINITION_SHAPE('',$,#12753);
#12702=PRODUCT_DEFINITION_SHAPE('',$,#12754);
#12703=PRODUCT_DEFINITION_SHAPE('',$,#12755);
#12704=PRODUCT_DEFINITION_SHAPE('',$,#12756);
#12705=PRODUCT_DEFINITION_SHAPE($,$,#82);
#12706=PRODUCT_DEFINITION_SHAPE($,$,#83);
#12707=PRODUCT_DEFINITION_SHAPE($,$,#84);
#12708=PRODUCT_DEFINITION_SHAPE($,$,#85);
#12709=PRODUCT_DEFINITION_SHAPE($,$,#86);
#12710=PRODUCT_DEFINITION_SHAPE($,$,#87);
#12711=PRODUCT_DEFINITION_SHAPE($,$,#88);
#12712=PRODUCT_DEFINITION_SHAPE($,$,#89);
#12713=PRODUCT_DEFINITION_SHAPE($,$,#90);
#12714=PRODUCT_DEFINITION_SHAPE($,$,#91);
#12715=PRODUCT_DEFINITION_SHAPE($,$,#92);
#12716=PRODUCT_DEFINITION_SHAPE($,$,#93);
#12717=PRODUCT_DEFINITION_SHAPE($,$,#94);
#12718=PRODUCT_DEFINITION_SHAPE($,$,#95);
#12719=PRODUCT_DEFINITION_SHAPE($,$,#96);
#12720=PRODUCT_DEFINITION_SHAPE($,$,#97);
#12721=PRODUCT_DEFINITION_SHAPE($,$,#98);
#12722=PRODUCT_DEFINITION_SHAPE($,$,#99);
#12723=PRODUCT_DEFINITION_SHAPE($,$,#100);
#12724=PRODUCT_DEFINITION_SHAPE($,$,#101);
#12725=PRODUCT_DEFINITION_SHAPE($,$,#102);
#12726=SHAPE_REPRESENTATION('',(#7567,#8331,#8332,#8333,#8334,#8335,#8336,
#8337),#12654);
#12727=SHAPE_REPRESENTATION('',(#7568),#12655);
#12728=SHAPE_REPRESENTATION('',(#7704),#12656);
#12729=SHAPE_REPRESENTATION('',(#7883),#12657);
#12730=SHAPE_REPRESENTATION('',(#7957,#8323,#8324,#8325,#8326,#8327,#8328,
#8329,#8330),#12658);
#12731=SHAPE_REPRESENTATION('',(#7958,#8317),#12659);
#12732=SHAPE_REPRESENTATION('',(#7959,#8061),#12660);
#12733=SHAPE_REPRESENTATION('',(#7960),#12661);
#12734=SHAPE_REPRESENTATION('',(#8062),#12662);
#12735=SHAPE_REPRESENTATION('',(#8273,#8318),#12663);
#12736=SHAPE_REPRESENTATION('',(#8274,#8319),#12664);
#12737=SHAPE_REPRESENTATION('',(#8275,#8320),#12665);
#12738=SHAPE_REPRESENTATION('',(#8276,#8321),#12666);
#12739=SHAPE_REPRESENTATION('',(#8277,#8322),#12667);
#12740=SHAPE_REPRESENTATION('',(#8278),#12668);
#12741=PRODUCT_DEFINITION_CONTEXT('part definition',#12788,'design');
#12742=PRODUCT_DEFINITION('2026-06-05-00-10-59-705','hydropad_assembly',
#12757,#12741);
#12743=PRODUCT_DEFINITION('2026-06-03-18-23-16-218','hydropad_top',#12758,
#12741);
#12744=PRODUCT_DEFINITION('2026-06-03-18-55-10-814','hydropad_top',#12759,
#12741);
#12745=PRODUCT_DEFINITION(
'PHS JIS B 1111 - M3 x 16 - Z Steel 4.6 Plain',
'Pan Head Screw JIS B 1111 - M3 x 16 - Z Steel 4.6 Plain',#12760,#12741);
#12746=PRODUCT_DEFINITION('.step 1','hydropad_pcb',#12761,#12741);
#12747=PRODUCT_DEFINITION('D_DO-35_SOD27_P7.62mm_Horizontal',
'D_DO-35_SOD27_P7.62mm_Horizontal (1)',#12762,#12741);
#12748=PRODUCT_DEFINITION('PinHeader_1x04_P2.54mm_Vertical',
'PinHeader_1x04_P2.54mm_Vertical',#12763,#12741);
#12749=PRODUCT_DEFINITION('PinHeader_1x04_P254mm_Vertical',
'PinHeader_1x04_P254mm_Vertical',#12764,#12741);
#12750=PRODUCT_DEFINITION('hydropad_PCB','hydropad_PCB',#12765,#12741);
#12751=PRODUCT_DEFINITION('D_DO-35_SOD27_P7.62mm_Horizontal_1',
'D_DO-35_SOD27_P7.62mm_Horizontal (1)',#12766,#12741);
#12752=PRODUCT_DEFINITION('D_DO-35_SOD27_P7.62mm_Horizontal_2',
'D_DO-35_SOD27_P7.62mm_Horizontal (1)',#12767,#12741);
#12753=PRODUCT_DEFINITION('D_DO-35_SOD27_P7.62mm_Horizontal_3',
'D_DO-35_SOD27_P7.62mm_Horizontal (1)',#12768,#12741);
#12754=PRODUCT_DEFINITION('D_DO-35_SOD27_P7.62mm_Horizontal_4',
'D_DO-35_SOD27_P7.62mm_Horizontal (1)',#12769,#12741);
#12755=PRODUCT_DEFINITION('D_DO-35_SOD27_P7.62mm_Horizontal_5',
'D_DO-35_SOD27_P7.62mm_Horizontal (1)',#12770,#12741);
#12756=PRODUCT_DEFINITION('D_DO-35_SOD27_P7.62mm_Horizontal_6',
'D_DO-35_SOD27_P7.62mm_Horizontal',#12771,#12741);
#12757=PRODUCT_DEFINITION_FORMATION('',$,#12790);
#12758=PRODUCT_DEFINITION_FORMATION('',$,#12791);
#12759=PRODUCT_DEFINITION_FORMATION('',$,#12792);
#12760=PRODUCT_DEFINITION_FORMATION('',$,#12793);
#12761=PRODUCT_DEFINITION_FORMATION('',$,#12794);
#12762=PRODUCT_DEFINITION_FORMATION('',$,#12795);
#12763=PRODUCT_DEFINITION_FORMATION('',$,#12796);
#12764=PRODUCT_DEFINITION_FORMATION('',$,#12797);
#12765=PRODUCT_DEFINITION_FORMATION('',$,#12798);
#12766=PRODUCT_DEFINITION_FORMATION('',$,#12799);
#12767=PRODUCT_DEFINITION_FORMATION('',$,#12800);
#12768=PRODUCT_DEFINITION_FORMATION('',$,#12801);
#12769=PRODUCT_DEFINITION_FORMATION('',$,#12802);
#12770=PRODUCT_DEFINITION_FORMATION('',$,#12803);
#12771=PRODUCT_DEFINITION_FORMATION('',$,#12804);
#12772=PRODUCT_RELATED_PRODUCT_CATEGORY('hydropad_assembly',
'hydropad_assembly',(#12790));
#12773=PRODUCT_RELATED_PRODUCT_CATEGORY('hydropad_top','hydropad_top',(#12791));
#12774=PRODUCT_RELATED_PRODUCT_CATEGORY('hydropad_top','hydropad_top',(#12792));
#12775=PRODUCT_RELATED_PRODUCT_CATEGORY(
'Pan Head Screw JIS B 1111 - M3 x 16 - Z Steel 4.6 Plain',
'Pan Head Screw JIS B 1111 - M3 x 16 - Z Steel 4.6 Plain',(#12793));
#12776=PRODUCT_RELATED_PRODUCT_CATEGORY('hydropad_pcb','hydropad_pcb',(#12794));
#12777=PRODUCT_RELATED_PRODUCT_CATEGORY(
'D_DO-35_SOD27_P7.62mm_Horizontal (1)',
'D_DO-35_SOD27_P7.62mm_Horizontal (1)',(#12795));
#12778=PRODUCT_RELATED_PRODUCT_CATEGORY(
'PinHeader_1x04_P2.54mm_Vertical','PinHeader_1x04_P2.54mm_Vertical',(#12796));
#12779=PRODUCT_RELATED_PRODUCT_CATEGORY(
'PinHeader_1x04_P254mm_Vertical','PinHeader_1x04_P254mm_Vertical',(#12797));
#12780=PRODUCT_RELATED_PRODUCT_CATEGORY('hydropad_PCB','hydropad_PCB',(#12798));
#12781=PRODUCT_RELATED_PRODUCT_CATEGORY(
'D_DO-35_SOD27_P7.62mm_Horizontal (1)',
'D_DO-35_SOD27_P7.62mm_Horizontal (1)',(#12799));
#12782=PRODUCT_RELATED_PRODUCT_CATEGORY(
'D_DO-35_SOD27_P7.62mm_Horizontal (1)',
'D_DO-35_SOD27_P7.62mm_Horizontal (1)',(#12800));
#12783=PRODUCT_RELATED_PRODUCT_CATEGORY(
'D_DO-35_SOD27_P7.62mm_Horizontal (1)',
'D_DO-35_SOD27_P7.62mm_Horizontal (1)',(#12801));
#12784=PRODUCT_RELATED_PRODUCT_CATEGORY(
'D_DO-35_SOD27_P7.62mm_Horizontal (1)',
'D_DO-35_SOD27_P7.62mm_Horizontal (1)',(#12802));
#12785=PRODUCT_RELATED_PRODUCT_CATEGORY(
'D_DO-35_SOD27_P7.62mm_Horizontal (1)',
'D_DO-35_SOD27_P7.62mm_Horizontal (1)',(#12803));
#12786=PRODUCT_RELATED_PRODUCT_CATEGORY(
'D_DO-35_SOD27_P7.62mm_Horizontal','D_DO-35_SOD27_P7.62mm_Horizontal',(#12804));
#12787=APPLICATION_PROTOCOL_DEFINITION('international standard',
'automotive_design',2009,#12788);
#12788=APPLICATION_CONTEXT(
'Core Data for Automotive Mechanical Design Process');
#12789=PRODUCT_CONTEXT('part definition',#12788,'mechanical');
#12790=PRODUCT('2026-06-05-00-10-59-705','hydropad_assembly',$,(#12789));
#12791=PRODUCT('2026-06-03-18-23-16-218','hydropad_top','Bottom Case',(#12789));
#12792=PRODUCT('2026-06-03-18-55-10-814','hydropad_top','Top Panel',(#12789));
#12793=PRODUCT('PHS JIS B 1111 - M3 x 16 - Z Steel 4.6 Plain',
'Pan Head Screw JIS B 1111 - M3 x 16 - Z Steel 4.6 Plain',
'Pan Head Screw JIS B 1111 - M3 x 16 - Z',(#12789));
#12794=PRODUCT('.step 1','hydropad_pcb','KiCad electronic assembly',(#12789));
#12795=PRODUCT('D_DO-35_SOD27_P7.62mm_Horizontal',
'D_DO-35_SOD27_P7.62mm_Horizontal (1)',$,(#12789));
#12796=PRODUCT('PinHeader_1x04_P2.54mm_Vertical',
'PinHeader_1x04_P2.54mm_Vertical',$,(#12789));
#12797=PRODUCT('PinHeader_1x04_P254mm_Vertical',
'PinHeader_1x04_P254mm_Vertical',$,(#12789));
#12798=PRODUCT('hydropad_PCB','hydropad_PCB',$,(#12789));
#12799=PRODUCT('D_DO-35_SOD27_P7.62mm_Horizontal_1',
'D_DO-35_SOD27_P7.62mm_Horizontal (1)',$,(#12789));
#12800=PRODUCT('D_DO-35_SOD27_P7.62mm_Horizontal_2',
'D_DO-35_SOD27_P7.62mm_Horizontal (1)',$,(#12789));
#12801=PRODUCT('D_DO-35_SOD27_P7.62mm_Horizontal_3',
'D_DO-35_SOD27_P7.62mm_Horizontal (1)',$,(#12789));
#12802=PRODUCT('D_DO-35_SOD27_P7.62mm_Horizontal_4',
'D_DO-35_SOD27_P7.62mm_Horizontal (1)',$,(#12789));
#12803=PRODUCT('D_DO-35_SOD27_P7.62mm_Horizontal_5',
'D_DO-35_SOD27_P7.62mm_Horizontal (1)',$,(#12789));
#12804=PRODUCT('D_DO-35_SOD27_P7.62mm_Horizontal_6',
'D_DO-35_SOD27_P7.62mm_Horizontal',$,(#12789));
#12805=PRESENTATION_STYLE_ASSIGNMENT((#12815));
#12806=PRESENTATION_STYLE_ASSIGNMENT((#12816));
#12807=PRESENTATION_STYLE_ASSIGNMENT((#12817));
#12808=PRESENTATION_STYLE_ASSIGNMENT((#12818));
#12809=PRESENTATION_STYLE_ASSIGNMENT((#12819));
#12810=PRESENTATION_STYLE_ASSIGNMENT((#12820));
#12811=PRESENTATION_STYLE_ASSIGNMENT((#12821));
#12812=PRESENTATION_STYLE_ASSIGNMENT((#12822));
#12813=PRESENTATION_STYLE_ASSIGNMENT((#12823));
#12814=PRESENTATION_STYLE_ASSIGNMENT((NULL_STYLE(.NULL.)));
#12815=SURFACE_STYLE_USAGE(.BOTH.,#12824);
#12816=SURFACE_STYLE_USAGE(.BOTH.,#12825);
#12817=SURFACE_STYLE_USAGE(.BOTH.,#12826);
#12818=SURFACE_STYLE_USAGE(.BOTH.,#12827);
#12819=SURFACE_STYLE_USAGE(.BOTH.,#12828);
#12820=SURFACE_STYLE_USAGE(.BOTH.,#12829);
#12821=SURFACE_STYLE_USAGE(.BOTH.,#12830);
#12822=SURFACE_STYLE_USAGE(.BOTH.,#12831);
#12823=SURFACE_STYLE_USAGE(.BOTH.,#12832);
#12824=SURFACE_SIDE_STYLE('',(#12833));
#12825=SURFACE_SIDE_STYLE('',(#12834));
#12826=SURFACE_SIDE_STYLE('',(#12835));
#12827=SURFACE_SIDE_STYLE('',(#12836));
#12828=SURFACE_SIDE_STYLE('',(#12837));
#12829=SURFACE_SIDE_STYLE('',(#12838));
#12830=SURFACE_SIDE_STYLE('',(#12839));
#12831=SURFACE_SIDE_STYLE('',(#12840));
#12832=SURFACE_SIDE_STYLE('',(#12841));
#12833=SURFACE_STYLE_FILL_AREA(#12842);
#12834=SURFACE_STYLE_FILL_AREA(#12843);
#12835=SURFACE_STYLE_FILL_AREA(#12844);
#12836=SURFACE_STYLE_FILL_AREA(#12845);
#12837=SURFACE_STYLE_FILL_AREA(#12846);
#12838=SURFACE_STYLE_FILL_AREA(#12847);
#12839=SURFACE_STYLE_FILL_AREA(#12848);
#12840=SURFACE_STYLE_FILL_AREA(#12849);
#12841=SURFACE_STYLE_FILL_AREA(#12850);
#12842=FILL_AREA_STYLE('Steel - Satin',(#12851));
#12843=FILL_AREA_STYLE('ABS (White)',(#12852));
#12844=FILL_AREA_STYLE('ABS (White)',(#12853));
#12845=FILL_AREA_STYLE('Opaque(38,37,37)',(#12854));
#12846=FILL_AREA_STYLE('Opaque(219,188,126)',(#12855));
#12847=FILL_AREA_STYLE('Opaque(80,124,105)',(#12856));
#12848=FILL_AREA_STYLE('Opaque(210,209,199)',(#12857));
#12849=FILL_AREA_STYLE('Opaque(178,25,13)',(#12858));
#12850=FILL_AREA_STYLE('Opaque(0,161,191)',(#12859));
#12851=FILL_AREA_STYLE_COLOUR('Steel - Satin',#12860);
#12852=FILL_AREA_STYLE_COLOUR('ABS (White)',#12861);
#12853=FILL_AREA_STYLE_COLOUR('ABS (White)',#12862);
#12854=FILL_AREA_STYLE_COLOUR('Opaque(38,37,37)',#12863);
#12855=FILL_AREA_STYLE_COLOUR('Opaque(219,188,126)',#12864);
#12856=FILL_AREA_STYLE_COLOUR('Opaque(80,124,105)',#12865);
#12857=FILL_AREA_STYLE_COLOUR('Opaque(210,209,199)',#12866);
#12858=FILL_AREA_STYLE_COLOUR('Opaque(178,25,13)',#12867);
#12859=FILL_AREA_STYLE_COLOUR('Opaque(0,161,191)',#12868);
#12860=COLOUR_RGB('Steel - Satin',0.627450980392157,0.627450980392157,0.627450980392157);
#12861=COLOUR_RGB('ABS (White)',0.952941176470588,0.952941176470588,0.933333333333333);
#12862=COLOUR_RGB('ABS (White)',0.568627450980392,0.568627450980392,0.564705882352941);
#12863=COLOUR_RGB('Opaque(38,37,37)',0.149019607843137,0.145098039215686,
0.145098039215686);
#12864=COLOUR_RGB('Opaque(219,188,126)',0.858823529411765,0.737254901960784,
0.494117647058824);
#12865=COLOUR_RGB('Opaque(80,124,105)',0.313725490196078,0.486274509803922,
0.411764705882353);
#12866=COLOUR_RGB('Opaque(210,209,199)',0.823529411764706,0.819607843137255,
0.780392156862745);
#12867=COLOUR_RGB('Opaque(178,25,13)',0.698039215686274,0.0980392156862745,
0.0509803921568627);
#12868=COLOUR_RGB('Opaque(0,161,191)',0.,0.631372549019608,0.749019607843137);
ENDSEC;
END-ISO-10303-21;
